subject_id,f0,f1,f2,f3,f4,f5,f6,f7,f8,f9,f10,f11,f12,f13,f14,f15,f16,f17,f18,f19,f20,f21,f22,f23,f24,f25,f26,f27,f28,f29,f30,f31,f32,f33,f34,f35,f36,f37,f38,f39,f40,f41,f42,f43,f44,f45,f46,f47,f48,f49,f50,f51,f52,f53,f54,f55,f56,f57,f58,f59,f60,f61,f62,f63,f64,f65,f66,f67,f68,f69,f70,f71,f72,f73,f74,f75,f76,f77,f78,f79,f80,f81,f82,f83,f84,f85,f86,f87,f88,f89,f90,f91,f92,f93,f94,f95,f96,f97,f98,f99,f100,f101,f102,f103,f104,f105,f106,f107,f108,f109,f110,f111,f112,f113,f114,f115,f116,f117,f118,f119,f120,f121,f122,f123,f124,f125,f126,f127,f128,f129,f130,f131,f132,f133,f134,f135
NDARAA504CRN,3.325,3.266,2.496,2.22,3.338,3.187,2.601,2.452,3.921,4.048,3.191,3.652,3.299,3.22,3.078,3.181,3.258,3.062,3.441,3.453,2.714,2.81,2.617,2.69,3.102,3.182,2.646,2.627,3.111,2.831,3.343,3.436,2.905,3.16,3.482,3.193,3.324,3.177,3.461,3.249,3.22,3.198,2.16,2.184,2.644,2.619,2.836,2.736,3.047,3.133,3.097,3.015,3.652,3.459,2.994,2.994,3.623,3.429,2.818,2.916,3.469,3.203,3.184,3.121,4.236,4.247,2.795,3.074,1141.0,903.0,591.0,644.0,2245.0,1713.0,1217.0,1466.0,296.0,340.0,291.0,215.0,2689.0,2859.0,4694.0,5873.0,2756.0,2945.0,1995.0,1969.0,954.0,792.0,4986.0,4509.0,2546.0,2234.0,3043.0,3111.0,1549.0,1816.0,3466.0,3103.0,1317.0,1516.0,568.0,575.0,1125.0,1621.0,621.0,765.0,1423.0,1024.0,1590.0,1485.0,4207.0,3589.0,1204.0,1242.0,4454.0,4455.0,3702.0,3697.0,451.0,682.0,5731.0,4935.0,6318.0,6573.0,4880.0,5080.0,3465.0,3958.0,3644.0,3849.0,339.0,378.0,425.0,315.0
NDARAA948VFH,3.188,3.12,2.71,2.55,3.024,3.335,2.465,2.438,3.281,3.512,3.309,3.126,3.085,3.014,3.051,2.959,2.91,2.979,3.428,3.508,2.449,2.604,2.546,2.613,3.123,3.226,2.48,2.612,3.043,3.063,3.366,3.288,3.272,3.066,2.786,3.249,3.302,3.192,3.169,3.261,3.171,3.169,2.211,2.406,2.528,2.568,2.96,2.991,3.048,3.046,3.081,2.929,3.178,3.189,3.105,2.979,3.384,3.398,2.887,2.944,3.463,3.475,3.248,3.174,3.542,3.736,3.21,3.348,994.0,691.0,392.0,425.0,1860.0,1973.0,1852.0,1864.0,425.0,379.0,488.0,520.0,3014.0,3262.0,3952.0,4607.0,2917.0,2829.0,2172.0,1893.0,869.0,802.0,5352.0,6474.0,2235.0,1901.0,3916.0,3486.0,1769.0,1892.0,2855.0,2620.0,1241.0,1562.0,598.0,577.0,1493.0,1484.0,653.0,717.0,1362.0,1338.0,1939.0,1836.0,4423.0,4167.0,1103.0,1011.0,4578.0,5093.0,4101.0,4476.0,381.0,307.0,5069.0,5601.0,6493.0,6220.0,5093.0,5952.0,3300.0,3633.0,3801.0,3201.0,646.0,637.0,529.0,414.0
NDARAB348EWR,2.848,2.853,3.406,2.944,3.203,3.231,2.758,2.43,4.07,4.207,3.572,3.763,3.217,3.222,3.128,2.842,3.458,3.454,3.366,3.592,2.63,2.774,2.74,2.746,3.419,3.438,2.641,2.737,3.188,3.243,3.438,3.514,2.989,2.885,3.345,3.365,3.084,3.391,3.769,3.515,3.246,3.072,2.251,2.373,2.666,2.577,2.873,2.978,2.924,3.114,2.825,2.758,3.375,3.798,3.055,3.197,3.462,3.429,2.435,2.701,3.378,3.278,3.133,3.094,4.093,4.205,3.065,3.171,1051.0,1106.0,721.0,649.0,2516.0,2597.0,1652.0,1672.0,629.0,646.0,263.0,218.0,3361.0,3379.0,5307.0,7135.0,3300.0,3320.0,2310.0,2199.0,1454.0,1175.0,5609.0,5597.0,2897.0,2708.0,2724.0,2845.0,1853.0,1954.0,3697.0,2886.0,1332.0,1505.0,516.0,679.0,1825.0,1910.0,774.0,826.0,2032.0,1499.0,1307.0,1211.0,4538.0,4249.0,1399.0,1295.0,5848.0,5953.0,4823.0,4944.0,586.0,869.0,5973.0,5456.0,7762.0,7797.0,6531.0,6866.0,3918.0,3890.0,4515.0,3532.0,392.0,443.0,510.0,389.0
NDARAB458VK9,3.016,2.796,3.236,2.399,3.219,3.113,2.379,2.188,3.896,4.026,3.197,3.235,3.244,3.243,3.072,2.973,3.194,3.23,3.568,3.53,2.401,2.283,2.591,2.543,3.084,3.1,2.442,2.425,2.78,2.755,3.308,3.304,2.95,2.773,3.246,3.513,3.036,3.007,3.283,3.091,2.941,2.849,2.235,2.302,2.656,2.427,2.548,2.498,3.119,3.1,2.842,2.759,3.217,3.133,2.832,2.902,3.254,3.169,2.598,2.772,3.136,3.356,3.203,3.135,3.717,4.072,2.848,2.863,1324.0,1111.0,832.0,731.0,2297.0,2468.0,1383.0,1418.0,438.0,400.0,331.0,317.0,3082.0,3200.0,5329.0,6773.0,3839.0,4038.0,2614.0,2693.0,964.0,1045.0,4781.0,4678.0,3253.0,2882.0,2981.0,2618.0,2342.0,2019.0,4286.0,4069.0,1190.0,1531.0,622.0,671.0,1435.0,1419.0,781.0,966.0,1622.0,1321.0,1312.0,1214.0,4372.0,4184.0,1292.0,1462.0,4418.0,4756.0,4448.0,4762.0,671.0,1197.0,6316.0,6036.0,8067.0,8601.0,6060.0,5707.0,4389.0,4442.0,4385.0,3957.0,496.0,509.0,425.0,393.0
NDARAB514MAJ,3.18,3.437,3.238,2.45,2.975,3.089,2.741,2.642,3.879,4.042,3.695,3.601,2.999,3.146,3.219,3.081,3.412,3.377,3.558,3.62,2.555,2.876,2.665,2.682,3.427,3.268,2.54,2.717,3.259,3.182,3.488,3.491,3.201,3.185,3.277,3.534,3.17,3.191,3.346,3.46,3.255,3.314,2.495,2.3,2.781,2.782,2.693,2.954,3.019,3.006,3.111,3.038,3.145,3.371,2.89,3.084,3.373,3.259,2.932,2.944,3.498,3.588,3.322,3.177,4.453,4.245,3.085,3.34,1435.0,1246.0,924.0,712.0,2319.0,2674.0,1415.0,1541.0,1060.0,604.0,313.0,254.0,3777.0,3713.0,6257.0,7549.0,4786.0,4850.0,2847.0,2520.0,1446.0,1009.0,5682.0,6075.0,2982.0,3223.0,3186.0,3075.0,1848.0,2236.0,4738.0,3931.0,1476.0,1755.0,655.0,848.0,1893.0,1769.0,926.0,989.0,1777.0,1613.0,1585.0,1447.0,4997.0,5142.0,1463.0,1515.0,5067.0,5125.0,4474.0,4291.0,767.0,1096.0,7614.0,8027.0,8743.0,9704.0,5918.0,6379.0,4421.0,4234.0,5905.0,5439.0,464.0,567.0,397.0,340.0
NDARAB756JDJ,2.927,2.986,2.444,2.474,2.847,2.809,2.236,2.269,3.477,3.379,2.748,3.238,3.015,3.007,2.77,2.89,3.084,3.102,3.297,3.253,2.73,2.577,2.11,2.236,3.039,3.029,2.18,2.358,2.73,2.862,3.083,3.178,2.808,2.941,2.906,2.696,3.176,2.903,2.485,2.651,2.976,2.828,1.968,2.008,2.135,2.412,2.622,2.748,2.654,2.704,2.923,2.804,3.203,3.279,2.701,2.809,3.056,3.062,2.729,2.703,3.23,3.017,2.822,2.756,3.524,3.399,2.876,2.581,1252.0,1305.0,600.0,703.0,3233.0,2605.0,1632.0,1852.0,470.0,512.0,356.0,299.0,3313.0,3564.0,5820.0,6958.0,4609.0,4289.0,2707.0,2859.0,1322.0,1211.0,5861.0,5782.0,3325.0,3135.0,2625.0,3044.0,2144.0,2098.0,4840.0,3871.0,1353.0,1517.0,756.0,874.0,1425.0,1357.0,909.0,1071.0,2069.0,1330.0,1667.0,1479.0,4329.0,4228.0,1353.0,1248.0,5909.0,5844.0,4656.0,4633.0,718.0,660.0,8148.0,7741.0,9081.0,8726.0,5920.0,6074.0,4608.0,4863.0,4709.0,4252.0,403.0,465.0,620.0,453.0
NDARAC331VEH,2.634,3.066,3.079,2.4,3.097,3.049,2.449,2.262,4.121,3.416,2.965,3.241,3.033,3.167,2.953,2.921,3.184,3.428,3.482,3.382,2.625,2.581,2.519,2.529,3.069,3.203,2.447,2.482,2.903,2.967,3.261,3.133,2.864,2.911,3.344,3.615,3.094,3.17,3.08,3.083,2.947,2.795,2.14,2.263,2.473,2.425,2.684,2.525,2.963,3.0,2.857,2.681,3.0,3.3,2.788,2.762,3.172,3.192,2.579,2.725,3.391,3.21,3.087,3.051,4.104,4.398,3.12,3.078,1072.0,1013.0,876.0,667.0,1947.0,2396.0,1910.0,1677.0,571.0,476.0,340.0,253.0,2974.0,3261.0,5122.0,5232.0,3830.0,3565.0,2745.0,2590.0,1186.0,869.0,5651.0,5370.0,2937.0,3101.0,3753.0,3232.0,1692.0,1940.0,3574.0,3412.0,1528.0,1423.0,680.0,719.0,1893.0,2100.0,775.0,1006.0,1734.0,1621.0,1802.0,1671.0,3787.0,3794.0,1100.0,1548.0,5242.0,4768.0,4223.0,4714.0,570.0,866.0,6063.0,6865.0,7718.0,7195.0,5643.0,5466.0,3605.0,3963.0,3640.0,3901.0,540.0,515.0,424.0,412.0
NDARAC495TJ2,3.069,2.975,2.69,2.75,3.159,3.178,2.233,2.3,3.348,3.12,2.505,2.917,3.037,3.15,3.013,3.006,3.021,2.904,3.417,3.359,2.427,2.546,2.443,2.531,3.114,3.104,2.331,2.47,2.785,2.999,3.334,3.356,2.874,3.055,2.786,2.848,3.118,3.008,3.119,2.994,2.935,2.862,2.064,2.027,2.645,2.535,2.867,2.799,3.058,3.14,2.84,2.816,2.733,2.832,2.541,2.733,3.204,3.218,2.608,2.73,3.241,3.206,2.963,3.056,3.498,3.173,2.948,2.756,881.0,835.0,576.0,406.0,1646.0,1714.0,1271.0,1273.0,356.0,349.0,493.0,394.0,2966.0,2642.0,3618.0,4945.0,2395.0,2417.0,2398.0,2239.0,882.0,829.0,4128.0,4185.0,2188.0,2042.0,2467.0,2150.0,1782.0,1665.0,2744.0,2682.0,1368.0,1500.0,567.0,504.0,1070.0,1419.0,611.0,591.0,1264.0,1139.0,1399.0,1315.0,3679.0,3590.0,1076.0,1115.0,4084.0,3937.0,3588.0,3696.0,343.0,480.0,4320.0,4345.0,6571.0,6840.0,5018.0,4881.0,3327.0,3670.0,4626.0,3615.0,678.0,518.0,525.0,382.0
NDARAD224CRB,2.436,2.573,3.069,2.819,3.166,2.848,2.071,2.131,3.571,3.317,3.183,2.743,3.134,2.526,2.82,2.86,2.998,2.591,3.416,3.305,2.416,2.687,2.341,2.477,3.064,2.805,2.601,2.293,2.732,2.816,2.945,2.618,3.203,3.055,3.084,3.009,2.965,3.046,2.914,3.178,2.967,2.995,2.2,1.961,2.201,2.5,3.012,2.758,2.933,3.019,2.799,3.107,3.297,3.039,2.945,2.807,3.173,3.031,2.928,2.296,3.067,2.962,2.43,2.8,3.356,2.652,2.788,2.859,709.0,791.0,689.0,1066.0,2179.0,1749.0,1782.0,2234.0,675.0,609.0,481.0,424.0,3211.0,3231.0,3849.0,4485.0,2805.0,2713.0,2802.0,2590.0,1374.0,969.0,5782.0,5973.0,3076.0,2806.0,3651.0,3643.0,2247.0,2253.0,3167.0,3166.0,1575.0,1913.0,673.0,652.0,1319.0,1903.0,914.0,945.0,1711.0,1457.0,1789.0,1628.0,4880.0,4195.0,1361.0,1440.0,4837.0,4692.0,4663.0,4816.0,615.0,617.0,6695.0,7125.0,9373.0,9183.0,6360.0,7246.0,4245.0,4902.0,4232.0,4639.0,770.0,658.0,547.0,553.0
NDARAD481FXF,2.51,2.701,2.566,2.399,2.736,2.697,2.099,2.112,3.776,3.515,3.421,3.07,2.919,2.804,2.665,2.742,2.824,3.024,3.089,3.033,2.286,2.428,2.273,2.319,2.873,2.73,2.132,2.152,2.731,2.738,3.0,2.943,2.575,2.617,2.87,2.751,2.867,2.797,2.823,2.769,2.676,2.646,1.939,1.952,2.23,2.199,2.512,2.823,2.684,2.69,2.536,2.577,2.557,3.073,2.568,2.658,2.973,2.955,2.349,2.334,2.957,2.858,2.741,2.759,3.602,3.605,2.403,2.676,1048.0,888.0,597.0,807.0,2195.0,2637.0,1760.0,1663.0,461.0,394.0,332.0,268.0,3010.0,3595.0,5231.0,5891.0,3395.0,3413.0,2452.0,2348.0,1142.0,1030.0,5630.0,5071.0,2945.0,2754.0,3819.0,3025.0,1768.0,1958.0,3668.0,3186.0,1442.0,1627.0,661.0,816.0,1636.0,1989.0,819.0,972.0,1688.0,1506.0,1752.0,1670.0,4517.0,4221.0,1394.0,1329.0,6034.0,5751.0,4175.0,4183.0,650.0,816.0,5929.0,6241.0,8277.0,7956.0,6032.0,5719.0,4113.0,4311.0,4439.0,3953.0,453.0,427.0,512.0,372.0
NDARAD615WLJ,3.208,3.249,2.983,2.781,3.054,3.052,3.074,2.663,3.321,3.09,2.788,3.242,3.267,3.184,3.071,2.763,2.936,3.023,3.573,3.285,2.471,2.652,2.462,2.419,3.272,3.156,2.838,2.738,2.833,2.729,3.033,3.312,2.939,2.926,3.548,3.692,3.031,2.962,2.341,2.422,3.011,2.711,2.431,2.495,2.39,2.486,2.79,2.893,2.84,2.762,3.099,3.056,3.283,3.472,3.12,2.911,3.418,3.344,2.679,2.703,3.371,3.447,3.025,2.769,3.254,3.07,3.096,3.341,1356.0,1132.0,892.0,809.0,2713.0,2918.0,2136.0,2131.0,653.0,650.0,304.0,299.0,3869.0,3702.0,4648.0,5806.0,4347.0,3439.0,2739.0,3223.0,1781.0,1302.0,6754.0,6997.0,3479.0,3243.0,3239.0,3749.0,2203.0,2034.0,4387.0,3921.0,1675.0,2001.0,665.0,742.0,1541.0,2197.0,737.0,1094.0,1701.0,1876.0,1607.0,2241.0,5454.0,4968.0,1538.0,1578.0,5800.0,5547.0,4986.0,5919.0,836.0,810.0,7538.0,8043.0,9673.0,9808.0,7025.0,7046.0,4806.0,5245.0,4827.0,4402.0,458.0,497.0,579.0,453.0
NDARAE012DGA,2.467,3.021,2.142,2.693,3.008,3.053,2.329,2.404,3.056,3.266,2.481,2.743,3.165,2.928,3.015,2.939,2.823,3.005,3.368,3.544,2.577,2.797,2.418,2.447,3.057,3.127,2.727,2.585,2.916,2.96,2.79,3.095,3.143,3.012,3.127,2.686,3.037,3.184,2.945,2.888,2.767,2.867,2.29,2.203,2.51,2.518,2.525,2.849,2.811,2.908,2.863,2.881,3.347,2.926,2.853,2.836,3.137,3.12,2.716,2.604,3.032,3.138,2.979,2.84,3.437,3.033,2.696,3.073,822.0,1030.0,587.0,809.0,1966.0,1720.0,1382.0,1454.0,623.0,521.0,359.0,401.0,2975.0,3308.0,5813.0,5826.0,3477.0,3782.0,2982.0,2673.0,940.0,1089.0,5592.0,4744.0,2715.0,2473.0,2782.0,2624.0,2004.0,1887.0,2780.0,2448.0,1574.0,1274.0,595.0,742.0,1547.0,1582.0,849.0,994.0,2055.0,1465.0,1256.0,1015.0,4556.0,4240.0,1470.0,1289.0,5220.0,5114.0,4247.0,4349.0,571.0,608.0,6695.0,6212.0,8136.0,6346.0,5016.0,5267.0,4313.0,3961.0,4183.0,4923.0,771.0,638.0,677.0,470.0
NDARAE199TDD,2.728,2.713,2.459,2.269,2.7,2.773,2.081,1.975,3.45,3.406,2.499,2.965,2.757,2.743,2.739,2.7,2.83,2.755,3.018,2.976,2.572,2.689,2.187,2.13,2.647,2.583,2.12,2.113,2.794,2.672,2.796,3.042,2.622,2.549,2.638,2.842,2.807,2.697,2.547,2.599,2.55,2.528,1.787,1.823,2.213,2.132,2.563,2.502,2.636,2.624,2.597,2.526,2.984,2.822,2.443,2.527,2.849,2.921,2.305,2.343,2.865,2.87,2.746,2.837,3.496,3.59,2.779,2.717,1019.0,847.0,724.0,549.0,2355.0,1949.0,1835.0,2258.0,331.0,373.0,358.0,293.0,3448.0,3371.0,5063.0,5035.0,3405.0,3242.0,2253.0,2524.0,1074.0,922.0,5665.0,6023.0,3351.0,3163.0,3838.0,4226.0,2105.0,2063.0,3510.0,3224.0,1939.0,1618.0,602.0,511.0,1410.0,1575.0,794.0,978.0,1710.0,1456.0,2178.0,1899.0,5119.0,4722.0,1254.0,1455.0,5186.0,5431.0,5175.0,5420.0,481.0,772.0,7392.0,7028.0,7418.0,7599.0,7349.0,6625.0,3760.0,3837.0,5055.0,4028.0,405.0,498.0,411.0,314.0
NDARAE877NER,3.088,3.08,2.728,2.757,3.012,3.208,2.354,2.265,3.492,3.633,3.285,3.279,3.176,3.049,2.985,3.103,3.36,3.018,3.275,3.402,2.743,2.624,2.516,2.616,3.231,3.118,2.369,2.489,2.798,2.842,3.436,3.189,3.162,3.175,3.144,3.378,3.265,3.048,3.634,3.254,3.12,3.278,2.2,2.123,2.572,2.636,2.747,2.53,3.123,3.201,2.882,2.907,3.045,3.215,2.931,2.909,3.482,3.358,2.684,2.742,3.644,3.403,2.957,3.111,3.842,4.311,3.062,3.086,1369.0,1061.0,697.0,1037.0,2973.0,2866.0,1382.0,1657.0,443.0,441.0,254.0,262.0,3388.0,3238.0,5809.0,6367.0,3972.0,4216.0,2786.0,2371.0,1145.0,1216.0,4327.0,5111.0,2970.0,2789.0,3132.0,3103.0,1847.0,1969.0,4455.0,3967.0,1310.0,1445.0,688.0,737.0,1625.0,1920.0,737.0,944.0,1977.0,1665.0,1590.0,1313.0,4495.0,4308.0,1702.0,1518.0,5103.0,5478.0,4047.0,4239.0,748.0,863.0,7354.0,6945.0,8120.0,7365.0,5743.0,6047.0,3996.0,4282.0,6004.0,4605.0,415.0,459.0,495.0,347.0
NDARAF535XK6,2.697,2.891,2.884,2.994,2.871,2.908,2.251,2.301,3.594,4.228,3.208,3.325,3.057,2.899,3.025,3.021,3.164,3.127,3.053,3.532,2.687,3.021,2.409,2.586,3.124,3.034,2.448,2.341,2.712,2.941,3.313,3.424,2.724,2.932,3.075,3.048,3.003,3.066,3.211,3.222,3.039,3.122,2.185,2.303,2.304,2.449,2.832,2.702,3.061,2.894,2.83,2.835,3.212,3.335,2.922,2.792,3.216,3.231,2.698,2.62,3.172,3.034,3.096,2.958,3.348,3.72,2.83,2.707,1070.0,765.0,494.0,523.0,1576.0,1471.0,1242.0,1583.0,328.0,369.0,277.0,191.0,2544.0,2653.0,4600.0,4779.0,2828.0,3193.0,2554.0,2105.0,976.0,894.0,4295.0,4405.0,2470.0,2438.0,3613.0,3015.0,1388.0,1598.0,3297.0,2988.0,1194.0,1259.0,616.0,616.0,1448.0,1570.0,604.0,820.0,1699.0,1428.0,1601.0,1330.0,3333.0,3503.0,1063.0,1147.0,4183.0,4025.0,3585.0,3936.0,450.0,530.0,5035.0,4822.0,6547.0,6457.0,5181.0,5146.0,3507.0,3783.0,3642.0,3624.0,391.0,422.0,400.0,372.0
NDARAG115LZP,2.557,2.719,2.587,2.821,2.955,2.893,2.38,2.321,3.72,4.07,3.206,3.229,2.983,3.151,2.89,2.909,3.075,2.95,3.317,3.265,2.403,2.467,2.502,2.43,3.072,3.022,2.448,2.412,2.837,2.902,3.222,3.171,2.868,2.785,3.118,3.161,2.945,3.076,3.004,3.031,2.778,2.762,2.119,2.127,2.522,2.521,2.703,2.738,2.859,2.97,2.799,2.653,3.093,3.14,2.66,2.706,3.18,3.032,2.597,2.607,3.208,3.283,2.907,3.025,3.946,4.143,2.943,2.748,1110.0,1203.0,659.0,1132.0,2611.0,2387.0,1846.0,1686.0,489.0,474.0,331.0,307.0,3645.0,3739.0,6963.0,7026.0,3563.0,3637.0,2562.0,2696.0,1140.0,1069.0,5696.0,5383.0,3011.0,2770.0,3544.0,3721.0,1881.0,2026.0,4416.0,4207.0,1577.0,1360.0,732.0,743.0,1856.0,2010.0,876.0,1049.0,2487.0,1604.0,1878.0,1785.0,4317.0,4285.0,1852.0,1303.0,4899.0,4850.0,3823.0,4243.0,966.0,840.0,7295.0,8435.0,8287.0,8063.0,5927.0,5286.0,3754.0,4134.0,4090.0,3826.0,494.0,490.0,446.0,374.0
NDARAG340ERT,2.86,3.217,2.913,2.949,2.97,2.773,1.976,1.994,3.336,3.445,2.245,2.429,3.031,2.958,2.102,2.241,3.006,2.933,3.345,3.277,2.418,2.383,1.857,2.096,3.07,2.866,2.319,2.02,2.78,2.68,3.194,2.937,3.124,2.975,2.819,2.915,3.165,3.247,3.362,3.079,3.063,3.248,2.131,2.062,2.464,2.503,2.856,2.955,2.926,3.048,2.693,2.676,3.122,2.862,2.656,2.743,3.033,2.969,2.334,2.017,3.486,3.406,2.546,2.838,3.301,3.361,3.653,3.14,1210.0,1230.0,628.0,954.0,1853.0,2456.0,1472.0,1508.0,345.0,364.0,519.0,372.0,3246.0,4013.0,6538.0,7149.0,3740.0,3797.0,2561.0,2813.0,1426.0,1299.0,5350.0,4681.0,2633.0,2655.0,3498.0,3314.0,2054.0,2097.0,4374.0,3796.0,1544.0,1756.0,835.0,883.0,1401.0,1768.0,686.0,947.0,1587.0,1727.0,1658.0,1382.0,4158.0,4028.0,1739.0,1467.0,5215.0,5018.0,4541.0,4782.0,784.0,706.0,7038.0,6943.0,8334.0,7377.0,5950.0,6330.0,4516.0,4483.0,4641.0,4581.0,601.0,520.0,566.0,477.0
NDARAH304ED7,2.601,2.993,2.102,2.035,3.165,3.147,2.489,2.502,3.2,2.806,3.142,2.994,2.967,3.106,3.036,3.12,3.14,3.131,3.505,3.249,2.206,2.233,2.524,2.56,3.195,2.969,2.546,2.521,2.907,3.077,3.175,3.084,3.239,3.134,3.443,3.492,3.153,3.291,3.291,3.169,2.894,2.99,2.198,2.18,2.58,2.77,2.548,2.886,3.121,3.142,2.824,2.955,2.482,2.641,2.737,2.728,3.149,3.266,2.772,2.782,3.165,3.009,3.11,3.122,3.337,3.693,2.955,3.308,945.0,772.0,569.0,650.0,2167.0,1943.0,1410.0,1482.0,458.0,488.0,645.0,404.0,2567.0,2288.0,3562.0,4420.0,3003.0,2970.0,2171.0,2081.0,967.0,995.0,4491.0,4769.0,2280.0,2335.0,2784.0,2626.0,1818.0,2026.0,2934.0,2481.0,1327.0,1353.0,505.0,517.0,1589.0,1605.0,691.0,811.0,1662.0,1270.0,1189.0,1139.0,4150.0,3731.0,1151.0,1145.0,4760.0,4933.0,3950.0,4148.0,381.0,632.0,5588.0,5179.0,7904.0,6789.0,5304.0,5000.0,3610.0,4169.0,3971.0,3083.0,596.0,549.0,580.0,405.0
NDARAH976BND,2.712,3.11,2.339,2.693,3.125,3.136,2.728,2.396,3.817,4.039,3.65,3.304,3.248,3.276,3.074,3.081,3.146,3.304,3.622,3.619,2.835,2.869,2.543,2.615,3.271,3.058,2.656,2.548,2.992,2.871,3.39,3.135,3.228,3.084,3.451,3.568,3.15,3.146,3.547,3.253,3.138,3.159,1.971,2.108,2.753,2.776,2.743,2.938,2.986,3.093,3.03,2.973,3.217,3.322,2.877,2.962,3.374,3.319,2.846,2.769,3.178,3.349,3.081,3.227,3.892,3.882,3.224,3.365,1239.0,997.0,628.0,896.0,2468.0,2085.0,1458.0,1720.0,317.0,392.0,340.0,276.0,3173.0,3841.0,4534.0,5231.0,3425.0,3084.0,2564.0,2547.0,1128.0,947.0,5892.0,5637.0,2710.0,2531.0,3729.0,3546.0,1723.0,1938.0,3859.0,3500.0,1311.0,1480.0,647.0,678.0,1530.0,2180.0,617.0,791.0,2382.0,1675.0,1652.0,1575.0,4294.0,4268.0,1228.0,1338.0,4573.0,5787.0,3973.0,4808.0,588.0,905.0,6633.0,5334.0,8316.0,7220.0,6264.0,5748.0,4244.0,4875.0,5353.0,4357.0,388.0,355.0,523.0,369.0
NDARAK738BGC,2.8,2.878,2.602,2.309,2.913,3.008,2.148,2.084,3.244,3.554,2.984,3.181,2.869,2.968,2.614,2.694,2.832,2.856,3.377,3.515,2.302,2.609,2.317,2.361,2.95,2.94,2.332,2.382,2.54,2.889,2.939,3.091,2.878,2.914,2.85,3.045,2.912,3.084,3.134,3.132,2.928,2.922,2.187,2.254,2.504,2.449,2.803,2.712,2.961,2.948,2.609,2.606,3.175,2.813,2.79,2.643,3.156,3.27,2.428,2.434,3.185,3.107,2.778,2.806,3.687,3.676,3.288,3.079,738.0,735.0,411.0,445.0,1761.0,1343.0,1157.0,1289.0,345.0,325.0,290.0,254.0,2983.0,2702.0,4120.0,4426.0,3176.0,3169.0,1981.0,1981.0,814.0,651.0,4172.0,4055.0,2270.0,2200.0,2566.0,2722.0,1762.0,1768.0,2978.0,2709.0,1122.0,1365.0,608.0,606.0,1078.0,1482.0,645.0,722.0,1333.0,1281.0,1271.0,1043.0,3270.0,3023.0,965.0,908.0,3732.0,3926.0,3422.0,3456.0,385.0,646.0,4454.0,4084.0,5950.0,5771.0,4931.0,4620.0,2883.0,3290.0,2842.0,2808.0,435.0,475.0,390.0,312.0
NDARAL828WXM,3.14,3.056,2.617,2.215,3.152,3.322,2.257,2.059,3.581,3.65,3.047,3.097,3.12,3.182,2.935,2.892,3.177,3.16,3.602,3.704,2.492,2.303,2.439,2.417,3.325,2.996,2.408,2.392,3.095,2.97,3.314,3.456,2.952,2.956,2.888,2.866,3.062,3.091,3.21,3.042,3.024,3.039,1.925,1.932,2.571,2.443,2.516,2.475,2.989,3.09,2.866,2.695,3.231,3.126,2.906,2.886,3.222,3.247,2.562,2.721,3.35,3.239,3.221,3.016,3.571,3.645,3.119,2.995,1439.0,1306.0,824.0,811.0,3079.0,2161.0,1900.0,1874.0,512.0,416.0,387.0,317.0,3686.0,3624.0,6348.0,6590.0,4077.0,4360.0,2746.0,2394.0,1465.0,1539.0,5532.0,5715.0,3091.0,3290.0,3606.0,3428.0,1960.0,1944.0,4372.0,4267.0,1496.0,1626.0,880.0,945.0,1675.0,1892.0,947.0,1107.0,1920.0,1729.0,2022.0,1728.0,4623.0,4702.0,1767.0,1491.0,5771.0,6439.0,5098.0,5517.0,716.0,1051.0,9464.0,7807.0,9082.0,9105.0,7201.0,6697.0,4355.0,4566.0,4119.0,4510.0,496.0,472.0,465.0,324.0
NDARAL897CYV,3.172,2.836,2.547,2.501,3.432,3.274,2.402,2.314,3.595,3.701,3.473,3.511,2.571,2.931,3.041,3.001,2.813,2.881,3.503,3.473,2.986,2.938,2.455,2.524,3.131,3.262,2.509,2.398,2.916,3.096,3.087,3.213,3.076,3.186,3.084,2.908,3.113,3.196,3.363,3.138,3.066,3.284,2.203,2.251,2.652,2.646,2.713,2.77,3.227,3.306,2.921,2.945,3.302,3.464,2.921,3.034,3.433,3.467,2.855,2.819,3.169,3.332,3.083,2.897,3.952,4.12,3.182,3.148,1090.0,991.0,569.0,541.0,2255.0,1926.0,1464.0,1399.0,386.0,475.0,243.0,241.0,3198.0,3010.0,4053.0,4798.0,3294.0,3697.0,2271.0,2422.0,851.0,867.0,4444.0,4473.0,2536.0,2410.0,2289.0,2155.0,1605.0,1657.0,3454.0,3148.0,1326.0,1264.0,595.0,656.0,1375.0,1609.0,564.0,676.0,1636.0,1233.0,1123.0,1024.0,3837.0,3896.0,1135.0,1242.0,4813.0,4811.0,3191.0,3495.0,392.0,613.0,5691.0,5408.0,6813.0,6500.0,4652.0,4065.0,3762.0,3433.0,4593.0,3814.0,461.0,449.0,352.0,384.0
NDARAN524ZK6,2.939,2.893,2.834,3.095,3.038,3.078,2.582,2.35,3.66,3.421,3.411,3.295,3.198,3.229,3.047,2.937,3.26,3.259,3.484,3.331,2.582,2.759,2.632,2.54,3.009,3.11,2.537,2.589,2.878,3.051,3.259,3.148,3.084,3.037,2.438,3.129,3.138,3.067,3.217,3.194,3.081,3.043,2.031,2.232,2.597,2.492,2.925,2.769,2.945,2.977,3.012,2.929,3.384,3.373,2.864,2.915,3.308,3.252,2.694,2.827,3.259,3.219,3.15,2.955,3.717,4.259,3.107,3.027,1624.0,1356.0,636.0,740.0,2767.0,2830.0,1812.0,1853.0,328.0,393.0,351.0,365.0,3781.0,3449.0,5520.0,7361.0,3721.0,3502.0,3070.0,3018.0,1476.0,940.0,5870.0,6695.0,3469.0,3423.0,3935.0,4171.0,2241.0,2345.0,4254.0,4334.0,1399.0,2053.0,759.0,698.0,1632.0,2225.0,833.0,1151.0,1695.0,1939.0,2094.0,1907.0,5260.0,4935.0,1453.0,1482.0,7278.0,5717.0,4730.0,5553.0,934.0,963.0,7917.0,9163.0,10424.0,10339.0,6267.0,7285.0,4701.0,5079.0,5445.0,4496.0,453.0,389.0,635.0,421.0
NDARAP049KXJ,3.19,3.216,2.991,2.772,3.101,3.163,2.477,2.508,4.372,3.922,3.231,3.563,3.207,3.29,3.142,3.18,3.202,3.076,3.505,3.63,2.615,2.757,2.513,2.625,3.244,3.191,2.456,2.579,2.911,2.95,3.385,3.476,3.18,3.14,3.299,3.496,3.084,3.056,3.403,3.184,3.11,3.077,1.983,2.058,2.697,2.788,2.728,2.682,3.029,3.109,2.973,3.056,3.226,3.378,2.925,3.075,3.373,3.391,2.867,2.892,3.565,3.432,3.241,3.249,3.908,4.476,3.07,3.349,915.0,885.0,655.0,769.0,2535.0,2342.0,1665.0,2208.0,656.0,580.0,291.0,262.0,3201.0,3551.0,5136.0,5693.0,3605.0,3822.0,2487.0,2320.0,1438.0,1073.0,6775.0,6001.0,2947.0,3298.0,3882.0,3646.0,2063.0,2134.0,3576.0,3403.0,1505.0,1621.0,605.0,609.0,1549.0,1559.0,665.0,1009.0,1841.0,1430.0,2100.0,1492.0,4599.0,4855.0,1362.0,1177.0,5467.0,5528.0,4774.0,4641.0,740.0,994.0,8492.0,7205.0,8870.0,7713.0,6468.0,7582.0,3847.0,3586.0,3101.0,3313.0,460.0,476.0,428.0,328.0
NDARAP176AD1,3.112,3.401,2.808,2.405,3.168,3.188,2.475,2.461,2.753,3.283,3.228,3.124,3.153,3.126,3.166,3.167,3.198,3.169,3.478,3.608,2.498,2.451,2.536,2.664,3.19,3.022,2.628,2.606,2.906,3.098,3.389,3.428,3.218,3.084,3.051,3.18,3.277,3.205,3.246,3.3,3.163,3.19,2.266,2.285,2.703,2.601,2.736,3.07,3.048,3.173,3.087,3.068,3.031,3.404,2.934,2.908,3.37,3.335,2.738,2.841,3.541,3.408,3.126,3.022,3.686,3.438,3.035,3.178,1262.0,1139.0,663.0,692.0,1901.0,1979.0,1339.0,1796.0,422.0,374.0,390.0,449.0,3337.0,3311.0,5096.0,6552.0,3389.0,3092.0,2348.0,2349.0,1019.0,876.0,5831.0,5774.0,2643.0,2756.0,3134.0,3334.0,2114.0,1797.0,3521.0,3295.0,1297.0,1601.0,592.0,559.0,1127.0,1636.0,726.0,955.0,1542.0,1707.0,1771.0,1472.0,3916.0,3693.0,1295.0,1260.0,4811.0,4149.0,4187.0,4256.0,662.0,509.0,6787.0,5929.0,7860.0,7495.0,5436.0,5574.0,3802.0,4641.0,4549.0,3608.0,647.0,587.0,613.0,380.0
NDARAR025WX4,2.713,3.213,2.751,2.753,2.753,2.806,1.976,1.922,3.285,3.202,2.944,3.524,2.911,2.879,2.752,2.824,3.046,3.035,3.118,3.207,2.538,2.567,2.358,2.341,2.934,2.831,2.171,2.189,2.822,2.873,3.341,3.149,2.657,2.549,2.848,2.792,2.817,2.762,2.983,2.853,2.789,2.793,1.754,1.698,2.152,2.232,2.69,2.661,2.614,2.576,2.771,2.658,3.004,2.995,2.781,2.746,3.087,3.058,2.389,2.458,3.203,3.118,2.777,2.756,3.772,3.806,2.694,2.53,1289.0,1109.0,698.0,702.0,2303.0,2073.0,1650.0,1739.0,404.0,489.0,302.0,284.0,3355.0,3718.0,5382.0,5768.0,3833.0,3757.0,2392.0,2316.0,1380.0,1380.0,6170.0,6275.0,3106.0,3279.0,3412.0,3236.0,1986.0,2112.0,4041.0,3880.0,1875.0,1532.0,683.0,731.0,1523.0,1762.0,740.0,840.0,1954.0,1389.0,1503.0,1445.0,4283.0,4309.0,1523.0,1690.0,4485.0,5015.0,4899.0,5940.0,739.0,946.0,8593.0,7391.0,8970.0,7624.0,6331.0,5887.0,3650.0,4243.0,4873.0,4809.0,498.0,557.0,456.0,360.0
NDARAR545KXM,2.92,2.886,3.031,2.595,2.866,2.821,2.261,2.214,3.24,3.608,2.833,3.149,3.027,3.035,2.875,2.826,3.142,2.937,3.29,3.125,2.57,2.618,2.597,2.629,3.102,2.976,2.352,2.358,2.774,2.818,3.361,3.044,2.644,2.751,2.895,2.85,2.893,3.009,3.315,3.065,2.903,2.79,1.952,2.03,2.354,2.338,2.536,2.728,2.83,2.822,2.77,2.806,3.206,3.083,2.742,2.878,3.017,2.981,2.441,2.504,3.138,3.07,2.872,2.906,3.509,3.037,2.835,2.792,1104.0,1123.0,494.0,706.0,2383.0,2700.0,1349.0,1419.0,462.0,299.0,332.0,255.0,3475.0,3297.0,4807.0,6357.0,3124.0,3256.0,2448.0,2250.0,916.0,843.0,5341.0,5184.0,2670.0,2815.0,2418.0,2549.0,1690.0,1717.0,3673.0,3232.0,1230.0,1354.0,719.0,669.0,1888.0,1611.0,701.0,888.0,1738.0,1540.0,1311.0,1108.0,4446.0,3654.0,1217.0,1178.0,4434.0,4829.0,4145.0,4347.0,547.0,833.0,6704.0,6431.0,8267.0,6964.0,6033.0,6271.0,4166.0,4106.0,5629.0,4485.0,438.0,349.0,446.0,380.0
NDARAT100AEQ,2.538,2.566,2.691,2.55,2.596,2.707,1.842,1.943,2.992,3.35,3.009,2.845,2.823,2.796,2.585,2.513,2.863,2.855,3.023,2.994,2.274,2.35,2.135,2.283,2.587,2.742,2.031,2.077,2.515,2.542,3.038,2.972,2.427,2.579,2.773,2.761,2.8,2.629,2.848,2.815,2.59,2.57,1.65,1.69,2.08,2.11,2.538,2.526,2.483,2.548,2.289,2.423,2.788,2.755,2.495,2.502,2.882,2.924,2.24,2.278,3.007,2.918,2.62,2.738,3.611,4.066,2.566,2.846,1019.0,962.0,780.0,779.0,2232.0,2534.0,1657.0,1752.0,504.0,426.0,340.0,249.0,2881.0,3263.0,5161.0,5422.0,3291.0,3526.0,2349.0,2193.0,1333.0,1108.0,6473.0,5816.0,2907.0,3149.0,3122.0,3074.0,1857.0,2393.0,4101.0,3325.0,1397.0,1514.0,500.0,556.0,1548.0,2277.0,704.0,1066.0,2032.0,1550.0,1654.0,1480.0,3956.0,4132.0,1467.0,1057.0,4913.0,5217.0,4868.0,4755.0,630.0,974.0,7615.0,6794.0,8088.0,6912.0,5650.0,5853.0,3779.0,4060.0,4047.0,4156.0,438.0,431.0,465.0,332.0
NDARAT581NDH,2.921,2.734,3.052,3.015,2.691,2.968,1.894,1.957,3.229,2.681,2.602,2.371,2.829,3.004,2.74,2.942,2.636,2.756,3.235,3.157,2.077,2.353,2.218,2.541,2.702,2.536,2.295,2.222,2.786,2.717,3.081,3.065,2.417,2.597,2.865,2.862,2.791,3.121,2.481,2.92,2.944,2.691,1.753,1.878,2.248,2.593,2.806,2.76,2.88,2.759,2.571,2.651,3.286,3.243,2.785,2.487,2.832,2.886,2.689,2.502,2.856,3.23,2.813,2.945,3.072,3.193,2.691,2.358,1141.0,789.0,461.0,925.0,2460.0,1523.0,1215.0,1351.0,422.0,457.0,406.0,337.0,2517.0,2845.0,4341.0,5326.0,2931.0,3416.0,2362.0,2100.0,1089.0,802.0,4548.0,4636.0,2433.0,2502.0,3083.0,2846.0,2029.0,1800.0,3598.0,3247.0,1470.0,1718.0,550.0,684.0,1167.0,1413.0,694.0,887.0,1249.0,1334.0,1586.0,1478.0,3979.0,3692.0,1255.0,1077.0,4347.0,4535.0,3656.0,3681.0,624.0,564.0,6392.0,5876.0,7565.0,7545.0,5014.0,4951.0,3809.0,3814.0,4128.0,3628.0,542.0,529.0,469.0,332.0
NDARAT709MMX,2.904,3.035,2.666,2.716,3.052,3.169,2.406,2.416,3.218,3.555,2.62,2.69,3.149,3.188,2.902,2.632,3.143,3.02,3.352,3.399,2.515,2.666,2.484,2.557,3.243,2.962,2.558,2.574,2.954,3.012,3.024,3.191,3.064,3.031,3.559,3.546,3.089,3.131,2.828,2.822,2.983,3.211,2.479,2.268,2.474,2.37,2.709,2.968,2.919,3.165,2.789,2.818,3.098,3.209,2.741,2.874,3.183,3.196,2.421,2.493,3.034,3.142,3.016,2.87,3.29,3.446,3.099,3.008,1497.0,1259.0,603.0,703.0,2404.0,2622.0,1946.0,2139.0,662.0,503.0,480.0,443.0,3302.0,3376.0,5663.0,5638.0,4053.0,4038.0,3064.0,2719.0,1074.0,1109.0,6158.0,6559.0,2619.0,2780.0,4182.0,3815.0,1970.0,2063.0,3797.0,3646.0,1538.0,1871.0,672.0,755.0,2213.0,1781.0,743.0,923.0,2132.0,1906.0,2294.0,2160.0,4842.0,5101.0,1435.0,1251.0,5999.0,5087.0,5020.0,5317.0,448.0,699.0,6235.0,6543.0,10038.0,8258.0,6459.0,6794.0,4283.0,4801.0,4616.0,4147.0,725.0,731.0,612.0,485.0
NDARAU530GLJ,2.931,3.372,3.021,3.197,3.282,3.315,2.349,2.223,3.774,4.014,3.265,3.309,3.389,3.417,3.136,3.141,3.377,3.467,3.442,3.546,2.723,2.928,2.707,2.754,3.353,3.29,2.588,2.447,2.944,2.651,3.53,3.444,3.163,3.159,3.215,3.364,3.382,3.286,3.505,3.634,3.349,3.228,2.088,2.327,2.802,2.79,2.884,2.744,3.218,3.267,3.095,3.052,3.157,3.431,3.024,3.051,3.502,3.394,2.842,2.934,3.736,3.696,3.192,3.221,4.229,4.393,3.588,3.368,1208.0,977.0,948.0,859.0,2479.0,2834.0,1891.0,1705.0,501.0,463.0,425.0,297.0,3203.0,3453.0,4841.0,6602.0,4232.0,3889.0,3079.0,2491.0,1351.0,1276.0,5684.0,5454.0,3034.0,3152.0,3247.0,3149.0,2029.0,2537.0,4566.0,3838.0,1557.0,1481.0,631.0,596.0,1646.0,1870.0,794.0,959.0,1848.0,1667.0,1637.0,1397.0,4702.0,4764.0,1280.0,2071.0,5056.0,4847.0,4310.0,5055.0,719.0,1052.0,8272.0,8313.0,8947.0,8588.0,6067.0,6254.0,4259.0,4267.0,5868.0,4725.0,489.0,521.0,487.0,389.0
NDARAU708TL8,3.038,3.448,2.849,2.628,2.955,3.271,2.247,2.075,3.387,3.223,3.19,2.987,3.109,3.012,2.804,2.851,3.023,2.908,3.451,3.232,2.696,2.772,2.251,2.383,2.984,3.039,2.498,2.441,2.784,2.822,3.322,3.212,3.073,2.917,2.921,3.155,3.379,3.291,3.02,2.918,3.004,2.918,1.94,2.153,2.54,2.403,2.82,2.911,2.987,3.157,2.96,2.824,3.104,3.282,2.853,2.693,3.059,3.084,2.542,2.556,3.343,3.363,2.953,2.947,2.756,2.895,3.069,3.393,1003.0,801.0,508.0,605.0,2147.0,1922.0,1124.0,1594.0,488.0,474.0,524.0,394.0,3345.0,3200.0,4480.0,5151.0,2847.0,2811.0,2560.0,2281.0,1012.0,885.0,4896.0,5464.0,2855.0,2618.0,3535.0,3012.0,1976.0,2150.0,3012.0,2763.0,1459.0,1717.0,675.0,685.0,1345.0,1422.0,761.0,825.0,1656.0,1436.0,1600.0,1296.0,4709.0,4447.0,1118.0,1153.0,5052.0,4889.0,4190.0,4322.0,497.0,640.0,5790.0,5806.0,8078.0,7242.0,5589.0,5535.0,3492.0,3862.0,3955.0,3582.0,765.0,664.0,458.0,318.0
NDARAU967RWU,3.024,2.988,2.474,2.057,3.12,2.97,2.188,2.057,2.778,3.194,2.226,2.504,2.97,2.934,2.674,2.668,2.947,2.838,3.146,3.049,2.402,2.156,2.388,2.447,2.853,2.881,2.396,2.398,2.425,2.836,2.987,3.02,3.112,2.927,2.641,3.127,2.91,3.13,2.74,2.708,2.763,2.832,2.0,2.019,2.618,2.462,2.482,2.714,2.859,2.917,2.747,2.733,2.857,2.648,2.592,2.65,3.205,3.117,2.58,2.579,3.03,3.039,2.812,2.817,3.769,3.665,2.797,2.791,822.0,680.0,550.0,552.0,1951.0,2014.0,1471.0,1517.0,392.0,473.0,420.0,478.0,2702.0,3171.0,4397.0,4306.0,2455.0,2706.0,2153.0,2248.0,896.0,782.0,4747.0,4475.0,2630.0,2019.0,2433.0,2526.0,1945.0,1760.0,2847.0,2694.0,1288.0,1345.0,420.0,516.0,1456.0,1543.0,610.0,784.0,1485.0,1135.0,1407.0,1415.0,4115.0,3801.0,1176.0,1027.0,4143.0,4107.0,3779.0,4183.0,418.0,727.0,5517.0,5193.0,6811.0,6596.0,5926.0,5452.0,3324.0,3601.0,4106.0,4409.0,583.0,451.0,546.0,351.0
NDARAV187GJ5,3.035,3.079,3.023,2.671,3.297,3.283,2.579,2.363,3.685,3.978,3.343,3.398,3.165,3.178,3.176,3.126,3.074,3.349,3.536,3.54,2.44,2.322,2.639,2.741,3.249,3.102,2.625,2.752,2.737,3.086,2.9,3.323,3.04,3.167,3.59,3.857,3.109,3.276,3.703,3.307,3.033,3.092,2.398,2.381,2.661,2.697,2.636,2.913,3.09,3.137,2.868,2.913,3.399,2.992,2.887,2.964,3.234,3.427,2.758,2.79,3.357,3.308,3.299,3.239,4.273,4.295,2.76,2.969,1173.0,1251.0,561.0,521.0,2389.0,2585.0,1286.0,1357.0,478.0,464.0,322.0,274.0,3047.0,3258.0,4926.0,5329.0,3849.0,3627.0,2393.0,2136.0,1112.0,1034.0,5652.0,5820.0,2692.0,2664.0,3315.0,2926.0,1644.0,1654.0,3946.0,3181.0,1319.0,1386.0,672.0,674.0,1718.0,1948.0,652.0,771.0,1394.0,1321.0,1373.0,1069.0,4150.0,4284.0,935.0,1228.0,5312.0,5586.0,4130.0,4303.0,528.0,848.0,6421.0,5182.0,7422.0,6503.0,5570.0,5425.0,3689.0,3526.0,4017.0,3923.0,464.0,443.0,380.0,381.0
NDARAV554TP2,2.952,3.171,2.826,2.745,3.186,3.295,2.432,2.508,3.303,3.425,3.093,3.009,3.139,3.171,2.946,2.845,3.102,3.109,3.497,3.546,2.322,2.386,2.514,2.527,2.965,2.964,2.511,2.699,2.875,2.958,3.288,3.235,3.098,2.915,3.083,3.412,3.129,3.21,3.135,3.286,3.074,3.119,2.207,2.174,2.631,2.601,2.871,3.076,3.093,3.2,2.881,2.912,3.06,3.169,2.696,2.692,3.244,3.186,2.616,2.657,3.362,3.278,3.116,3.157,3.434,3.525,3.096,3.223,1218.0,1026.0,499.0,819.0,2067.0,2198.0,1771.0,1725.0,547.0,620.0,492.0,476.0,3670.0,3153.0,4837.0,6101.0,3188.0,3162.0,2440.0,2461.0,874.0,944.0,5539.0,5534.0,2742.0,2355.0,3311.0,2980.0,2389.0,2598.0,3192.0,3478.0,1461.0,1719.0,586.0,563.0,1327.0,1932.0,766.0,783.0,1881.0,1576.0,1434.0,1312.0,4595.0,4504.0,1189.0,1019.0,5363.0,5466.0,4018.0,4047.0,545.0,557.0,4992.0,4619.0,8255.0,7812.0,5767.0,6296.0,3954.0,3947.0,4867.0,4370.0,800.0,730.0,512.0,529.0
NDARAV747WVL,2.738,2.73,2.87,2.784,2.612,2.674,1.891,1.929,3.629,4.088,3.315,2.232,2.827,2.863,2.561,2.668,3.007,3.004,2.985,3.263,2.581,2.633,2.073,2.143,3.185,2.95,2.192,2.284,2.941,2.876,2.997,2.935,2.643,2.59,3.317,3.343,2.748,2.737,2.926,2.92,2.852,2.68,2.051,1.862,2.114,2.175,2.614,2.716,2.597,2.662,2.591,2.495,3.016,3.248,2.536,2.652,2.837,2.784,2.237,2.238,2.923,2.936,2.677,2.814,4.115,3.621,2.861,2.679,1122.0,887.0,619.0,1134.0,2498.0,2439.0,1322.0,1535.0,547.0,524.0,262.0,221.0,3473.0,3434.0,5407.0,5729.0,3625.0,4188.0,1955.0,1837.0,1087.0,1015.0,4946.0,5420.0,2403.0,2468.0,2993.0,3244.0,1574.0,1792.0,3670.0,3460.0,1455.0,1505.0,689.0,634.0,1101.0,1518.0,730.0,802.0,1203.0,1189.0,1554.0,1505.0,4469.0,4311.0,1333.0,1065.0,4522.0,4678.0,3693.0,3798.0,708.0,641.0,5366.0,5032.0,7542.0,6506.0,5675.0,5562.0,3345.0,3511.0,3881.0,3675.0,396.0,409.0,367.0,285.0
NDARAV894XWD,2.645,2.606,2.332,2.567,2.663,2.668,1.727,1.73,3.409,3.133,2.656,3.261,2.612,2.416,2.496,2.554,2.912,2.69,2.966,3.091,2.207,2.456,1.964,2.137,2.759,2.836,2.059,2.089,2.794,3.031,2.874,2.947,2.463,2.437,2.412,2.78,2.699,2.766,2.933,2.835,2.645,2.613,1.622,1.659,2.102,2.069,2.584,2.44,2.498,2.641,2.479,2.46,2.995,3.106,2.66,2.587,2.917,2.891,2.191,2.226,2.824,2.814,2.685,2.664,3.683,3.896,2.617,2.389,967.0,838.0,551.0,800.0,2780.0,2733.0,1439.0,1616.0,431.0,423.0,370.0,276.0,2980.0,3362.0,4227.0,4991.0,3316.0,3203.0,2316.0,2217.0,1225.0,930.0,4896.0,5131.0,2974.0,2777.0,3602.0,2988.0,1843.0,1887.0,3704.0,3166.0,1396.0,1633.0,708.0,619.0,1387.0,1943.0,731.0,1018.0,1535.0,1518.0,1857.0,1551.0,4542.0,4206.0,1376.0,1367.0,5744.0,4981.0,4007.0,4178.0,649.0,852.0,6281.0,6691.0,7872.0,7474.0,5271.0,5457.0,3563.0,3991.0,5125.0,4043.0,497.0,499.0,452.0,316.0
NDARAV945MCQ,2.691,2.526,2.5,2.321,2.627,2.621,1.841,1.94,2.962,3.238,2.84,2.726,2.764,2.705,2.412,2.499,2.79,2.886,3.133,3.215,2.217,2.35,2.154,2.237,2.811,2.618,2.094,2.087,2.674,2.383,3.018,2.963,2.494,2.449,2.654,2.973,2.753,2.614,2.69,2.746,2.574,2.484,1.791,1.673,2.164,2.185,2.454,2.396,2.658,2.586,2.448,2.367,2.942,2.939,2.392,2.442,2.835,2.771,2.281,2.219,2.846,2.832,2.568,2.619,3.285,3.572,2.284,2.422,1332.0,1057.0,634.0,744.0,2800.0,3350.0,1546.0,1593.0,457.0,378.0,301.0,310.0,3713.0,3532.0,5102.0,5525.0,3249.0,3752.0,2522.0,2673.0,1230.0,971.0,4764.0,5520.0,2912.0,2787.0,2999.0,2854.0,1736.0,2036.0,4088.0,3806.0,1294.0,1684.0,711.0,739.0,1663.0,2021.0,878.0,1047.0,2073.0,1578.0,1529.0,1497.0,4539.0,4474.0,1275.0,1506.0,5176.0,5418.0,4245.0,4715.0,638.0,907.0,7116.0,6695.0,8755.0,8680.0,5717.0,6538.0,4379.0,4424.0,4587.0,4066.0,469.0,475.0,479.0,333.0
NDARAX272ZJL,3.016,3.107,2.981,2.48,3.134,3.141,2.281,2.35,3.722,3.749,3.357,2.892,3.206,3.124,2.819,2.98,3.032,3.192,3.458,3.651,2.432,2.574,2.493,2.645,3.138,3.1,2.389,2.323,2.749,3.092,3.573,3.14,3.082,2.992,2.96,3.354,3.192,3.086,2.991,3.102,3.214,2.959,2.154,2.057,2.576,2.757,2.87,2.91,3.15,3.137,2.861,2.901,2.976,3.022,2.865,2.862,3.354,3.326,2.729,2.689,3.277,3.234,2.93,3.043,3.72,4.056,2.917,3.033,1164.0,651.0,518.0,572.0,2489.0,2119.0,1483.0,2008.0,505.0,415.0,547.0,436.0,3445.0,3725.0,4477.0,4426.0,3182.0,3411.0,2874.0,2524.0,745.0,688.0,5123.0,6344.0,2734.0,2733.0,2884.0,2565.0,2069.0,1851.0,3539.0,2956.0,1677.0,1599.0,562.0,568.0,1614.0,1386.0,808.0,945.0,1744.0,1266.0,1626.0,1197.0,4775.0,4476.0,1128.0,1094.0,4767.0,5245.0,4753.0,4812.0,550.0,729.0,5943.0,6340.0,7754.0,8572.0,6264.0,6422.0,3900.0,4338.0,5242.0,4683.0,669.0,649.0,607.0,457.0
NDARAX277ATU,2.849,2.652,2.277,2.484,2.761,2.907,2.344,2.184,3.352,4.285,2.777,3.111,3.011,2.941,2.807,2.831,2.971,3.035,3.184,3.343,2.334,2.439,2.46,2.523,3.018,2.71,2.346,2.322,2.736,2.732,3.0,2.841,2.669,2.683,2.91,2.989,2.914,2.841,3.158,2.972,2.957,2.851,2.067,2.133,2.455,2.355,2.635,2.479,2.851,2.829,2.755,2.663,2.857,3.074,2.665,2.69,3.094,3.069,2.605,2.675,3.175,3.051,2.727,2.888,3.56,3.918,3.01,2.93,1142.0,1015.0,607.0,924.0,2703.0,2492.0,1827.0,1986.0,465.0,432.0,361.0,336.0,3787.0,3786.0,5112.0,6763.0,4257.0,4532.0,2848.0,2503.0,1087.0,1086.0,6594.0,6451.0,2922.0,3009.0,3356.0,3161.0,1964.0,2025.0,4763.0,4228.0,1390.0,1572.0,803.0,847.0,1469.0,1992.0,945.0,835.0,1933.0,1738.0,1943.0,1676.0,4738.0,4502.0,1536.0,1420.0,5769.0,5183.0,4472.0,4969.0,753.0,869.0,7155.0,7849.0,8253.0,8245.0,5972.0,5782.0,4232.0,4425.0,5420.0,4151.0,516.0,426.0,523.0,365.0
NDARAY238DFL,2.778,2.824,2.846,2.517,2.821,2.721,2.26,2.086,3.49,3.625,2.889,3.162,2.886,2.975,2.82,2.828,3.129,3.146,3.449,3.078,2.456,2.469,2.322,2.354,3.42,3.092,2.244,2.35,3.1,3.109,3.221,2.992,2.781,2.627,2.734,2.668,2.821,2.796,3.439,3.318,2.87,2.835,1.83,1.915,2.353,2.277,2.62,2.787,2.68,2.823,2.726,2.574,3.291,3.101,2.71,2.811,3.181,3.113,2.58,2.565,3.067,3.058,2.831,2.826,3.539,4.135,2.458,2.705,944.0,1108.0,574.0,544.0,2179.0,2146.0,1677.0,1792.0,491.0,392.0,343.0,225.0,3509.0,3122.0,3981.0,4740.0,3616.0,3620.0,2257.0,2067.0,1160.0,1021.0,4838.0,5568.0,2364.0,2463.0,3371.0,3268.0,1635.0,1676.0,3576.0,3264.0,1327.0,1546.0,692.0,698.0,1464.0,1850.0,614.0,775.0,1404.0,1224.0,1628.0,1518.0,4187.0,4052.0,1161.0,1239.0,5070.0,4860.0,4341.0,4410.0,505.0,629.0,6414.0,6094.0,7027.0,7553.0,6094.0,6660.0,3899.0,4021.0,4646.0,4076.0,504.0,435.0,591.0,389.0
NDARAY665GWN,2.437,2.789,2.823,2.95,3.103,3.036,2.19,2.201,3.356,3.818,3.2,3.321,2.772,2.899,2.86,2.848,3.042,3.042,3.423,3.146,2.539,2.386,2.367,2.445,3.262,3.14,2.232,2.306,2.867,2.942,3.056,3.081,2.783,2.709,3.035,3.319,3.034,2.982,3.34,3.266,2.846,2.921,2.133,2.081,2.371,2.353,2.652,2.388,2.893,3.058,2.807,2.713,3.405,3.152,2.909,2.929,3.343,3.359,2.666,2.722,3.033,3.053,2.882,2.812,3.74,3.934,2.956,2.835,1017.0,916.0,534.0,613.0,2449.0,2366.0,1774.0,1708.0,566.0,446.0,311.0,232.0,2890.0,3281.0,4497.0,5891.0,3072.0,3038.0,2042.0,2543.0,1089.0,1056.0,4975.0,5170.0,2413.0,2397.0,3126.0,3000.0,1892.0,1823.0,3665.0,3256.0,1343.0,1680.0,661.0,836.0,1474.0,1680.0,668.0,820.0,1825.0,1529.0,1726.0,1744.0,4119.0,3925.0,1109.0,1123.0,5126.0,4529.0,3628.0,4017.0,574.0,772.0,5971.0,6004.0,7942.0,7938.0,5422.0,5808.0,3777.0,3789.0,4130.0,3403.0,417.0,497.0,421.0,325.0
NDARBA381JGH,2.816,3.041,3.1,2.819,2.936,2.928,2.182,2.109,3.646,3.6,2.847,3.13,3.055,2.995,2.836,2.958,3.198,3.114,3.237,3.359,2.564,2.758,2.428,2.518,2.899,2.868,2.184,2.333,2.703,2.721,3.302,3.242,2.674,2.716,3.203,3.118,3.038,2.895,3.104,3.08,2.935,2.839,2.079,2.014,2.36,2.417,2.81,2.74,2.823,2.888,2.715,2.802,3.175,2.967,2.653,2.777,3.06,3.04,2.564,2.514,3.226,3.153,2.921,2.83,4.055,3.881,2.701,2.832,1314.0,959.0,822.0,636.0,2352.0,2675.0,1593.0,1568.0,686.0,555.0,351.0,309.0,3020.0,3299.0,5458.0,7480.0,3685.0,3795.0,2287.0,2378.0,967.0,772.0,5308.0,5575.0,3070.0,2827.0,3468.0,3585.0,2155.0,2059.0,4040.0,3643.0,1767.0,1657.0,764.0,774.0,1674.0,1778.0,715.0,845.0,1419.0,1260.0,1666.0,1642.0,4596.0,4291.0,1188.0,1439.0,5363.0,5544.0,3783.0,4218.0,752.0,1020.0,7344.0,7475.0,8243.0,8370.0,6849.0,6309.0,3477.0,4352.0,5284.0,4220.0,490.0,473.0,397.0,307.0
NDARBA507GCT,2.683,2.743,2.699,2.352,2.882,2.746,1.947,2.06,3.205,3.379,2.809,2.691,2.737,2.707,2.614,2.661,2.905,2.946,3.079,2.888,2.181,2.258,2.336,2.32,2.736,2.475,2.07,2.087,2.427,2.393,2.966,2.987,2.523,2.631,2.69,2.821,2.679,2.747,2.722,2.833,2.71,2.669,1.902,1.785,2.302,2.166,2.274,2.479,2.69,2.744,2.444,2.444,2.821,3.198,2.46,2.552,2.911,2.814,2.415,2.391,3.047,3.103,2.754,2.751,3.567,3.713,2.675,2.643,1022.0,679.0,1001.0,823.0,2121.0,2469.0,1804.0,2138.0,482.0,419.0,334.0,254.0,3861.0,3078.0,3980.0,4841.0,3150.0,3461.0,2513.0,3141.0,1346.0,1282.0,5817.0,5973.0,3085.0,3119.0,3577.0,3699.0,1891.0,2157.0,3384.0,3383.0,1620.0,1734.0,571.0,706.0,1354.0,1757.0,892.0,953.0,1755.0,1643.0,2239.0,1904.0,4416.0,3847.0,1553.0,1452.0,4889.0,4641.0,4123.0,4156.0,610.0,914.0,6683.0,7066.0,8577.0,8957.0,5280.0,5262.0,3921.0,4373.0,3451.0,3715.0,472.0,487.0,554.0,381.0
NDARBA521RA8,2.639,2.799,2.659,2.883,2.819,2.889,2.157,2.086,4.189,3.811,3.381,3.162,3.147,2.951,2.872,2.85,3.028,3.17,3.319,3.263,2.22,2.384,2.504,2.358,3.088,2.862,2.303,2.205,2.859,2.803,3.102,3.088,2.636,2.683,3.071,3.24,2.946,2.996,3.061,2.936,2.896,3.013,1.872,1.936,2.302,2.3,2.63,2.603,2.756,2.809,2.624,2.565,3.245,3.294,2.758,2.709,3.048,3.045,2.514,2.553,3.279,3.152,2.889,2.904,3.672,4.147,2.681,2.682,1101.0,1063.0,589.0,721.0,2856.0,2070.0,1400.0,1856.0,401.0,305.0,284.0,190.0,3259.0,3040.0,4314.0,5012.0,3302.0,3586.0,2280.0,2245.0,1086.0,1175.0,5125.0,5577.0,2841.0,2910.0,2709.0,2805.0,1949.0,1912.0,3721.0,3481.0,1591.0,1587.0,603.0,682.0,1408.0,1341.0,795.0,955.0,1993.0,1419.0,1237.0,1206.0,3787.0,3577.0,1318.0,1302.0,5158.0,4863.0,3720.0,3993.0,594.0,875.0,6823.0,6895.0,7946.0,7815.0,5088.0,5157.0,4074.0,4765.0,3991.0,3582.0,468.0,401.0,530.0,359.0
NDARBC240LNC,2.597,2.877,2.901,2.813,3.031,2.913,2.249,2.11,3.468,3.33,2.463,2.444,2.931,2.959,2.803,2.745,2.784,2.898,3.504,3.221,2.542,2.439,2.399,2.421,2.82,2.874,2.492,2.499,2.696,2.67,2.916,2.933,2.896,2.947,2.995,3.289,2.919,3.01,2.813,2.858,2.864,2.665,2.251,2.164,2.439,2.471,2.716,2.896,2.841,2.976,2.723,2.791,3.174,3.104,2.695,2.663,3.171,3.003,2.52,2.659,3.047,3.051,2.753,3.002,3.432,3.106,2.704,2.551,1187.0,613.0,708.0,788.0,2317.0,2683.0,1600.0,1765.0,495.0,488.0,588.0,460.0,3326.0,3208.0,4487.0,6249.0,3812.0,3915.0,2580.0,2460.0,1170.0,1071.0,5492.0,5764.0,3162.0,2965.0,3273.0,3005.0,2270.0,2367.0,3335.0,3377.0,1726.0,1867.0,597.0,641.0,1754.0,1922.0,1117.0,1123.0,2032.0,1954.0,1508.0,1368.0,5148.0,5083.0,1361.0,1248.0,6219.0,6184.0,4874.0,4659.0,562.0,808.0,6623.0,7305.0,8836.0,8379.0,7119.0,6791.0,4016.0,4787.0,5716.0,5498.0,819.0,701.0,730.0,463.0
NDARBF042LDM,3.191,3.235,3.139,2.532,3.094,3.269,2.811,2.481,3.457,4.184,3.769,3.578,3.2,3.175,3.154,3.316,3.335,3.306,3.463,3.787,2.837,2.897,2.701,2.722,3.382,3.182,2.591,2.573,3.179,3.258,3.5,3.387,3.29,3.083,3.516,3.541,3.204,3.31,3.596,3.478,3.2,3.26,2.241,2.204,3.019,3.024,3.149,3.114,3.273,3.162,3.155,3.053,3.496,3.492,3.125,3.108,3.471,3.482,3.014,2.984,3.714,3.581,3.345,3.241,3.831,3.937,3.098,3.278,1133.0,901.0,655.0,826.0,3756.0,2796.0,1618.0,1713.0,501.0,318.0,378.0,300.0,3901.0,3659.0,5563.0,6880.0,4282.0,4646.0,3091.0,2474.0,1199.0,965.0,6112.0,6000.0,3236.0,3207.0,3244.0,3502.0,1848.0,2133.0,4074.0,4461.0,1777.0,1943.0,640.0,679.0,2175.0,1944.0,856.0,998.0,2529.0,1792.0,1932.0,1870.0,5227.0,5129.0,1304.0,1473.0,5547.0,5461.0,3762.0,4923.0,708.0,794.0,8485.0,8397.0,9816.0,9035.0,5618.0,6202.0,4200.0,4809.0,4792.0,3980.0,447.0,483.0,479.0,420.0
NDARBF183RFB,3.425,3.044,2.833,2.438,3.184,3.14,2.384,2.365,3.661,3.763,3.555,3.42,3.361,3.415,3.174,3.189,3.213,3.424,3.614,3.585,2.485,2.577,2.8,2.729,3.245,3.206,2.66,2.629,3.142,3.036,3.403,3.466,3.141,3.121,3.254,3.27,3.154,3.236,3.431,3.136,3.156,3.178,2.268,2.358,2.753,2.685,2.684,2.73,3.093,3.19,3.123,2.981,2.683,3.291,2.937,2.974,3.306,3.334,2.872,2.903,3.328,3.495,3.098,3.203,4.063,4.046,3.119,3.143,1535.0,1137.0,527.0,676.0,2153.0,1972.0,1355.0,1285.0,398.0,496.0,281.0,231.0,3158.0,3147.0,6107.0,6997.0,4028.0,3606.0,2233.0,2591.0,1110.0,1008.0,4477.0,4266.0,2934.0,2701.0,2657.0,2457.0,1899.0,1928.0,4087.0,4037.0,1282.0,1362.0,699.0,690.0,1238.0,1679.0,694.0,990.0,1587.0,1625.0,1237.0,1031.0,4054.0,3941.0,1226.0,1281.0,4921.0,4440.0,4224.0,4565.0,517.0,729.0,6087.0,5790.0,7754.0,6363.0,5933.0,6312.0,3510.0,3876.0,4592.0,4006.0,425.0,389.0,340.0,284.0
NDARBG188RA5,2.773,2.91,2.391,2.389,3.008,2.906,2.314,2.364,3.627,3.545,3.166,2.904,2.929,3.001,2.914,2.884,2.756,2.993,3.3,3.148,2.549,2.838,2.471,2.566,2.943,2.89,2.35,2.369,2.72,2.672,2.934,3.017,2.945,2.698,2.952,3.182,2.962,2.789,3.054,2.883,2.71,2.818,2.046,2.034,2.371,2.289,2.672,2.711,2.914,3.0,2.796,2.755,3.084,3.066,2.832,2.832,3.19,3.169,2.598,2.693,2.857,2.88,2.913,2.91,3.466,3.744,2.922,2.518,986.0,904.0,535.0,726.0,2810.0,2641.0,1724.0,1579.0,374.0,383.0,320.0,248.0,3176.0,3374.0,4933.0,6038.0,3984.0,3809.0,2755.0,2774.0,1273.0,1169.0,5751.0,6402.0,3212.0,2985.0,3312.0,3683.0,1860.0,1929.0,3831.0,4026.0,1341.0,1547.0,721.0,673.0,1438.0,1987.0,808.0,1022.0,1601.0,1506.0,1823.0,1961.0,4266.0,4103.0,1341.0,1121.0,5281.0,4963.0,4247.0,4230.0,683.0,995.0,6949.0,6938.0,7370.0,7545.0,6122.0,6684.0,3593.0,4252.0,4174.0,3798.0,443.0,525.0,383.0,379.0
NDARBG702FED,2.592,2.86,2.77,2.949,2.793,2.819,2.115,2.12,3.184,3.236,3.349,3.808,3.031,2.883,2.599,2.777,3.187,3.033,3.2,3.258,2.362,2.431,2.324,2.34,3.162,2.976,2.267,2.242,3.057,2.978,3.19,3.151,2.903,2.955,2.992,3.212,2.952,3.135,3.412,3.236,2.731,2.791,1.819,1.744,2.291,2.295,2.702,2.732,2.639,2.819,2.722,2.685,3.331,3.638,2.866,2.943,3.259,3.221,2.456,2.481,2.929,3.026,2.838,2.907,3.859,4.024,2.633,2.744,1188.0,1031.0,608.0,850.0,1857.0,1831.0,1420.0,1661.0,413.0,380.0,388.0,275.0,2910.0,3058.0,6239.0,7524.0,3498.0,3956.0,2282.0,2452.0,1378.0,1230.0,6372.0,5792.0,3061.0,3093.0,3205.0,3262.0,2025.0,2342.0,4076.0,3840.0,1348.0,1403.0,521.0,597.0,1461.0,1552.0,725.0,981.0,1475.0,1268.0,1688.0,1470.0,4491.0,4607.0,1376.0,1490.0,4794.0,4852.0,4535.0,4478.0,678.0,916.0,7697.0,6921.0,7485.0,6369.0,6588.0,6633.0,4020.0,4573.0,4298.0,4491.0,480.0,532.0,497.0,358.0
NDARBH512BHA,2.836,3.13,2.619,2.37,3.091,3.175,2.304,2.405,3.505,3.515,3.396,3.3,2.899,3.185,2.986,2.834,3.151,3.05,3.344,3.394,2.856,2.568,2.514,2.599,3.161,3.151,2.534,2.496,2.909,3.011,3.269,2.818,2.957,2.787,3.118,3.491,3.144,3.184,3.083,3.308,3.027,2.859,2.174,2.2,2.568,2.758,2.601,2.657,2.99,3.075,2.932,2.838,2.951,3.465,3.102,2.821,3.237,3.282,2.75,2.804,3.23,3.262,3.04,3.011,3.821,4.143,3.022,2.954,1144.0,1033.0,530.0,607.0,2270.0,2038.0,1736.0,1643.0,685.0,512.0,359.0,294.0,3320.0,3847.0,4785.0,6154.0,3721.0,4055.0,2879.0,2917.0,948.0,950.0,5744.0,5451.0,3372.0,2782.0,3463.0,2935.0,1736.0,2130.0,4188.0,3545.0,1374.0,1595.0,628.0,700.0,1681.0,1624.0,945.0,1051.0,1856.0,1757.0,1720.0,1605.0,4196.0,4421.0,1201.0,1189.0,4871.0,4951.0,4633.0,4581.0,771.0,889.0,7950.0,7471.0,7808.0,7569.0,6544.0,6822.0,3821.0,4309.0,5952.0,5094.0,543.0,521.0,423.0,355.0
NDARBH992ARB,3.19,2.995,2.796,2.657,2.976,2.916,2.365,2.324,4.028,3.957,3.156,3.081,3.126,3.097,2.815,3.012,3.22,3.05,3.366,3.69,2.614,2.799,2.509,2.48,3.094,3.05,2.432,2.464,2.754,2.723,3.311,3.203,3.031,2.992,3.27,3.482,3.074,3.191,3.513,3.192,2.784,3.146,2.155,2.247,2.572,2.588,2.821,2.842,3.1,3.138,2.812,2.858,3.001,3.435,2.667,2.915,3.289,3.102,2.685,2.603,3.268,3.356,3.083,3.02,4.256,4.124,3.012,3.009,1028.0,930.0,574.0,762.0,2217.0,2072.0,1470.0,1585.0,492.0,388.0,254.0,218.0,3161.0,3092.0,3792.0,5750.0,3200.0,3449.0,2602.0,2098.0,943.0,791.0,5201.0,4857.0,2808.0,3037.0,2866.0,3019.0,1489.0,1940.0,3407.0,3150.0,1113.0,1538.0,562.0,587.0,1422.0,1861.0,627.0,1021.0,1922.0,1535.0,1612.0,1399.0,4244.0,3656.0,1291.0,1036.0,4917.0,5081.0,4224.0,4362.0,611.0,593.0,5883.0,6451.0,6913.0,7419.0,5528.0,4898.0,3769.0,4131.0,3783.0,3196.0,406.0,393.0,536.0,337.0
NDARBJ159HXB,2.993,3.216,3.01,2.844,2.565,2.655,2.151,2.25,3.239,3.181,2.779,2.554,2.741,2.888,3.041,2.649,2.779,2.741,3.145,3.09,2.507,2.638,2.296,2.539,2.895,2.946,2.291,2.423,2.818,2.805,3.022,3.199,3.136,3.061,2.947,3.274,2.99,2.887,2.772,3.309,2.856,2.915,2.094,2.141,2.313,2.355,2.958,2.966,2.789,2.663,2.946,2.971,3.238,3.069,2.658,2.492,2.813,2.911,2.507,2.618,3.25,3.165,2.92,2.791,2.913,3.767,3.154,2.751,1082.0,910.0,571.0,549.0,3164.0,3326.0,1411.0,1494.0,449.0,404.0,353.0,254.0,2980.0,2713.0,4483.0,5925.0,2782.0,2615.0,2547.0,2327.0,836.0,774.0,4950.0,4600.0,2717.0,2289.0,3250.0,3216.0,1838.0,1943.0,3155.0,2910.0,1504.0,1727.0,757.0,675.0,1556.0,1767.0,580.0,819.0,1506.0,1078.0,1573.0,1446.0,4259.0,4150.0,1076.0,1145.0,5403.0,4848.0,3882.0,4055.0,454.0,701.0,6185.0,6128.0,8444.0,7347.0,6642.0,6570.0,4027.0,4162.0,4767.0,3650.0,537.0,485.0,485.0,368.0
NDARBK638HLZ,3.201,3.008,2.541,2.403,2.975,3.11,2.443,2.232,3.61,4.024,3.675,3.547,3.099,3.138,2.933,3.038,3.165,3.258,3.299,3.462,2.903,2.899,2.513,2.58,3.523,3.361,2.716,2.896,2.93,3.225,3.188,3.356,3.11,3.308,3.08,3.43,3.233,3.047,3.071,3.475,3.104,3.003,2.22,2.66,2.576,2.701,2.724,2.591,3.131,3.086,2.94,2.937,3.692,3.199,3.062,2.955,3.375,3.362,2.715,2.721,3.143,3.197,2.854,2.916,4.2,4.408,3.071,3.394,1286.0,1233.0,693.0,803.0,2537.0,2575.0,1303.0,1671.0,495.0,443.0,317.0,235.0,3511.0,3491.0,5047.0,5019.0,3596.0,3576.0,2914.0,2694.0,1020.0,928.0,5850.0,5387.0,2842.0,2717.0,2954.0,2456.0,1540.0,2085.0,4102.0,3644.0,1765.0,2051.0,619.0,664.0,1480.0,1785.0,814.0,924.0,1344.0,1406.0,1286.0,1080.0,4740.0,4604.0,1533.0,1250.0,5778.0,5733.0,4411.0,4132.0,688.0,1051.0,6701.0,6946.0,8642.0,7895.0,6362.0,6495.0,4865.0,4714.0,4645.0,4502.0,512.0,484.0,467.0,423.0
NDARBL042LWN,3.048,3.092,3.457,2.575,3.133,3.083,2.234,2.439,2.993,3.068,2.623,3.052,2.87,3.082,2.923,2.545,2.996,3.045,3.528,3.386,2.363,2.498,2.345,2.091,3.19,3.137,2.514,2.508,3.0,3.224,3.337,3.109,2.811,3.052,2.788,3.022,3.11,3.171,3.111,3.123,3.06,3.042,2.172,2.233,2.682,2.357,2.914,2.815,2.913,2.948,2.829,2.884,3.609,3.788,2.746,2.942,3.262,3.119,2.541,2.645,3.244,3.103,3.017,3.048,3.083,3.132,2.817,2.977,1054.0,752.0,537.0,541.0,1999.0,1314.0,1412.0,1650.0,510.0,528.0,578.0,465.0,2809.0,2722.0,3647.0,5097.0,2704.0,2939.0,2456.0,2314.0,1117.0,876.0,4139.0,4383.0,2670.0,2519.0,2940.0,2658.0,2145.0,1793.0,3122.0,3056.0,1336.0,1645.0,610.0,588.0,1401.0,1612.0,723.0,1005.0,1813.0,1446.0,1420.0,1297.0,4391.0,4537.0,1166.0,1206.0,5020.0,5690.0,4187.0,4358.0,334.0,447.0,6422.0,4871.0,7238.0,7781.0,5496.0,5748.0,3545.0,4547.0,4696.0,3303.0,666.0,669.0,609.0,464.0
NDARBL214YLX,2.558,3.281,3.117,2.507,2.973,3.138,2.712,2.447,3.712,3.685,3.025,3.018,3.127,3.056,3.015,3.072,3.15,2.986,3.536,3.561,2.502,2.757,2.531,2.673,3.295,3.09,2.708,2.593,2.737,2.572,3.427,3.428,3.097,3.107,3.354,3.038,3.196,3.146,3.367,3.21,3.173,3.386,2.2,2.465,2.75,2.658,2.535,2.492,3.14,3.121,3.069,3.014,3.033,3.033,2.991,3.034,3.374,3.354,2.898,2.877,3.334,3.304,3.089,3.181,4.053,4.153,3.054,3.232,1305.0,1360.0,950.0,562.0,2559.0,2809.0,1684.0,1947.0,459.0,422.0,324.0,246.0,3476.0,3470.0,5758.0,7081.0,3194.0,3457.0,2394.0,2574.0,1271.0,1223.0,6759.0,5957.0,3020.0,2908.0,3755.0,3423.0,1916.0,2127.0,4395.0,3978.0,1728.0,1653.0,598.0,614.0,1644.0,1679.0,845.0,929.0,1844.0,1745.0,1872.0,1597.0,5251.0,5097.0,1189.0,1384.0,5142.0,5722.0,4335.0,5137.0,585.0,1101.0,8491.0,7121.0,9151.0,8332.0,5973.0,6493.0,4676.0,4396.0,5258.0,4400.0,454.0,437.0,544.0,363.0
NDARBL444FBA,3.068,3.363,2.007,1.998,3.149,3.079,2.225,2.204,3.694,3.136,2.933,3.079,3.146,3.09,2.869,2.953,3.125,3.035,3.295,3.339,2.451,2.682,2.41,2.56,3.184,2.992,2.481,2.394,2.833,2.891,3.419,3.242,2.969,2.92,3.068,3.092,3.103,2.916,3.066,2.965,2.882,2.871,2.159,2.193,2.44,2.561,2.624,2.693,2.966,2.959,2.827,2.838,2.768,2.618,2.613,2.669,3.153,3.194,2.539,2.588,3.441,3.147,2.874,2.914,3.752,3.465,2.788,3.107,1376.0,963.0,573.0,588.0,1800.0,1932.0,1875.0,2271.0,433.0,480.0,492.0,460.0,3260.0,3447.0,5654.0,6246.0,3497.0,3877.0,2931.0,2434.0,1240.0,963.0,5473.0,6097.0,2960.0,2863.0,4103.0,4004.0,2053.0,2080.0,3744.0,3408.0,1486.0,2027.0,518.0,640.0,1416.0,1653.0,819.0,989.0,1773.0,1476.0,2348.0,1817.0,4918.0,4677.0,1125.0,1177.0,5310.0,5825.0,4511.0,4312.0,362.0,626.0,6052.0,5177.0,8230.0,8209.0,5715.0,6129.0,3654.0,4125.0,4648.0,4008.0,538.0,537.0,556.0,420.0
NDARBM213BEA,2.879,2.707,2.776,2.809,2.553,2.609,2.188,2.039,2.891,3.106,3.146,2.825,2.805,2.633,2.459,2.566,2.773,2.739,3.017,3.229,2.106,2.439,2.261,2.336,2.918,2.751,2.297,2.27,2.529,2.761,2.921,2.935,2.299,2.608,2.8,2.965,2.542,2.634,2.466,2.774,2.478,2.588,1.999,1.972,2.264,2.218,2.58,2.543,2.35,2.453,2.476,2.497,3.45,2.783,2.436,2.382,2.876,2.76,2.402,2.31,2.917,2.922,2.731,2.674,3.321,3.359,2.64,2.621,1073.0,1217.0,736.0,555.0,1862.0,1998.0,1583.0,1698.0,530.0,385.0,341.0,261.0,2847.0,3024.0,5045.0,5549.0,3302.0,3643.0,2392.0,1819.0,970.0,833.0,5711.0,5237.0,2523.0,2481.0,3151.0,3131.0,1454.0,1959.0,3938.0,3789.0,1568.0,1522.0,537.0,622.0,1414.0,1891.0,755.0,947.0,1637.0,1384.0,1568.0,1559.0,4351.0,4066.0,1015.0,1266.0,4661.0,4562.0,4207.0,4719.0,488.0,995.0,5410.0,4805.0,5735.0,6151.0,5772.0,5881.0,3641.0,3442.0,4012.0,3781.0,502.0,444.0,440.0,307.0
NDARBN365EV3,2.865,3.167,2.761,2.461,3.16,3.179,2.614,2.554,3.705,4.574,3.501,3.232,3.25,3.197,3.169,3.12,3.268,3.273,3.612,3.672,2.829,2.758,2.851,2.77,3.181,3.13,2.633,2.648,3.02,2.816,3.56,3.248,3.087,3.106,3.453,3.578,3.06,3.274,3.356,3.406,3.112,3.036,2.316,2.206,2.869,2.729,2.695,2.729,3.129,3.155,3.088,2.94,3.032,3.202,2.828,3.036,3.351,3.246,2.917,2.975,3.638,3.499,3.224,3.223,3.974,4.446,3.241,3.247,1850.0,1284.0,1306.0,1155.0,2933.0,3810.0,1769.0,1564.0,485.0,525.0,348.0,390.0,3961.0,3679.0,5332.0,6425.0,4860.0,4344.0,2981.0,2611.0,1421.0,1242.0,5323.0,6441.0,3312.0,3566.0,3718.0,3500.0,2062.0,2236.0,4485.0,4081.0,1529.0,1830.0,683.0,801.0,2661.0,2516.0,822.0,983.0,2327.0,2074.0,1668.0,1874.0,5238.0,5052.0,1755.0,1558.0,6163.0,5846.0,5347.0,5256.0,903.0,1130.0,8445.0,9780.0,9269.0,8466.0,6469.0,6946.0,4602.0,5501.0,5080.0,4977.0,471.0,495.0,606.0,456.0
NDARBN620TT7,2.85,3.258,2.66,2.381,3.094,3.053,2.465,2.313,3.437,3.555,3.314,2.986,2.982,2.955,2.923,3.004,3.193,3.056,3.178,3.312,2.483,2.537,2.467,2.572,3.07,3.014,2.24,2.318,2.661,2.716,3.162,3.164,2.946,2.882,3.122,3.293,3.078,2.906,3.072,3.297,2.968,2.828,2.259,2.301,2.497,2.531,2.566,2.456,2.982,3.061,2.731,2.658,3.262,3.298,2.758,2.744,3.093,3.075,2.587,2.649,3.293,3.189,2.965,2.87,4.081,4.089,3.01,3.159,1300.0,959.0,722.0,686.0,3039.0,2829.0,1456.0,1673.0,713.0,548.0,345.0,319.0,3749.0,3491.0,5383.0,5922.0,3560.0,3471.0,2835.0,2403.0,1153.0,1093.0,5678.0,5632.0,3110.0,3433.0,3465.0,3545.0,1698.0,2121.0,3548.0,3637.0,1213.0,1584.0,730.0,897.0,1674.0,1948.0,701.0,925.0,1843.0,1269.0,1748.0,1467.0,4148.0,3993.0,1265.0,1223.0,4678.0,4909.0,4113.0,3897.0,716.0,899.0,6184.0,6486.0,7945.0,8070.0,5777.0,5810.0,4033.0,4258.0,3967.0,4242.0,438.0,424.0,385.0,314.0
NDARBP527JWC,2.898,2.985,2.527,2.287,3.195,3.252,2.641,2.547,3.604,3.336,3.171,3.73,3.041,3.136,2.953,3.014,3.028,3.038,3.503,3.474,2.701,2.842,2.572,2.461,3.35,3.026,2.391,2.565,2.753,2.607,3.363,3.34,3.266,3.036,3.052,3.224,3.224,3.167,3.362,3.389,3.052,3.139,2.106,2.414,2.753,2.751,2.729,2.741,3.239,3.165,3.03,2.982,2.851,3.206,2.965,2.991,3.412,3.287,2.82,2.836,3.314,3.39,3.178,3.17,4.084,4.252,3.09,3.115,994.0,1075.0,768.0,750.0,2775.0,2481.0,1392.0,1758.0,503.0,458.0,265.0,244.0,3626.0,4071.0,4866.0,6782.0,3380.0,4032.0,3215.0,2878.0,1057.0,878.0,5734.0,5851.0,2847.0,2686.0,3456.0,3245.0,1983.0,2006.0,3952.0,3381.0,1297.0,1459.0,664.0,681.0,1615.0,2042.0,678.0,767.0,1952.0,1784.0,1952.0,1519.0,4667.0,3644.0,1362.0,1261.0,5255.0,5433.0,3981.0,4068.0,540.0,877.0,7645.0,6921.0,8293.0,9530.0,5575.0,6063.0,3953.0,3979.0,4183.0,3995.0,451.0,548.0,388.0,382.0
NDARBP770MUM,2.857,2.893,2.524,2.315,3.181,3.159,2.913,2.663,3.731,3.684,3.41,3.364,3.326,3.287,3.327,3.234,3.329,3.386,3.663,3.851,2.623,2.538,2.789,2.821,3.458,3.144,2.774,2.829,2.86,2.812,3.474,3.481,3.2,2.986,3.748,3.667,3.246,3.309,3.481,3.326,3.199,3.021,2.321,2.563,2.884,2.792,2.774,2.774,3.153,3.202,3.145,3.094,3.15,3.493,3.054,3.026,3.443,3.351,2.978,2.963,3.457,3.396,3.303,3.358,4.048,4.171,3.271,3.345,1403.0,1065.0,838.0,979.0,2496.0,2872.0,2086.0,1862.0,675.0,515.0,435.0,283.0,4040.0,4068.0,5803.0,7044.0,4176.0,4215.0,3251.0,2660.0,1721.0,1427.0,6888.0,7460.0,3613.0,3749.0,3738.0,3271.0,1982.0,2507.0,4548.0,4447.0,1251.0,1417.0,808.0,889.0,2018.0,2383.0,1035.0,1431.0,2693.0,2213.0,1895.0,1727.0,5102.0,4811.0,1582.0,1570.0,4939.0,6119.0,4925.0,5455.0,665.0,1101.0,9558.0,8077.0,8834.0,8571.0,6817.0,7116.0,4615.0,4782.0,4817.0,4146.0,600.0,596.0,594.0,435.0
NDARBR740NKV,3.03,3.143,2.69,2.155,3.095,3.251,2.456,2.291,3.183,3.385,2.927,3.02,3.032,3.19,2.924,3.06,2.997,2.908,3.251,3.275,2.444,2.649,2.544,2.657,2.976,2.942,2.478,2.398,2.558,2.923,3.529,3.308,3.157,3.243,2.944,2.994,3.465,3.123,3.253,3.199,2.928,3.08,2.264,2.354,2.608,2.703,2.672,2.546,3.212,3.195,2.983,2.965,2.638,2.493,2.829,2.883,3.364,3.422,2.767,2.719,3.426,3.438,3.083,3.165,3.289,3.667,2.895,3.112,957.0,787.0,413.0,377.0,1669.0,1787.0,994.0,1238.0,358.0,286.0,441.0,350.0,2489.0,2514.0,3844.0,4243.0,2005.0,2840.0,1873.0,1805.0,876.0,612.0,4245.0,4159.0,2029.0,2208.0,2806.0,2689.0,1534.0,1631.0,2641.0,2473.0,999.0,1155.0,570.0,528.0,1245.0,1428.0,560.0,694.0,1261.0,1192.0,1334.0,1157.0,3217.0,3276.0,761.0,777.0,3681.0,3528.0,3084.0,3107.0,380.0,530.0,4210.0,4079.0,5398.0,5058.0,4561.0,4425.0,3015.0,3306.0,3196.0,2976.0,516.0,462.0,450.0,324.0
NDARBT436PMT,2.864,3.026,2.857,2.834,3.118,3.35,2.453,2.446,3.413,3.551,3.592,3.566,3.229,3.163,3.065,3.132,3.246,3.375,3.52,3.403,2.642,2.517,2.6,2.673,3.116,3.211,2.591,2.607,3.019,2.945,3.376,3.171,3.006,3.036,3.317,3.662,3.242,3.236,3.148,3.372,3.11,3.085,2.314,2.414,2.64,2.551,2.725,2.643,3.181,3.134,2.956,2.982,3.163,3.238,3.084,2.969,3.456,3.417,2.973,2.923,3.261,2.941,3.241,3.2,3.993,4.308,3.058,2.91,933.0,783.0,694.0,619.0,1743.0,1925.0,1860.0,1666.0,376.0,379.0,311.0,255.0,2576.0,2637.0,3481.0,4791.0,3245.0,2609.0,2117.0,2078.0,923.0,837.0,4974.0,4985.0,2786.0,2413.0,2611.0,2845.0,1506.0,1694.0,3235.0,2918.0,1235.0,1340.0,569.0,615.0,1143.0,1521.0,880.0,854.0,1308.0,1307.0,1394.0,1425.0,3746.0,3349.0,1064.0,1223.0,4563.0,4374.0,3516.0,3953.0,516.0,712.0,5501.0,5644.0,6756.0,6578.0,5155.0,5153.0,3100.0,3575.0,3312.0,3074.0,416.0,416.0,402.0,289.0
NDARBT607PZL,2.803,3.084,1.952,2.578,2.923,2.954,2.454,2.293,3.335,3.375,3.074,3.045,2.976,3.024,2.747,2.861,2.978,2.883,3.302,3.209,2.523,2.537,2.535,2.509,3.079,3.051,2.629,2.459,2.742,2.798,3.2,3.1,2.751,2.789,2.815,3.057,2.956,2.836,2.867,2.946,2.932,2.728,2.032,2.331,2.385,2.36,2.581,2.582,2.856,2.838,2.68,2.601,2.939,2.528,2.651,2.476,3.044,3.09,2.441,2.401,3.38,3.19,2.943,2.833,3.405,3.441,3.102,3.065,1068.0,1152.0,426.0,782.0,2722.0,2411.0,1568.0,1735.0,682.0,542.0,493.0,373.0,3337.0,3690.0,4353.0,5010.0,3285.0,4189.0,2570.0,2502.0,1064.0,994.0,6361.0,5965.0,2735.0,2622.0,3647.0,3342.0,2161.0,2067.0,3661.0,3372.0,1459.0,1468.0,664.0,677.0,1839.0,2182.0,854.0,931.0,1799.0,1879.0,1450.0,1511.0,4363.0,4175.0,1099.0,1117.0,5514.0,5140.0,3816.0,4473.0,699.0,856.0,6027.0,5942.0,8439.0,7916.0,5960.0,5447.0,3699.0,3644.0,4257.0,4033.0,612.0,784.0,529.0,429.0
NDARBU532YXZ,2.87,2.903,3.007,2.691,3.278,3.088,2.298,2.316,4.163,4.164,3.313,2.908,3.015,2.973,2.965,3.006,3.21,3.152,3.482,3.53,2.491,2.717,2.649,2.561,3.145,3.011,2.292,2.322,2.864,2.84,3.258,3.259,2.857,2.827,3.06,3.306,3.114,3.139,3.199,3.196,3.051,3.002,2.04,2.102,2.618,2.677,2.746,2.737,3.151,3.155,2.826,2.726,3.246,3.103,2.887,2.848,3.329,3.316,2.797,2.853,3.349,3.313,3.053,3.095,3.74,3.848,2.946,3.158,982.0,898.0,718.0,659.0,2092.0,2555.0,1880.0,2100.0,415.0,626.0,291.0,250.0,2736.0,3049.0,4135.0,5627.0,3981.0,4082.0,2367.0,2204.0,1344.0,984.0,5271.0,5770.0,2644.0,2715.0,3653.0,3282.0,1902.0,1921.0,4643.0,3789.0,1473.0,1636.0,609.0,593.0,1568.0,1516.0,690.0,900.0,1331.0,1431.0,2252.0,1869.0,4271.0,3948.0,1344.0,1243.0,4813.0,4518.0,4342.0,4112.0,726.0,813.0,5995.0,6316.0,7557.0,7439.0,5308.0,5724.0,3504.0,4159.0,5060.0,4087.0,492.0,523.0,539.0,342.0
NDARBU730PN8,2.984,2.886,2.471,2.625,3.096,2.95,2.335,2.343,3.118,3.207,3.017,2.983,2.741,3.037,2.93,2.888,2.834,2.936,3.425,3.236,2.347,2.228,2.44,2.558,3.059,2.911,2.358,2.441,2.924,2.65,3.298,3.098,3.05,2.964,3.27,3.091,3.178,3.169,3.624,3.338,2.878,3.022,2.13,2.286,2.489,2.46,2.854,2.829,3.016,3.152,2.908,2.908,3.135,3.086,2.627,2.809,3.386,3.263,2.72,2.703,3.385,3.41,3.075,3.037,3.593,3.112,3.096,2.19,885.0,1006.0,572.0,638.0,2792.0,2315.0,1553.0,1589.0,341.0,513.0,570.0,280.0,3046.0,2612.0,4071.0,4890.0,3156.0,3411.0,2251.0,2072.0,880.0,727.0,4352.0,4212.0,2437.0,2227.0,2843.0,3471.0,1321.0,2044.0,3182.0,3246.0,1359.0,1570.0,497.0,586.0,1592.0,1671.0,620.0,847.0,1781.0,1527.0,1813.0,1654.0,3757.0,3799.0,1043.0,1119.0,4577.0,4441.0,3700.0,3983.0,504.0,759.0,4961.0,5545.0,7253.0,7584.0,4460.0,4581.0,3706.0,3977.0,4070.0,3730.0,447.0,677.0,505.0,504.0
NDARBW262RV7,2.959,3.154,3.157,2.645,2.923,2.954,2.674,2.451,3.984,3.956,3.66,3.548,3.124,3.19,3.049,2.92,3.117,3.236,3.476,3.604,2.561,2.446,2.617,2.716,3.324,3.268,2.741,2.629,2.922,3.126,3.187,3.265,3.149,2.949,3.619,3.662,2.848,3.104,3.491,3.403,3.185,3.147,2.511,2.385,2.544,2.478,2.463,2.753,2.967,3.002,3.106,2.976,3.148,3.251,2.868,2.904,3.278,3.217,2.762,2.907,3.126,3.234,2.917,2.866,3.412,3.803,3.25,3.173,882.0,808.0,531.0,726.0,1787.0,2097.0,1287.0,1548.0,379.0,385.0,273.0,226.0,2817.0,2973.0,4279.0,5116.0,2548.0,3207.0,2181.0,2065.0,959.0,819.0,4794.0,4964.0,2515.0,2401.0,2778.0,2624.0,1612.0,1587.0,3229.0,3035.0,1244.0,1316.0,622.0,586.0,1168.0,1449.0,695.0,837.0,1293.0,1487.0,1523.0,1420.0,3741.0,3900.0,1180.0,1123.0,4328.0,4397.0,3803.0,4205.0,630.0,733.0,5670.0,5529.0,7387.0,7174.0,5608.0,5258.0,3460.0,3702.0,3781.0,3108.0,465.0,441.0,409.0,286.0
NDARBW525JHY,2.929,2.727,2.499,2.862,3.09,2.732,2.429,2.3,3.029,2.673,2.917,3.504,3.188,3.076,2.886,2.717,2.69,2.95,3.613,3.472,2.461,2.545,2.393,2.38,3.198,3.085,2.739,2.4,3.098,3.166,2.604,3.279,2.826,3.146,3.127,3.024,2.835,3.151,3.089,2.754,2.83,2.961,2.214,1.939,2.52,2.545,2.901,2.84,2.795,3.009,2.926,2.969,3.458,3.005,2.687,3.006,3.242,3.164,2.598,2.673,2.806,2.995,3.158,2.85,3.327,2.44,2.715,2.876,974.0,928.0,490.0,613.0,2904.0,2946.0,1464.0,2023.0,509.0,466.0,586.0,370.0,3483.0,3376.0,5222.0,6011.0,4081.0,3545.0,2374.0,2279.0,1234.0,1082.0,6402.0,5807.0,2910.0,2640.0,2998.0,2933.0,2152.0,2188.0,3938.0,3038.0,1140.0,1462.0,598.0,696.0,1657.0,1816.0,837.0,920.0,1998.0,1958.0,1764.0,893.0,4488.0,4090.0,1278.0,995.0,5165.0,4946.0,4510.0,5262.0,495.0,581.0,6626.0,6308.0,8777.0,8408.0,6391.0,6097.0,4440.0,5006.0,4575.0,3951.0,696.0,708.0,742.0,527.0
NDARBX121UM9,3.056,2.783,2.481,2.352,2.894,2.566,1.919,2.107,3.166,3.016,2.405,3.046,2.889,2.967,2.536,2.495,2.76,2.81,3.173,3.084,2.536,2.395,2.142,2.217,3.028,2.473,2.433,2.305,2.731,2.564,2.704,2.947,3.117,3.077,2.88,3.291,2.562,3.0,2.855,2.459,2.515,2.805,2.123,1.794,2.36,2.363,2.832,3.019,2.853,2.797,2.67,2.734,2.314,2.938,2.259,2.591,2.974,2.673,2.36,2.313,2.955,3.243,2.717,2.66,3.467,2.874,2.826,2.933,1225.0,1118.0,518.0,641.0,1951.0,2201.0,1213.0,1547.0,575.0,612.0,439.0,287.0,3090.0,3404.0,4951.0,5905.0,2994.0,3230.0,2723.0,2512.0,1166.0,734.0,5006.0,5394.0,3002.0,3101.0,3454.0,3256.0,2059.0,2045.0,3569.0,3371.0,1612.0,1919.0,582.0,641.0,1579.0,1439.0,941.0,1038.0,1724.0,1530.0,1811.0,1593.0,4156.0,4021.0,1225.0,1189.0,4782.0,4933.0,4214.0,4556.0,504.0,783.0,5609.0,5856.0,7069.0,7081.0,5709.0,5572.0,4235.0,4460.0,4354.0,4157.0,530.0,617.0,523.0,402.0
NDARBZ216FW8,2.599,2.761,2.693,2.828,2.763,2.563,2.143,1.983,3.404,3.45,3.171,2.972,2.991,2.943,2.67,2.692,3.11,3.044,3.318,3.243,2.199,2.329,2.309,2.323,2.977,3.063,2.362,2.216,2.794,2.809,3.071,3.066,2.689,2.7,2.869,2.585,2.645,2.753,3.142,2.966,2.694,2.926,1.894,1.87,2.308,2.19,2.653,2.52,2.565,2.624,2.435,2.524,3.199,3.005,2.613,2.701,2.964,2.923,2.391,2.401,2.968,3.022,2.82,2.692,3.789,3.665,2.782,2.709,1436.0,1041.0,600.0,934.0,2802.0,2102.0,1162.0,1452.0,372.0,410.0,343.0,257.0,3034.0,2935.0,5027.0,6433.0,3394.0,3780.0,2358.0,2204.0,1221.0,1113.0,4393.0,4154.0,2903.0,2684.0,2678.0,2770.0,1906.0,1840.0,3798.0,3627.0,1499.0,1765.0,669.0,707.0,1562.0,1605.0,726.0,897.0,1583.0,1228.0,1085.0,993.0,4609.0,4431.0,1501.0,1404.0,5935.0,5841.0,3835.0,4083.0,635.0,883.0,6978.0,5959.0,8705.0,7602.0,5469.0,5000.0,4296.0,4409.0,4701.0,4037.0,449.0,491.0,471.0,383.0
NDARBZ925PRF,2.902,2.619,2.9,2.847,3.077,2.914,2.312,2.348,3.987,3.826,3.348,3.253,3.028,2.994,2.842,2.721,2.878,3.044,3.357,3.288,2.506,2.435,2.551,2.558,2.917,2.945,2.28,2.303,2.683,2.602,2.975,3.098,2.916,2.924,2.857,2.819,2.786,2.95,3.196,2.922,2.702,2.975,2.038,2.058,2.491,2.436,2.525,2.843,2.97,3.034,2.645,2.629,2.794,2.873,2.597,2.759,3.228,3.105,2.593,2.644,3.078,3.136,2.843,2.834,3.874,4.319,2.892,2.985,1314.0,939.0,522.0,807.0,2437.0,2119.0,1579.0,1421.0,320.0,223.0,267.0,223.0,3421.0,3159.0,4566.0,5525.0,3668.0,3461.0,2237.0,2258.0,863.0,971.0,4467.0,4636.0,2522.0,2557.0,2627.0,2426.0,1595.0,1688.0,3801.0,3417.0,1298.0,1315.0,652.0,749.0,1394.0,1563.0,693.0,783.0,1814.0,1252.0,1396.0,1232.0,3938.0,3885.0,1315.0,1191.0,4942.0,5048.0,4002.0,4875.0,578.0,545.0,5655.0,6021.0,7531.0,6991.0,5820.0,6330.0,3783.0,4036.0,5275.0,4217.0,405.0,322.0,393.0,315.0
NDARCA050RZL,2.385,3.279,2.224,2.191,3.047,3.126,2.593,2.487,3.242,3.927,3.069,3.661,3.249,3.165,2.992,3.075,3.256,3.066,3.428,3.453,2.227,2.559,2.512,2.762,3.019,2.994,2.646,2.653,2.651,2.801,3.495,3.064,3.019,3.156,3.151,3.425,3.048,2.87,3.104,3.062,3.121,2.819,2.225,2.314,2.571,2.511,2.666,2.65,3.081,2.967,3.008,2.96,3.387,3.471,2.952,2.806,3.255,3.284,2.782,2.706,3.465,3.135,3.062,3.234,4.11,4.404,3.266,3.284,1083.0,904.0,660.0,627.0,2302.0,2446.0,1623.0,1687.0,427.0,305.0,307.0,258.0,2982.0,3259.0,4036.0,5482.0,3047.0,3156.0,2968.0,2563.0,1165.0,1123.0,5305.0,5514.0,2982.0,2868.0,3210.0,3208.0,1689.0,1987.0,3658.0,3137.0,1228.0,1488.0,670.0,670.0,1319.0,1759.0,743.0,733.0,1645.0,1279.0,1772.0,1591.0,4197.0,3930.0,1345.0,1419.0,4398.0,3965.0,4131.0,4568.0,425.0,829.0,6629.0,6502.0,7404.0,8013.0,6131.0,6366.0,3538.0,3788.0,5515.0,4371.0,456.0,481.0,393.0,324.0
NDARCA186WGH,2.48,2.751,2.517,2.802,2.541,2.563,1.989,2.027,2.845,2.859,3.001,3.032,2.725,2.628,2.441,2.49,2.797,2.847,2.999,2.993,2.385,2.689,2.151,2.242,2.712,2.661,2.003,2.113,2.562,2.58,2.834,2.813,2.399,2.325,2.183,2.29,2.736,2.578,2.734,2.731,2.695,2.467,2.02,1.944,1.999,2.036,2.569,2.417,2.514,2.475,2.492,2.39,2.822,2.768,2.56,2.547,2.664,2.729,2.171,2.191,2.784,2.704,2.468,2.536,3.384,3.661,2.425,2.542,1220.0,1084.0,580.0,856.0,2749.0,2224.0,1843.0,1997.0,436.0,485.0,339.0,267.0,3569.0,3629.0,5670.0,7110.0,3780.0,3459.0,2789.0,3162.0,1090.0,1092.0,4880.0,5270.0,2744.0,2514.0,3515.0,3164.0,2383.0,2194.0,4181.0,3405.0,1583.0,1913.0,752.0,751.0,1413.0,1696.0,684.0,705.0,1607.0,1504.0,2144.0,1958.0,4828.0,5195.0,1369.0,1498.0,5815.0,5237.0,4965.0,4920.0,740.0,1130.0,6937.0,6510.0,9391.0,8026.0,6609.0,6569.0,4078.0,5054.0,5870.0,4819.0,481.0,483.0,576.0,343.0
NDARCA618DGA,2.808,3.045,2.852,2.726,3.223,3.14,2.76,2.546,4.17,3.861,3.293,3.347,3.279,3.372,3.101,3.141,3.292,3.385,3.239,3.56,2.53,2.61,2.633,2.891,3.23,3.26,2.594,2.474,3.13,3.189,3.477,3.208,2.986,3.199,2.971,3.12,3.218,3.233,3.338,3.404,3.138,3.226,2.388,2.558,2.386,2.796,2.836,2.714,3.203,3.192,3.069,3.075,3.307,3.2,3.024,3.088,3.456,3.403,2.886,2.848,3.676,3.318,3.02,3.082,4.238,4.34,2.975,3.111,1151.0,990.0,522.0,628.0,2580.0,2785.0,1527.0,1619.0,358.0,397.0,371.0,283.0,3567.0,3481.0,6588.0,6220.0,3549.0,3755.0,2908.0,2449.0,1237.0,1083.0,5740.0,5670.0,2747.0,2815.0,3037.0,2995.0,1869.0,2004.0,3842.0,3550.0,1568.0,1693.0,709.0,720.0,1587.0,1564.0,675.0,836.0,1732.0,1465.0,1602.0,1417.0,4218.0,4377.0,1299.0,1207.0,4735.0,4723.0,4643.0,5778.0,825.0,795.0,7874.0,7540.0,9062.0,7819.0,6727.0,6693.0,3875.0,4535.0,5093.0,4831.0,548.0,507.0,485.0,401.0
NDARCA789EE0,2.456,2.48,2.568,2.573,2.862,2.745,2.052,2.002,3.781,3.569,2.759,2.787,2.669,2.666,2.626,2.626,2.935,2.769,3.132,2.996,2.675,2.687,2.155,2.186,2.746,2.698,2.172,1.9,2.797,2.599,2.894,2.721,2.585,2.55,2.457,2.527,2.807,2.854,2.778,2.656,2.55,2.609,1.875,1.819,2.224,2.243,2.674,2.798,2.611,2.622,2.578,2.56,3.021,2.859,2.494,2.612,2.935,2.896,2.342,2.331,2.804,2.722,2.631,2.771,3.597,3.776,2.52,2.642,1283.0,995.0,698.0,605.0,2791.0,2502.0,1370.0,1420.0,511.0,443.0,295.0,236.0,3282.0,3588.0,4807.0,5814.0,3817.0,3585.0,2585.0,2916.0,895.0,947.0,4321.0,4723.0,3297.0,3099.0,3216.0,3340.0,1841.0,2095.0,4007.0,3790.0,1643.0,1580.0,735.0,838.0,1745.0,2406.0,792.0,932.0,2165.0,1673.0,1393.0,1500.0,4738.0,4809.0,1348.0,1404.0,5692.0,5420.0,3619.0,3888.0,626.0,894.0,7335.0,6623.0,8948.0,8658.0,6086.0,5707.0,4206.0,4828.0,5697.0,4484.0,529.0,505.0,527.0,421.0
NDARCB305AFY,3.15,3.159,2.858,2.648,2.987,3.247,2.54,2.57,3.697,3.699,3.174,3.87,3.186,3.21,3.073,3.111,3.255,3.487,3.404,3.278,2.271,2.301,2.708,2.687,3.225,3.297,2.661,2.71,3.005,3.131,3.534,3.461,3.083,2.968,3.335,3.438,3.203,3.048,3.364,3.31,3.149,3.084,2.425,2.358,2.702,2.591,2.654,2.837,3.142,3.175,3.002,3.039,3.344,3.441,2.928,3.045,3.384,3.389,2.821,2.798,3.508,3.498,3.099,3.098,4.107,4.243,3.076,3.158,1012.0,964.0,539.0,795.0,2430.0,1999.0,1336.0,1445.0,329.0,436.0,266.0,267.0,2875.0,2775.0,4722.0,6278.0,3055.0,3078.0,2411.0,2708.0,1129.0,884.0,5136.0,4802.0,3174.0,2923.0,2894.0,2620.0,2211.0,2001.0,3428.0,3391.0,1490.0,1815.0,651.0,687.0,1481.0,1770.0,711.0,811.0,1789.0,1406.0,1261.0,1202.0,4565.0,4334.0,1350.0,1296.0,4598.0,4584.0,4491.0,4358.0,636.0,760.0,6889.0,6271.0,7049.0,6375.0,6388.0,6534.0,3801.0,3836.0,4841.0,4037.0,431.0,439.0,457.0,332.0
NDARCC340ER5,3.373,3.176,2.789,2.763,3.248,3.359,2.584,2.56,3.544,3.856,3.848,3.521,3.093,3.251,3.112,3.21,3.368,3.197,3.215,3.477,2.704,3.108,2.617,2.788,3.263,2.931,2.62,2.579,2.943,3.21,3.521,3.431,3.176,3.14,3.601,3.357,3.281,3.173,3.555,3.644,3.365,3.038,2.267,2.081,2.676,2.594,2.726,2.73,3.305,3.195,2.951,3.125,3.217,3.459,3.082,3.026,3.557,3.434,2.841,2.885,3.588,3.326,3.31,3.177,3.64,4.086,3.355,3.275,921.0,998.0,575.0,452.0,2182.0,1442.0,1067.0,1282.0,531.0,350.0,273.0,248.0,2800.0,3006.0,4410.0,5659.0,2783.0,3385.0,2438.0,1929.0,1000.0,788.0,4371.0,4339.0,2210.0,2566.0,3422.0,2952.0,1270.0,1636.0,3254.0,3065.0,1242.0,1461.0,612.0,680.0,1022.0,1530.0,580.0,770.0,1265.0,1305.0,1651.0,1435.0,3532.0,3303.0,1026.0,1191.0,4339.0,4378.0,3864.0,3483.0,357.0,710.0,5272.0,5218.0,5551.0,6542.0,5204.0,5088.0,3168.0,3438.0,3976.0,3214.0,467.0,401.0,366.0,269.0
NDARCD296XU9,3.037,3.175,2.58,2.976,3.039,3.382,2.403,2.431,3.471,3.621,2.864,3.422,3.236,3.089,3.144,3.025,3.309,3.217,3.223,3.356,2.74,3.057,2.662,2.741,3.091,3.169,2.649,2.556,2.884,3.018,3.354,3.189,2.959,2.951,2.9,2.904,3.064,3.152,3.365,3.239,3.092,3.201,2.128,2.153,2.663,2.683,2.979,2.603,3.221,3.136,3.022,2.946,3.272,3.148,3.011,2.95,3.249,3.344,2.931,2.89,3.392,3.401,3.251,3.111,4.282,4.42,3.346,2.806,1601.0,1189.0,884.0,1218.0,3329.0,2977.0,1442.0,1665.0,660.0,556.0,375.0,336.0,3809.0,3939.0,4812.0,6909.0,4327.0,4206.0,3292.0,3070.0,1277.0,1047.0,5869.0,6681.0,3454.0,3216.0,4067.0,3653.0,1905.0,2058.0,4605.0,3767.0,1481.0,1666.0,811.0,843.0,2069.0,2338.0,932.0,1158.0,2043.0,1758.0,1785.0,1672.0,4706.0,4376.0,1579.0,1657.0,5772.0,5411.0,4958.0,5887.0,878.0,1283.0,8695.0,8636.0,9563.0,9001.0,6026.0,6101.0,4465.0,5175.0,5920.0,4078.0,572.0,417.0,505.0,401.0
NDARCD401HGZ,2.657,2.772,2.605,2.334,2.702,2.644,1.938,1.947,3.368,3.362,2.731,2.992,2.743,2.77,2.489,2.539,2.81,2.786,3.096,3.072,2.228,2.29,2.213,2.26,2.743,2.666,2.07,1.978,2.627,2.633,2.951,2.871,2.474,2.452,2.594,2.356,2.794,2.721,2.872,2.815,2.639,2.585,1.725,1.671,2.224,2.292,2.43,2.5,2.668,2.639,2.521,2.535,2.684,2.721,2.48,2.512,2.806,2.805,2.357,2.291,3.015,2.93,2.607,2.686,3.496,3.805,2.593,2.363,1367.0,1030.0,679.0,750.0,2895.0,2106.0,1941.0,2113.0,327.0,453.0,348.0,271.0,3603.0,4078.0,6493.0,7411.0,4283.0,4336.0,2517.0,2677.0,1209.0,1262.0,5870.0,6052.0,3269.0,3056.0,3494.0,3185.0,2053.0,2333.0,4354.0,4031.0,1538.0,1732.0,708.0,780.0,1206.0,1495.0,772.0,1121.0,1805.0,1441.0,1767.0,1758.0,4153.0,4752.0,1777.0,1506.0,5985.0,5533.0,5033.0,4826.0,573.0,984.0,7706.0,7159.0,8942.0,7866.0,6006.0,6968.0,3956.0,4643.0,4792.0,4650.0,445.0,567.0,468.0,390.0
NDARCD453JG4,2.69,3.125,2.957,2.617,3.0,2.95,2.226,2.31,3.29,3.335,2.854,2.729,2.745,2.849,2.758,2.788,2.693,2.7,3.283,3.245,2.628,2.516,2.379,2.41,2.846,2.733,2.371,2.317,2.571,2.882,3.032,3.07,3.015,2.801,2.866,2.751,2.966,2.925,2.839,2.86,2.798,2.693,2.059,2.001,2.351,2.346,2.494,2.899,2.865,2.932,2.753,2.746,3.357,3.233,2.657,2.769,3.081,2.995,2.418,2.409,3.016,2.937,2.868,2.925,2.824,2.929,2.834,2.964,919.0,965.0,417.0,317.0,1836.0,1442.0,1245.0,1469.0,324.0,434.0,476.0,366.0,2687.0,3014.0,4503.0,4559.0,2813.0,3264.0,2090.0,2019.0,890.0,804.0,4995.0,4839.0,2233.0,2200.0,3220.0,2998.0,1812.0,1760.0,3247.0,3206.0,1303.0,1312.0,644.0,667.0,1110.0,1457.0,670.0,783.0,1373.0,1363.0,1738.0,1505.0,3548.0,3504.0,1108.0,888.0,4065.0,4244.0,3961.0,3924.0,233.0,596.0,5169.0,4604.0,6564.0,6997.0,5686.0,6033.0,3537.0,3550.0,3645.0,3700.0,590.0,563.0,460.0,403.0
NDARCD687JUZ,2.815,3.105,2.588,2.502,3.209,3.225,2.355,2.306,3.805,4.059,3.267,3.397,3.142,3.122,3.096,3.011,3.219,3.042,3.355,3.414,2.481,2.596,2.567,2.648,3.352,3.249,2.584,2.519,3.255,2.874,3.426,3.3,3.0,3.025,3.23,3.39,3.298,3.068,3.496,3.306,3.039,3.179,2.16,2.013,2.73,2.647,2.707,2.485,3.075,3.115,2.992,2.985,2.917,3.423,2.964,2.976,3.392,3.349,2.767,2.828,3.467,3.262,3.016,3.055,3.841,4.283,2.898,3.094,1139.0,1133.0,618.0,666.0,2525.0,2133.0,1557.0,1640.0,487.0,443.0,314.0,197.0,3534.0,3502.0,4868.0,6372.0,3922.0,3518.0,2104.0,2084.0,1159.0,965.0,4909.0,5222.0,2810.0,2706.0,2995.0,2896.0,1789.0,1968.0,3892.0,4064.0,1020.0,1254.0,665.0,672.0,1536.0,1697.0,738.0,946.0,1772.0,1201.0,1595.0,1483.0,4075.0,3956.0,1246.0,1399.0,4767.0,4932.0,4113.0,4359.0,446.0,684.0,6062.0,6111.0,6808.0,7060.0,5545.0,5714.0,3786.0,4418.0,5243.0,4039.0,398.0,368.0,421.0,341.0
NDARCE353XKH,2.909,2.903,3.162,2.777,3.209,2.799,2.22,2.086,2.905,3.096,2.784,2.493,2.922,3.05,2.683,2.601,2.899,2.995,3.454,3.213,2.262,2.204,2.191,2.282,3.006,2.9,2.447,2.425,2.785,2.848,2.915,3.063,2.925,2.797,3.201,3.015,2.961,3.211,2.649,2.704,2.729,3.307,2.105,2.076,2.198,2.206,2.687,2.908,2.596,2.846,2.752,2.746,3.293,3.414,2.575,2.766,3.114,3.088,2.357,2.385,3.024,2.982,2.85,2.7,2.568,3.41,2.682,2.822,779.0,756.0,499.0,564.0,2424.0,2012.0,1032.0,1218.0,562.0,445.0,526.0,408.0,2572.0,2734.0,3440.0,4510.0,2641.0,2954.0,2171.0,2138.0,1104.0,896.0,4994.0,4628.0,2570.0,2543.0,3265.0,3083.0,2106.0,1955.0,3070.0,2841.0,1490.0,1524.0,625.0,596.0,1152.0,1231.0,713.0,897.0,1482.0,1192.0,1369.0,1151.0,4205.0,4041.0,1088.0,1083.0,4712.0,4989.0,3741.0,3776.0,526.0,608.0,5729.0,5769.0,8147.0,7777.0,4902.0,4894.0,3720.0,3870.0,3760.0,3790.0,691.0,690.0,576.0,393.0
NDARCE721YB5,2.732,2.884,2.719,2.365,2.871,2.687,2.599,2.417,3.086,3.091,2.217,2.501,2.914,2.904,2.828,2.619,2.817,2.807,3.375,3.406,2.576,2.932,2.456,2.336,2.882,2.848,2.44,2.431,2.657,2.58,3.013,2.872,3.23,3.2,2.823,2.992,3.009,2.936,2.432,2.91,3.073,2.917,2.338,2.244,2.514,2.392,2.776,2.793,2.943,2.9,2.954,2.917,2.883,3.074,2.685,2.74,3.189,2.997,2.503,2.587,3.167,2.959,2.923,2.806,3.201,3.355,2.723,2.758,962.0,1020.0,819.0,636.0,2285.0,1856.0,1571.0,1589.0,447.0,497.0,321.0,333.0,3414.0,3044.0,4932.0,6726.0,3647.0,3298.0,2422.0,2401.0,1139.0,1096.0,4549.0,5260.0,2965.0,2944.0,3426.0,3339.0,2068.0,2012.0,3886.0,3735.0,1573.0,1519.0,667.0,739.0,2001.0,1989.0,716.0,952.0,2006.0,1490.0,1638.0,1605.0,4609.0,4760.0,1107.0,1309.0,4720.0,4649.0,4912.0,5487.0,495.0,761.0,7634.0,7069.0,6983.0,7332.0,6000.0,6854.0,4393.0,5179.0,5206.0,4208.0,524.0,492.0,487.0,443.0
NDARCG159AAP,3.084,3.469,2.952,2.587,3.183,3.183,2.533,2.226,3.469,3.816,3.133,3.61,3.322,3.12,2.785,2.986,3.305,3.209,3.497,3.509,2.836,2.727,2.586,2.596,3.263,3.307,2.699,2.43,3.334,3.198,3.584,3.157,2.788,2.841,3.641,3.329,3.374,3.085,3.433,3.32,3.079,3.217,2.189,2.112,2.617,2.599,2.805,3.083,3.08,2.935,2.957,2.832,3.109,3.438,3.033,2.981,3.307,3.255,2.629,2.709,3.393,3.35,2.989,2.979,4.305,4.244,2.939,3.172,1330.0,961.0,514.0,840.0,2345.0,2023.0,1340.0,1248.0,544.0,423.0,265.0,259.0,2563.0,3036.0,5368.0,6586.0,3640.0,3646.0,2513.0,2285.0,908.0,956.0,5112.0,4452.0,2525.0,2394.0,2688.0,2199.0,1631.0,1734.0,3688.0,3433.0,1458.0,1422.0,512.0,525.0,1466.0,1762.0,551.0,664.0,1510.0,1172.0,1412.0,1044.0,4264.0,3979.0,1249.0,981.0,4879.0,4528.0,4442.0,4206.0,679.0,626.0,5012.0,5065.0,7614.0,6527.0,6432.0,6302.0,3507.0,4012.0,4221.0,4573.0,449.0,411.0,436.0,315.0
NDARCG258NEF,3.058,3.154,3.14,2.586,3.378,3.348,2.514,2.455,3.273,3.822,3.235,3.186,3.114,3.201,3.221,3.104,3.286,3.389,3.386,3.505,2.861,2.627,2.578,2.893,3.347,3.278,2.662,2.579,3.094,3.405,3.418,3.385,3.176,3.067,3.241,3.298,3.169,3.238,3.349,3.201,3.204,3.182,2.426,2.566,2.787,2.814,2.684,2.777,3.049,3.24,3.049,2.957,3.061,3.141,3.086,3.186,3.433,3.441,2.858,2.966,3.408,3.364,3.197,3.311,3.838,4.463,3.163,2.861,1423.0,1166.0,1042.0,650.0,2314.0,2674.0,1539.0,2115.0,686.0,532.0,384.0,351.0,3898.0,3844.0,7470.0,8492.0,4328.0,4183.0,2895.0,2707.0,1303.0,1169.0,5331.0,5320.0,3506.0,3047.0,3364.0,2701.0,2014.0,2072.0,4837.0,4066.0,1471.0,2041.0,662.0,758.0,2010.0,2520.0,928.0,1169.0,1746.0,1737.0,1910.0,1095.0,5234.0,5424.0,1322.0,1839.0,6125.0,5171.0,6067.0,6805.0,629.0,1186.0,7314.0,6695.0,8461.0,9083.0,8068.0,7910.0,4483.0,4370.0,4429.0,4468.0,498.0,469.0,507.0,428.0
NDARCG808HDJ,3.372,3.243,3.019,2.857,3.118,3.04,2.449,2.614,4.084,4.415,3.767,3.603,3.18,3.191,3.074,3.147,3.351,3.186,3.628,3.73,2.833,2.629,2.567,2.764,3.287,3.185,2.697,2.656,3.195,3.208,3.405,3.374,3.236,3.096,3.632,3.688,3.186,3.021,3.466,3.441,3.147,3.124,2.352,2.471,2.627,2.673,2.776,2.998,3.049,2.911,2.953,3.095,3.565,3.418,2.972,2.946,3.379,3.323,2.745,2.807,3.61,3.407,3.106,3.186,3.934,4.558,3.021,3.19,1091.0,1022.0,815.0,671.0,2748.0,2056.0,1488.0,1568.0,361.0,398.0,287.0,269.0,2978.0,3065.0,4438.0,5944.0,3066.0,3535.0,2175.0,1948.0,995.0,857.0,4904.0,5330.0,2475.0,2526.0,3035.0,3010.0,1628.0,1708.0,3454.0,3129.0,1325.0,1461.0,606.0,621.0,1331.0,1822.0,613.0,804.0,1465.0,1470.0,1674.0,1610.0,3754.0,3787.0,1132.0,1329.0,4697.0,4668.0,3452.0,3747.0,562.0,886.0,7006.0,7143.0,7332.0,7759.0,5402.0,5488.0,3963.0,4146.0,4326.0,3343.0,443.0,393.0,533.0,314.0
NDARCH001CN2,2.744,2.96,2.786,2.315,2.895,2.658,2.167,2.274,2.901,3.047,2.569,2.527,2.856,2.865,2.798,2.759,2.68,2.822,3.235,3.096,2.725,2.423,2.249,2.422,2.774,2.448,2.153,2.425,2.8,2.682,3.143,2.829,2.964,2.738,2.449,3.398,2.729,2.77,2.953,2.479,2.585,2.729,1.984,2.001,2.441,2.326,2.779,2.828,2.633,2.797,2.812,2.716,2.829,2.735,2.656,2.736,2.918,2.876,2.547,2.53,2.92,2.93,2.876,2.747,2.66,3.076,2.673,2.79,1012.0,849.0,537.0,520.0,1705.0,1876.0,1534.0,1640.0,430.0,456.0,657.0,548.0,2995.0,3079.0,4454.0,5548.0,2841.0,2849.0,2335.0,2231.0,971.0,817.0,5144.0,4913.0,2608.0,2863.0,2634.0,2482.0,2141.0,1913.0,3309.0,2909.0,1378.0,1922.0,507.0,603.0,1735.0,1902.0,690.0,950.0,2172.0,1791.0,1595.0,1346.0,4416.0,3649.0,1007.0,1079.0,4934.0,4442.0,5122.0,4395.0,396.0,557.0,5898.0,5918.0,7437.0,7304.0,6045.0,6387.0,3743.0,3834.0,3994.0,4306.0,559.0,451.0,549.0,379.0
NDARCJ433TCG,2.459,2.742,2.836,2.537,2.746,2.872,2.091,2.159,3.489,3.314,2.64,2.787,2.821,2.876,2.583,2.563,2.913,3.055,3.518,3.315,2.166,2.206,2.285,2.269,2.883,2.716,2.208,2.335,2.582,2.884,2.839,2.773,2.687,2.73,2.94,3.066,2.873,2.938,2.77,2.689,2.751,2.684,2.219,2.034,2.268,2.158,2.591,2.616,2.858,3.021,2.58,2.497,2.932,2.85,2.437,2.518,3.141,2.983,2.135,2.305,2.854,3.0,2.679,2.646,3.566,3.846,2.755,2.589,798.0,862.0,451.0,617.0,1711.0,2564.0,1537.0,1849.0,333.0,372.0,440.0,416.0,3179.0,3222.0,3675.0,4693.0,3082.0,3082.0,2294.0,2259.0,1139.0,888.0,5234.0,4293.0,2565.0,2762.0,3116.0,2712.0,1890.0,1815.0,2763.0,3037.0,1267.0,1343.0,525.0,549.0,1355.0,1394.0,720.0,823.0,1203.0,1293.0,1524.0,1054.0,3355.0,3391.0,1122.0,1035.0,4485.0,4874.0,3498.0,3486.0,510.0,747.0,6286.0,6304.0,8106.0,7662.0,5325.0,4750.0,3553.0,3996.0,3786.0,3492.0,616.0,536.0,506.0,433.0
NDARCK481KRH,2.672,2.829,2.584,2.54,2.578,2.646,2.128,2.058,3.136,3.223,2.414,2.399,2.787,2.808,2.544,2.569,2.547,2.48,3.216,3.11,2.328,2.204,2.217,2.32,2.703,2.683,2.213,2.213,2.583,2.535,2.912,2.837,2.742,2.915,2.543,2.425,2.82,2.875,2.684,2.698,2.671,2.588,1.852,1.967,2.199,2.417,2.677,2.536,2.839,2.876,2.521,2.537,2.647,2.848,2.299,2.194,2.768,2.719,2.194,2.361,2.924,2.899,2.665,2.605,2.666,2.789,2.952,2.573,1076.0,1335.0,598.0,706.0,2047.0,2018.0,1515.0,1649.0,404.0,338.0,541.0,315.0,3504.0,3669.0,4688.0,6123.0,3504.0,3009.0,2785.0,2831.0,979.0,1088.0,6308.0,5221.0,3135.0,2788.0,3141.0,2959.0,2102.0,2372.0,4470.0,3915.0,2012.0,1585.0,647.0,916.0,1587.0,1671.0,744.0,1041.0,1506.0,1457.0,1586.0,1256.0,4544.0,4312.0,1394.0,1188.0,5361.0,4972.0,3340.0,4180.0,512.0,910.0,6101.0,6021.0,7316.0,7833.0,4998.0,5167.0,4625.0,4932.0,5176.0,4162.0,647.0,544.0,540.0,452.0
NDARCK647MU6,2.959,2.959,2.948,2.401,3.033,2.808,2.351,2.312,2.651,2.835,2.452,2.88,3.07,3.091,2.911,2.88,3.018,2.922,3.306,3.116,2.628,2.514,2.405,2.562,2.879,2.711,2.519,2.493,2.719,2.661,3.18,3.159,3.06,2.883,2.912,3.122,2.751,2.918,2.931,2.799,2.843,2.73,1.985,2.253,2.46,2.364,3.006,3.067,2.879,3.016,3.025,2.963,3.083,2.855,2.588,2.686,3.149,3.105,2.837,2.839,2.992,2.967,3.086,2.745,3.171,3.589,2.53,2.791,861.0,796.0,752.0,601.0,2082.0,2654.0,1427.0,1692.0,380.0,427.0,348.0,313.0,2893.0,2946.0,4300.0,6152.0,3082.0,3518.0,2814.0,3011.0,1244.0,1066.0,4851.0,5082.0,2893.0,2911.0,2692.0,2695.0,1920.0,2118.0,3684.0,3461.0,1794.0,1912.0,627.0,644.0,1569.0,1716.0,780.0,1189.0,1450.0,1710.0,1391.0,1224.0,4330.0,4335.0,1286.0,1341.0,5893.0,5804.0,4384.0,4346.0,558.0,892.0,6494.0,6320.0,8009.0,8060.0,5691.0,6012.0,3887.0,4400.0,4950.0,4443.0,432.0,464.0,693.0,431.0
NDARCK815WZR,2.962,3.134,2.831,2.54,3.215,3.162,2.711,2.581,4.369,3.978,3.343,3.341,3.319,3.125,3.151,3.073,3.457,3.289,3.75,3.529,2.64,2.715,2.724,2.764,3.324,3.2,2.459,2.63,3.253,2.935,3.381,3.499,3.15,2.995,3.279,3.305,3.181,3.246,3.439,3.156,3.173,3.17,2.337,2.317,2.739,2.544,2.607,2.73,3.127,3.132,3.058,2.852,3.395,3.406,2.949,3.041,3.501,3.297,2.754,2.889,3.222,3.31,3.131,2.936,4.061,4.218,3.01,3.124,1323.0,1170.0,721.0,587.0,2906.0,2378.0,1849.0,1759.0,400.0,417.0,324.0,283.0,3374.0,3354.0,5107.0,7933.0,3605.0,4131.0,2623.0,2618.0,1333.0,1093.0,6523.0,6442.0,2994.0,3148.0,3450.0,3085.0,2280.0,1971.0,4111.0,4345.0,1742.0,1917.0,756.0,712.0,1832.0,2107.0,785.0,1040.0,2205.0,1865.0,1644.0,1623.0,4666.0,4326.0,1143.0,1565.0,5143.0,5394.0,5152.0,5386.0,589.0,767.0,7284.0,7072.0,8439.0,8978.0,6796.0,6764.0,4385.0,5101.0,5721.0,4930.0,433.0,468.0,555.0,435.0
NDARCL008HLA,2.977,2.92,2.955,2.809,3.237,3.136,2.423,2.358,3.77,3.528,3.489,3.279,3.167,3.127,3.031,3.09,3.213,3.189,3.319,3.486,2.637,2.504,2.53,2.629,3.065,3.168,2.295,2.442,2.614,2.379,3.261,3.292,2.932,3.123,3.386,3.358,3.25,3.185,3.082,3.102,2.887,2.824,2.146,2.222,2.758,2.779,2.828,3.01,3.234,3.222,2.808,2.814,2.979,3.21,2.93,2.847,3.319,3.27,2.744,2.781,3.453,3.535,3.003,3.081,4.328,3.977,2.852,2.891,1173.0,1033.0,924.0,1111.0,3090.0,2471.0,1734.0,1778.0,768.0,713.0,336.0,308.0,3984.0,4344.0,5877.0,7435.0,5307.0,5147.0,3213.0,2939.0,1418.0,1306.0,6047.0,5377.0,3531.0,3284.0,4171.0,3428.0,2323.0,2561.0,5016.0,4662.0,1631.0,1863.0,718.0,834.0,1854.0,2488.0,854.0,1011.0,1711.0,1570.0,2181.0,1743.0,4628.0,4521.0,1599.0,1468.0,5722.0,5227.0,4364.0,4865.0,881.0,1205.0,7626.0,7384.0,9734.0,9080.0,5571.0,5021.0,4623.0,5056.0,5622.0,4703.0,623.0,606.0,494.0,437.0
NDARCL016NHB,3.111,2.902,2.425,2.541,2.939,3.106,2.483,2.379,2.91,3.003,2.278,2.577,2.971,3.045,2.778,2.707,2.933,3.016,3.241,3.229,2.239,2.493,2.412,2.464,2.903,2.723,2.535,2.4,2.585,2.829,3.109,3.248,3.207,2.941,2.882,3.09,2.92,3.167,2.872,2.838,2.855,2.951,2.188,2.276,2.425,2.558,2.676,2.505,3.071,3.052,2.932,2.99,2.784,2.389,2.613,2.555,2.939,3.067,2.61,2.546,3.149,3.217,2.721,2.926,2.876,3.084,3.019,3.041,1131.0,987.0,803.0,863.0,3009.0,2531.0,1469.0,1710.0,521.0,524.0,552.0,460.0,3566.0,3120.0,4617.0,6045.0,3859.0,3822.0,2585.0,2421.0,949.0,914.0,5515.0,6080.0,2725.0,3018.0,3075.0,3372.0,2513.0,2224.0,3888.0,3512.0,1512.0,1627.0,609.0,657.0,1662.0,1909.0,784.0,924.0,1515.0,1484.0,1673.0,1455.0,4661.0,4252.0,1179.0,1559.0,5561.0,5569.0,3636.0,4215.0,653.0,843.0,5886.0,6693.0,8144.0,9102.0,6108.0,5457.0,4355.0,4643.0,4572.0,3973.0,737.0,758.0,533.0,508.0
NDARCL080RHP,2.814,2.719,2.953,2.57,2.804,2.859,2.151,2.027,3.426,3.954,2.794,2.57,2.864,2.785,2.691,2.688,3.01,2.998,3.105,3.109,2.365,2.199,2.274,2.389,2.986,2.89,2.147,2.128,2.888,2.676,3.177,3.031,2.745,2.719,3.129,2.892,2.94,2.934,2.913,2.811,2.853,2.706,1.9,1.915,2.366,2.358,2.651,2.627,2.796,2.842,2.622,2.634,3.074,3.208,2.556,2.612,2.937,2.913,2.495,2.493,3.096,3.086,2.741,2.894,3.357,3.913,2.669,2.855,1148.0,1018.0,531.0,807.0,1951.0,1991.0,1780.0,1669.0,431.0,377.0,370.0,273.0,3059.0,3781.0,5253.0,6301.0,2613.0,3136.0,2436.0,2264.0,1180.0,1096.0,5425.0,5634.0,2910.0,2553.0,3954.0,3599.0,1764.0,1754.0,3562.0,3214.0,1361.0,1550.0,679.0,782.0,1011.0,1722.0,743.0,852.0,1403.0,1223.0,2102.0,1895.0,3823.0,4002.0,1442.0,1085.0,4633.0,4722.0,4231.0,4667.0,694.0,605.0,6182.0,5621.0,7471.0,6748.0,5707.0,5764.0,3870.0,3925.0,4989.0,4176.0,423.0,405.0,411.0,329.0
NDARCM050BN2,3.198,3.426,3.034,2.857,3.245,3.125,2.544,2.577,3.828,3.973,2.669,2.665,3.087,3.339,3.099,2.575,3.005,3.066,3.526,3.833,2.711,2.412,2.583,2.448,3.006,2.927,2.614,2.765,2.977,2.921,2.76,3.168,3.076,3.047,3.106,3.549,3.122,3.046,2.275,2.296,2.905,2.707,2.249,2.318,2.542,2.559,2.662,2.712,2.918,2.968,2.988,3.039,3.197,3.554,2.547,2.852,3.391,3.289,2.629,2.713,3.305,3.352,2.897,2.838,3.052,3.512,3.176,3.026,1158.0,1210.0,559.0,1002.0,2523.0,3454.0,1635.0,1893.0,421.0,322.0,239.0,289.0,3511.0,3572.0,6585.0,6004.0,3350.0,4032.0,2580.0,2199.0,1250.0,1117.0,5015.0,5061.0,2874.0,3163.0,3643.0,3177.0,1796.0,1953.0,4106.0,3851.0,1482.0,1837.0,642.0,770.0,1318.0,1514.0,642.0,824.0,1639.0,1639.0,1972.0,1574.0,4621.0,4698.0,1333.0,1229.0,5832.0,5189.0,5791.0,5848.0,611.0,989.0,6869.0,7237.0,9155.0,8540.0,7270.0,7381.0,4369.0,4182.0,4824.0,4500.0,421.0,370.0,424.0,377.0
NDARCM953HKD,3.205,2.968,3.202,3.016,3.147,3.244,2.52,2.418,3.493,3.756,2.968,3.337,3.107,3.087,3.071,3.049,3.052,2.924,3.256,3.644,2.629,2.722,2.468,2.539,3.091,3.259,2.538,2.528,2.691,3.063,3.188,3.286,3.098,3.077,3.332,3.608,3.257,3.094,3.497,3.362,3.267,3.052,2.172,2.283,2.525,2.511,2.804,2.615,3.09,3.101,2.922,2.938,3.296,3.399,2.92,2.795,3.437,3.373,2.735,2.624,3.288,3.2,3.172,3.093,4.05,3.987,3.133,2.839,983.0,728.0,815.0,644.0,2332.0,2353.0,1410.0,1617.0,524.0,432.0,317.0,253.0,3366.0,3675.0,4607.0,5954.0,3752.0,3671.0,2583.0,2126.0,1207.0,1018.0,5545.0,6397.0,2736.0,2551.0,3716.0,3934.0,1664.0,1692.0,4105.0,3331.0,1390.0,1555.0,697.0,676.0,1398.0,1632.0,744.0,914.0,1793.0,1372.0,1810.0,1618.0,3996.0,4120.0,1156.0,1647.0,5133.0,5128.0,4217.0,4289.0,545.0,715.0,6503.0,7480.0,6224.0,6770.0,6100.0,5897.0,3507.0,3848.0,4616.0,4048.0,513.0,501.0,415.0,353.0
NDARCP642KML,2.738,3.012,2.434,2.451,3.01,3.046,2.319,2.312,3.393,3.527,2.789,3.19,3.003,2.892,2.817,2.85,3.064,3.011,3.259,3.291,2.585,3.079,2.457,2.519,2.863,3.074,2.362,2.469,2.838,2.703,3.134,3.165,2.832,2.794,3.042,3.224,2.882,2.982,2.914,3.225,2.862,2.777,2.259,2.087,2.443,2.445,2.908,2.671,2.913,2.985,2.792,2.804,3.179,3.164,2.81,2.731,3.027,3.17,2.618,2.66,3.09,3.158,2.933,2.936,3.842,3.738,2.772,2.92,1710.0,1155.0,627.0,902.0,3169.0,3198.0,1747.0,2043.0,516.0,581.0,315.0,265.0,3995.0,4176.0,6554.0,8292.0,5148.0,4075.0,3045.0,2571.0,1372.0,1002.0,6428.0,7000.0,3088.0,2666.0,3946.0,3769.0,2137.0,2507.0,5666.0,4635.0,1572.0,2116.0,781.0,778.0,2002.0,3272.0,976.0,1044.0,2349.0,2181.0,1937.0,2123.0,5034.0,4550.0,1291.0,1308.0,6705.0,6416.0,5012.0,5268.0,807.0,1168.0,8253.0,6834.0,9091.0,8908.0,6754.0,6456.0,4558.0,5304.0,5908.0,3453.0,458.0,525.0,645.0,473.0
NDARCR576EV1,2.799,2.779,3.024,3.183,3.226,3.07,2.393,2.355,3.843,3.852,3.342,3.238,3.146,3.077,2.983,3.019,3.34,3.203,3.454,3.464,2.666,2.845,2.38,2.526,3.143,3.111,2.54,2.547,2.988,2.965,3.382,3.069,2.999,2.945,3.075,3.171,3.24,3.139,3.526,3.351,3.071,2.992,2.126,2.181,2.552,2.637,2.957,2.88,2.967,2.956,3.003,2.923,3.235,3.228,2.887,2.863,3.372,3.326,2.804,2.637,3.303,3.228,3.012,3.093,3.909,3.96,2.834,2.809,1235.0,923.0,531.0,780.0,2171.0,2776.0,1653.0,1704.0,344.0,332.0,269.0,237.0,3371.0,3291.0,4965.0,5295.0,2742.0,3465.0,2351.0,2462.0,998.0,824.0,4423.0,4423.0,2581.0,2550.0,3393.0,3154.0,1514.0,1828.0,3138.0,3254.0,1450.0,1571.0,641.0,637.0,1420.0,1499.0,604.0,722.0,1531.0,1448.0,1883.0,1671.0,4187.0,3690.0,1195.0,1072.0,4798.0,4566.0,3954.0,4428.0,635.0,763.0,5130.0,5875.0,7232.0,6808.0,5716.0,5431.0,4285.0,4333.0,3984.0,4578.0,435.0,449.0,483.0,417.0
NDARCR582GKJ,2.58,2.853,2.818,2.694,2.981,2.974,2.207,2.278,3.648,3.903,2.951,3.078,3.138,3.056,2.752,2.83,2.988,3.065,3.199,3.495,2.666,2.721,2.356,2.485,3.025,3.026,2.474,2.356,2.844,2.912,3.225,3.169,2.665,2.627,3.372,3.496,2.986,2.969,3.092,3.047,2.817,2.779,2.121,2.239,2.358,2.465,2.793,2.727,2.963,2.955,2.52,2.605,3.152,3.326,2.738,2.627,2.987,3.039,2.491,2.327,3.121,3.028,2.853,2.899,4.021,4.392,2.973,2.831,904.0,771.0,455.0,723.0,1907.0,2490.0,1785.0,1538.0,398.0,328.0,281.0,204.0,2509.0,2816.0,4126.0,4808.0,3401.0,3023.0,2632.0,2025.0,990.0,927.0,5005.0,5430.0,2396.0,2333.0,3170.0,2986.0,1607.0,1766.0,3430.0,2889.0,1276.0,1408.0,522.0,637.0,1272.0,1921.0,756.0,726.0,1444.0,1338.0,1706.0,1556.0,4039.0,4172.0,1170.0,1090.0,4682.0,4396.0,4022.0,3811.0,551.0,671.0,6355.0,5759.0,7248.0,6445.0,4821.0,5222.0,3253.0,3687.0,4140.0,3756.0,438.0,381.0,464.0,321.0
NDARCR594JN0,2.494,2.747,2.907,2.593,2.734,2.687,1.896,2.065,3.583,3.403,2.798,2.808,3.054,2.807,2.568,2.511,2.88,2.883,3.042,3.076,2.521,2.604,2.25,2.394,2.703,2.706,2.435,2.328,2.451,2.542,3.013,2.929,2.394,2.534,2.636,2.548,2.826,2.933,2.777,2.694,2.657,2.713,1.697,1.82,2.238,2.22,2.565,2.725,2.609,2.606,2.61,2.702,2.887,3.009,2.562,2.546,2.975,2.909,2.332,2.373,2.886,2.944,2.66,2.643,3.314,3.354,2.406,2.729,1092.0,1133.0,585.0,795.0,2247.0,1723.0,1218.0,1459.0,266.0,370.0,257.0,220.0,2539.0,2782.0,5357.0,5470.0,2530.0,3106.0,2141.0,2112.0,903.0,813.0,4825.0,5258.0,2367.0,2245.0,2913.0,2879.0,1634.0,1530.0,3719.0,3199.0,1177.0,1200.0,624.0,595.0,1142.0,1223.0,598.0,802.0,1321.0,1294.0,1399.0,1182.0,4192.0,3951.0,1197.0,979.0,4381.0,4832.0,3469.0,3513.0,510.0,706.0,6539.0,5889.0,6792.0,6385.0,4955.0,5161.0,3436.0,3604.0,3627.0,3570.0,414.0,415.0,357.0,307.0
NDARCR743RHQ,2.936,3.038,2.896,2.615,3.249,3.17,2.351,2.51,4.082,3.894,3.456,3.318,3.212,3.384,3.198,3.191,3.264,3.365,3.413,3.264,2.641,2.562,2.769,2.832,3.379,3.367,2.449,2.702,3.056,3.024,3.294,3.508,3.017,2.877,3.287,3.39,3.291,3.303,3.46,3.437,2.874,3.036,2.275,2.36,2.77,2.746,2.722,2.77,3.07,3.035,3.029,2.867,3.474,3.264,3.074,2.998,3.505,3.416,2.87,2.852,3.495,3.387,3.329,3.254,4.049,4.166,3.162,3.275,1277.0,1025.0,584.0,622.0,2354.0,2618.0,1646.0,1840.0,447.0,492.0,319.0,261.0,3686.0,3120.0,5045.0,8335.0,3167.0,3527.0,2595.0,2395.0,1255.0,1085.0,5218.0,5713.0,2661.0,2098.0,2893.0,3593.0,1792.0,1858.0,3421.0,2864.0,1159.0,1181.0,692.0,710.0,1872.0,2200.0,805.0,909.0,1557.0,1696.0,1717.0,1401.0,3755.0,3192.0,1124.0,1363.0,4811.0,4296.0,3944.0,4248.0,613.0,608.0,5704.0,5877.0,6246.0,6282.0,5538.0,5629.0,3419.0,3847.0,3858.0,2650.0,487.0,451.0,474.0,276.0
NDARCT420MW1,3.137,3.165,3.138,2.87,3.406,3.18,2.578,2.493,3.706,3.833,3.465,3.381,3.282,3.176,3.047,2.979,3.273,3.247,3.524,3.372,2.754,2.809,2.651,2.582,3.364,3.261,2.541,2.475,3.166,2.996,3.389,3.209,3.05,2.869,3.466,3.179,3.218,3.392,3.393,3.514,3.119,3.185,2.021,2.149,2.67,2.729,2.668,3.037,3.108,3.193,3.056,2.867,3.296,3.4,3.013,3.106,3.607,3.513,2.74,2.785,3.367,3.332,3.093,3.162,4.176,4.422,3.166,3.047,822.0,998.0,595.0,793.0,2524.0,2663.0,1980.0,1906.0,538.0,455.0,266.0,239.0,3280.0,3030.0,4977.0,5337.0,3311.0,3893.0,2736.0,2561.0,843.0,1092.0,6582.0,6394.0,2626.0,2532.0,4151.0,3680.0,1545.0,1998.0,3672.0,3629.0,1578.0,1456.0,604.0,753.0,1234.0,1490.0,603.0,864.0,1411.0,1196.0,2265.0,2347.0,4367.0,4761.0,1172.0,1081.0,4754.0,4649.0,3897.0,4490.0,548.0,878.0,6312.0,5925.0,7649.0,7000.0,6114.0,6038.0,3786.0,4081.0,3911.0,3958.0,453.0,458.0,419.0,372.0
NDARCT889DMB,2.873,2.943,2.733,2.524,3.0,2.96,2.504,2.221,3.381,3.655,3.004,3.033,2.977,3.091,2.881,2.812,3.002,3.035,3.22,3.3,2.734,2.762,2.5,2.369,2.928,2.879,2.315,2.548,2.715,2.781,3.156,3.034,2.675,2.809,3.208,3.374,2.744,2.874,3.008,3.047,2.779,2.716,2.276,2.299,2.336,2.329,2.472,2.592,2.932,2.933,2.77,2.663,3.233,2.936,2.716,2.693,3.152,3.122,2.456,2.618,2.841,2.991,2.909,2.979,4.056,3.994,2.757,2.763,1046.0,1060.0,708.0,736.0,1735.0,2490.0,1645.0,1911.0,591.0,531.0,331.0,235.0,3375.0,3673.0,4470.0,6143.0,3523.0,4092.0,2509.0,2359.0,1076.0,900.0,6019.0,5463.0,3021.0,3045.0,3510.0,3276.0,1863.0,1762.0,3603.0,3275.0,1101.0,1321.0,649.0,644.0,1497.0,1672.0,776.0,992.0,1599.0,1565.0,1799.0,1597.0,4164.0,3713.0,1208.0,1097.0,4563.0,4586.0,4076.0,4316.0,678.0,1012.0,6408.0,6180.0,7005.0,6583.0,5660.0,5385.0,3738.0,3633.0,3999.0,3474.0,427.0,451.0,381.0,326.0
NDARCU118LMX,2.663,3.238,2.847,2.779,2.94,2.777,2.029,1.933,3.358,3.392,2.44,2.23,2.728,2.537,2.481,2.55,2.686,2.461,3.109,3.081,2.403,2.416,1.833,1.816,2.852,2.897,2.096,2.316,2.422,2.385,2.832,2.64,2.839,2.774,2.822,3.198,2.751,2.966,2.678,2.892,2.706,2.738,1.88,1.972,2.361,2.224,2.757,2.845,2.767,2.668,2.771,2.759,2.791,2.596,2.563,2.516,2.761,2.732,2.232,2.389,2.893,2.752,2.9,2.766,2.079,3.089,2.536,2.783,991.0,793.0,463.0,582.0,1895.0,1952.0,1667.0,1410.0,336.0,336.0,488.0,401.0,2636.0,2618.0,3482.0,4122.0,2372.0,2418.0,2325.0,2274.0,957.0,750.0,4900.0,4870.0,2339.0,2189.0,3007.0,3114.0,1667.0,1663.0,3268.0,2753.0,1099.0,1181.0,606.0,545.0,1353.0,1536.0,769.0,786.0,1462.0,1188.0,1554.0,1531.0,4045.0,3921.0,1030.0,951.0,4416.0,4540.0,3858.0,3730.0,420.0,426.0,5152.0,4669.0,6683.0,6830.0,5731.0,5093.0,3513.0,3701.0,3721.0,3707.0,406.0,528.0,516.0,378.0
NDARCU621EBN,2.921,1.859,2.125,2.678,3.117,2.541,2.17,2.16,3.531,3.177,2.89,2.971,3.027,3.143,2.891,2.525,3.12,2.855,3.314,1.782,2.84,2.314,2.435,2.321,3.108,2.844,2.274,2.418,2.839,2.53,2.982,3.331,2.879,2.859,3.276,3.122,2.112,3.012,2.85,2.851,2.228,2.916,2.003,2.105,2.59,1.933,2.344,3.013,2.501,3.217,2.782,2.452,3.131,3.463,2.507,2.609,3.262,3.206,2.519,2.787,2.454,3.135,3.047,1.448,3.765,3.553,3.111,1.924,919.0,158.0,290.0,790.0,2132.0,542.0,1452.0,1314.0,385.0,373.0,412.0,311.0,2865.0,3050.0,4029.0,1734.0,3030.0,3035.0,2435.0,3751.0,574.0,520.0,5901.0,3842.0,2742.0,2436.0,2304.0,3050.0,1623.0,1793.0,1989.0,2753.0,1953.0,1251.0,386.0,731.0,441.0,1238.0,688.0,1111.0,1240.0,1400.0,1348.0,1442.0,4399.0,1318.0,1007.0,665.0,1507.0,4783.0,3842.0,3433.0,566.0,797.0,4455.0,5937.0,6907.0,4883.0,3373.0,4974.0,2157.0,3369.0,3626.0,873.0,488.0,503.0,410.0,431.0
NDARCU744XWL,2.971,2.884,2.604,2.279,2.924,2.923,2.605,2.413,3.553,3.026,3.655,3.261,2.998,3.083,3.007,2.847,2.96,3.167,3.227,3.452,2.507,2.633,2.582,2.634,3.127,3.057,2.405,2.393,2.838,2.63,3.182,3.128,2.915,2.835,2.918,3.203,3.001,2.852,3.087,3.197,2.988,2.726,2.165,2.282,2.633,2.683,2.51,2.691,2.911,2.907,2.83,2.921,3.177,3.079,2.545,2.621,3.18,3.004,2.667,2.704,3.146,3.092,3.046,2.956,3.359,3.795,2.907,3.183,1275.0,1004.0,773.0,862.0,2589.0,2694.0,1431.0,1419.0,538.0,560.0,329.0,277.0,4285.0,4011.0,4695.0,6869.0,4307.0,4259.0,2795.0,2382.0,1507.0,1112.0,5540.0,5709.0,2939.0,2761.0,2616.0,2410.0,1635.0,1632.0,5200.0,4678.0,1623.0,1805.0,758.0,776.0,1990.0,2725.0,809.0,961.0,1960.0,1814.0,1309.0,1103.0,4739.0,4925.0,1661.0,1492.0,5606.0,5878.0,4894.0,4676.0,785.0,1120.0,7838.0,7131.0,8179.0,8216.0,6275.0,6772.0,4529.0,5350.0,5023.0,4360.0,479.0,417.0,461.0,424.0
NDARCU865PBV,3.218,3.048,2.667,2.658,3.399,3.118,2.234,2.263,2.671,3.138,3.161,3.24,2.959,2.957,2.771,2.834,2.956,2.884,3.599,3.281,2.562,2.421,2.343,2.494,3.302,3.067,2.183,2.252,3.037,2.992,3.062,2.866,3.026,3.088,2.336,2.427,3.393,3.444,3.338,3.217,3.226,3.232,1.875,2.107,2.527,2.387,2.581,3.005,3.049,3.073,2.918,2.814,3.031,3.173,2.894,3.065,3.354,3.33,2.735,2.744,3.281,3.133,2.995,2.944,3.419,3.361,2.901,2.998,1189.0,908.0,464.0,508.0,1822.0,1801.0,1422.0,1782.0,494.0,454.0,534.0,434.0,3523.0,3699.0,4716.0,6070.0,3246.0,3483.0,2313.0,2448.0,795.0,820.0,4496.0,4975.0,2396.0,2360.0,2668.0,2466.0,2067.0,2182.0,3508.0,2907.0,1470.0,1750.0,751.0,775.0,1542.0,1470.0,687.0,825.0,1759.0,1354.0,1715.0,1276.0,4088.0,3173.0,1119.0,994.0,4327.0,5210.0,4662.0,4504.0,327.0,620.0,5333.0,5075.0,6868.0,7082.0,6133.0,6149.0,3597.0,3925.0,4066.0,4104.0,666.0,623.0,520.0,367.0
NDARCV606ZZ5,3.088,2.796,2.372,2.284,2.973,2.708,2.332,2.216,3.365,3.939,3.367,3.611,3.007,3.102,2.944,2.809,3.141,3.12,3.244,3.273,2.581,2.719,2.47,2.443,3.09,3.131,2.348,2.365,2.669,2.671,3.221,3.326,2.797,2.742,3.053,3.293,2.959,2.889,3.132,3.034,2.914,2.763,1.925,2.322,2.402,2.472,2.438,2.553,2.919,2.954,2.676,2.681,2.872,2.894,2.709,2.711,3.047,3.036,2.57,2.581,3.227,3.279,2.942,2.958,4.175,3.619,2.617,2.913,1108.0,994.0,709.0,890.0,2158.0,2689.0,1916.0,1793.0,575.0,365.0,334.0,243.0,3419.0,4331.0,5085.0,7437.0,3352.0,3909.0,2956.0,2770.0,1223.0,989.0,5344.0,5820.0,2574.0,2349.0,3722.0,3404.0,1698.0,1911.0,3789.0,3449.0,1363.0,1551.0,689.0,760.0,1269.0,1806.0,772.0,973.0,1467.0,1582.0,1959.0,1831.0,3671.0,3714.0,1363.0,1462.0,5000.0,4697.0,4185.0,4475.0,849.0,974.0,7174.0,7311.0,8890.0,8824.0,5887.0,6120.0,3913.0,4143.0,4576.0,3457.0,532.0,472.0,536.0,337.0
NDARCV628UUW,2.799,3.073,2.421,2.928,3.102,2.819,2.353,2.347,2.325,3.335,2.415,2.447,2.92,3.033,2.929,2.549,2.548,2.757,3.444,3.521,2.549,2.468,2.499,2.356,2.998,2.931,2.509,2.541,2.818,2.672,2.958,3.006,2.853,3.077,3.097,3.203,3.069,3.064,2.707,2.631,2.719,2.763,2.389,2.284,2.613,2.3,2.614,2.689,2.809,3.057,2.919,2.97,3.019,2.865,2.708,2.825,3.247,3.11,2.711,2.716,3.042,3.178,2.994,2.635,2.846,2.694,3.22,3.43,644.0,756.0,567.0,582.0,2068.0,1888.0,1778.0,1627.0,478.0,541.0,618.0,433.0,2629.0,2929.0,3781.0,5289.0,2917.0,2989.0,2312.0,2053.0,1051.0,893.0,5342.0,5706.0,2231.0,2141.0,3517.0,3158.0,1795.0,2042.0,3292.0,2951.0,1280.0,1443.0,561.0,493.0,1350.0,1855.0,808.0,1029.0,1505.0,1298.0,1983.0,1934.0,4070.0,3864.0,1262.0,1247.0,5184.0,4663.0,4207.0,4679.0,354.0,516.0,6110.0,6116.0,7699.0,6829.0,5385.0,5685.0,3589.0,3848.0,3963.0,3525.0,667.0,698.0,574.0,447.0
NDARCW419GBD,2.786,2.94,2.725,2.848,2.661,2.818,2.128,2.762,3.923,3.295,3.125,3.185,2.953,2.971,2.735,3.121,3.165,3.027,3.284,3.227,2.667,1.635,2.411,2.616,2.958,2.889,2.3,2.316,2.925,2.83,3.054,3.032,2.582,2.542,2.985,2.428,2.809,2.832,2.824,2.862,2.603,2.757,2.144,1.987,2.286,2.232,2.203,2.374,2.7,2.586,2.636,2.563,3.274,3.101,2.753,2.803,2.959,3.032,2.92,2.597,3.158,3.1,2.887,2.822,3.621,4.058,2.665,2.968,1451.0,704.0,1128.0,889.0,2121.0,2252.0,1771.0,2338.0,253.0,579.0,341.0,286.0,3015.0,3151.0,6628.0,5408.0,4614.0,3387.0,2204.0,2093.0,1390.0,965.0,5810.0,6452.0,3123.0,2989.0,3262.0,3736.0,2078.0,2230.0,3488.0,3714.0,1325.0,1881.0,722.0,613.0,1142.0,1306.0,843.0,1027.0,1464.0,1300.0,3212.0,1880.0,4176.0,4102.0,1738.0,2098.0,4691.0,4241.0,3781.0,5448.0,614.0,1051.0,7725.0,7754.0,8047.0,8511.0,7424.0,6513.0,2960.0,4296.0,4442.0,2922.0,426.0,631.0,414.0,221.0
NDARCW497XW2,3.214,3.319,2.732,2.81,3.059,3.172,2.238,2.183,3.458,3.56,3.401,3.315,3.086,3.032,2.988,2.992,3.004,3.021,3.411,3.243,2.518,2.62,2.513,2.422,3.067,3.062,2.422,2.416,2.849,3.134,3.144,3.305,2.931,2.944,3.217,3.46,3.076,3.093,3.146,3.197,3.097,2.961,2.198,2.352,2.576,2.61,2.827,2.676,2.994,3.009,2.954,2.883,3.246,3.133,3.007,2.965,3.28,3.249,2.631,2.73,3.216,3.193,3.034,3.103,4.089,4.212,3.004,2.955,1037.0,1129.0,522.0,816.0,2413.0,2570.0,1003.0,1299.0,514.0,478.0,289.0,253.0,3312.0,3574.0,5802.0,6498.0,3924.0,3507.0,2684.0,2933.0,1126.0,984.0,4472.0,4033.0,3322.0,3019.0,2974.0,2670.0,2028.0,2243.0,4202.0,3476.0,1655.0,1544.0,659.0,745.0,1739.0,1906.0,732.0,817.0,1610.0,1718.0,1102.0,1026.0,4601.0,4641.0,1529.0,1261.0,5333.0,5175.0,4349.0,4353.0,633.0,780.0,5825.0,6664.0,8533.0,8284.0,6097.0,6826.0,4042.0,4341.0,4526.0,4297.0,443.0,433.0,408.0,329.0
NDARCW611MK5,3.025,3.286,2.584,2.568,3.193,3.116,2.422,2.452,3.224,3.208,2.679,2.833,3.027,3.101,3.281,2.91,2.926,2.985,3.281,3.233,2.538,2.504,2.656,2.562,3.09,2.896,2.376,2.356,2.916,2.66,3.154,3.395,3.135,3.181,2.739,2.762,3.191,3.172,2.82,2.886,3.133,2.882,2.212,2.268,2.649,2.433,2.902,3.028,3.051,3.158,2.937,2.897,2.772,3.163,2.782,2.818,3.333,3.148,2.798,2.864,3.252,3.308,3.02,2.82,3.391,3.392,3.31,3.097,1010.0,930.0,613.0,599.0,2397.0,1365.0,1877.0,1937.0,495.0,561.0,573.0,388.0,3814.0,3392.0,4973.0,6143.0,3940.0,3221.0,2857.0,2849.0,1157.0,912.0,7195.0,6784.0,2826.0,2919.0,3909.0,4143.0,2205.0,2422.0,3394.0,3220.0,1472.0,1845.0,669.0,632.0,1525.0,1693.0,779.0,978.0,1598.0,1223.0,1965.0,1697.0,4471.0,4509.0,1182.0,1087.0,5432.0,5427.0,5112.0,5332.0,504.0,882.0,6483.0,6417.0,8144.0,8559.0,6854.0,6624.0,3653.0,4518.0,4535.0,3685.0,655.0,769.0,617.0,391.0
NDARCW932EU6,2.875,3.088,2.686,2.388,3.2,3.097,2.418,2.333,3.221,3.442,3.331,3.562,3.332,3.213,3.046,3.068,3.174,3.328,3.214,3.299,2.93,2.762,2.584,2.597,3.098,3.059,2.61,2.558,2.872,2.825,3.26,3.03,3.076,2.918,3.148,3.388,2.952,3.022,3.13,3.122,2.819,2.972,2.238,2.193,2.592,2.503,2.611,3.092,3.047,3.029,2.95,2.893,3.141,3.123,2.763,2.875,3.329,3.308,2.785,2.82,3.263,3.347,3.168,3.18,3.576,4.093,3.163,2.74,1316.0,1123.0,565.0,830.0,2566.0,2676.0,1634.0,1849.0,543.0,359.0,295.0,267.0,3732.0,3347.0,6546.0,6974.0,4018.0,4417.0,3321.0,3220.0,1249.0,1094.0,5804.0,6245.0,3073.0,2746.0,3818.0,3482.0,1638.0,1914.0,4460.0,5045.0,1579.0,1766.0,690.0,693.0,1669.0,2229.0,831.0,981.0,1902.0,1748.0,1811.0,1574.0,4140.0,4522.0,1672.0,1205.0,5995.0,5912.0,4641.0,4565.0,604.0,908.0,6729.0,6530.0,8615.0,8003.0,6337.0,7087.0,4700.0,4957.0,4748.0,3694.0,469.0,387.0,498.0,396.0
NDARCW946WNE,2.971,3.047,2.294,2.688,2.995,2.759,2.529,2.338,2.913,3.258,1.932,1.778,2.93,3.116,3.038,3.06,2.834,2.893,3.152,3.175,2.593,2.577,2.652,2.656,2.558,2.528,2.517,2.578,2.047,2.46,2.977,3.216,2.948,3.202,3.367,3.073,2.632,2.784,2.658,2.564,2.222,2.618,2.357,2.316,2.677,2.621,2.641,2.752,2.95,3.058,2.831,2.953,2.606,2.565,1.836,2.154,2.911,2.824,2.831,2.664,3.049,3.136,3.064,3.14,3.202,3.548,2.901,2.731,1132.0,1134.0,583.0,996.0,2388.0,2175.0,1976.0,1927.0,489.0,499.0,381.0,391.0,4060.0,3485.0,5935.0,6515.0,3223.0,3707.0,2787.0,2246.0,1264.0,1220.0,6175.0,6417.0,2996.0,3184.0,4637.0,4226.0,1822.0,2263.0,4052.0,4371.0,1702.0,1656.0,684.0,703.0,1641.0,2103.0,1015.0,1141.0,1704.0,1814.0,2306.0,2198.0,5006.0,4301.0,1512.0,1326.0,5057.0,5195.0,5234.0,5409.0,724.0,1064.0,6802.0,5989.0,8633.0,8183.0,6419.0,5824.0,4816.0,4688.0,4936.0,4223.0,494.0,574.0,489.0,417.0
NDARCX021XWF,2.468,3.138,2.351,2.418,3.037,2.986,2.361,2.35,3.967,3.559,3.236,3.196,3.082,2.964,2.799,2.886,3.108,2.884,3.177,3.164,2.918,2.78,2.44,2.509,3.137,2.942,2.457,2.382,2.972,2.9,3.24,3.22,2.717,2.701,3.082,2.982,2.994,3.076,3.351,3.059,2.976,2.94,2.158,2.195,2.549,2.43,2.598,2.7,2.99,3.042,2.667,2.677,3.243,3.106,2.811,2.752,3.133,3.105,2.564,2.534,3.507,3.239,2.987,3.096,3.859,3.695,2.981,2.828,1683.0,1184.0,699.0,917.0,3101.0,2700.0,1596.0,1539.0,405.0,432.0,331.0,273.0,3708.0,3513.0,5905.0,6604.0,3838.0,3680.0,2913.0,2685.0,1149.0,1024.0,6225.0,6788.0,2765.0,3042.0,4079.0,4374.0,1761.0,1992.0,4190.0,4213.0,1709.0,1946.0,734.0,659.0,1457.0,1717.0,866.0,864.0,1617.0,1586.0,1849.0,1694.0,4719.0,4534.0,1623.0,1275.0,5362.0,5529.0,4315.0,4266.0,805.0,1078.0,7839.0,7284.0,9794.0,9457.0,6052.0,6254.0,4106.0,4600.0,5125.0,3988.0,468.0,557.0,407.0,334.0
NDARCX053GU5,3.254,3.36,2.73,2.908,3.299,2.989,2.549,2.535,2.918,2.204,2.769,3.007,2.997,2.945,3.112,3.157,2.985,2.989,3.424,3.597,2.167,2.395,2.515,2.578,3.031,2.968,2.62,2.642,2.871,3.15,3.449,3.247,3.43,3.36,3.061,3.16,3.549,3.29,2.674,2.814,3.048,3.209,2.729,2.434,2.745,2.783,3.104,2.779,3.198,3.147,3.089,3.13,2.967,2.532,2.91,3.126,3.238,3.256,3.064,2.989,3.482,3.122,3.096,3.255,2.831,2.797,3.051,3.107,1209.0,754.0,407.0,565.0,1816.0,1655.0,1335.0,1190.0,513.0,364.0,501.0,412.0,2871.0,2725.0,4242.0,5211.0,3200.0,2979.0,2091.0,2130.0,932.0,815.0,5237.0,4632.0,1915.0,1955.0,2623.0,2225.0,1840.0,1462.0,3319.0,3028.0,1341.0,1431.0,502.0,534.0,1119.0,1273.0,378.0,665.0,1244.0,1053.0,1239.0,1099.0,3883.0,4306.0,1096.0,1085.0,4443.0,4148.0,3877.0,3789.0,356.0,408.0,4972.0,4046.0,7202.0,6664.0,5423.0,4972.0,3526.0,3760.0,4578.0,3944.0,622.0,505.0,469.0,391.0
NDARCZ388PF5,3.154,3.109,2.886,2.482,2.997,3.217,2.653,2.536,3.328,3.565,2.828,3.056,3.209,3.184,2.923,2.983,3.078,2.99,3.457,3.44,2.283,2.391,2.567,2.571,3.354,3.036,2.766,2.821,2.862,3.08,3.271,3.06,3.372,3.24,3.396,3.722,3.175,3.083,3.265,3.224,3.01,2.947,2.424,2.34,2.471,2.477,2.812,2.991,2.993,2.996,2.974,2.959,2.704,2.984,2.883,3.005,3.467,3.385,2.652,2.807,3.489,3.323,3.043,2.994,3.387,3.95,2.813,2.986,971.0,825.0,419.0,513.0,2169.0,1852.0,1112.0,1197.0,472.0,317.0,638.0,409.0,2654.0,2610.0,3518.0,4464.0,2999.0,2695.0,2075.0,1763.0,912.0,647.0,4538.0,4706.0,1940.0,2129.0,2489.0,2664.0,1930.0,1668.0,2946.0,2707.0,1388.0,1380.0,431.0,462.0,1291.0,1260.0,655.0,706.0,1497.0,1223.0,1127.0,936.0,3519.0,3497.0,1068.0,924.0,4900.0,4806.0,3421.0,3742.0,327.0,452.0,5101.0,5023.0,6600.0,6276.0,5525.0,4945.0,3399.0,3708.0,3446.0,3385.0,578.0,548.0,534.0,402.0
NDARCZ947WU5,2.945,3.097,2.974,2.51,2.809,3.187,2.515,2.467,3.179,3.696,3.07,3.039,3.213,3.076,2.956,3.123,3.268,3.337,3.576,3.228,2.425,2.407,2.459,2.839,3.235,3.115,2.575,2.513,2.91,3.008,3.466,3.275,3.195,3.153,2.924,3.241,3.317,3.01,3.068,2.943,3.272,3.074,2.078,2.111,2.637,2.681,2.579,2.771,3.145,3.088,3.029,3.054,3.04,3.462,3.001,2.836,3.317,3.386,2.922,2.891,3.312,3.352,2.978,2.828,3.521,3.7,2.997,3.348,795.0,1226.0,960.0,681.0,3154.0,2853.0,2046.0,1984.0,630.0,643.0,427.0,474.0,3304.0,3547.0,4854.0,5656.0,3566.0,3785.0,2652.0,2816.0,1174.0,948.0,6164.0,6764.0,2845.0,2641.0,3446.0,3746.0,2309.0,2465.0,3898.0,2944.0,1528.0,1631.0,628.0,702.0,1426.0,2239.0,841.0,951.0,1897.0,1573.0,1974.0,1995.0,4487.0,4649.0,1101.0,1395.0,6046.0,5609.0,4652.0,4902.0,565.0,1101.0,6840.0,6324.0,7999.0,8276.0,5718.0,6051.0,4531.0,4787.0,5329.0,4368.0,797.0,634.0,644.0,376.0
NDARDA472JE3,2.77,3.223,2.588,2.695,3.112,3.238,2.287,2.532,3.155,3.652,3.284,3.236,3.136,3.069,2.889,2.928,3.001,3.117,3.307,3.374,2.361,2.558,2.517,2.736,3.112,2.952,2.523,2.67,3.062,3.162,3.278,3.178,3.137,3.023,2.944,2.964,3.213,3.247,3.007,2.983,3.149,3.125,2.173,2.224,2.585,2.502,2.879,2.565,2.928,2.958,2.951,2.96,2.934,3.24,2.916,2.823,3.189,3.309,2.756,2.78,3.366,3.238,2.983,3.138,3.114,3.359,3.022,3.308,1393.0,907.0,735.0,633.0,2372.0,1845.0,1120.0,1380.0,444.0,390.0,545.0,419.0,2674.0,2907.0,5348.0,5956.0,3081.0,3359.0,2442.0,2216.0,932.0,731.0,4404.0,4784.0,2589.0,2433.0,2776.0,2598.0,1902.0,2276.0,3684.0,3233.0,1558.0,1692.0,546.0,573.0,1649.0,1478.0,652.0,769.0,2074.0,1353.0,1154.0,1008.0,4316.0,3891.0,1173.0,1192.0,5173.0,5603.0,4132.0,4456.0,395.0,615.0,6366.0,5603.0,9218.0,7767.0,4918.0,4987.0,4177.0,4326.0,3737.0,3606.0,617.0,608.0,548.0,435.0
NDARDA516MNY,3.273,3.145,3.155,2.719,3.149,3.223,2.508,2.461,4.048,4.132,3.4,3.413,3.25,3.107,3.155,3.135,3.332,3.268,3.593,3.63,2.714,3.084,2.822,2.746,3.329,3.289,2.688,2.649,2.981,3.113,3.552,3.497,3.354,3.134,3.078,3.025,3.315,3.192,3.477,3.454,3.248,3.2,2.247,2.14,2.935,2.83,2.813,2.758,3.205,3.291,3.089,3.07,3.519,3.443,3.069,2.974,3.386,3.377,2.918,2.907,3.506,3.483,3.033,3.284,4.048,4.299,3.141,3.116,1202.0,1132.0,801.0,628.0,2553.0,1758.0,1309.0,1221.0,279.0,268.0,317.0,276.0,2569.0,2952.0,5103.0,7037.0,3499.0,3416.0,2056.0,2169.0,1170.0,1165.0,5024.0,5299.0,2360.0,2464.0,3180.0,2731.0,1840.0,1915.0,3661.0,3599.0,1507.0,1475.0,679.0,598.0,1124.0,1241.0,586.0,729.0,1318.0,1067.0,1236.0,1147.0,4172.0,3790.0,1111.0,1189.0,4718.0,5045.0,3962.0,4354.0,544.0,912.0,6095.0,5698.0,7408.0,7678.0,5473.0,5091.0,3785.0,3944.0,3910.0,3035.0,376.0,317.0,452.0,345.0
NDARDA573XGG,2.71,2.779,2.758,2.297,3.157,3.0,2.323,2.262,3.357,2.972,2.617,2.768,3.023,3.023,2.707,2.665,2.862,2.796,3.093,3.291,2.451,2.414,2.327,2.402,2.946,2.924,2.323,2.326,2.759,2.713,2.94,2.936,2.962,2.906,2.915,2.578,3.062,3.041,3.035,2.874,2.824,2.984,2.267,2.248,2.493,2.402,2.653,2.664,2.972,3.04,2.644,2.64,2.968,2.882,2.726,2.741,3.332,3.297,2.455,2.537,3.044,3.166,2.806,2.793,3.742,3.54,3.029,2.911,1030.0,681.0,531.0,500.0,1954.0,1530.0,1685.0,1546.0,331.0,313.0,356.0,409.0,2516.0,3093.0,3589.0,5558.0,3258.0,3576.0,2341.0,2281.0,752.0,714.0,4682.0,4396.0,2244.0,2237.0,3355.0,3180.0,1549.0,1842.0,3066.0,3002.0,1177.0,1356.0,711.0,700.0,1263.0,1384.0,688.0,864.0,1640.0,1279.0,1571.0,1512.0,3836.0,3814.0,989.0,987.0,3956.0,4013.0,3583.0,3452.0,410.0,505.0,5148.0,4649.0,6382.0,6357.0,4396.0,4282.0,3476.0,3282.0,3997.0,3148.0,602.0,420.0,371.0,348.0
NDARDA656RBN,3.093,3.143,2.993,2.881,3.281,3.067,2.588,2.474,3.672,3.846,3.447,3.384,3.26,3.183,3.227,3.302,3.314,3.306,3.538,3.443,2.569,2.53,2.749,2.862,3.413,3.22,2.716,2.629,3.149,3.223,3.604,3.522,3.148,3.17,3.426,3.234,3.266,3.327,3.436,3.519,3.197,3.221,2.464,2.526,2.79,2.818,2.727,2.655,3.114,3.18,3.037,3.049,3.406,3.4,3.039,3.079,3.464,3.493,2.957,2.944,3.406,3.418,3.207,3.209,4.08,4.468,3.002,3.153,1292.0,1414.0,854.0,787.0,2515.0,2772.0,1626.0,1659.0,568.0,426.0,369.0,340.0,3544.0,3952.0,5987.0,7544.0,4086.0,4354.0,2579.0,2476.0,1444.0,1106.0,6275.0,5555.0,2940.0,3169.0,3102.0,2855.0,2339.0,2017.0,4572.0,4504.0,1359.0,1766.0,706.0,696.0,1327.0,1472.0,981.0,901.0,1430.0,1261.0,1617.0,1368.0,5164.0,4499.0,1594.0,1436.0,6172.0,5923.0,5189.0,5283.0,833.0,927.0,6862.0,7036.0,8705.0,8810.0,6600.0,6642.0,4274.0,4603.0,5042.0,4997.0,433.0,417.0,542.0,367.0
NDARDA665DRH,3.077,3.009,2.227,2.409,2.919,3.104,2.782,2.604,3.119,3.435,3.352,3.468,3.093,2.964,2.845,2.795,2.941,2.926,3.467,3.521,2.435,2.236,2.571,2.601,3.173,3.03,2.461,2.53,3.01,3.009,2.963,3.142,2.916,2.843,2.931,3.056,2.989,3.14,3.226,3.137,3.137,3.054,2.243,2.287,2.436,2.534,2.668,2.828,2.963,2.956,2.97,2.805,2.946,2.943,2.967,2.972,3.179,3.226,2.606,2.647,3.231,3.28,2.892,2.895,3.432,3.536,3.268,2.761,982.0,864.0,450.0,549.0,1402.0,1475.0,1296.0,1516.0,546.0,662.0,493.0,407.0,2761.0,3085.0,3892.0,4167.0,3440.0,2727.0,2090.0,1930.0,952.0,759.0,4743.0,5278.0,2047.0,2169.0,2866.0,3268.0,1895.0,1717.0,3127.0,2679.0,1356.0,1803.0,585.0,602.0,987.0,1196.0,632.0,764.0,1463.0,1108.0,1622.0,1530.0,4322.0,3704.0,1059.0,994.0,4368.0,5005.0,4037.0,4075.0,505.0,484.0,5758.0,5500.0,7881.0,7364.0,4804.0,4452.0,3407.0,3965.0,4104.0,3520.0,740.0,651.0,518.0,330.0
NDARDB146NWY,2.875,3.066,2.838,2.95,3.154,3.268,2.292,2.413,3.229,3.502,3.095,3.181,3.153,3.057,2.83,3.065,2.96,2.921,3.534,3.403,2.081,2.287,2.315,2.557,3.263,2.979,2.66,2.531,2.959,3.056,3.364,3.335,3.127,3.106,3.053,3.251,3.193,3.325,3.169,3.276,2.941,2.97,2.406,2.17,2.615,2.737,3.127,2.906,3.174,3.033,2.791,3.013,3.321,2.966,3.007,2.974,3.434,3.329,2.714,2.741,3.338,3.2,3.095,3.071,3.468,3.448,3.014,3.028,942.0,1018.0,446.0,543.0,2581.0,2327.0,1413.0,1425.0,343.0,353.0,540.0,428.0,2459.0,2609.0,3916.0,5362.0,2406.0,2799.0,2063.0,1854.0,918.0,960.0,5751.0,5233.0,2003.0,2313.0,3538.0,3155.0,1847.0,1816.0,2922.0,2743.0,1501.0,1630.0,365.0,419.0,1623.0,1322.0,733.0,762.0,1331.0,971.0,1495.0,1363.0,3839.0,3922.0,1160.0,1298.0,4687.0,5090.0,3670.0,4101.0,450.0,381.0,6272.0,5659.0,7667.0,6427.0,5293.0,5278.0,3189.0,3677.0,3675.0,3358.0,464.0,502.0,523.0,428.0
NDARDB161LU6,2.905,3.159,3.013,3.309,3.153,3.194,2.364,2.362,3.423,3.692,3.393,3.903,3.093,3.037,3.174,2.92,3.262,3.083,3.49,3.319,2.781,2.857,2.636,2.707,2.987,3.371,2.633,2.489,3.445,3.028,3.126,3.207,2.97,3.152,3.062,2.934,3.135,3.021,3.022,3.034,3.063,3.102,2.169,2.099,2.469,2.629,3.22,2.926,2.966,2.944,3.123,3.036,3.622,3.345,2.959,2.963,3.366,3.47,2.781,2.894,3.248,3.2,3.105,2.921,3.798,4.381,3.162,2.956,1488.0,1251.0,813.0,629.0,3187.0,3085.0,1588.0,1512.0,574.0,682.0,363.0,288.0,3566.0,3902.0,5806.0,7003.0,3913.0,3973.0,2494.0,2512.0,1262.0,944.0,4756.0,4932.0,3085.0,2548.0,2678.0,2822.0,2258.0,1734.0,4186.0,4278.0,1654.0,2003.0,630.0,693.0,1781.0,1820.0,819.0,1019.0,1991.0,1610.0,1649.0,1841.0,4912.0,4475.0,1165.0,1747.0,6370.0,5970.0,4258.0,4147.0,753.0,851.0,7492.0,7415.0,9904.0,9363.0,6305.0,6421.0,4314.0,5120.0,4603.0,5214.0,606.0,542.0,547.0,375.0
NDARDB804YHE,2.801,2.986,2.788,2.433,2.802,2.74,2.036,2.175,3.45,3.921,3.347,3.319,2.997,2.971,2.821,2.796,3.054,3.086,3.396,3.324,2.275,2.498,2.322,2.381,3.085,3.088,2.32,2.39,2.868,2.741,3.25,3.271,2.738,2.82,2.892,2.698,2.953,2.807,3.126,3.104,2.8,2.78,1.769,1.834,2.292,2.232,2.716,2.621,2.734,2.757,2.807,2.711,3.047,2.997,2.748,2.794,3.064,3.067,2.457,2.576,3.247,3.229,2.796,2.835,3.887,3.57,2.659,2.48,1008.0,862.0,732.0,696.0,1872.0,1574.0,1513.0,1670.0,344.0,334.0,269.0,268.0,2987.0,2908.0,4084.0,5096.0,3100.0,3250.0,2143.0,2122.0,1053.0,949.0,4623.0,4389.0,2698.0,2604.0,2964.0,2879.0,1675.0,1970.0,3174.0,3033.0,1331.0,1590.0,609.0,548.0,1181.0,1272.0,708.0,884.0,1875.0,1497.0,1842.0,1501.0,3930.0,3586.0,1293.0,1310.0,4463.0,4564.0,3885.0,3945.0,567.0,731.0,6318.0,5530.0,7734.0,7520.0,5901.0,6061.0,3503.0,3779.0,4114.0,3421.0,497.0,509.0,464.0,350.0
NDARDC003YG7,2.307,2.913,2.494,2.513,3.125,3.171,2.299,2.493,3.268,4.269,3.28,3.323,2.974,3.061,2.906,2.988,3.172,3.085,3.274,3.442,2.561,2.728,2.658,2.834,3.084,3.082,2.499,2.582,2.564,2.776,3.32,2.901,3.099,3.178,3.17,3.119,3.21,3.019,3.174,3.247,3.019,2.933,2.21,2.285,2.671,2.818,2.627,2.622,3.174,2.975,2.969,2.919,3.165,3.01,2.917,2.835,3.285,3.344,2.797,2.763,3.147,3.017,3.161,3.185,3.33,3.946,3.006,3.039,858.0,879.0,602.0,670.0,2437.0,1965.0,1289.0,1382.0,429.0,239.0,277.0,241.0,3073.0,2906.0,3690.0,4748.0,3176.0,2365.0,2696.0,2529.0,927.0,918.0,4737.0,4299.0,3018.0,2730.0,2864.0,2641.0,1506.0,1644.0,3240.0,2315.0,1288.0,1273.0,653.0,708.0,1576.0,1611.0,824.0,1029.0,1860.0,1448.0,1506.0,1153.0,4553.0,3946.0,985.0,1174.0,5270.0,5728.0,3504.0,4146.0,597.0,741.0,6168.0,5750.0,6903.0,6215.0,5217.0,5357.0,3692.0,4946.0,4614.0,3640.0,421.0,435.0,473.0,370.0
NDARDC814WW2,2.598,3.116,3.211,2.933,3.11,3.15,2.497,2.396,3.189,3.327,3.222,3.219,3.122,3.06,3.032,2.985,3.285,3.132,3.276,3.459,2.596,2.436,2.636,2.791,3.061,2.899,2.57,2.513,2.729,2.84,3.215,3.106,2.972,3.099,3.189,3.018,3.033,3.17,3.206,3.267,3.12,2.823,2.371,2.52,2.709,2.684,2.822,2.886,3.154,2.934,2.77,2.807,2.843,3.325,2.95,2.885,3.436,3.382,2.711,2.764,3.352,3.312,2.887,3.021,4.22,4.019,2.953,3.137,1414.0,1008.0,1017.0,892.0,3037.0,2780.0,1231.0,1551.0,482.0,441.0,404.0,313.0,3468.0,3744.0,5050.0,6713.0,4166.0,5454.0,2746.0,2382.0,1363.0,1382.0,5157.0,5445.0,3134.0,3177.0,3555.0,2754.0,1800.0,2168.0,4316.0,4785.0,1699.0,1868.0,617.0,733.0,1732.0,1629.0,846.0,889.0,1613.0,1234.0,1510.0,1034.0,6169.0,4593.0,1671.0,1590.0,5097.0,6830.0,5487.0,5542.0,733.0,1034.0,7124.0,7059.0,8263.0,8582.0,7863.0,5406.0,4064.0,4318.0,4786.0,4756.0,458.0,539.0,436.0,377.0
NDARDC987BMU,2.471,2.897,2.704,2.7,2.95,2.922,2.141,2.241,3.246,3.417,2.258,2.591,2.848,2.778,2.575,2.637,2.732,2.718,2.991,3.115,2.27,2.51,2.254,2.317,2.852,2.803,2.333,2.178,2.69,2.645,2.909,2.849,2.918,2.985,2.939,2.879,2.887,2.957,2.817,2.706,2.697,2.754,2.353,2.231,2.508,2.471,2.604,2.757,2.929,3.102,2.56,2.621,3.208,2.963,2.39,2.493,3.0,3.001,2.397,2.511,3.143,3.021,2.58,2.705,3.264,3.798,2.639,2.674,1093.0,1160.0,653.0,698.0,2665.0,2586.0,1812.0,1607.0,575.0,708.0,353.0,317.0,3906.0,3654.0,6644.0,6826.0,3520.0,4300.0,2928.0,2785.0,1409.0,1204.0,6282.0,5794.0,3272.0,3164.0,3988.0,4016.0,1899.0,2239.0,4054.0,3917.0,1485.0,1760.0,640.0,787.0,1984.0,2111.0,746.0,1029.0,1943.0,1363.0,1748.0,1913.0,5219.0,4939.0,1257.0,1287.0,5856.0,5816.0,4836.0,4934.0,714.0,891.0,6026.0,6341.0,9404.0,9257.0,6693.0,6685.0,4297.0,4002.0,4157.0,4087.0,524.0,490.0,522.0,397.0
NDARDD073JKZ,3.04,3.038,2.895,2.641,2.999,3.325,2.491,2.268,3.215,3.798,3.49,3.622,3.178,3.239,3.038,3.155,3.35,3.242,3.538,3.333,2.606,2.623,2.637,2.607,3.163,3.245,2.515,2.552,2.646,2.702,3.34,3.402,3.182,3.093,3.111,3.453,3.19,3.091,3.164,3.218,2.996,3.044,2.046,2.269,2.734,2.848,2.618,2.612,3.178,3.028,3.04,3.003,3.121,3.108,3.026,2.977,3.347,3.321,2.771,2.817,3.408,3.545,3.11,3.142,3.863,4.263,3.025,2.981,1108.0,1435.0,1020.0,843.0,1908.0,2427.0,2096.0,1709.0,638.0,601.0,387.0,304.0,3946.0,4013.0,5238.0,7181.0,4673.0,4719.0,2901.0,3163.0,1279.0,1123.0,7629.0,5905.0,3277.0,3174.0,4083.0,3915.0,2082.0,2179.0,4537.0,4188.0,1599.0,1841.0,694.0,795.0,1491.0,2023.0,1106.0,1263.0,1944.0,2227.0,1940.0,1836.0,4658.0,4652.0,1384.0,1787.0,5353.0,4669.0,4125.0,4951.0,885.0,1093.0,9324.0,8222.0,10032.0,9354.0,6114.0,6289.0,4665.0,4851.0,4358.0,4824.0,537.0,573.0,556.0,404.0
NDARDD193HUP,2.351,2.87,2.929,2.638,2.988,3.15,2.366,2.302,3.985,3.759,3.186,3.214,2.987,3.011,2.815,2.772,3.134,2.992,3.297,3.31,2.62,2.212,2.506,2.527,2.898,3.071,2.397,2.464,2.761,2.699,3.102,2.947,2.867,2.881,3.465,3.375,3.043,2.949,3.312,3.144,2.972,2.689,2.153,2.219,2.504,2.545,2.8,2.801,2.996,3.049,2.679,2.732,3.11,3.086,2.836,2.842,3.165,3.146,2.435,2.587,3.311,3.007,2.945,2.849,3.872,4.275,2.673,3.133,1121.0,969.0,663.0,888.0,2928.0,2407.0,1760.0,1906.0,468.0,632.0,420.0,300.0,3393.0,3468.0,4932.0,6179.0,4260.0,3357.0,2538.0,2698.0,1256.0,973.0,6069.0,6067.0,3120.0,2762.0,3547.0,4001.0,1966.0,2362.0,4120.0,3362.0,1481.0,1542.0,582.0,882.0,1410.0,1429.0,907.0,1101.0,1871.0,1362.0,2115.0,1664.0,5069.0,4451.0,1385.0,1222.0,5607.0,6574.0,4204.0,4290.0,667.0,910.0,7895.0,7588.0,8792.0,8179.0,6005.0,6082.0,4174.0,4776.0,5032.0,4372.0,552.0,489.0,453.0,349.0
NDARDE319VD1,2.557,2.705,2.875,2.845,3.189,3.182,2.34,2.397,3.475,3.557,3.124,3.533,2.914,2.88,2.842,2.876,2.896,2.802,3.144,3.276,2.641,2.435,2.474,2.27,2.992,3.039,2.188,2.489,2.888,2.807,3.125,3.2,2.902,2.771,2.843,3.251,3.198,3.091,3.098,3.322,3.083,3.063,2.141,2.116,2.493,2.206,2.458,2.512,2.882,3.021,2.892,2.742,2.979,3.306,3.05,2.999,3.448,3.354,2.428,2.624,3.039,3.181,2.83,2.776,4.051,4.11,2.93,2.83,1233.0,1055.0,529.0,911.0,2669.0,2501.0,1625.0,1795.0,551.0,420.0,384.0,243.0,3646.0,3496.0,5400.0,6502.0,4163.0,4008.0,2976.0,2622.0,1002.0,838.0,5541.0,5784.0,2924.0,2684.0,3273.0,3302.0,1616.0,1943.0,3643.0,3596.0,1349.0,1806.0,702.0,683.0,1742.0,2640.0,758.0,1074.0,2182.0,1897.0,1948.0,1905.0,4840.0,4338.0,1234.0,1201.0,5173.0,5888.0,4046.0,4002.0,786.0,904.0,6755.0,6745.0,7587.0,7313.0,5822.0,6007.0,3168.0,3393.0,4494.0,3206.0,489.0,538.0,407.0,259.0
NDARDE681UEX,3.028,3.338,2.522,1.939,3.248,3.302,2.441,2.362,3.337,3.301,2.872,3.155,3.094,3.167,3.067,3.145,2.937,3.047,3.25,3.12,2.516,2.255,2.44,2.6,3.257,3.012,2.533,2.376,3.091,3.003,3.49,3.216,3.14,3.026,3.138,3.148,3.257,3.015,3.055,3.308,3.131,2.865,2.233,2.357,2.605,2.595,2.759,2.76,3.132,3.052,2.883,2.915,2.61,2.902,2.933,2.844,3.421,3.385,2.733,2.711,3.397,3.321,3.044,3.187,3.041,3.619,2.958,3.066,826.0,756.0,477.0,527.0,2402.0,1828.0,1201.0,1389.0,422.0,462.0,558.0,459.0,2730.0,2933.0,3661.0,5155.0,3185.0,3393.0,2567.0,2394.0,721.0,779.0,4631.0,4217.0,2343.0,2065.0,2997.0,2662.0,1550.0,1611.0,3184.0,3134.0,1473.0,1454.0,494.0,646.0,1536.0,1597.0,696.0,882.0,1507.0,1577.0,1455.0,1348.0,3479.0,3520.0,994.0,1066.0,4263.0,4323.0,3956.0,4055.0,330.0,569.0,5859.0,5290.0,6742.0,6759.0,5328.0,5797.0,3518.0,3716.0,4120.0,3801.0,661.0,584.0,512.0,351.0
NDARDH086ZKK,3.097,3.251,2.833,2.178,3.141,3.107,2.585,2.476,4.128,4.075,3.221,3.659,3.202,3.319,2.933,3.093,3.147,3.262,3.389,3.624,2.597,2.575,2.672,2.576,3.158,3.184,2.612,2.659,3.128,3.033,3.377,3.371,3.096,3.071,3.276,3.452,3.041,3.0,3.357,3.483,3.173,2.926,2.255,2.451,2.482,2.574,2.495,2.736,2.9,2.831,3.058,2.944,3.031,3.363,3.017,2.788,3.313,3.29,2.839,2.839,3.457,3.236,3.192,3.146,3.794,3.987,3.127,3.174,1042.0,840.0,708.0,668.0,2069.0,2208.0,1268.0,1449.0,324.0,357.0,357.0,242.0,2646.0,2678.0,3318.0,4632.0,3286.0,2816.0,2222.0,2097.0,905.0,967.0,4535.0,4386.0,2503.0,2272.0,3116.0,3150.0,1401.0,1849.0,3204.0,2926.0,1320.0,1303.0,614.0,595.0,1380.0,1463.0,735.0,792.0,1568.0,1441.0,1300.0,1250.0,3923.0,3908.0,1083.0,1198.0,4590.0,4510.0,3407.0,3811.0,634.0,662.0,6214.0,6335.0,7348.0,6770.0,5246.0,5252.0,3746.0,4211.0,3892.0,2833.0,469.0,402.0,439.0,350.0
NDARDH214UVC,3.03,3.086,2.551,2.477,3.083,3.117,2.613,2.62,3.558,3.737,2.98,3.277,3.226,3.324,2.932,2.876,3.135,3.21,3.677,3.484,2.15,2.481,2.518,2.676,3.041,3.202,2.608,2.431,2.991,3.005,3.078,3.464,3.088,2.95,3.207,2.984,3.059,3.098,3.061,3.171,3.215,3.028,2.28,2.177,2.611,2.571,2.767,2.779,2.942,2.84,2.559,2.777,3.082,3.327,2.868,2.908,3.164,3.246,2.788,2.51,3.206,3.196,3.004,2.936,3.302,3.634,3.114,3.385,1770.0,1101.0,547.0,897.0,3148.0,3123.0,2341.0,2508.0,336.0,407.0,621.0,538.0,3607.0,4041.0,5418.0,7479.0,3581.0,2792.0,2954.0,3092.0,1715.0,1471.0,8601.0,7225.0,2655.0,2748.0,4380.0,4101.0,2053.0,2226.0,4105.0,3642.0,1552.0,1815.0,813.0,917.0,1610.0,2083.0,830.0,1154.0,1891.0,2071.0,2269.0,1809.0,5226.0,4965.0,1467.0,1344.0,5580.0,6125.0,4851.0,5503.0,553.0,909.0,8662.0,7749.0,9433.0,9361.0,7266.0,7282.0,4419.0,4679.0,6742.0,4934.0,757.0,665.0,632.0,538.0
NDARDJ204EPU,2.761,3.045,2.627,2.559,2.883,2.884,2.065,1.999,3.765,3.288,2.908,3.378,2.868,2.939,2.707,2.723,3.193,3.15,3.326,3.501,2.544,2.559,2.247,2.328,2.935,2.931,2.062,2.255,2.857,2.537,3.033,3.169,2.791,2.663,2.937,3.411,2.969,2.81,3.147,2.936,2.985,2.986,2.007,1.96,2.38,2.435,2.506,2.593,2.796,2.831,2.629,2.441,3.032,2.877,2.704,2.659,3.082,3.013,2.561,2.612,3.116,3.197,2.854,2.915,4.265,3.875,2.975,2.707,1248.0,1009.0,499.0,725.0,2731.0,1735.0,1579.0,1632.0,446.0,368.0,275.0,289.0,3467.0,2981.0,4253.0,5262.0,3263.0,3453.0,2316.0,2390.0,1056.0,831.0,5491.0,4190.0,2384.0,2625.0,3123.0,2872.0,1933.0,1835.0,3577.0,3529.0,1210.0,1485.0,721.0,766.0,1304.0,1500.0,608.0,773.0,2007.0,1343.0,1884.0,1545.0,3705.0,3485.0,1023.0,1240.0,4579.0,4481.0,3906.0,3963.0,778.0,694.0,6117.0,5485.0,7311.0,6741.0,4914.0,4710.0,4534.0,4301.0,4016.0,4255.0,428.0,434.0,367.0,377.0
NDARDJ825GBP,2.576,2.546,2.496,2.56,2.736,2.71,2.109,2.055,3.282,2.888,3.089,3.041,2.802,2.816,2.67,2.54,2.877,3.02,3.178,3.135,2.524,2.555,2.29,2.403,2.912,2.832,2.142,2.248,2.705,2.821,3.101,2.946,2.658,2.494,2.668,2.907,2.649,2.941,2.98,2.811,2.656,2.746,1.992,1.814,2.338,2.327,2.512,2.8,2.661,2.701,2.684,2.625,3.02,3.413,2.628,2.622,2.941,2.854,2.399,2.449,3.136,3.052,2.741,2.781,3.863,3.68,2.653,2.707,1043.0,1192.0,700.0,1117.0,3131.0,2494.0,1678.0,1816.0,450.0,383.0,373.0,330.0,3266.0,3859.0,4946.0,5176.0,3018.0,3689.0,2523.0,2430.0,1106.0,1030.0,5552.0,5330.0,2742.0,2762.0,3330.0,3075.0,1873.0,1846.0,4121.0,3565.0,1367.0,1290.0,742.0,773.0,1442.0,1703.0,662.0,887.0,1625.0,1453.0,1857.0,1592.0,4438.0,4437.0,1089.0,1396.0,5189.0,4766.0,3954.0,4115.0,690.0,839.0,7075.0,6621.0,8143.0,7167.0,5683.0,5603.0,5168.0,4725.0,4197.0,4349.0,495.0,471.0,586.0,501.0
NDARDK983BDA,2.521,2.574,3.048,2.965,2.701,2.841,1.907,1.833,3.833,3.759,2.681,2.938,2.812,2.764,2.46,2.459,2.819,2.898,3.154,2.984,2.162,2.089,2.048,2.244,2.796,2.807,2.161,2.156,2.678,2.637,2.918,2.902,2.458,2.556,2.657,2.706,2.827,2.919,2.732,2.882,2.608,2.545,1.862,1.898,2.102,2.118,2.604,2.573,2.706,2.72,2.406,2.448,3.256,3.137,2.506,2.509,2.894,2.86,2.274,2.24,2.89,2.886,2.509,2.604,3.61,3.733,2.624,2.507,1014.0,1005.0,585.0,844.0,2124.0,1930.0,1613.0,1717.0,312.0,281.0,324.0,245.0,3372.0,3450.0,5581.0,6563.0,3229.0,3334.0,2735.0,2571.0,1144.0,976.0,5742.0,5303.0,3096.0,2881.0,3306.0,2872.0,1677.0,1984.0,3697.0,4268.0,1271.0,1851.0,690.0,738.0,1483.0,1490.0,862.0,1012.0,1755.0,1614.0,1685.0,1441.0,4016.0,3839.0,1274.0,1420.0,4939.0,4498.0,3888.0,4283.0,570.0,828.0,6855.0,7189.0,7610.0,7265.0,5999.0,5588.0,4685.0,5342.0,4210.0,4078.0,486.0,530.0,546.0,402.0
NDARDL377ZT7,2.888,2.892,2.668,2.387,2.907,2.977,2.26,2.251,3.356,3.687,3.298,3.036,3.138,3.078,2.837,2.945,3.189,3.019,3.249,3.277,2.488,2.713,2.492,2.452,3.181,3.148,2.441,2.351,2.883,2.94,3.221,3.101,2.849,2.787,3.22,3.246,3.038,3.156,3.142,3.093,2.783,2.817,2.24,2.065,2.504,2.492,2.795,2.694,2.944,2.955,2.811,2.746,2.982,3.122,2.817,2.816,3.166,3.056,2.652,2.635,3.213,3.266,2.773,2.826,3.985,4.079,2.975,2.937,1120.0,1264.0,702.0,890.0,2365.0,2233.0,1591.0,1670.0,489.0,457.0,339.0,287.0,3794.0,3534.0,6320.0,7409.0,4280.0,4472.0,3029.0,3068.0,1227.0,1034.0,5128.0,4459.0,2770.0,2598.0,2990.0,3236.0,1730.0,2137.0,3987.0,3989.0,1606.0,1659.0,699.0,763.0,1383.0,1666.0,811.0,973.0,1808.0,1389.0,1416.0,1244.0,5154.0,5205.0,1516.0,1686.0,5051.0,5346.0,3855.0,4418.0,551.0,883.0,8071.0,7282.0,8513.0,8238.0,5587.0,5749.0,3970.0,4716.0,4132.0,4634.0,458.0,530.0,499.0,380.0
NDARDL511UND,3.01,2.582,2.691,2.86,2.954,2.912,2.352,2.411,3.266,3.249,2.938,2.661,2.944,2.971,2.76,2.753,2.849,2.774,3.247,3.315,2.489,2.598,2.284,2.468,3.062,2.856,2.396,2.504,2.781,2.71,3.073,3.112,2.978,2.976,2.823,3.178,3.077,3.115,3.039,3.016,2.958,3.013,2.089,2.099,2.38,2.294,2.969,2.653,2.826,3.004,2.985,2.911,3.15,2.719,2.902,2.801,3.133,3.05,2.509,2.441,3.098,3.164,2.941,2.654,2.904,3.229,2.734,2.705,974.0,999.0,647.0,600.0,2631.0,1842.0,1749.0,2151.0,738.0,414.0,643.0,489.0,3720.0,4489.0,5080.0,6147.0,3745.0,3791.0,2367.0,2463.0,1195.0,1130.0,6633.0,6713.0,2900.0,2823.0,3711.0,3256.0,2326.0,2398.0,4272.0,3490.0,1696.0,1774.0,483.0,666.0,1776.0,2143.0,751.0,1021.0,2313.0,1371.0,1920.0,1633.0,5249.0,5371.0,1306.0,1181.0,5508.0,6189.0,4668.0,5242.0,309.0,815.0,7643.0,6436.0,8653.0,8503.0,7362.0,8254.0,4232.0,4516.0,4753.0,4683.0,899.0,712.0,569.0,544.0
NDARDM119WB1,2.828,3.211,2.875,2.728,3.072,3.35,2.655,2.585,3.515,3.982,3.342,3.429,3.399,3.389,3.091,3.225,3.303,3.297,3.427,3.505,2.842,2.612,2.698,2.924,3.329,3.293,2.759,2.597,3.117,3.177,3.642,3.214,3.068,2.914,3.257,3.336,3.206,3.214,3.421,3.421,3.322,3.257,2.406,2.412,2.624,2.644,2.74,3.01,3.052,3.081,3.048,2.989,3.426,3.482,3.047,3.01,3.34,3.296,2.889,2.996,3.497,3.335,3.258,3.224,4.129,4.324,3.124,3.223,1376.0,1142.0,797.0,854.0,2987.0,2875.0,1978.0,2010.0,674.0,502.0,321.0,286.0,3788.0,3925.0,6345.0,6238.0,3881.0,4404.0,2626.0,2776.0,1147.0,1228.0,7050.0,6863.0,3555.0,3332.0,3571.0,3693.0,2227.0,2393.0,4400.0,4576.0,1626.0,1875.0,700.0,661.0,1421.0,1957.0,946.0,995.0,1641.0,1545.0,1803.0,1583.0,4979.0,4679.0,1599.0,1099.0,6472.0,6075.0,5742.0,6502.0,649.0,1309.0,7686.0,7682.0,8530.0,8286.0,8247.0,8154.0,4442.0,4810.0,5126.0,5371.0,494.0,504.0,505.0,368.0
NDARDM425CG2,2.65,2.754,2.494,2.279,2.695,2.74,2.11,2.205,3.477,3.256,2.93,2.885,2.803,2.757,2.628,2.693,2.921,2.872,3.138,3.212,2.116,2.379,2.385,2.479,3.025,2.987,2.178,2.162,2.821,2.794,2.97,3.055,2.427,2.369,3.051,3.193,2.8,2.712,3.29,2.904,2.69,2.752,2.099,1.786,2.579,2.55,2.585,2.711,2.266,2.29,2.506,2.45,2.772,2.964,2.649,2.701,2.853,2.907,2.361,2.333,2.946,2.89,2.773,2.765,3.664,3.675,2.546,2.736,823.0,776.0,558.0,649.0,2420.0,1983.0,1465.0,1533.0,437.0,524.0,278.0,263.0,3302.0,3530.0,3540.0,4548.0,3153.0,2953.0,2150.0,2146.0,849.0,835.0,4535.0,4933.0,2066.0,1894.0,2470.0,2579.0,1448.0,1580.0,3182.0,2730.0,1719.0,1472.0,575.0,635.0,1572.0,1864.0,636.0,904.0,1899.0,1451.0,1351.0,1283.0,3487.0,2862.0,1235.0,1105.0,5377.0,5016.0,2936.0,4056.0,597.0,787.0,5361.0,7342.0,7818.0,8630.0,4195.0,4600.0,3298.0,3406.0,3158.0,2757.0,421.0,476.0,383.0,286.0
NDARDN089RX5,2.952,3.152,2.748,2.846,3.212,3.259,2.658,2.557,3.737,3.874,3.644,3.859,3.293,3.331,3.252,3.239,3.337,3.206,3.409,3.399,2.799,2.618,2.669,2.711,3.413,3.383,2.699,2.817,3.154,3.21,3.676,3.412,3.248,3.209,3.151,3.15,3.23,3.167,3.53,3.468,3.22,3.303,2.311,2.353,3.004,2.911,2.715,2.671,3.136,3.157,3.109,3.169,3.059,3.313,2.973,3.094,3.491,3.416,2.942,2.992,3.429,3.385,3.227,3.274,4.246,4.304,3.461,3.226,817.0,993.0,603.0,582.0,2383.0,1831.0,1460.0,1630.0,462.0,411.0,289.0,262.0,3239.0,3332.0,4846.0,5102.0,3006.0,3675.0,2214.0,2492.0,1131.0,1042.0,5805.0,5657.0,2638.0,2464.0,2741.0,2797.0,1848.0,1944.0,3633.0,3741.0,1198.0,1472.0,666.0,620.0,1351.0,1441.0,758.0,951.0,1858.0,1491.0,1146.0,1157.0,4411.0,4050.0,1246.0,1329.0,4968.0,5146.0,4104.0,3828.0,485.0,588.0,7137.0,6011.0,7661.0,7493.0,5562.0,4952.0,3784.0,3689.0,3186.0,3446.0,422.0,381.0,376.0,304.0
NDARDN393BJH,3.03,2.971,2.878,2.764,3.112,3.137,2.315,2.421,3.536,3.638,3.351,3.526,3.144,3.149,3.032,2.935,3.345,3.352,3.451,3.579,2.683,2.592,2.575,2.462,3.273,3.233,2.431,2.408,2.58,2.871,3.436,3.46,2.933,2.982,3.14,3.078,3.155,3.194,3.321,3.231,3.025,3.003,2.155,1.985,2.751,2.615,2.794,2.989,3.057,3.026,2.965,2.967,2.929,2.963,2.804,2.926,3.283,3.439,2.685,2.743,3.413,3.268,3.018,3.068,3.602,3.978,2.992,2.932,1484.0,947.0,750.0,593.0,2044.0,2488.0,1674.0,1682.0,477.0,462.0,246.0,256.0,3559.0,3189.0,5694.0,7514.0,4115.0,3249.0,2789.0,2315.0,1173.0,921.0,5230.0,6461.0,2798.0,3011.0,2999.0,3503.0,1567.0,1750.0,3926.0,3279.0,1651.0,1709.0,676.0,722.0,1731.0,1563.0,786.0,1035.0,1933.0,1529.0,1635.0,1780.0,5267.0,4142.0,1166.0,1216.0,5559.0,5692.0,4673.0,4796.0,677.0,867.0,5963.0,6460.0,8328.0,7340.0,7010.0,6932.0,3781.0,4285.0,4344.0,3825.0,483.0,430.0,476.0,378.0
NDARDN489EXJ,2.845,3.037,2.528,2.453,3.272,3.472,2.408,2.315,3.218,3.49,2.686,2.637,3.076,3.126,2.967,3.07,3.057,2.978,3.388,3.315,2.429,2.589,2.476,2.614,3.047,2.923,2.504,2.443,2.722,2.926,3.461,3.245,2.854,3.148,3.113,3.172,3.348,3.359,2.976,3.052,3.124,3.231,2.412,2.443,2.524,2.706,2.924,3.011,3.169,3.111,2.847,2.866,2.68,3.06,2.776,2.617,3.373,3.403,2.785,2.646,3.241,3.111,2.965,3.166,3.298,3.47,3.007,3.282,946.0,902.0,547.0,568.0,2036.0,1668.0,1334.0,1558.0,414.0,338.0,429.0,469.0,2863.0,3183.0,4373.0,4940.0,3162.0,3339.0,2762.0,2623.0,924.0,848.0,5606.0,4958.0,2397.0,2700.0,3023.0,2919.0,1930.0,2213.0,3607.0,3367.0,1223.0,1517.0,689.0,757.0,1280.0,1521.0,655.0,893.0,1822.0,1539.0,1655.0,1327.0,3961.0,3371.0,1133.0,1090.0,4619.0,4670.0,4268.0,4344.0,372.0,607.0,5725.0,5231.0,7070.0,6835.0,5409.0,5316.0,3473.0,3778.0,3558.0,3455.0,666.0,540.0,644.0,384.0
NDARDR240WKM,2.998,3.108,3.133,2.662,3.241,2.99,2.447,2.329,3.549,3.427,3.122,3.25,3.19,3.153,2.989,3.104,3.058,3.194,3.27,3.386,2.429,2.43,2.598,2.525,3.325,3.179,2.342,2.506,3.078,3.072,3.369,3.399,3.168,3.293,3.257,3.067,3.12,3.135,3.409,3.231,2.931,3.083,1.952,2.176,2.67,2.65,2.727,2.571,3.099,3.124,2.942,3.024,3.211,3.174,2.842,2.859,3.359,3.382,2.812,2.926,3.322,3.399,3.189,3.101,3.985,4.247,3.196,3.042,1073.0,761.0,580.0,619.0,2248.0,2218.0,1203.0,1257.0,384.0,382.0,318.0,233.0,3099.0,2843.0,4257.0,5304.0,4316.0,4138.0,2497.0,2212.0,1174.0,975.0,4358.0,4652.0,2513.0,2467.0,2511.0,2500.0,1535.0,1942.0,3939.0,3422.0,1154.0,1614.0,512.0,568.0,1160.0,1217.0,715.0,848.0,1382.0,1041.0,1069.0,950.0,4060.0,3592.0,1380.0,1342.0,5044.0,5099.0,3537.0,3684.0,554.0,854.0,5799.0,5453.0,8023.0,7432.0,5373.0,4744.0,3487.0,3650.0,4785.0,3778.0,506.0,445.0,403.0,305.0
NDARDR304HHJ,2.959,3.017,2.535,2.399,3.061,3.012,2.362,2.4,3.854,3.758,3.812,3.548,3.171,3.057,3.036,3.019,3.28,3.103,3.534,3.504,2.546,2.701,2.593,2.585,3.15,3.095,2.308,2.442,2.831,2.842,3.211,3.166,2.911,2.98,3.193,3.68,3.204,2.988,3.06,3.335,3.186,2.934,2.012,2.108,2.604,2.623,2.474,2.411,3.094,2.974,2.837,2.974,3.152,3.124,2.986,2.894,3.263,3.353,2.838,2.887,3.489,3.265,3.198,3.076,4.19,4.386,3.155,3.234,909.0,975.0,993.0,839.0,2349.0,2753.0,2013.0,1910.0,713.0,455.0,319.0,302.0,3498.0,3377.0,3819.0,5172.0,4054.0,3964.0,2487.0,2345.0,1071.0,1050.0,5002.0,4946.0,3002.0,2951.0,3021.0,2759.0,2116.0,2047.0,3804.0,3286.0,1459.0,1638.0,548.0,683.0,1693.0,1769.0,942.0,1003.0,2075.0,1840.0,1687.0,1426.0,4434.0,4114.0,1513.0,1638.0,5372.0,5229.0,4299.0,4605.0,686.0,717.0,7717.0,7449.0,9464.0,8651.0,5427.0,5084.0,3834.0,4068.0,4734.0,4305.0,478.0,466.0,492.0,336.0
NDARDR439HY2,2.926,3.242,3.002,2.723,3.153,3.148,2.325,2.438,3.664,3.928,3.034,3.244,3.277,3.228,2.986,2.981,3.297,3.216,3.392,3.368,2.453,2.715,2.729,2.635,3.186,3.171,2.383,2.521,2.771,3.039,3.527,3.383,2.981,3.013,3.081,3.297,3.243,3.22,3.102,3.713,3.187,3.06,2.088,2.154,2.784,2.647,2.82,2.57,3.171,3.224,2.828,2.875,3.329,3.449,2.977,2.965,3.332,3.356,2.67,2.747,3.611,3.457,3.074,3.098,4.189,4.652,3.073,3.238,957.0,1175.0,753.0,699.0,1860.0,2273.0,1471.0,1484.0,460.0,352.0,315.0,234.0,2533.0,2838.0,4400.0,6059.0,2837.0,2867.0,2450.0,2347.0,936.0,846.0,4346.0,4503.0,2646.0,2277.0,2570.0,2739.0,1808.0,1980.0,3472.0,2965.0,1246.0,1566.0,578.0,602.0,1168.0,1486.0,605.0,772.0,1224.0,1114.0,1426.0,1390.0,4120.0,4055.0,1221.0,1434.0,4937.0,4888.0,3917.0,4213.0,623.0,728.0,5682.0,5784.0,7423.0,6968.0,5797.0,5740.0,3831.0,4164.0,4025.0,3843.0,432.0,398.0,470.0,281.0
NDARDR591AUC,2.804,2.751,2.648,2.497,2.861,2.874,2.241,2.162,3.364,3.514,2.666,2.712,2.872,2.673,2.605,2.635,2.652,2.641,2.932,2.96,2.423,2.327,2.2,2.334,2.688,2.739,2.319,2.233,2.372,2.56,3.011,2.977,2.688,2.741,2.927,2.895,2.863,2.893,2.709,2.776,2.809,2.749,2.053,2.024,2.27,2.354,2.389,2.542,2.725,2.782,2.495,2.591,2.721,2.838,2.475,2.53,2.856,2.871,2.378,2.368,2.978,2.869,2.66,2.711,3.259,3.708,2.79,2.885,1369.0,939.0,501.0,736.0,2883.0,3294.0,1490.0,1685.0,644.0,456.0,492.0,331.0,3694.0,3872.0,5784.0,7416.0,4153.0,4065.0,3382.0,3114.0,1344.0,1185.0,6237.0,5887.0,3063.0,2512.0,3653.0,3906.0,1840.0,2134.0,4336.0,3723.0,1465.0,1751.0,562.0,624.0,1664.0,1953.0,946.0,976.0,1936.0,1979.0,1505.0,1502.0,5020.0,4591.0,1510.0,1221.0,5729.0,5569.0,4619.0,4453.0,525.0,944.0,7904.0,7675.0,9379.0,9307.0,5610.0,6323.0,4342.0,4564.0,4823.0,4492.0,678.0,628.0,578.0,363.0
NDARDR658DRA,3.105,3.063,2.946,3.258,2.92,2.925,2.471,2.335,4.341,4.052,3.163,3.275,3.051,3.001,3.011,3.05,3.314,3.314,3.461,3.627,2.529,2.538,2.607,2.558,3.206,3.197,2.356,2.431,3.387,3.257,3.522,3.318,2.728,2.763,3.053,2.931,3.015,2.913,3.335,3.164,2.846,2.91,1.781,1.992,2.657,2.676,2.739,2.653,2.782,2.708,2.875,2.842,3.491,3.46,2.795,2.881,3.191,3.146,2.66,2.799,3.242,3.24,3.026,3.207,4.044,4.147,3.216,3.267,802.0,1000.0,507.0,474.0,2025.0,1907.0,1469.0,1635.0,366.0,358.0,321.0,282.0,3042.0,2827.0,3807.0,4921.0,2727.0,2401.0,2225.0,1830.0,992.0,990.0,5292.0,4995.0,2198.0,2235.0,2819.0,2769.0,1389.0,1394.0,3074.0,2241.0,1374.0,1247.0,546.0,643.0,1240.0,1769.0,631.0,775.0,1480.0,1567.0,1496.0,1305.0,4269.0,3549.0,959.0,1069.0,4571.0,4771.0,3081.0,3767.0,372.0,409.0,6683.0,6048.0,6629.0,6588.0,5380.0,4483.0,3253.0,3922.0,4346.0,2461.0,410.0,367.0,498.0,333.0
NDARDT528ZZJ,2.721,3.04,2.73,2.974,3.18,3.201,2.583,2.414,3.419,3.318,2.662,3.019,3.003,2.984,2.8,2.711,2.936,2.91,3.314,3.285,2.534,2.83,2.481,2.417,3.036,2.99,2.501,2.436,2.691,2.871,2.98,2.808,3.123,3.085,3.244,3.356,3.085,2.911,3.07,2.997,2.539,2.802,2.229,2.258,2.486,2.479,3.017,2.945,3.073,3.006,2.836,2.961,3.262,3.173,2.511,2.634,3.179,3.16,2.681,2.519,3.194,3.013,2.52,2.812,3.254,3.468,2.821,3.068,1133.0,1119.0,642.0,1103.0,2545.0,2871.0,1822.0,2139.0,605.0,508.0,423.0,364.0,3693.0,4335.0,6828.0,8101.0,4706.0,4128.0,2888.0,3014.0,1640.0,1111.0,7545.0,6564.0,2926.0,2874.0,3889.0,3707.0,2378.0,2346.0,4485.0,4404.0,1640.0,2030.0,820.0,623.0,1873.0,2837.0,920.0,963.0,2126.0,1784.0,2190.0,1823.0,5056.0,4482.0,1281.0,1374.0,6106.0,5845.0,5956.0,5966.0,808.0,824.0,7014.0,6610.0,8883.0,8052.0,6673.0,7280.0,4206.0,4807.0,4930.0,5023.0,719.0,549.0,628.0,448.0
NDARDT550XYX,3.067,3.264,2.711,2.796,3.005,3.043,2.409,2.378,3.8,3.512,3.546,3.281,3.2,3.176,3.051,3.012,3.062,3.263,3.366,3.552,2.488,2.501,2.588,2.598,3.256,3.235,2.449,2.538,3.108,3.144,3.329,3.411,2.847,2.721,3.191,3.001,3.064,3.239,3.472,3.384,3.034,3.134,2.16,2.266,2.745,2.822,2.835,2.832,2.45,2.669,2.784,2.723,3.478,3.33,2.974,3.047,3.356,3.244,2.719,2.823,3.399,3.462,2.914,2.924,4.127,4.206,3.048,3.077,1260.0,1072.0,768.0,763.0,2635.0,2149.0,1682.0,1682.0,395.0,385.0,297.0,314.0,3299.0,3348.0,4991.0,5640.0,3696.0,3624.0,2839.0,2536.0,962.0,804.0,5617.0,6850.0,2667.0,2936.0,3403.0,3588.0,2014.0,1855.0,4108.0,3686.0,1534.0,1752.0,683.0,710.0,1737.0,1910.0,597.0,912.0,2016.0,1498.0,1706.0,1607.0,5103.0,3897.0,1129.0,1291.0,4186.0,6137.0,3369.0,4031.0,634.0,833.0,9318.0,8308.0,8110.0,8680.0,4486.0,4438.0,4349.0,4595.0,3774.0,3431.0,425.0,464.0,502.0,382.0
NDARDT800YVF,2.622,2.777,2.61,2.405,2.54,2.469,1.88,1.81,3.615,3.511,2.95,2.603,2.757,2.768,2.414,2.504,2.944,2.802,3.075,3.056,2.511,2.393,2.142,2.185,2.914,2.751,2.068,2.054,2.597,2.62,3.002,2.708,2.685,2.53,3.157,2.981,2.894,2.762,2.397,2.788,2.549,2.459,1.72,1.562,2.183,2.148,2.568,2.807,2.583,2.664,2.514,2.463,2.868,3.074,2.429,2.394,2.826,2.702,2.227,2.169,2.956,2.795,2.591,2.546,3.511,4.145,2.717,2.887,1013.0,1063.0,842.0,776.0,2456.0,1900.0,1337.0,1420.0,435.0,491.0,305.0,227.0,3532.0,3271.0,4915.0,4995.0,3744.0,4087.0,2597.0,2705.0,992.0,977.0,4599.0,4306.0,2924.0,2990.0,3369.0,3331.0,2002.0,2201.0,3875.0,3258.0,1711.0,1839.0,627.0,684.0,1338.0,1700.0,728.0,861.0,1740.0,1286.0,1326.0,1240.0,4191.0,4400.0,1247.0,1327.0,4790.0,5089.0,4042.0,4596.0,667.0,1060.0,6228.0,5636.0,7339.0,8147.0,5454.0,5520.0,4219.0,3620.0,3726.0,4108.0,465.0,509.0,470.0,362.0
NDARDU482DGK,3.084,3.006,2.981,2.683,3.234,3.333,2.592,2.399,3.939,3.883,3.185,3.561,3.337,3.29,3.132,3.16,3.247,3.343,3.544,3.677,2.871,2.623,2.699,2.658,2.99,3.039,2.509,2.688,2.802,2.838,3.531,3.456,3.273,3.181,3.318,3.05,3.031,2.991,3.254,3.3,3.06,2.852,2.348,2.507,2.846,2.864,2.795,2.661,3.273,3.344,3.106,3.045,3.128,3.19,2.922,2.934,3.497,3.421,2.918,2.877,3.429,3.444,3.227,3.164,4.006,3.927,3.207,3.258,1257.0,936.0,742.0,726.0,2192.0,2486.0,1426.0,1456.0,274.0,368.0,348.0,250.0,2904.0,3122.0,5508.0,5723.0,4274.0,3627.0,2324.0,2278.0,1053.0,972.0,5145.0,5489.0,2955.0,3050.0,3163.0,3063.0,2046.0,1779.0,4091.0,3756.0,1338.0,1437.0,569.0,586.0,1418.0,2055.0,944.0,1053.0,2006.0,1912.0,1558.0,1326.0,4102.0,4265.0,1265.0,1091.0,4623.0,4348.0,4190.0,4143.0,710.0,966.0,7457.0,7271.0,7794.0,7822.0,5303.0,5759.0,3956.0,4385.0,4311.0,3677.0,376.0,429.0,528.0,354.0
NDARDW178AC6,3.131,2.887,2.899,3.143,3.146,3.06,2.295,2.322,3.614,4.002,3.432,3.247,3.203,3.141,2.952,3.039,3.199,3.144,3.453,3.497,2.639,2.523,2.659,2.699,3.243,3.065,2.558,2.511,2.955,3.027,3.45,3.371,2.863,2.878,3.084,3.135,3.243,3.124,3.444,3.312,3.028,2.934,2.414,2.306,2.512,2.549,2.893,2.683,3.128,3.028,2.846,2.863,3.42,3.258,2.911,2.885,3.279,3.302,2.679,2.656,3.52,3.399,3.16,3.129,4.097,4.029,2.906,2.771,1307.0,890.0,697.0,606.0,2145.0,2636.0,1349.0,1538.0,634.0,528.0,280.0,267.0,3512.0,3678.0,5535.0,6659.0,4282.0,4213.0,2709.0,2870.0,994.0,1073.0,5132.0,5233.0,3166.0,3002.0,3188.0,2687.0,1825.0,2207.0,4222.0,3516.0,1558.0,1364.0,661.0,840.0,1510.0,2048.0,897.0,992.0,1474.0,1555.0,1403.0,1221.0,4490.0,4212.0,1157.0,1192.0,5343.0,4824.0,4385.0,4724.0,746.0,933.0,6139.0,6639.0,7874.0,7962.0,5553.0,5633.0,3863.0,4768.0,4288.0,3522.0,546.0,593.0,570.0,350.0
NDARDW711NYZ,2.873,2.959,2.564,2.215,2.99,3.066,2.146,2.057,3.024,3.036,2.488,3.201,2.851,2.944,2.73,2.944,2.839,2.867,3.359,3.319,2.747,2.612,2.348,2.407,2.951,2.903,2.284,2.385,2.765,2.698,3.102,3.113,2.839,2.863,2.666,2.753,3.071,3.003,3.1,3.077,3.049,3.012,2.174,2.096,2.452,2.414,2.707,2.741,2.966,2.984,2.754,2.844,2.831,2.698,2.734,2.749,3.195,3.172,2.55,2.652,2.868,2.983,2.877,2.898,3.376,2.869,2.738,2.959,1542.0,1208.0,629.0,622.0,2998.0,2256.0,1656.0,1902.0,436.0,475.0,446.0,315.0,3524.0,3601.0,6184.0,6521.0,3399.0,4401.0,2626.0,2389.0,1137.0,1110.0,5916.0,5704.0,3256.0,3306.0,4032.0,3399.0,2288.0,2408.0,4230.0,4256.0,1919.0,2195.0,781.0,767.0,1223.0,2201.0,796.0,1054.0,1663.0,1616.0,1798.0,1832.0,5019.0,5191.0,1433.0,1263.0,5762.0,5377.0,5042.0,4739.0,692.0,962.0,8213.0,6996.0,9205.0,9773.0,6832.0,6863.0,4584.0,4688.0,5582.0,5842.0,418.0,587.0,570.0,505.0
NDARDX196MZP,3.322,3.325,3.067,2.685,3.153,3.083,2.468,2.342,3.65,3.983,3.028,3.473,3.049,3.15,3.095,3.035,3.303,3.17,3.537,3.541,2.815,2.972,2.586,2.52,3.159,3.172,2.535,2.536,2.943,2.866,3.45,3.481,3.176,3.043,3.59,3.45,3.386,3.031,3.309,3.368,3.09,3.279,2.071,2.209,2.796,2.662,2.641,2.908,3.029,3.068,2.97,2.935,3.072,3.44,2.824,2.959,3.357,3.311,2.672,2.906,3.587,3.556,3.165,3.054,3.956,4.464,2.932,3.036,1036.0,1008.0,496.0,818.0,2724.0,2989.0,1552.0,1538.0,622.0,480.0,307.0,314.0,3083.0,3361.0,4413.0,5266.0,3416.0,3638.0,2347.0,2236.0,912.0,1005.0,5030.0,5100.0,2613.0,2849.0,3712.0,3247.0,1753.0,2053.0,3520.0,3109.0,1304.0,1462.0,719.0,842.0,1217.0,2254.0,757.0,1094.0,1303.0,1636.0,1830.0,1568.0,4284.0,4075.0,1053.0,1064.0,5376.0,5813.0,3737.0,4035.0,726.0,833.0,7634.0,6876.0,8616.0,7757.0,4530.0,4539.0,3554.0,3790.0,3967.0,3491.0,552.0,456.0,429.0,299.0
NDARDX469TC1,2.732,2.654,2.653,2.606,2.752,2.466,2.235,2.186,3.538,3.139,3.605,2.797,2.828,2.736,2.54,2.784,3.136,3.066,3.238,3.086,2.723,2.914,2.393,2.342,3.101,2.982,2.463,2.556,2.977,2.916,3.114,3.148,2.563,2.512,2.739,3.095,2.956,2.81,3.047,2.84,2.804,2.749,2.04,2.043,2.303,2.532,2.657,2.628,2.054,2.597,2.67,2.581,2.858,3.148,2.666,2.785,3.113,2.807,2.305,2.384,2.972,3.086,2.699,2.734,3.744,3.798,2.575,2.649,986.0,1248.0,601.0,927.0,2575.0,1751.0,1373.0,1565.0,419.0,423.0,327.0,323.0,3352.0,3558.0,4347.0,5970.0,3146.0,3483.0,2201.0,2077.0,1228.0,860.0,5661.0,6102.0,2302.0,2540.0,3424.0,2917.0,1825.0,1774.0,3510.0,3243.0,1557.0,1649.0,641.0,699.0,1308.0,1335.0,677.0,947.0,2296.0,1150.0,1522.0,1386.0,4263.0,3889.0,1129.0,1436.0,4159.0,5169.0,4395.0,3454.0,842.0,734.0,9269.0,5623.0,7170.0,9063.0,3890.0,6614.0,4052.0,4544.0,4490.0,2923.0,500.0,424.0,482.0,318.0
NDARDX561MRY,2.675,2.967,2.547,2.636,2.926,2.848,2.032,2.08,2.685,2.848,2.815,2.876,2.905,2.865,2.755,2.773,2.708,2.83,3.26,3.176,2.626,2.583,2.33,2.288,2.891,2.806,2.232,2.151,2.585,2.729,3.224,3.194,2.724,2.692,2.639,2.696,2.844,2.885,2.921,3.047,2.809,2.895,1.648,1.673,2.339,2.329,2.583,2.584,2.735,2.784,2.549,2.563,3.137,3.002,2.623,2.638,3.107,3.013,2.355,2.348,3.235,3.076,2.923,3.05,3.233,3.857,2.872,2.834,945.0,830.0,755.0,751.0,2625.0,2968.0,1572.0,1786.0,364.0,355.0,342.0,299.0,3326.0,3180.0,4695.0,5116.0,2897.0,3302.0,2379.0,2528.0,1050.0,996.0,5553.0,5458.0,3213.0,2922.0,3571.0,3345.0,2088.0,2092.0,3305.0,3341.0,1266.0,1337.0,634.0,638.0,1610.0,1926.0,781.0,933.0,1825.0,1780.0,1440.0,1135.0,4149.0,4261.0,1128.0,1218.0,5219.0,5400.0,4431.0,4273.0,623.0,942.0,6166.0,6496.0,6894.0,7217.0,5240.0,5006.0,4115.0,4334.0,4052.0,3799.0,405.0,396.0,437.0,389.0
NDARDX770PJK,2.548,2.627,2.803,2.348,2.516,2.527,1.929,2.098,3.288,3.382,2.751,2.864,2.58,2.627,2.468,2.475,2.877,2.74,2.768,2.816,2.206,2.126,2.19,2.311,2.558,2.488,2.124,2.089,2.371,2.373,2.809,2.89,2.422,2.477,2.657,2.725,2.554,2.603,2.703,2.759,2.485,2.454,1.841,1.837,2.257,2.252,2.327,2.312,2.59,2.665,2.406,2.472,2.557,2.802,2.352,2.372,2.71,2.648,2.224,2.288,2.773,2.719,2.582,2.703,3.465,3.669,2.53,2.477,1001.0,931.0,1027.0,755.0,2537.0,3363.0,1613.0,1820.0,431.0,412.0,348.0,341.0,2826.0,3243.0,4988.0,5661.0,4336.0,4186.0,2756.0,2544.0,1279.0,1249.0,6044.0,5855.0,3220.0,3053.0,3425.0,3143.0,2189.0,2282.0,3919.0,3509.0,1411.0,1596.0,547.0,678.0,1577.0,1893.0,762.0,893.0,1882.0,1713.0,2061.0,1600.0,4157.0,4427.0,1302.0,1713.0,5469.0,5170.0,4541.0,4445.0,802.0,1078.0,7117.0,7627.0,8039.0,9029.0,6178.0,6849.0,3851.0,3853.0,4575.0,4014.0,514.0,500.0,531.0,344.0
NDARDX857DLB,2.726,2.688,3.057,2.52,2.922,2.71,2.099,2.175,2.514,2.853,2.495,3.025,2.749,2.684,2.747,2.681,2.725,2.644,3.114,3.029,2.301,2.386,2.254,2.152,2.923,2.549,2.335,2.218,2.596,2.476,2.873,3.059,2.818,2.779,2.575,2.866,2.761,2.968,2.871,2.644,2.667,2.934,2.088,2.071,2.353,2.258,2.479,2.573,2.679,2.828,2.73,2.733,3.099,2.841,2.566,2.702,3.162,2.925,2.411,2.439,2.846,2.9,2.762,2.897,3.037,3.249,2.705,2.679,1021.0,906.0,699.0,590.0,1746.0,1710.0,1825.0,1961.0,520.0,540.0,562.0,417.0,3232.0,3249.0,4839.0,6330.0,4045.0,3143.0,2453.0,2228.0,1189.0,1160.0,5508.0,5269.0,2537.0,2675.0,3571.0,3241.0,2139.0,2237.0,3412.0,3324.0,1276.0,1452.0,460.0,541.0,1584.0,1625.0,636.0,895.0,1717.0,1303.0,1774.0,1592.0,4388.0,4552.0,1216.0,1364.0,4933.0,4872.0,4429.0,4735.0,294.0,701.0,6213.0,5974.0,7101.0,7519.0,6631.0,6371.0,4218.0,3979.0,4388.0,4295.0,784.0,763.0,586.0,531.0
NDARDX872VH6,3.352,3.454,2.916,2.077,3.113,3.04,2.599,2.479,2.794,3.192,3.338,3.531,3.202,3.434,3.225,3.142,3.053,2.94,3.485,3.452,2.626,2.456,2.694,2.805,3.347,3.138,2.689,2.74,3.265,3.032,3.461,3.519,3.104,2.979,3.248,3.091,3.135,3.325,3.525,3.36,3.144,3.223,2.257,2.133,2.811,2.674,2.362,2.728,3.085,3.064,3.138,3.12,2.74,3.268,2.962,3.094,3.338,3.288,2.976,2.95,3.71,3.556,3.244,3.192,3.491,3.422,3.261,3.727,1086.0,952.0,806.0,557.0,1743.0,1536.0,1319.0,1519.0,423.0,438.0,469.0,413.0,2281.0,2330.0,4099.0,5117.0,2733.0,2746.0,2114.0,2053.0,886.0,981.0,4272.0,4622.0,2178.0,2462.0,2777.0,2648.0,1733.0,2089.0,3758.0,3135.0,1513.0,1458.0,521.0,564.0,1233.0,1147.0,643.0,776.0,1600.0,1126.0,1220.0,1086.0,4553.0,3816.0,877.0,1215.0,4293.0,4074.0,3943.0,4678.0,350.0,736.0,5705.0,5024.0,7040.0,7056.0,5657.0,5928.0,3466.0,3526.0,4202.0,4460.0,525.0,554.0,473.0,389.0
NDARDY741VEB,3.067,3.079,2.853,2.873,3.337,3.217,2.593,2.709,3.834,3.614,3.956,3.413,3.197,3.097,2.983,3.115,3.154,3.297,3.689,3.511,2.735,2.806,2.684,2.751,3.245,3.276,2.504,2.606,2.975,2.914,3.378,3.533,3.351,3.079,3.553,3.497,3.01,3.307,3.298,3.35,3.248,3.378,2.403,2.291,2.821,2.685,2.919,2.834,3.103,3.259,3.019,2.978,3.301,3.382,2.998,2.992,3.539,3.445,2.899,2.866,3.281,3.33,3.213,3.096,4.359,4.278,2.745,2.758,1526.0,977.0,773.0,709.0,2929.0,2511.0,1870.0,1840.0,870.0,692.0,337.0,302.0,3850.0,3354.0,4123.0,5827.0,3715.0,3831.0,2496.0,2701.0,1227.0,1126.0,5171.0,6631.0,3362.0,2926.0,3374.0,3273.0,2453.0,2086.0,3838.0,3897.0,1497.0,1539.0,637.0,973.0,1588.0,1744.0,941.0,1049.0,1626.0,1397.0,1885.0,1736.0,5103.0,5293.0,1319.0,1450.0,6106.0,5764.0,4406.0,4780.0,792.0,1027.0,7673.0,6782.0,8619.0,8616.0,5717.0,6670.0,4174.0,4550.0,4874.0,4105.0,513.0,485.0,489.0,334.0
NDARDY776AKH,2.83,3.246,2.445,2.486,3.034,3.04,2.143,2.422,3.618,3.702,3.453,3.453,3.077,3.078,2.749,2.86,3.055,3.139,3.275,3.534,2.441,2.486,2.611,2.64,3.151,3.232,2.541,2.382,2.762,2.945,3.267,3.136,2.566,2.657,3.252,3.374,3.083,3.086,3.172,3.381,2.991,2.862,2.176,2.145,2.316,2.531,2.581,2.6,3.052,3.0,2.6,2.615,2.943,3.078,2.907,2.76,3.086,3.23,2.506,2.399,3.433,3.18,2.914,3.08,4.289,3.949,2.763,2.959,949.0,926.0,664.0,677.0,2300.0,1992.0,1188.0,1260.0,393.0,568.0,337.0,244.0,3123.0,2676.0,3374.0,4527.0,3385.0,3290.0,2630.0,2174.0,856.0,679.0,4323.0,4673.0,2349.0,2302.0,2786.0,2660.0,1526.0,1631.0,3428.0,3009.0,1344.0,1502.0,578.0,746.0,1371.0,1852.0,681.0,820.0,1447.0,1537.0,1326.0,1176.0,3597.0,3712.0,1138.0,1237.0,5249.0,4662.0,3768.0,4161.0,531.0,842.0,5551.0,6304.0,6639.0,7276.0,5187.0,5217.0,3566.0,3696.0,4470.0,3070.0,390.0,388.0,467.0,334.0
NDARDZ147ETZ,3.335,2.979,3.103,2.416,3.1,2.961,2.584,2.397,3.208,2.972,3.214,3.582,3.057,3.148,2.976,2.992,3.201,2.919,3.685,3.672,2.384,2.333,2.482,2.51,3.383,3.035,2.513,2.492,3.102,3.343,3.16,3.301,3.081,2.93,3.087,3.575,3.234,3.371,3.186,3.384,3.169,3.183,2.082,2.233,2.688,2.613,2.818,2.882,3.066,3.062,3.002,2.801,3.298,3.27,3.009,3.034,3.395,3.21,2.743,2.902,3.267,3.562,3.184,3.013,3.74,3.659,3.334,3.04,1087.0,861.0,652.0,651.0,2243.0,2091.0,1331.0,1789.0,345.0,437.0,525.0,388.0,2563.0,2672.0,4493.0,4204.0,2763.0,2723.0,1927.0,1750.0,875.0,730.0,4847.0,4715.0,2642.0,2822.0,2888.0,2614.0,1825.0,1869.0,3134.0,2710.0,1621.0,1516.0,567.0,503.0,1279.0,1481.0,627.0,872.0,1240.0,1306.0,1653.0,1269.0,4457.0,4212.0,1253.0,1210.0,4461.0,4392.0,3995.0,4460.0,492.0,597.0,6683.0,5957.0,7194.0,6710.0,5682.0,5770.0,3400.0,3368.0,4209.0,3932.0,665.0,615.0,478.0,430.0
NDARDZ425JVB,3.1,2.924,2.642,2.414,3.056,3.134,2.46,2.436,3.816,3.525,3.188,3.411,3.064,3.016,3.035,3.066,3.113,3.172,3.438,3.416,2.787,2.632,2.66,2.668,3.188,3.226,2.378,2.466,2.79,2.811,3.455,3.459,3.181,3.136,3.489,3.214,3.204,3.255,3.348,3.286,3.136,2.925,2.448,2.368,2.789,2.783,2.688,2.784,3.203,3.156,2.989,3.081,3.186,3.239,2.908,3.053,3.329,3.396,2.845,2.901,3.279,3.375,3.182,3.384,4.051,4.169,3.252,3.132,1106.0,1155.0,524.0,770.0,1928.0,1920.0,1291.0,1587.0,685.0,471.0,292.0,274.0,3767.0,3741.0,5424.0,5962.0,4047.0,3891.0,2512.0,2621.0,979.0,900.0,5635.0,5120.0,2926.0,2553.0,2933.0,2538.0,1878.0,2059.0,3711.0,3277.0,1464.0,1487.0,531.0,631.0,1456.0,1674.0,747.0,1048.0,1654.0,1312.0,1383.0,949.0,4057.0,3763.0,1162.0,1185.0,5226.0,4908.0,4449.0,4861.0,740.0,714.0,6467.0,6486.0,8677.0,7307.0,6657.0,6371.0,3779.0,3721.0,4069.0,3991.0,458.0,501.0,399.0,336.0
NDARDZ528DLZ,2.487,2.623,1.861,2.662,3.046,3.075,2.479,2.304,3.273,3.185,2.869,2.698,2.995,2.963,2.735,2.701,2.787,2.787,3.253,3.388,2.158,2.353,2.438,2.445,2.772,2.751,2.478,2.519,2.901,2.871,3.011,3.127,2.836,2.861,3.018,3.056,3.073,3.045,2.912,2.955,2.817,2.836,2.225,2.159,2.495,2.52,2.579,2.501,2.989,2.89,2.824,2.802,2.699,3.079,2.883,2.98,3.066,3.086,2.655,2.591,2.967,2.997,2.788,2.925,2.83,2.928,2.838,2.823,1124.0,1141.0,431.0,631.0,2039.0,2093.0,1375.0,1641.0,440.0,440.0,526.0,574.0,2826.0,3291.0,5425.0,6237.0,3067.0,3251.0,2550.0,2145.0,1291.0,993.0,6091.0,5718.0,2487.0,2684.0,2725.0,2775.0,2072.0,2075.0,3568.0,3361.0,1358.0,1621.0,485.0,510.0,1546.0,1682.0,845.0,832.0,1452.0,1478.0,1327.0,1259.0,4262.0,3646.0,1159.0,1311.0,4873.0,4803.0,3948.0,4223.0,518.0,457.0,6795.0,5870.0,8647.0,7974.0,5637.0,4791.0,4027.0,4662.0,4531.0,4114.0,658.0,613.0,565.0,434.0
NDARDZ946KVL,2.263,2.676,2.613,2.472,2.475,2.604,1.962,1.967,3.415,3.602,2.62,2.602,2.84,2.72,2.373,2.508,3.053,2.869,3.088,3.08,2.168,2.37,2.059,2.105,2.751,2.745,2.011,2.018,2.523,2.534,3.014,2.971,2.332,2.555,2.758,2.98,2.691,2.618,2.659,2.67,2.604,2.584,1.747,1.698,1.908,2.046,2.468,2.487,2.536,2.546,2.455,2.409,2.812,2.866,2.403,2.348,2.735,2.774,2.1,2.111,2.982,2.838,2.409,2.57,3.694,3.969,2.31,2.411,924.0,987.0,950.0,1120.0,2857.0,1918.0,2214.0,2111.0,389.0,326.0,321.0,317.0,3324.0,3641.0,5351.0,5604.0,3253.0,4120.0,2545.0,2564.0,1093.0,1180.0,6314.0,6407.0,2891.0,3260.0,3671.0,3321.0,1746.0,2214.0,4001.0,3719.0,1440.0,1688.0,681.0,635.0,1770.0,2029.0,804.0,994.0,2392.0,1906.0,1769.0,1724.0,4172.0,3958.0,1548.0,1546.0,5318.0,6020.0,3687.0,4493.0,867.0,1010.0,7195.0,6809.0,8134.0,7928.0,5616.0,6352.0,3871.0,4247.0,3844.0,3592.0,465.0,404.0,502.0,329.0
NDAREC238AY4,3.191,3.463,2.605,2.47,3.297,3.295,2.493,2.472,3.668,3.673,3.414,3.015,3.241,3.129,3.201,3.212,3.359,3.247,3.53,3.327,2.497,2.881,2.538,2.695,3.317,3.171,2.567,2.505,3.011,3.088,3.482,3.583,3.129,3.083,3.098,3.415,3.158,3.166,3.476,3.338,3.109,3.152,2.298,2.22,2.666,2.636,2.927,2.762,3.071,3.085,2.912,3.069,3.041,3.359,3.087,3.09,3.488,3.48,2.923,2.935,3.237,3.503,3.212,3.11,3.954,4.144,3.111,3.079,1247.0,1050.0,664.0,722.0,2552.0,2334.0,1744.0,1603.0,395.0,331.0,303.0,248.0,2949.0,2866.0,5667.0,5986.0,3981.0,3642.0,2299.0,2714.0,1100.0,737.0,5745.0,5845.0,3040.0,2681.0,2969.0,3223.0,1778.0,1879.0,4339.0,3608.0,1193.0,1560.0,622.0,666.0,1494.0,1568.0,841.0,902.0,1754.0,1239.0,1606.0,1607.0,4407.0,4099.0,1343.0,1284.0,5165.0,5376.0,4316.0,4468.0,621.0,920.0,6580.0,6232.0,7400.0,7449.0,5843.0,6292.0,4012.0,4012.0,3879.0,3866.0,393.0,417.0,411.0,286.0
NDAREC648WEL,3.123,3.114,2.153,2.115,3.084,2.619,2.115,2.329,3.022,2.627,2.565,2.652,2.977,2.912,2.827,2.788,2.72,2.882,2.929,3.166,2.529,2.81,2.29,2.127,3.024,2.831,2.36,2.297,2.399,2.477,2.858,3.062,2.63,2.963,2.849,3.115,2.44,3.044,3.052,3.366,2.562,3.069,2.242,2.112,2.589,2.365,2.684,2.821,2.546,2.821,2.824,2.843,2.853,2.672,2.251,2.858,3.051,2.937,2.486,2.472,2.488,3.205,3.085,2.795,3.166,3.388,2.971,2.834,903.0,1050.0,537.0,602.0,2365.0,2309.0,1361.0,1311.0,486.0,515.0,608.0,456.0,3889.0,3798.0,5148.0,6821.0,3323.0,3222.0,2530.0,2076.0,722.0,680.0,5751.0,4597.0,2565.0,2927.0,2709.0,2533.0,2253.0,2077.0,3274.0,2881.0,1569.0,1724.0,519.0,551.0,1539.0,2168.0,769.0,899.0,1467.0,1785.0,1388.0,1352.0,4617.0,4135.0,1013.0,1114.0,5327.0,5721.0,3780.0,4511.0,612.0,610.0,6921.0,5419.0,8185.0,8239.0,5634.0,5922.0,3767.0,3960.0,3707.0,3417.0,679.0,573.0,519.0,442.0
NDARED047DTH,2.912,2.787,3.166,2.851,2.782,2.865,2.368,2.354,3.45,3.628,2.97,3.169,2.91,3.022,2.924,2.879,2.964,3.121,3.268,3.289,2.427,2.372,2.375,2.533,3.09,3.071,2.494,2.335,3.182,2.988,3.117,3.195,2.931,2.771,3.101,3.325,3.109,3.172,2.929,3.001,2.894,2.906,1.799,1.896,2.232,2.114,2.75,2.81,2.864,2.773,2.899,2.919,3.333,3.43,2.826,2.903,3.221,3.194,2.639,2.63,3.011,2.922,2.957,2.959,3.673,4.037,2.644,2.666,1106.0,692.0,565.0,917.0,2430.0,2003.0,1730.0,1742.0,457.0,407.0,397.0,324.0,2888.0,2849.0,5506.0,5698.0,3515.0,3450.0,2307.0,2531.0,1343.0,1029.0,5272.0,4995.0,2947.0,2963.0,3505.0,3476.0,1741.0,2209.0,3764.0,3477.0,1392.0,1805.0,677.0,675.0,1314.0,1994.0,803.0,1099.0,2124.0,1710.0,1697.0,1660.0,4105.0,4003.0,1486.0,1316.0,4958.0,5078.0,4286.0,4560.0,602.0,921.0,7674.0,6567.0,8712.0,8208.0,6436.0,6282.0,4006.0,4554.0,3826.0,3447.0,433.0,456.0,525.0,416.0
NDARED632KNG,2.485,2.322,2.499,2.544,2.346,2.41,1.825,1.844,3.272,3.561,2.479,2.835,2.554,2.511,2.268,2.244,2.629,2.609,2.717,2.79,2.256,2.21,2.015,2.112,2.608,2.601,2.128,2.036,2.544,2.597,2.676,2.624,2.115,2.2,2.765,2.849,2.505,2.451,2.693,2.207,2.38,2.375,1.81,1.795,1.911,1.898,2.357,2.331,2.361,2.416,2.132,2.186,2.589,2.87,2.197,2.2,2.555,2.536,1.922,1.965,2.516,2.542,2.338,2.366,3.167,3.607,2.242,2.187,973.0,1043.0,624.0,817.0,2785.0,2718.0,1610.0,1799.0,466.0,475.0,340.0,297.0,3252.0,3242.0,4903.0,6244.0,2978.0,3317.0,2574.0,2377.0,1109.0,892.0,4783.0,4859.0,2767.0,2739.0,3744.0,2990.0,1825.0,2085.0,3620.0,3404.0,1665.0,1967.0,533.0,616.0,1431.0,1572.0,697.0,862.0,1372.0,1281.0,1940.0,1683.0,5545.0,4863.0,1325.0,1284.0,6210.0,5796.0,4394.0,4610.0,613.0,812.0,5631.0,5948.0,8618.0,8461.0,6417.0,6541.0,4468.0,4503.0,5133.0,4827.0,534.0,465.0,513.0,390.0
NDARED945TNQ,2.78,3.146,2.993,2.802,3.081,3.121,2.55,2.514,3.871,3.78,3.31,3.639,3.172,3.112,3.052,3.087,3.336,3.184,3.479,3.441,2.549,2.75,2.637,2.687,3.197,3.202,2.483,2.522,2.932,2.939,3.285,2.876,3.034,2.968,3.283,3.391,3.263,3.209,3.193,3.296,3.07,3.16,2.429,2.191,2.627,2.601,2.955,3.046,3.072,3.117,3.088,3.016,2.987,3.03,3.042,3.099,3.451,3.456,2.719,2.756,3.251,3.295,3.056,3.106,3.593,4.174,3.432,3.25,1264.0,1448.0,731.0,893.0,2675.0,2899.0,1615.0,1666.0,661.0,406.0,368.0,304.0,4059.0,4225.0,6139.0,6494.0,4226.0,4274.0,2969.0,3327.0,1184.0,923.0,7135.0,6196.0,3188.0,3156.0,2879.0,2906.0,1976.0,2344.0,4220.0,4380.0,1597.0,1559.0,586.0,586.0,1831.0,2460.0,851.0,1220.0,1824.0,1611.0,1435.0,1222.0,4709.0,4794.0,1524.0,1206.0,5537.0,5877.0,5395.0,5489.0,741.0,890.0,7676.0,7453.0,8973.0,8318.0,6414.0,7113.0,5051.0,5147.0,5033.0,5325.0,549.0,535.0,457.0,451.0
NDAREE015WGU,2.95,2.967,2.821,2.314,2.994,3.056,2.39,2.422,3.774,3.784,3.053,3.417,3.035,3.069,2.929,2.959,3.208,3.013,3.26,3.25,2.665,2.555,2.593,2.672,3.057,2.957,2.569,2.371,2.817,2.676,3.379,3.214,2.905,2.906,3.475,3.388,3.041,3.031,2.991,3.118,3.086,2.83,2.243,2.291,2.684,2.645,2.695,2.835,3.124,3.083,2.856,2.866,3.186,3.126,2.693,2.762,3.228,3.136,2.673,2.721,3.171,3.143,2.98,3.092,3.834,3.82,2.94,3.109,1063.0,917.0,1066.0,599.0,2741.0,2890.0,1523.0,1753.0,442.0,376.0,326.0,252.0,2992.0,3371.0,4513.0,4795.0,3617.0,3634.0,2723.0,2644.0,1141.0,1288.0,6160.0,7034.0,3059.0,3036.0,3969.0,3729.0,1708.0,2166.0,4085.0,3612.0,1543.0,1679.0,550.0,666.0,1865.0,1988.0,758.0,962.0,1829.0,1625.0,1985.0,1635.0,4427.0,4338.0,1313.0,1588.0,5279.0,5628.0,4288.0,4533.0,684.0,1026.0,7509.0,6794.0,7851.0,7614.0,5725.0,5881.0,3947.0,4045.0,4351.0,3779.0,470.0,471.0,456.0,366.0
NDAREE196FEG,2.806,2.953,2.687,2.768,2.618,2.645,2.094,2.158,3.346,3.501,3.015,2.968,2.914,2.91,2.701,2.734,3.089,3.112,3.135,3.081,2.41,2.492,2.327,2.392,3.045,3.097,2.194,2.29,2.903,2.917,3.294,3.136,2.441,2.464,3.131,3.414,2.705,2.833,3.455,2.968,2.744,2.658,1.717,1.784,2.275,2.263,2.68,2.632,2.533,2.56,2.608,2.572,3.145,3.156,2.676,2.703,2.979,2.857,2.449,2.44,2.917,3.029,2.742,2.794,3.862,4.038,2.699,2.739,1124.0,1107.0,662.0,963.0,2577.0,1728.0,1611.0,1873.0,653.0,507.0,361.0,264.0,3186.0,3413.0,5170.0,5873.0,3460.0,3661.0,2406.0,2198.0,1445.0,1265.0,6522.0,6143.0,2912.0,2717.0,3446.0,3385.0,1752.0,2204.0,4117.0,3573.0,1392.0,1773.0,660.0,702.0,1340.0,1420.0,789.0,874.0,1450.0,1336.0,2141.0,1547.0,5068.0,4978.0,1447.0,1558.0,4793.0,5314.0,4952.0,4583.0,564.0,821.0,8411.0,7301.0,7323.0,7465.0,5549.0,5341.0,4194.0,4055.0,3888.0,3940.0,520.0,531.0,422.0,341.0
NDAREE543HYQ,3.189,3.369,3.071,2.428,3.081,3.278,2.708,2.519,3.53,3.648,3.349,3.558,3.264,3.15,3.05,3.055,3.28,3.17,3.269,3.562,2.555,2.68,2.473,2.523,3.291,3.287,2.768,2.697,3.119,3.249,3.4,3.337,3.057,3.197,3.518,3.582,3.135,3.082,3.138,3.224,3.114,3.254,2.41,2.308,2.498,2.758,2.698,2.643,3.092,2.965,3.004,2.968,2.881,3.35,3.089,3.123,3.386,3.47,2.744,2.794,3.187,2.939,2.945,3.139,3.699,3.883,2.538,2.972,1306.0,1325.0,616.0,502.0,2355.0,2342.0,1779.0,1659.0,454.0,463.0,366.0,259.0,3120.0,3030.0,5220.0,7152.0,3479.0,3869.0,2851.0,2302.0,1517.0,1550.0,5469.0,5558.0,2495.0,2869.0,3523.0,3091.0,1373.0,1851.0,4686.0,4195.0,1551.0,1645.0,683.0,681.0,1664.0,1866.0,715.0,849.0,1707.0,1661.0,1546.0,1433.0,4885.0,4648.0,1317.0,1485.0,5362.0,5336.0,4463.0,4265.0,434.0,830.0,6942.0,6639.0,8587.0,8019.0,6591.0,6301.0,4141.0,4370.0,5364.0,4638.0,292.0,372.0,568.0,385.0
NDAREF164ZUJ,3.199,3.397,2.559,2.334,2.905,3.201,2.451,2.515,3.092,3.098,3.022,3.06,2.976,3.082,3.04,3.088,3.054,2.941,3.193,3.228,2.089,2.419,2.613,2.556,3.0,3.034,2.449,2.38,2.588,2.91,3.383,3.143,3.073,2.914,3.036,2.635,3.161,3.043,3.041,3.312,3.066,2.892,2.304,2.281,2.666,2.785,2.776,2.619,3.012,2.916,2.864,2.878,2.786,2.846,2.927,2.889,3.216,3.284,2.857,2.77,3.489,3.19,2.999,3.11,3.114,3.996,2.881,3.295,1126.0,1233.0,464.0,714.0,2851.0,2602.0,1584.0,1890.0,551.0,444.0,523.0,313.0,3417.0,3700.0,5495.0,5975.0,3676.0,3930.0,2616.0,2515.0,1277.0,1103.0,5558.0,6161.0,2793.0,2854.0,3457.0,3024.0,1903.0,2016.0,4134.0,3640.0,1194.0,1648.0,541.0,718.0,1473.0,1735.0,814.0,917.0,1632.0,1431.0,1684.0,1529.0,4969.0,4208.0,1336.0,1330.0,4615.0,5075.0,5258.0,5082.0,600.0,661.0,7152.0,6717.0,8320.0,7963.0,5808.0,6257.0,4269.0,4410.0,3975.0,3757.0,565.0,656.0,562.0,401.0
NDAREF389RY2,2.946,3.044,2.234,2.829,2.824,3.02,2.779,2.551,2.698,2.901,2.928,3.083,3.092,3.167,2.817,2.795,2.823,2.893,3.056,2.956,2.298,2.376,2.503,2.676,3.088,2.772,2.848,2.843,3.109,3.082,3.14,3.141,3.092,2.906,2.891,3.156,3.154,3.137,3.082,2.964,3.114,3.108,2.521,2.497,2.53,2.485,2.636,2.847,2.934,3.022,2.918,2.994,2.484,2.898,2.792,2.984,3.111,3.046,2.672,2.678,3.215,3.078,2.863,2.783,3.037,2.968,3.003,3.165,1201.0,952.0,551.0,701.0,2553.0,2238.0,1310.0,1498.0,497.0,383.0,546.0,444.0,2285.0,2956.0,4672.0,5617.0,2623.0,2930.0,2070.0,2043.0,1000.0,928.0,5410.0,5287.0,2173.0,2455.0,3716.0,3148.0,1748.0,1751.0,3426.0,2699.0,1543.0,1424.0,557.0,545.0,1063.0,1476.0,638.0,659.0,1373.0,1351.0,1385.0,1329.0,4618.0,4231.0,1162.0,988.0,4734.0,4411.0,4295.0,4736.0,443.0,557.0,5907.0,5629.0,7138.0,7306.0,6218.0,6476.0,3794.0,3740.0,4674.0,4482.0,654.0,636.0,513.0,402.0
NDAREF662XZT,2.825,3.174,3.18,3.029,2.823,2.92,2.305,2.34,3.191,3.383,2.111,2.532,2.917,2.859,2.743,2.77,2.909,2.737,3.377,3.401,2.39,2.333,2.532,2.481,2.939,2.841,2.523,2.534,2.606,2.621,3.213,2.967,2.739,2.84,2.732,2.543,3.044,3.062,2.98,2.686,2.895,2.885,1.909,1.931,2.23,2.346,2.81,2.979,2.859,2.746,2.711,2.642,3.243,3.612,2.632,2.703,3.055,3.026,2.462,2.372,3.044,3.017,2.827,2.909,2.944,3.193,2.604,2.88,1174.0,790.0,509.0,376.0,2224.0,1689.0,1513.0,1453.0,535.0,439.0,475.0,392.0,3648.0,3597.0,4711.0,5467.0,3500.0,3717.0,2661.0,2533.0,998.0,953.0,4696.0,4392.0,2801.0,2751.0,2664.0,2007.0,2194.0,2034.0,3636.0,3227.0,1508.0,1436.0,681.0,686.0,1356.0,1421.0,770.0,895.0,1544.0,1455.0,1223.0,1352.0,3880.0,4172.0,1089.0,1046.0,4538.0,5014.0,4478.0,4826.0,301.0,410.0,5275.0,5514.0,7567.0,6778.0,6424.0,6519.0,3867.0,4005.0,4337.0,4258.0,810.0,610.0,568.0,490.0
NDAREF893ZM8,3.009,3.042,2.347,2.399,2.969,2.885,2.242,2.133,3.118,3.272,2.808,3.321,2.762,2.817,2.768,2.688,2.774,2.924,3.245,3.187,2.277,2.308,2.35,2.432,2.813,2.75,2.373,2.416,2.631,2.669,3.007,3.191,2.859,2.981,2.652,2.669,2.679,2.896,2.919,2.766,2.744,2.91,2.156,2.129,2.483,2.397,2.689,2.804,3.0,2.955,2.723,2.758,2.763,2.537,2.666,2.619,3.09,3.106,2.642,2.521,3.106,3.01,2.784,2.784,3.292,3.522,2.777,2.567,1310.0,1265.0,665.0,881.0,3297.0,2556.0,1409.0,1824.0,729.0,546.0,528.0,259.0,3596.0,3902.0,5690.0,5908.0,4455.0,3756.0,2711.0,2725.0,1162.0,1077.0,5670.0,5069.0,3275.0,3278.0,4022.0,3253.0,2308.0,2302.0,4110.0,3606.0,1780.0,1853.0,677.0,762.0,1599.0,1732.0,848.0,889.0,1889.0,1652.0,1649.0,1395.0,5182.0,4751.0,1659.0,1619.0,5512.0,5670.0,4874.0,4772.0,916.0,887.0,7129.0,7045.0,9606.0,9380.0,5997.0,6121.0,4273.0,4604.0,5212.0,4824.0,514.0,799.0,556.0,478.0
NDAREG013BLG,2.837,2.907,2.619,2.567,3.068,3.233,2.463,2.292,3.369,3.026,2.759,3.215,3.012,3.184,2.741,2.729,2.988,2.984,3.478,3.312,2.555,2.358,2.52,2.482,3.179,3.071,2.438,2.511,2.816,3.071,3.222,3.162,3.278,3.215,3.06,3.228,3.345,3.191,2.989,2.779,3.057,3.028,2.166,2.375,2.383,2.605,2.763,2.681,2.984,3.174,2.795,2.706,3.04,3.154,2.786,2.895,3.483,3.303,2.493,2.552,3.305,3.284,2.824,2.884,3.474,3.593,3.243,3.071,1094.0,1013.0,510.0,560.0,2129.0,1866.0,1340.0,1582.0,505.0,427.0,552.0,601.0,3205.0,3001.0,4792.0,5532.0,3018.0,3545.0,2143.0,2585.0,1045.0,849.0,5616.0,5779.0,2286.0,1906.0,3515.0,3233.0,2257.0,1748.0,3219.0,2909.0,1143.0,1508.0,774.0,743.0,1376.0,1368.0,618.0,831.0,1548.0,1220.0,1428.0,1133.0,4684.0,4582.0,1062.0,1132.0,4572.0,4940.0,3937.0,4064.0,486.0,430.0,5090.0,5258.0,7238.0,7399.0,5723.0,6382.0,3263.0,3389.0,5223.0,4693.0,687.0,558.0,460.0,347.0
NDAREG561ML5,2.787,2.818,2.266,2.462,2.48,2.618,2.204,2.205,2.668,2.991,2.474,2.642,2.876,2.598,2.706,2.588,2.62,2.596,2.874,2.872,2.524,2.359,2.166,2.299,2.643,2.447,2.381,2.338,2.498,2.512,2.827,2.801,2.707,2.743,2.967,3.271,2.855,2.829,2.513,2.504,2.72,2.598,2.16,2.104,2.229,2.228,2.528,2.511,2.725,2.85,2.633,2.597,2.849,2.889,2.42,2.355,2.728,2.789,2.341,2.398,3.056,2.993,2.804,2.709,2.483,2.929,2.982,3.001,877.0,921.0,560.0,883.0,2575.0,2139.0,1576.0,1826.0,475.0,382.0,610.0,342.0,2505.0,2935.0,4245.0,4595.0,3263.0,3922.0,2481.0,2005.0,1078.0,866.0,4527.0,5485.0,2544.0,2574.0,3459.0,3474.0,1703.0,1886.0,3517.0,2926.0,1293.0,1347.0,531.0,487.0,1243.0,1600.0,664.0,982.0,1704.0,1466.0,1798.0,1689.0,4411.0,4089.0,1132.0,962.0,4875.0,5293.0,3672.0,4137.0,751.0,513.0,6066.0,6153.0,7294.0,7324.0,4935.0,5698.0,3627.0,3038.0,3670.0,3460.0,624.0,648.0,420.0,368.0
NDAREJ327AH7,3.138,2.956,2.918,2.87,3.069,3.007,2.492,2.359,3.742,4.367,3.151,3.381,3.369,3.409,3.306,3.114,3.314,3.325,3.521,3.557,2.447,2.739,2.767,2.504,3.43,3.129,2.662,2.773,2.725,3.042,3.303,3.291,3.191,2.913,3.276,3.671,3.355,3.24,3.404,3.338,3.071,3.151,2.37,2.264,2.75,2.73,2.883,2.872,3.071,3.185,3.003,2.919,3.199,3.543,3.037,3.041,3.566,3.348,2.762,2.807,3.446,3.405,3.125,3.015,3.988,3.888,3.245,3.277,1078.0,1111.0,732.0,669.0,3045.0,2212.0,1486.0,1681.0,581.0,339.0,259.0,245.0,3392.0,2798.0,4830.0,5478.0,2688.0,3180.0,2934.0,2766.0,1261.0,1045.0,5151.0,5670.0,2733.0,2790.0,3538.0,3367.0,1706.0,1836.0,3579.0,3367.0,1353.0,1814.0,722.0,624.0,1336.0,1718.0,748.0,1140.0,2192.0,1570.0,1777.0,1772.0,4152.0,4094.0,1309.0,1473.0,5738.0,5237.0,3845.0,3747.0,613.0,744.0,6809.0,7486.0,8664.0,9207.0,4854.0,5239.0,4050.0,4322.0,3721.0,3917.0,430.0,547.0,553.0,379.0
NDAREK255DEE,3.128,3.186,3.17,3.253,3.231,3.126,2.632,2.435,3.865,4.065,3.389,3.901,3.224,3.214,3.061,3.051,3.298,3.301,3.293,3.367,2.932,2.674,2.574,2.716,3.217,3.192,2.709,2.637,2.994,3.112,3.495,3.352,3.226,3.278,3.376,3.375,3.196,3.074,3.392,3.374,2.949,3.214,2.093,2.138,2.728,2.76,3.104,2.925,3.119,3.159,3.049,3.062,3.576,3.313,2.988,2.992,3.539,3.426,2.851,2.872,3.311,3.392,3.127,3.284,3.956,3.882,3.236,3.101,1062.0,1041.0,456.0,553.0,1989.0,1877.0,1331.0,1274.0,300.0,327.0,294.0,208.0,2592.0,2870.0,4881.0,6004.0,3041.0,3056.0,2371.0,2380.0,905.0,832.0,4895.0,4732.0,2635.0,2516.0,2725.0,2671.0,1662.0,1708.0,3739.0,2959.0,1351.0,1339.0,626.0,538.0,1329.0,1434.0,736.0,875.0,1661.0,1336.0,1637.0,1419.0,4314.0,3446.0,1097.0,1074.0,4375.0,4436.0,2978.0,3362.0,561.0,647.0,6302.0,5620.0,6440.0,6428.0,6112.0,6202.0,3548.0,3506.0,3506.0,3224.0,352.0,429.0,420.0,300.0
NDAREK375DKR,2.687,2.714,2.788,2.655,2.856,2.938,2.096,2.331,2.819,3.462,3.138,3.169,2.946,2.707,2.688,2.801,2.927,2.865,2.684,3.175,2.313,2.5,2.315,2.379,2.54,2.935,2.394,2.371,2.931,2.764,3.136,2.657,2.682,2.758,2.83,2.948,2.772,2.734,1.653,2.887,2.772,2.595,1.954,2.03,2.347,2.33,2.412,2.519,2.672,2.64,2.573,2.66,3.127,2.791,2.755,2.577,3.041,3.055,2.45,2.459,3.02,2.695,2.932,2.768,2.785,3.52,2.572,2.815,855.0,1049.0,514.0,840.0,2302.0,2319.0,1819.0,1922.0,430.0,311.0,314.0,219.0,2825.0,3177.0,5220.0,5328.0,3179.0,3299.0,2683.0,1813.0,1088.0,1217.0,5121.0,4967.0,1623.0,2347.0,3365.0,3200.0,1407.0,1977.0,3775.0,2489.0,1413.0,1384.0,601.0,663.0,1553.0,1509.0,296.0,897.0,2039.0,1052.0,1774.0,1672.0,4253.0,4108.0,1316.0,1202.0,4688.0,4565.0,4209.0,4032.0,763.0,734.0,6475.0,6270.0,7089.0,6100.0,5528.0,5658.0,4057.0,2967.0,3001.0,3845.0,496.0,421.0,374.0,339.0
NDAREK549XUQ,3.137,3.229,2.776,2.411,3.148,3.147,2.505,2.307,4.033,4.019,3.548,3.318,3.333,3.247,3.192,3.138,3.411,3.37,3.526,3.677,2.899,2.481,2.81,2.765,3.142,3.179,2.772,2.789,2.91,2.836,3.339,3.383,3.17,3.136,3.44,3.351,3.072,3.188,3.55,3.117,3.044,2.951,2.331,2.415,2.844,2.77,2.86,2.919,3.055,3.103,3.139,3.152,3.046,3.46,2.828,2.864,3.404,3.366,2.838,2.859,3.372,3.266,3.331,3.192,4.417,4.286,3.182,3.146,1260.0,986.0,784.0,701.0,2688.0,2892.0,1396.0,1459.0,368.0,364.0,337.0,222.0,2713.0,3158.0,4372.0,6185.0,3412.0,3103.0,2658.0,2262.0,1070.0,1050.0,4543.0,5581.0,2933.0,3043.0,2957.0,2719.0,1831.0,2031.0,3605.0,3864.0,1421.0,1756.0,702.0,733.0,1665.0,1958.0,723.0,857.0,1588.0,1585.0,1285.0,1024.0,4989.0,4593.0,1508.0,1583.0,5368.0,5125.0,3997.0,4343.0,539.0,858.0,6462.0,6576.0,7579.0,7460.0,5426.0,5911.0,4104.0,4596.0,4587.0,3544.0,420.0,462.0,551.0,396.0
NDAREK947FYP,2.657,2.867,2.678,2.576,2.656,2.745,2.201,2.133,3.67,3.553,2.765,3.168,2.846,2.836,2.696,2.785,2.892,3.01,3.233,3.059,2.586,2.543,2.456,2.402,2.952,2.932,2.386,2.284,2.651,2.798,3.103,2.936,2.651,2.721,2.817,2.844,2.825,2.735,2.985,2.769,2.711,2.677,1.773,1.871,2.217,2.262,2.573,2.458,2.743,2.73,2.676,2.617,2.919,3.129,2.478,2.607,2.857,2.938,2.46,2.486,2.961,2.888,2.741,2.874,3.786,3.404,2.432,2.647,1013.0,936.0,628.0,674.0,3148.0,2243.0,1496.0,1658.0,432.0,356.0,308.0,299.0,3136.0,3218.0,5362.0,6815.0,3299.0,3640.0,2598.0,2566.0,1242.0,1045.0,5291.0,5322.0,2799.0,2663.0,2900.0,2974.0,1928.0,2167.0,3578.0,3007.0,1493.0,1967.0,684.0,633.0,1449.0,1597.0,825.0,912.0,2076.0,1644.0,1282.0,1158.0,4472.0,4043.0,1320.0,1481.0,5482.0,5168.0,4143.0,4286.0,518.0,907.0,6647.0,6661.0,8278.0,8750.0,5465.0,5512.0,3666.0,4339.0,4565.0,3321.0,358.0,462.0,450.0,306.0
NDAREL0366HL,2.841,2.785,2.738,2.528,2.953,2.743,2.163,2.081,3.227,3.17,2.904,2.667,2.801,2.89,2.774,2.811,3.005,2.854,3.046,2.985,2.42,2.493,2.345,2.403,2.845,2.983,2.389,2.297,2.743,2.75,2.901,2.936,2.832,2.739,2.92,2.934,2.835,2.949,2.914,2.968,2.47,2.879,1.862,2.015,2.397,2.267,2.741,2.879,2.695,2.871,2.66,2.708,2.779,2.949,2.686,2.654,3.019,3.008,2.502,2.45,2.849,2.868,2.749,2.828,2.768,2.96,2.69,2.535,991.0,871.0,629.0,694.0,2685.0,2173.0,1210.0,1293.0,429.0,390.0,378.0,392.0,3153.0,3439.0,3973.0,5476.0,3129.0,3459.0,2554.0,2388.0,780.0,823.0,5049.0,4868.0,2434.0,2403.0,2792.0,2598.0,1683.0,2104.0,3111.0,2944.0,1544.0,1484.0,736.0,681.0,1168.0,1280.0,702.0,734.0,1122.0,1101.0,1211.0,1075.0,4806.0,4297.0,1089.0,1158.0,4750.0,4715.0,4128.0,4162.0,614.0,779.0,6144.0,5563.0,7163.0,6908.0,5591.0,6370.0,4493.0,4422.0,4448.0,4270.0,635.0,508.0,514.0,373.0
NDAREL063PMX,3.045,3.009,2.874,2.979,2.801,3.014,2.035,2.122,3.748,3.568,3.033,3.362,2.912,2.913,2.756,2.855,3.039,3.233,3.27,3.27,2.67,2.687,2.356,2.43,3.034,2.889,2.169,2.148,2.863,2.968,3.081,3.188,2.734,2.701,2.846,3.152,3.012,3.057,2.935,2.86,2.942,2.829,1.98,1.876,2.256,2.252,2.87,3.075,2.686,2.787,2.723,2.724,3.392,3.283,2.689,2.749,3.019,3.062,2.475,2.521,3.119,3.053,2.898,2.791,3.954,4.215,2.75,2.884,936.0,879.0,497.0,629.0,2024.0,1882.0,1603.0,1689.0,493.0,395.0,314.0,240.0,2998.0,3275.0,5014.0,5889.0,3704.0,4012.0,2140.0,2132.0,1073.0,918.0,5102.0,5370.0,2581.0,2297.0,3500.0,3177.0,1812.0,1985.0,3906.0,3446.0,1457.0,1529.0,659.0,711.0,1210.0,1348.0,632.0,920.0,1609.0,1262.0,1886.0,1758.0,4996.0,4285.0,1257.0,1116.0,4860.0,4844.0,4649.0,4344.0,484.0,851.0,6836.0,5986.0,8095.0,6897.0,6324.0,5887.0,3669.0,3505.0,4843.0,4230.0,477.0,438.0,395.0,355.0
NDAREL410HHK,2.659,2.71,2.968,2.847,2.894,3.001,2.396,2.344,3.718,3.945,3.019,3.285,2.827,3.004,2.913,2.913,2.976,2.759,3.301,3.429,2.58,2.695,2.591,2.602,3.025,2.958,2.389,2.417,2.842,2.642,3.136,3.286,2.604,2.584,3.316,3.16,2.949,2.866,2.91,3.087,2.744,2.698,2.131,2.175,2.383,2.378,2.662,2.472,2.889,2.946,2.765,2.644,3.154,3.174,2.72,2.685,3.014,2.966,2.502,2.561,3.122,3.112,2.904,3.043,3.839,3.843,2.736,2.731,1163.0,960.0,926.0,681.0,2856.0,3017.0,1558.0,1620.0,558.0,470.0,319.0,258.0,3356.0,3575.0,4247.0,6297.0,3325.0,3182.0,2582.0,2813.0,1113.0,881.0,5823.0,5543.0,3271.0,3011.0,3923.0,3541.0,2375.0,2092.0,3486.0,3082.0,1562.0,1677.0,664.0,707.0,1649.0,1724.0,793.0,993.0,1592.0,1728.0,2013.0,1810.0,5026.0,4881.0,1300.0,1612.0,5729.0,5901.0,4487.0,4388.0,896.0,1189.0,5947.0,5497.0,7837.0,8518.0,6184.0,6445.0,4019.0,4184.0,5449.0,4163.0,442.0,441.0,561.0,419.0
NDAREM018TJQ,2.657,2.611,2.782,2.579,2.772,2.784,2.151,2.144,3.42,3.245,3.065,2.987,2.662,2.666,2.61,2.653,3.034,2.824,3.229,3.067,2.392,2.419,2.35,2.374,2.945,2.692,2.263,2.201,2.598,2.567,2.952,3.116,2.597,2.661,2.939,2.921,2.95,2.772,2.894,2.771,2.715,2.709,1.86,1.816,2.157,2.244,2.448,2.49,2.73,2.728,2.573,2.53,3.138,2.988,2.573,2.609,2.844,2.848,2.376,2.421,3.035,2.935,2.692,2.81,3.528,3.775,2.556,2.568,1433.0,1190.0,1087.0,831.0,2638.0,2260.0,2074.0,2046.0,636.0,907.0,377.0,309.0,3741.0,4089.0,5423.0,6982.0,3834.0,4553.0,2606.0,2772.0,1671.0,1504.0,6456.0,7185.0,3342.0,3468.0,4335.0,4040.0,2381.0,2301.0,4088.0,4190.0,1582.0,1777.0,815.0,1040.0,1780.0,1737.0,869.0,1220.0,2091.0,1484.0,2246.0,1941.0,4370.0,4515.0,1862.0,1537.0,4709.0,5431.0,5040.0,4637.0,846.0,1065.0,8170.0,6493.0,9378.0,8759.0,6902.0,6716.0,4552.0,4695.0,5786.0,3992.0,560.0,642.0,581.0,459.0
NDAREM731BYM,2.779,3.084,2.665,2.475,2.705,2.951,2.438,2.503,3.343,3.303,3.001,3.002,2.951,3.044,2.787,3.013,2.918,2.992,3.283,3.31,2.348,2.471,2.28,2.527,3.043,3.007,2.387,2.413,2.63,2.743,3.276,3.291,3.142,3.005,3.09,3.043,3.014,2.783,2.966,2.85,2.905,2.771,2.218,2.211,2.523,2.478,2.97,2.827,2.939,3.038,3.059,2.97,2.716,2.813,2.814,2.66,3.176,3.161,2.761,2.605,3.303,3.191,2.845,3.04,3.229,3.417,2.995,3.041,1470.0,1026.0,591.0,570.0,2708.0,1895.0,1449.0,1581.0,746.0,548.0,492.0,377.0,3075.0,2866.0,5413.0,7212.0,3553.0,3418.0,2330.0,2028.0,936.0,738.0,5257.0,4976.0,2037.0,2226.0,2818.0,3039.0,1825.0,1885.0,3296.0,2941.0,1234.0,1659.0,595.0,584.0,1242.0,1483.0,699.0,922.0,1669.0,1506.0,1541.0,1428.0,3947.0,3933.0,1065.0,1167.0,4569.0,4700.0,3503.0,3862.0,465.0,590.0,5494.0,6047.0,7324.0,7742.0,4714.0,5184.0,3525.0,4137.0,4311.0,3535.0,626.0,548.0,516.0,361.0
NDAREM887YY8,2.894,2.99,2.751,2.643,2.91,3.227,2.444,2.416,3.027,3.374,2.845,3.039,3.094,3.093,2.816,2.942,3.005,2.978,3.549,3.698,2.599,2.605,2.479,2.391,3.276,3.096,2.495,2.481,3.002,3.02,3.198,3.057,2.852,3.115,2.703,2.722,3.359,3.235,3.226,3.104,3.132,3.245,1.959,2.051,2.416,2.568,2.794,3.078,3.053,2.89,3.022,2.935,2.657,3.086,2.974,2.792,3.216,3.178,2.69,2.711,3.276,3.232,2.859,2.983,3.217,3.193,3.058,2.755,1452.0,1025.0,565.0,714.0,2236.0,1865.0,1831.0,1437.0,539.0,464.0,633.0,572.0,3212.0,3184.0,5325.0,6007.0,3703.0,4021.0,2567.0,2506.0,927.0,1108.0,4985.0,6348.0,2617.0,2739.0,2717.0,3212.0,2110.0,2283.0,4253.0,4016.0,1688.0,1680.0,696.0,658.0,1528.0,1764.0,757.0,794.0,1686.0,1545.0,1312.0,1801.0,3945.0,4538.0,1325.0,1195.0,5170.0,4720.0,4334.0,5113.0,576.0,933.0,6363.0,6528.0,8512.0,8215.0,6690.0,6887.0,4110.0,4677.0,5714.0,5115.0,801.0,815.0,562.0,409.0
NDAREN151YXN,3.027,3.135,2.615,2.59,3.289,3.153,2.619,2.483,3.74,3.774,3.834,3.278,3.12,3.151,3.085,2.901,3.226,3.144,3.495,3.801,2.525,2.615,2.752,2.662,3.236,3.184,2.493,2.655,2.874,3.0,2.98,3.263,2.979,3.045,2.933,3.316,3.114,3.375,3.444,3.814,3.138,2.994,2.028,2.187,2.637,2.572,2.706,2.72,3.005,3.021,3.021,3.048,3.148,3.295,3.062,3.048,3.405,3.479,2.835,2.834,3.299,3.484,3.236,3.169,3.843,4.042,2.95,3.1,1349.0,1240.0,569.0,754.0,2901.0,3097.0,1631.0,2009.0,549.0,398.0,190.0,242.0,3406.0,3735.0,5840.0,9144.0,4472.0,4670.0,2909.0,2216.0,1404.0,1426.0,5955.0,7136.0,2834.0,3180.0,3716.0,3924.0,1539.0,1991.0,4811.0,4129.0,1511.0,1422.0,671.0,616.0,1942.0,1580.0,785.0,864.0,1773.0,1696.0,1946.0,1696.0,4673.0,3974.0,1220.0,1182.0,5704.0,5885.0,4871.0,5036.0,707.0,787.0,7889.0,6681.0,9451.0,7665.0,6876.0,7148.0,4188.0,4720.0,4567.0,3963.0,548.0,431.0,561.0,364.0
NDAREN242VPZ,3.208,3.072,2.838,2.354,3.137,3.114,2.276,2.318,3.528,3.433,3.619,3.453,3.136,3.178,3.088,3.108,3.269,3.228,3.756,3.413,2.904,2.83,2.521,2.63,3.12,2.934,2.588,2.693,2.727,2.584,3.341,3.262,3.062,2.99,3.417,3.684,3.053,2.973,3.347,3.042,2.887,2.974,2.251,2.191,2.516,2.588,2.799,2.911,2.842,3.035,3.059,2.848,3.327,3.186,2.797,2.941,3.343,3.15,2.832,2.912,3.319,3.427,3.308,3.122,3.994,3.836,3.122,2.827,1045.0,904.0,944.0,657.0,3313.0,2831.0,1534.0,1730.0,478.0,430.0,298.0,286.0,3132.0,3504.0,6076.0,7156.0,3833.0,4433.0,2577.0,3154.0,939.0,999.0,5356.0,5207.0,3223.0,3208.0,4601.0,3356.0,2264.0,1867.0,3768.0,3787.0,1872.0,2261.0,646.0,733.0,1302.0,1724.0,886.0,1131.0,1797.0,1752.0,2008.0,1502.0,4684.0,5305.0,1263.0,1667.0,6169.0,5663.0,5516.0,5494.0,736.0,823.0,7814.0,7099.0,9303.0,9788.0,6033.0,7372.0,4570.0,4613.0,3626.0,3711.0,510.0,481.0,502.0,464.0
NDAREN417DJE,3.159,3.192,3.135,2.522,3.11,2.877,2.313,2.259,3.674,3.777,3.256,3.098,3.185,3.084,2.987,2.991,3.333,3.081,3.302,3.382,2.34,2.414,2.485,2.64,3.183,3.18,2.398,2.409,2.926,3.1,3.421,3.414,2.992,2.68,3.354,2.987,3.13,3.131,3.36,3.1,3.069,2.857,2.136,2.153,2.455,2.963,2.759,2.956,2.623,2.992,2.895,2.922,3.28,3.035,3.046,2.856,3.323,3.368,2.742,2.678,3.347,3.241,3.042,3.274,3.545,4.383,2.828,3.278,1168.0,1103.0,618.0,863.0,2020.0,1551.0,1512.0,1357.0,432.0,382.0,295.0,232.0,2998.0,3099.0,5879.0,5897.0,3677.0,3797.0,2472.0,2190.0,959.0,1009.0,5228.0,4920.0,2480.0,2693.0,2635.0,2421.0,1475.0,1568.0,3880.0,3743.0,1341.0,1389.0,539.0,602.0,1118.0,1592.0,563.0,858.0,2162.0,1392.0,1667.0,1600.0,4242.0,2807.0,1454.0,1285.0,4405.0,4600.0,3783.0,3748.0,856.0,827.0,8461.0,5374.0,7426.0,7783.0,4511.0,6074.0,3491.0,3805.0,3839.0,2606.0,474.0,497.0,424.0,355.0
NDAREN999ERM,2.754,2.724,2.9,2.605,3.095,3.182,2.618,2.606,3.709,4.067,3.435,3.633,3.137,3.178,3.089,2.965,3.319,3.361,3.12,3.359,2.938,2.596,2.609,2.599,3.239,3.12,2.504,2.687,2.996,3.008,3.271,3.348,2.821,2.97,3.054,3.111,3.023,3.108,3.345,3.312,3.234,3.083,2.379,2.183,2.635,2.658,2.491,2.838,2.989,3.051,2.947,2.872,3.47,3.325,3.028,3.06,3.357,3.385,2.744,2.822,3.311,3.138,3.09,3.045,3.616,4.267,3.315,3.173,976.0,835.0,445.0,717.0,2249.0,2566.0,1380.0,1501.0,638.0,515.0,344.0,232.0,2991.0,2664.0,4099.0,5259.0,2761.0,3054.0,2657.0,2565.0,1006.0,980.0,5059.0,5217.0,2619.0,2272.0,3081.0,2535.0,1169.0,1463.0,3135.0,2716.0,1517.0,1329.0,553.0,730.0,1224.0,1390.0,724.0,743.0,1357.0,1279.0,1637.0,1312.0,4345.0,4400.0,1161.0,1020.0,4892.0,5121.0,4198.0,4193.0,576.0,494.0,5076.0,4892.0,7561.0,6227.0,5692.0,6709.0,3406.0,3798.0,5388.0,4587.0,331.0,361.0,335.0,295.0
NDARET653TAM,2.813,2.764,3.137,2.847,2.792,2.755,2.491,2.371,4.142,4.086,2.949,2.972,3.112,3.019,2.805,2.811,3.086,3.045,3.304,3.059,2.485,2.379,2.521,2.507,3.249,3.044,2.264,2.241,2.855,2.792,3.086,3.168,2.603,2.694,2.95,3.176,2.79,2.802,3.073,3.048,2.796,2.845,2.058,2.028,2.459,2.442,2.549,2.426,2.679,2.782,2.724,2.788,3.305,3.471,2.703,2.735,3.044,2.894,2.569,2.645,2.946,3.051,2.976,3.009,3.645,4.124,2.515,2.503,1186.0,702.0,500.0,563.0,2224.0,2318.0,1020.0,1282.0,259.0,264.0,290.0,256.0,2710.0,2713.0,3674.0,4977.0,2781.0,2529.0,1936.0,1933.0,919.0,757.0,4159.0,4759.0,2528.0,2264.0,1988.0,2380.0,1437.0,1902.0,3008.0,2806.0,1424.0,1527.0,547.0,550.0,1150.0,1428.0,703.0,990.0,1230.0,1527.0,1216.0,1272.0,3822.0,3881.0,1181.0,1178.0,4814.0,4773.0,2757.0,3151.0,453.0,632.0,5591.0,6249.0,7380.0,8118.0,4047.0,4414.0,3388.0,4461.0,3399.0,2949.0,393.0,316.0,565.0,371.0
NDARET949LMU,2.662,2.603,3.6,2.72,2.7,2.779,2.133,2.189,3.706,3.774,2.466,2.917,2.9,2.857,2.721,2.751,2.962,2.937,3.264,3.196,2.475,2.382,2.343,2.461,3.007,2.853,2.283,2.396,2.992,3.153,2.915,2.983,2.755,2.925,3.031,3.055,2.755,2.769,2.974,2.819,2.64,2.859,1.888,1.955,2.236,2.116,2.766,2.597,2.674,2.746,2.71,2.738,3.316,3.071,2.635,2.658,3.103,3.25,2.534,2.513,3.078,3.054,2.9,2.844,3.475,3.82,2.621,2.736,908.0,1030.0,416.0,481.0,1744.0,1724.0,1454.0,1827.0,382.0,296.0,264.0,245.0,2597.0,2760.0,4110.0,5453.0,3028.0,3026.0,2054.0,2116.0,1015.0,845.0,5413.0,4851.0,2386.0,2268.0,2761.0,2756.0,1612.0,1556.0,3306.0,2779.0,1283.0,1326.0,548.0,629.0,1147.0,1199.0,694.0,761.0,1185.0,995.0,1278.0,1173.0,3966.0,4084.0,916.0,1137.0,4392.0,4834.0,3926.0,3751.0,358.0,641.0,5471.0,4891.0,6576.0,5836.0,6162.0,5755.0,3659.0,3730.0,3507.0,3557.0,359.0,374.0,408.0,298.0
NDAREU551GPC,2.946,2.92,3.002,2.591,2.755,2.912,2.138,2.314,2.987,3.477,2.487,2.627,2.929,2.957,2.772,2.815,2.878,3.057,3.283,3.258,2.584,2.538,2.235,2.365,2.728,2.571,2.33,2.236,2.598,2.516,3.148,3.058,2.835,2.91,3.131,2.929,2.934,3.009,2.25,2.768,2.671,2.864,1.924,1.953,2.486,2.479,2.759,2.623,2.681,2.711,2.621,2.84,3.136,3.055,2.448,2.64,3.009,2.945,2.566,2.533,2.989,2.99,2.941,2.945,2.72,3.177,2.899,2.857,839.0,939.0,406.0,608.0,2393.0,2392.0,1642.0,1852.0,458.0,374.0,518.0,476.0,3027.0,3308.0,4469.0,5047.0,3166.0,3714.0,2368.0,2246.0,1074.0,846.0,5509.0,5416.0,2622.0,2486.0,3429.0,3604.0,2169.0,1877.0,3693.0,3078.0,1356.0,1672.0,644.0,739.0,1635.0,2059.0,884.0,904.0,1624.0,1638.0,1671.0,1604.0,4471.0,4816.0,1080.0,1024.0,5165.0,4902.0,4444.0,4514.0,493.0,814.0,5526.0,5465.0,7888.0,7597.0,6221.0,7209.0,3718.0,3312.0,4348.0,3662.0,601.0,522.0,538.0,465.0
NDAREV848HWX,3.24,3.22,2.672,2.481,3.122,3.035,2.514,2.371,4.12,4.276,3.095,3.399,3.244,3.229,3.108,3.057,3.334,3.215,3.462,3.352,2.726,2.817,2.763,2.691,3.148,3.147,2.603,2.577,2.867,2.905,3.35,3.423,3.03,2.931,3.178,3.475,3.22,3.067,3.3,3.215,3.0,2.857,2.039,2.379,2.684,2.682,2.779,2.961,3.152,3.229,2.987,2.918,2.849,3.423,2.961,2.825,3.365,3.249,2.916,2.79,3.383,3.366,3.164,3.229,4.165,4.23,3.131,3.064,1161.0,1288.0,848.0,952.0,2726.0,2292.0,1863.0,2143.0,538.0,424.0,455.0,316.0,3533.0,4006.0,6160.0,6851.0,4138.0,4641.0,2786.0,3018.0,1334.0,1187.0,5743.0,6620.0,3371.0,3264.0,3749.0,3627.0,2339.0,2425.0,4746.0,4146.0,1554.0,2109.0,552.0,762.0,1607.0,1827.0,948.0,1315.0,2155.0,1584.0,2066.0,1952.0,5159.0,5102.0,1685.0,1579.0,6027.0,6132.0,5359.0,4865.0,646.0,1008.0,8271.0,9091.0,9201.0,10178.0,6653.0,6898.0,4438.0,4931.0,5321.0,5813.0,549.0,608.0,461.0,422.0
NDAREW671HZW,3.145,3.068,2.403,2.745,2.832,2.884,2.172,2.449,3.324,3.483,2.612,2.73,2.818,3.009,3.07,2.801,2.732,2.966,3.382,3.206,2.407,2.718,2.318,2.271,3.117,2.902,2.523,2.465,2.908,2.54,3.006,3.291,3.116,2.751,3.141,3.428,2.823,3.16,3.26,2.701,2.857,3.098,2.259,2.036,2.365,2.369,2.713,2.832,2.676,2.745,2.967,2.917,2.447,2.713,2.682,2.906,3.064,2.858,2.369,2.459,2.939,3.284,2.812,2.92,2.914,2.724,2.712,2.703,1342.0,1240.0,472.0,625.0,2097.0,2046.0,1546.0,1493.0,391.0,363.0,568.0,456.0,3255.0,3420.0,5747.0,6080.0,2915.0,3417.0,2182.0,2222.0,1120.0,1046.0,4975.0,5502.0,2512.0,2465.0,3329.0,2799.0,2052.0,1888.0,3936.0,3449.0,1593.0,1611.0,533.0,553.0,1387.0,1453.0,853.0,793.0,1537.0,1344.0,1548.0,1543.0,4404.0,4349.0,1141.0,1131.0,4609.0,4273.0,3921.0,3793.0,550.0,421.0,6828.0,6055.0,8792.0,7788.0,6236.0,6543.0,3711.0,3910.0,4287.0,4000.0,665.0,655.0,513.0,377.0
NDAREW937RMY,2.768,3.049,2.519,2.291,2.92,3.249,2.468,2.309,3.01,3.252,2.723,2.946,3.238,3.23,2.868,3.089,3.032,3.177,3.5,3.558,2.09,2.094,2.498,2.61,3.121,3.328,2.472,2.648,2.705,2.962,3.356,3.273,3.036,2.938,2.902,3.275,3.181,3.295,3.359,3.266,3.033,3.067,2.172,2.301,2.39,2.24,2.545,2.814,3.02,3.078,2.964,2.961,2.926,2.905,2.953,2.801,3.301,3.252,2.677,2.69,3.222,2.975,2.717,2.93,3.548,3.567,2.941,2.858,1280.0,797.0,617.0,546.0,2415.0,1773.0,1566.0,1855.0,546.0,636.0,561.0,435.0,2619.0,2958.0,3734.0,5017.0,2697.0,3147.0,2284.0,1996.0,1005.0,886.0,5568.0,5759.0,2492.0,1990.0,2828.0,2756.0,1926.0,2183.0,3291.0,2842.0,1615.0,1663.0,449.0,486.0,1474.0,1512.0,657.0,838.0,1820.0,1287.0,1343.0,1257.0,4345.0,4033.0,1323.0,1241.0,4850.0,4719.0,3627.0,3588.0,567.0,816.0,5272.0,5899.0,8131.0,7479.0,5038.0,5165.0,3433.0,4247.0,4499.0,3633.0,663.0,599.0,586.0,416.0
NDAREZ098ZPE,2.55,2.674,2.57,2.541,2.641,2.614,2.1,1.994,3.03,3.507,2.514,2.586,2.662,2.543,2.457,2.485,2.895,2.615,3.03,2.937,2.395,2.565,2.082,2.184,2.647,2.632,2.128,2.045,2.413,2.466,2.855,2.683,2.506,2.548,2.518,2.519,2.616,2.653,2.756,2.653,2.493,2.404,1.942,1.828,2.192,2.237,2.535,2.407,2.707,2.687,2.395,2.449,2.824,2.807,2.387,2.426,2.753,2.72,2.346,2.292,2.875,2.823,2.627,2.641,3.397,3.632,2.633,2.648,954.0,938.0,543.0,934.0,2104.0,1656.0,1365.0,1602.0,422.0,365.0,318.0,234.0,2891.0,2966.0,4048.0,4700.0,3253.0,3224.0,2477.0,2586.0,928.0,730.0,4150.0,4403.0,2761.0,2677.0,2625.0,2654.0,2032.0,2179.0,3311.0,3363.0,1234.0,1358.0,659.0,634.0,1228.0,1481.0,746.0,940.0,1699.0,1324.0,1477.0,1350.0,3960.0,3838.0,1273.0,1226.0,4409.0,4536.0,3581.0,3740.0,643.0,848.0,6294.0,6396.0,8180.0,7749.0,5106.0,5216.0,4128.0,4137.0,3494.0,3158.0,388.0,447.0,441.0,333.0
NDARFA233CUK,2.895,3.03,2.771,2.516,2.657,2.835,2.23,2.372,4.176,3.796,3.51,2.727,3.07,2.986,2.425,2.604,2.859,2.732,3.366,3.316,2.446,2.692,1.998,2.057,3.103,3.089,2.372,2.33,2.701,2.918,2.889,2.76,2.499,2.821,3.13,2.983,2.911,2.869,3.025,2.966,2.993,2.968,2.064,2.198,2.273,2.251,2.621,2.637,2.682,2.583,2.677,2.77,2.898,3.05,2.731,2.54,3.046,2.966,2.393,2.287,2.942,2.879,2.714,2.758,3.701,4.105,2.908,2.796,1257.0,1124.0,656.0,829.0,2804.0,2729.0,1629.0,2223.0,323.0,400.0,295.0,341.0,3606.0,3385.0,6269.0,6871.0,3495.0,4539.0,2826.0,2437.0,1291.0,967.0,6703.0,6060.0,3073.0,3276.0,3947.0,3740.0,1613.0,1996.0,4218.0,4053.0,1536.0,1633.0,786.0,784.0,1791.0,1607.0,857.0,977.0,1740.0,1666.0,2068.0,1419.0,5014.0,4207.0,1306.0,1474.0,5250.0,5339.0,4264.0,4387.0,697.0,949.0,6789.0,7602.0,8514.0,8900.0,6072.0,6065.0,4330.0,4394.0,4865.0,4616.0,474.0,508.0,561.0,377.0
NDARFA464HJQ,2.508,2.611,2.52,2.352,2.709,2.721,2.19,2.084,3.502,3.314,2.071,2.808,2.784,2.735,2.518,2.571,2.839,2.887,3.032,3.0,2.318,2.039,2.409,2.231,3.079,2.86,2.208,2.274,2.71,2.482,2.956,2.832,2.52,2.507,2.766,2.889,2.836,2.768,2.529,2.666,2.628,2.535,1.624,1.899,2.144,2.144,2.46,2.41,2.651,2.613,2.518,2.478,2.874,3.199,2.486,2.598,2.994,2.885,2.323,2.25,2.955,2.872,2.584,2.638,3.806,3.544,2.477,2.699,998.0,1075.0,632.0,943.0,2633.0,2164.0,1881.0,1545.0,372.0,368.0,338.0,294.0,2661.0,2470.0,4983.0,5310.0,3158.0,2762.0,2246.0,2317.0,1250.0,1073.0,5995.0,5532.0,2351.0,2122.0,3818.0,4064.0,1631.0,1753.0,3681.0,3593.0,1082.0,1195.0,547.0,558.0,1369.0,1576.0,652.0,898.0,1554.0,1470.0,1404.0,1495.0,3947.0,3739.0,1411.0,1010.0,4898.0,4710.0,4058.0,4512.0,609.0,718.0,5979.0,6956.0,6842.0,6330.0,5462.0,5591.0,3958.0,4531.0,3372.0,3756.0,452.0,389.0,601.0,366.0
NDARFA737TG6,2.947,2.922,1.887,1.78,2.978,3.033,2.206,2.28,3.166,3.214,2.674,2.925,2.904,3.111,2.99,2.966,2.977,3.078,3.298,3.05,2.519,2.739,2.46,2.582,2.959,2.791,2.482,2.507,2.685,2.858,3.073,3.179,2.936,2.859,2.998,3.304,2.837,3.154,3.063,2.827,2.863,2.857,2.291,2.241,2.629,2.595,2.404,2.61,3.075,3.107,2.807,2.859,2.844,2.754,2.544,2.701,3.136,3.07,2.669,2.576,3.173,3.044,2.93,3.05,3.297,3.474,3.134,3.276,1082.0,1066.0,576.0,710.0,2158.0,2912.0,1240.0,1449.0,516.0,494.0,273.0,297.0,3316.0,3424.0,5668.0,5729.0,3588.0,3909.0,2835.0,3188.0,952.0,991.0,5393.0,4863.0,3235.0,3246.0,3482.0,3050.0,2273.0,2251.0,3956.0,3538.0,1545.0,1760.0,599.0,749.0,1432.0,1680.0,923.0,983.0,1885.0,1472.0,1591.0,1315.0,4671.0,4613.0,1474.0,1537.0,5223.0,5190.0,4141.0,4395.0,655.0,704.0,6313.0,7228.0,8444.0,8522.0,5762.0,5788.0,4336.0,3919.0,4501.0,4362.0,554.0,517.0,417.0,373.0
NDARFB107PVH,2.367,2.503,2.498,2.454,2.639,2.608,1.81,1.944,3.129,2.778,2.741,2.393,2.672,2.505,2.45,2.484,2.744,2.68,2.914,2.903,2.268,2.347,2.127,2.144,2.557,2.428,2.006,1.934,2.484,2.338,2.782,2.773,2.408,2.442,2.755,2.607,2.63,2.724,2.524,2.509,2.378,2.478,1.741,1.799,2.184,2.206,2.239,2.399,2.579,2.704,2.281,2.394,2.635,2.915,2.386,2.308,2.638,2.646,2.268,2.175,2.713,2.593,2.512,2.447,3.415,3.748,2.38,2.39,833.0,813.0,576.0,803.0,2772.0,1971.0,1777.0,2072.0,386.0,453.0,330.0,322.0,3255.0,3492.0,6172.0,5294.0,3781.0,4509.0,2402.0,2402.0,1217.0,1211.0,6175.0,6315.0,3318.0,3317.0,4097.0,3623.0,1940.0,2087.0,4534.0,3652.0,1261.0,1319.0,705.0,802.0,1596.0,1753.0,867.0,1022.0,1887.0,1286.0,2223.0,1958.0,4539.0,4354.0,1132.0,1257.0,4883.0,5036.0,4233.0,4107.0,643.0,648.0,7242.0,6861.0,8455.0,7821.0,5169.0,5454.0,4299.0,4423.0,4034.0,4070.0,487.0,484.0,451.0,401.0
NDARFB506UJ3,3.137,3.448,2.975,2.985,3.258,3.221,2.459,2.409,2.774,3.677,3.592,3.753,3.239,3.035,3.155,3.213,3.192,3.199,3.506,3.745,2.436,2.415,2.581,2.564,3.451,2.966,2.608,2.577,3.207,3.208,3.537,3.254,3.218,3.089,3.359,3.387,3.235,3.322,3.22,3.443,3.267,3.314,2.153,2.191,2.732,2.651,2.695,2.91,2.944,2.997,3.014,3.032,3.185,3.602,3.013,3.062,3.497,3.463,2.866,2.901,3.575,3.352,3.322,3.091,3.729,4.15,3.251,3.403,1239.0,1064.0,485.0,714.0,3004.0,1870.0,1654.0,1947.0,474.0,355.0,320.0,246.0,3648.0,3502.0,4899.0,6733.0,3423.0,3511.0,2162.0,2054.0,994.0,887.0,5314.0,5713.0,2728.0,2807.0,3121.0,3542.0,1504.0,1721.0,4377.0,3629.0,1313.0,1532.0,622.0,692.0,1699.0,1503.0,794.0,830.0,1510.0,1553.0,1856.0,1737.0,4166.0,3821.0,1315.0,1200.0,4968.0,5290.0,4016.0,4275.0,565.0,607.0,7676.0,6830.0,8708.0,7830.0,5391.0,5707.0,3537.0,4394.0,4304.0,3250.0,373.0,353.0,449.0,335.0
NDARFB969EMV,2.76,3.065,2.683,2.576,3.163,3.068,2.346,2.316,3.556,3.576,2.988,3.249,3.084,3.029,3.024,3.114,3.198,3.271,3.516,3.533,2.391,2.58,2.412,2.55,3.122,3.045,2.463,2.393,2.713,2.9,3.336,3.228,2.928,2.868,3.029,3.298,3.095,3.213,3.444,3.438,3.078,3.05,2.121,2.161,2.533,2.528,2.665,2.589,3.033,2.913,2.907,2.868,3.224,3.23,2.936,2.978,3.246,3.219,2.68,2.699,3.243,3.243,3.114,3.046,4.061,3.973,2.915,2.923,1356.0,1049.0,632.0,931.0,2836.0,2643.0,1482.0,1733.0,638.0,511.0,296.0,233.0,3270.0,3389.0,5529.0,5744.0,4158.0,4423.0,2469.0,2514.0,1184.0,1037.0,4902.0,4528.0,2981.0,3203.0,3345.0,2995.0,2042.0,2038.0,4236.0,3503.0,1496.0,1585.0,750.0,759.0,1658.0,1932.0,666.0,853.0,1830.0,1590.0,1843.0,1527.0,4285.0,3936.0,1591.0,1301.0,5331.0,5207.0,3948.0,4137.0,677.0,1062.0,6565.0,5919.0,8952.0,7970.0,5502.0,5102.0,4395.0,4172.0,4164.0,4400.0,565.0,500.0,376.0,373.0
NDARFD453NPR,2.918,3.176,2.725,2.944,3.214,3.052,2.584,2.541,3.602,3.87,3.076,3.254,3.267,3.115,3.022,3.064,3.148,3.307,3.543,3.525,2.636,2.433,2.525,2.728,3.292,3.399,2.824,2.721,2.984,3.174,3.558,3.56,2.937,3.084,3.265,3.211,3.1,3.041,3.421,3.334,3.102,3.214,2.397,2.514,2.721,2.72,2.665,3.05,3.098,3.096,3.037,3.073,3.213,3.475,2.908,2.876,3.265,3.262,2.852,2.801,3.369,3.43,3.052,3.226,4.019,4.219,3.186,3.06,1506.0,1072.0,631.0,1013.0,2522.0,2173.0,1561.0,1702.0,536.0,530.0,360.0,307.0,3306.0,3352.0,6014.0,6617.0,3494.0,4292.0,2269.0,2203.0,1069.0,1153.0,6037.0,5960.0,3050.0,2691.0,3401.0,2932.0,2218.0,1938.0,3939.0,4056.0,1617.0,1686.0,638.0,659.0,1516.0,1553.0,839.0,953.0,1984.0,1198.0,1868.0,1644.0,4553.0,4763.0,1384.0,1316.0,4882.0,5410.0,4370.0,4351.0,681.0,806.0,7212.0,6836.0,8294.0,8140.0,6936.0,6985.0,4084.0,4197.0,4387.0,4676.0,412.0,450.0,448.0,383.0
NDARFD620BUW,2.83,3.096,2.741,2.523,3.298,3.315,2.401,2.431,3.968,4.028,3.601,3.55,3.233,3.315,3.185,3.16,3.301,3.329,3.2,3.583,2.521,2.635,2.657,2.692,3.117,3.088,2.478,2.525,3.126,2.805,3.409,3.39,2.864,2.847,2.792,2.892,3.153,3.274,3.403,3.578,3.156,3.012,2.233,2.228,2.575,2.621,2.756,2.679,3.093,3.145,3.073,3.08,3.17,3.465,3.175,2.987,3.538,3.449,2.81,2.942,3.439,3.332,3.173,3.116,4.015,4.238,3.163,2.984,1093.0,989.0,783.0,796.0,3431.0,2797.0,1694.0,1802.0,290.0,359.0,292.0,245.0,2910.0,2580.0,5949.0,7596.0,3548.0,3392.0,2869.0,2226.0,1084.0,966.0,7007.0,6119.0,2863.0,3017.0,3282.0,2677.0,1784.0,1910.0,3893.0,4196.0,1414.0,1577.0,716.0,626.0,1689.0,1694.0,713.0,907.0,1896.0,1490.0,1912.0,1501.0,4401.0,4141.0,1436.0,1690.0,5218.0,5105.0,3736.0,4081.0,735.0,807.0,7772.0,8159.0,7100.0,7347.0,5715.0,5378.0,3863.0,4524.0,3403.0,3349.0,381.0,423.0,531.0,384.0
NDARFD628UVZ,2.763,2.597,2.68,2.462,2.677,2.664,2.33,2.344,3.217,3.423,2.928,3.264,2.707,2.746,2.817,2.784,2.921,2.857,3.09,3.149,2.567,2.489,2.246,2.374,2.709,2.763,2.232,2.291,2.656,2.799,3.001,3.055,2.688,2.561,2.605,2.777,2.847,2.662,3.003,2.942,2.617,2.67,1.978,1.913,2.153,2.17,2.595,2.49,2.681,2.65,2.68,2.678,2.778,2.695,2.786,2.539,2.917,2.922,2.411,2.462,3.098,3.098,2.903,2.835,3.279,3.824,2.631,2.702,1010.0,949.0,634.0,709.0,2218.0,2597.0,1996.0,1934.0,497.0,401.0,311.0,200.0,3824.0,3508.0,4996.0,5235.0,3740.0,3531.0,2213.0,2022.0,1167.0,1044.0,5139.0,5682.0,2765.0,2472.0,3582.0,3989.0,1545.0,1605.0,3255.0,3185.0,1660.0,1681.0,803.0,669.0,1205.0,1629.0,889.0,1012.0,1465.0,1723.0,2032.0,1820.0,4029.0,4934.0,1344.0,1274.0,5091.0,5057.0,4556.0,4207.0,383.0,656.0,7209.0,7880.0,8185.0,7174.0,6159.0,6060.0,3584.0,4281.0,3871.0,3422.0,391.0,447.0,510.0,337.0
NDARFE299MWU,3.016,3.057,2.836,2.151,3.141,3.099,2.422,2.499,3.884,3.433,2.746,3.111,3.082,3.245,3.045,3.052,2.946,3.152,3.481,3.332,2.8,2.821,2.598,2.675,3.238,2.978,2.634,2.682,2.993,3.095,3.165,3.331,3.098,3.114,3.666,3.719,3.116,3.214,3.091,3.183,3.354,3.196,2.307,2.27,2.697,2.752,2.822,3.126,3.1,2.965,2.83,2.929,2.999,3.245,2.96,2.981,3.326,3.236,2.805,2.781,3.284,3.43,3.023,3.045,3.618,3.368,3.189,3.383,877.0,718.0,745.0,573.0,2399.0,2061.0,1509.0,1708.0,511.0,508.0,488.0,282.0,2792.0,2426.0,4373.0,6143.0,3348.0,3322.0,2357.0,2006.0,989.0,817.0,5598.0,6446.0,2724.0,2643.0,3489.0,3239.0,2075.0,2016.0,3250.0,3057.0,1608.0,1871.0,692.0,795.0,1279.0,1365.0,733.0,778.0,1344.0,1197.0,1649.0,1367.0,4585.0,3728.0,1041.0,1190.0,4120.0,4592.0,4137.0,4392.0,429.0,818.0,6424.0,6310.0,6783.0,7580.0,5590.0,5736.0,3017.0,3593.0,3522.0,2631.0,562.0,700.0,442.0,313.0
NDARFF644ZGD,2.808,3.047,2.346,2.46,2.994,2.792,2.434,2.415,2.907,2.91,3.004,3.183,2.95,3.0,2.993,3.01,3.131,2.838,3.229,3.281,2.414,2.383,2.428,2.627,2.904,2.966,2.471,2.479,2.734,2.942,3.412,3.187,3.109,3.058,3.23,3.241,2.925,2.938,2.925,3.275,2.839,2.915,2.445,2.277,2.341,2.344,2.657,2.785,2.822,2.943,2.842,2.805,2.854,2.854,2.623,2.812,3.18,3.075,2.66,2.593,3.263,3.284,3.03,2.937,3.363,3.454,3.047,3.077,1506.0,1160.0,582.0,627.0,1838.0,1928.0,1592.0,1437.0,525.0,365.0,374.0,444.0,3003.0,2884.0,4911.0,6229.0,2950.0,3193.0,2432.0,2543.0,1238.0,1200.0,5535.0,5642.0,3052.0,3011.0,3581.0,3160.0,2087.0,2098.0,3628.0,3455.0,1240.0,1540.0,608.0,602.0,1147.0,1550.0,812.0,936.0,1203.0,1463.0,1466.0,1411.0,4321.0,4172.0,1175.0,1087.0,4780.0,4663.0,4101.0,4495.0,532.0,681.0,6101.0,5121.0,7416.0,6408.0,5844.0,5489.0,4041.0,4146.0,4763.0,4079.0,711.0,487.0,539.0,359.0
NDARFG364YMG,2.519,2.74,2.31,2.253,3.004,3.065,2.305,2.253,3.695,3.551,2.951,3.181,2.894,2.896,2.908,2.902,3.089,2.996,3.221,3.35,2.618,2.632,2.459,2.455,3.005,2.896,2.432,2.439,2.552,2.869,3.145,2.913,2.613,2.65,2.752,2.928,3.054,2.997,2.846,3.085,2.893,2.68,2.193,2.188,2.251,2.392,2.752,2.505,2.968,2.83,2.743,2.704,3.011,2.902,2.773,2.577,3.154,3.118,2.543,2.528,3.179,2.997,2.756,2.867,4.071,4.118,2.812,2.788,1007.0,1107.0,888.0,711.0,2914.0,2562.0,1837.0,1981.0,434.0,433.0,360.0,254.0,3305.0,3361.0,4911.0,5777.0,3573.0,3890.0,2884.0,2398.0,1015.0,1066.0,5280.0,5179.0,3037.0,3229.0,3448.0,3130.0,1627.0,2015.0,3566.0,3807.0,1332.0,1671.0,624.0,662.0,1456.0,1457.0,830.0,993.0,1810.0,1574.0,2150.0,1876.0,4132.0,4214.0,1333.0,1326.0,4990.0,5273.0,3795.0,4124.0,506.0,899.0,8167.0,6928.0,8381.0,7751.0,5384.0,5564.0,3939.0,4258.0,3800.0,3862.0,454.0,502.0,472.0,380.0
NDARFG568PXZ,2.542,2.718,2.788,2.861,2.864,2.765,2.43,2.309,3.045,2.89,2.312,2.286,2.768,2.772,2.895,2.757,2.38,2.638,3.393,3.322,2.611,2.571,2.412,2.558,2.858,2.569,2.496,2.477,2.743,2.514,2.905,2.71,2.848,2.837,2.862,3.048,2.875,2.931,2.269,2.346,2.485,2.712,2.152,2.103,2.44,2.467,2.691,2.912,2.793,2.828,2.692,2.715,3.081,3.171,2.272,2.434,2.802,2.82,2.702,2.669,2.982,2.978,2.802,2.926,2.625,2.347,2.7,2.863,979.0,692.0,624.0,558.0,1924.0,2082.0,2200.0,2137.0,498.0,473.0,410.0,273.0,2839.0,2699.0,4368.0,4335.0,2468.0,2221.0,2157.0,2218.0,1349.0,1051.0,5331.0,5640.0,2646.0,2735.0,4151.0,3911.0,1738.0,1847.0,2928.0,2356.0,1288.0,1769.0,536.0,547.0,1592.0,1422.0,811.0,937.0,2114.0,1675.0,2126.0,1794.0,4645.0,4475.0,1350.0,973.0,4438.0,4372.0,4933.0,4529.0,373.0,726.0,5519.0,6459.0,8102.0,7961.0,5050.0,5900.0,3560.0,4282.0,4109.0,4549.0,551.0,507.0,501.0,410.0
NDARFG713PLR,3.112,2.615,2.784,2.57,3.196,3.189,2.527,2.463,3.711,4.164,2.916,3.682,3.04,3.063,3.041,3.011,3.337,3.279,3.316,3.456,2.693,2.839,2.662,2.689,3.239,3.055,2.448,2.566,2.786,3.021,3.442,3.284,3.066,3.06,3.285,3.24,3.116,3.117,3.083,3.401,3.106,3.061,2.108,2.089,2.719,2.622,2.695,2.772,3.1,3.047,3.023,3.065,3.288,3.097,2.91,2.883,3.319,3.24,2.846,2.947,3.215,3.43,3.082,3.039,3.89,3.959,2.993,2.793,1322.0,1294.0,783.0,731.0,2616.0,2323.0,1814.0,1768.0,528.0,444.0,359.0,257.0,3625.0,3500.0,5678.0,8225.0,3735.0,3838.0,2714.0,2628.0,1234.0,1087.0,6983.0,7316.0,2731.0,3002.0,3763.0,3493.0,1774.0,1845.0,4373.0,3739.0,1393.0,1838.0,767.0,746.0,1564.0,1550.0,816.0,1046.0,1801.0,1397.0,1739.0,1637.0,4424.0,4737.0,1224.0,1325.0,4938.0,5709.0,4194.0,3930.0,690.0,969.0,7906.0,7454.0,8018.0,8523.0,5839.0,5704.0,3950.0,4568.0,5257.0,3824.0,526.0,531.0,475.0,353.0
NDARFG851ZNZ,2.634,2.773,2.835,2.518,2.934,2.866,2.261,2.201,3.92,3.9,3.216,3.144,2.912,3.035,2.789,2.811,3.055,3.005,3.143,3.343,2.597,2.823,2.511,2.548,2.823,2.775,2.212,2.417,2.982,2.661,3.121,3.037,2.671,2.76,3.36,3.368,2.903,3.04,2.898,3.05,2.933,2.71,2.067,2.103,2.49,2.527,2.713,2.774,2.924,2.943,2.762,2.706,3.163,3.317,2.759,2.655,3.164,3.148,2.573,2.512,3.086,3.002,2.848,2.875,4.152,3.998,2.927,3.067,934.0,978.0,762.0,698.0,2415.0,2582.0,1547.0,1603.0,478.0,423.0,334.0,260.0,3101.0,2961.0,4797.0,5802.0,3164.0,3539.0,2823.0,2372.0,1078.0,892.0,5271.0,5413.0,2829.0,3021.0,3308.0,3130.0,1652.0,1899.0,3631.0,3429.0,1509.0,1584.0,648.0,649.0,1403.0,2060.0,708.0,811.0,1676.0,1572.0,1865.0,1865.0,4999.0,4563.0,1198.0,1403.0,5519.0,5200.0,4220.0,4189.0,627.0,846.0,6448.0,6781.0,8064.0,8206.0,5770.0,5537.0,3791.0,4299.0,4633.0,3904.0,437.0,428.0,526.0,320.0
NDARFG943GVZ,2.659,3.128,2.657,2.613,3.067,3.177,2.552,2.343,3.431,3.928,2.942,3.237,3.143,3.23,3.033,2.976,3.069,3.122,3.231,3.448,2.818,2.974,2.784,2.702,3.271,3.278,2.66,2.675,3.0,3.059,3.373,3.38,3.051,3.023,3.391,3.234,2.876,3.079,3.326,3.343,3.166,3.057,2.064,2.328,2.459,2.38,2.786,3.008,2.82,2.908,2.865,2.916,3.139,3.0,2.915,2.786,3.355,3.247,2.728,2.762,3.222,3.115,2.921,2.992,3.137,4.121,2.831,2.961,1188.0,987.0,640.0,818.0,2399.0,2346.0,1446.0,1832.0,602.0,416.0,297.0,286.0,3361.0,3449.0,5595.0,7559.0,4039.0,3902.0,2717.0,2464.0,872.0,957.0,5133.0,4965.0,2624.0,2431.0,2931.0,2766.0,1592.0,1727.0,4435.0,3863.0,1453.0,1712.0,630.0,849.0,1431.0,1561.0,744.0,826.0,1463.0,1646.0,1350.0,1165.0,4223.0,4028.0,1382.0,1202.0,5532.0,5206.0,4053.0,4013.0,577.0,894.0,6457.0,7408.0,7664.0,7640.0,6204.0,5832.0,4258.0,4748.0,5192.0,4044.0,450.0,445.0,648.0,389.0
NDARFH674DWX,2.757,2.755,2.831,2.494,2.818,2.805,2.113,2.325,3.535,3.69,3.03,3.198,3.024,2.933,2.912,2.913,3.043,2.961,3.361,3.226,2.568,2.767,2.448,2.577,3.174,2.921,2.427,2.274,3.037,2.816,3.353,3.362,2.756,2.664,2.995,2.92,2.917,3.004,3.129,3.025,2.835,2.813,1.689,1.748,2.474,2.473,2.604,2.647,2.794,2.706,2.765,2.725,3.274,3.246,2.73,2.735,3.123,2.988,2.667,2.647,3.051,3.192,2.793,2.961,3.949,4.051,2.856,3.059,766.0,855.0,372.0,548.0,2027.0,1974.0,1301.0,1522.0,426.0,355.0,307.0,239.0,2602.0,3063.0,3948.0,4995.0,2284.0,2418.0,1938.0,1894.0,947.0,885.0,5466.0,4411.0,2363.0,2443.0,2961.0,2330.0,1343.0,1440.0,2876.0,2439.0,1188.0,1350.0,653.0,625.0,1218.0,1664.0,733.0,704.0,1434.0,1211.0,1344.0,1095.0,4109.0,3744.0,1110.0,999.0,4236.0,4460.0,3972.0,4307.0,468.0,478.0,5841.0,5191.0,6813.0,6236.0,5832.0,5430.0,3375.0,3512.0,4578.0,3812.0,387.0,387.0,480.0,332.0
NDARFJ179MG0,2.596,2.644,2.946,3.013,3.06,3.093,2.224,2.215,3.108,3.866,3.107,3.294,2.998,3.138,2.777,2.899,2.914,3.147,3.273,3.481,2.854,2.567,2.603,2.68,3.14,3.007,2.442,2.542,2.844,2.864,3.106,2.778,3.024,2.875,3.146,2.85,3.101,2.982,2.895,3.246,2.977,2.849,2.2,2.093,2.493,2.599,2.737,2.713,3.07,3.081,2.812,2.796,3.17,3.181,2.779,2.542,3.223,3.275,2.641,2.703,3.229,3.093,2.848,3.011,4.065,4.067,2.902,2.875,1112.0,1036.0,869.0,808.0,1938.0,1969.0,1664.0,1597.0,436.0,415.0,316.0,235.0,3220.0,2976.0,4554.0,5596.0,3109.0,3518.0,2958.0,2401.0,845.0,841.0,5548.0,4510.0,2675.0,3143.0,3168.0,2995.0,1527.0,1980.0,3756.0,3595.0,1339.0,1429.0,642.0,661.0,1615.0,1580.0,768.0,864.0,1788.0,1737.0,1464.0,1414.0,3952.0,3962.0,1324.0,1420.0,5256.0,4871.0,4203.0,4584.0,697.0,1049.0,6063.0,6780.0,7030.0,6592.0,5771.0,5869.0,4283.0,4301.0,5056.0,4689.0,475.0,414.0,509.0,396.0
NDARFJ372JDJ,2.764,2.495,2.747,2.847,3.055,2.988,2.15,2.124,3.219,3.155,3.063,2.344,2.875,2.892,2.537,2.613,2.83,2.83,3.027,3.173,2.504,2.587,2.303,2.413,2.831,2.73,2.267,2.403,2.606,2.592,2.818,2.634,2.94,2.87,2.611,2.839,2.916,2.99,3.055,2.683,2.571,2.734,2.176,2.216,2.469,2.517,2.599,2.697,2.926,2.926,2.738,2.627,2.651,2.923,2.505,2.743,3.119,3.055,2.549,2.56,3.022,2.98,2.749,2.742,3.448,2.93,2.96,3.072,1197.0,1115.0,950.0,892.0,2688.0,2408.0,1243.0,1391.0,569.0,381.0,382.0,339.0,3729.0,3866.0,5681.0,6490.0,2961.0,3434.0,3342.0,3118.0,1075.0,864.0,4907.0,5256.0,2905.0,2551.0,2806.0,3028.0,2061.0,2067.0,3842.0,3723.0,1531.0,1737.0,822.0,828.0,1870.0,1697.0,742.0,996.0,1813.0,1421.0,1409.0,1369.0,4086.0,3887.0,1269.0,1127.0,5006.0,5515.0,4571.0,4583.0,1002.0,765.0,5767.0,6237.0,8559.0,8899.0,6042.0,6196.0,4396.0,4511.0,4983.0,4524.0,458.0,526.0,590.0,425.0
NDARFJ651RMJ,3.013,3.288,3.183,3.113,3.054,3.019,2.58,2.41,3.881,3.726,3.466,3.553,3.242,3.216,2.947,2.899,3.175,3.123,3.482,3.405,2.608,2.7,2.517,2.652,3.238,3.068,2.664,2.615,2.905,2.588,3.287,3.488,3.154,3.045,3.081,3.016,2.851,2.701,3.138,3.286,2.699,2.582,2.122,2.401,2.69,2.562,2.756,3.041,2.795,2.934,3.1,3.017,3.482,3.311,2.722,2.807,3.458,3.353,2.717,2.797,3.338,3.432,3.151,2.872,4.329,4.426,3.148,3.237,1051.0,923.0,851.0,1033.0,2420.0,2331.0,1582.0,1804.0,319.0,357.0,271.0,265.0,3118.0,3319.0,5892.0,7028.0,3451.0,3793.0,2771.0,2342.0,1306.0,956.0,5296.0,4992.0,3119.0,2750.0,3758.0,3382.0,1734.0,2038.0,3846.0,3269.0,1502.0,1745.0,661.0,630.0,1369.0,1666.0,953.0,907.0,1968.0,1881.0,1938.0,1490.0,4645.0,3818.0,1631.0,1536.0,5323.0,5543.0,4346.0,4281.0,616.0,993.0,6777.0,6642.0,7444.0,7730.0,7628.0,6587.0,3667.0,4089.0,3423.0,2964.0,427.0,427.0,492.0,324.0
NDARFJ803JF7,2.916,2.904,2.45,2.44,2.999,3.045,2.391,2.181,3.419,3.228,2.859,2.657,2.927,3.001,2.875,2.831,3.001,3.0,3.155,3.225,2.47,2.541,2.508,2.594,3.156,2.995,2.347,2.41,2.732,2.788,3.07,2.998,2.893,3.18,3.101,3.375,2.872,2.911,3.193,3.112,2.805,2.675,2.035,2.142,2.532,2.492,2.5,2.526,3.023,2.959,2.805,2.856,2.567,2.822,2.648,2.592,3.227,3.208,2.653,2.744,3.068,2.809,2.819,2.94,3.854,3.816,2.947,2.837,1098.0,952.0,883.0,855.0,1847.0,2123.0,1585.0,1518.0,518.0,406.0,267.0,211.0,2822.0,3167.0,4766.0,5841.0,3240.0,3736.0,2590.0,2163.0,1291.0,913.0,4699.0,4671.0,2613.0,2518.0,3365.0,3098.0,1481.0,1613.0,3564.0,3237.0,1328.0,1545.0,658.0,588.0,1508.0,1761.0,735.0,842.0,1706.0,1170.0,1773.0,1885.0,4086.0,3690.0,1400.0,1267.0,4548.0,5901.0,3864.0,3885.0,653.0,923.0,5921.0,5217.0,6804.0,7201.0,5496.0,5515.0,3418.0,3461.0,3783.0,4143.0,421.0,480.0,361.0,331.0
NDARFM211KDJ,3.086,3.625,2.853,2.832,3.253,3.248,2.308,2.319,3.671,3.958,3.475,3.615,3.274,3.055,3.006,3.201,3.363,3.018,3.444,3.502,2.877,2.803,2.498,2.664,3.217,3.295,2.473,2.427,2.832,3.268,3.491,3.298,3.318,3.244,2.68,2.603,3.334,3.241,3.354,3.662,3.109,3.201,2.145,2.272,2.717,2.788,3.001,2.903,3.146,3.087,2.986,3.059,3.44,3.273,3.08,3.064,3.541,3.443,2.94,2.77,3.552,3.313,3.008,3.14,4.246,4.241,3.098,3.063,1365.0,1094.0,557.0,598.0,2122.0,2737.0,1015.0,1390.0,369.0,408.0,338.0,250.0,4039.0,3714.0,5245.0,5870.0,4054.0,4535.0,2376.0,2431.0,1151.0,970.0,4404.0,4396.0,2903.0,2663.0,2274.0,2781.0,2226.0,1892.0,3792.0,3915.0,1240.0,1701.0,802.0,817.0,1323.0,1913.0,735.0,806.0,1735.0,1612.0,968.0,957.0,3992.0,4055.0,1363.0,1207.0,4637.0,4716.0,5494.0,5185.0,553.0,797.0,5796.0,5645.0,7022.0,7210.0,5802.0,7048.0,3456.0,4205.0,4279.0,4392.0,431.0,403.0,416.0,361.0
NDARFM229HHA,2.68,2.821,2.694,2.477,2.783,2.855,2.263,2.21,3.043,3.336,2.512,2.688,2.706,2.812,2.612,2.673,2.776,2.707,3.214,3.155,2.396,2.452,2.331,2.421,2.786,2.69,2.3,2.276,2.524,2.561,2.892,2.912,2.704,2.549,2.567,2.885,2.717,2.901,2.845,2.579,2.574,2.796,2.068,2.161,2.339,2.298,2.626,2.897,2.72,2.763,2.67,2.703,2.883,2.835,2.663,2.741,3.022,2.881,2.383,2.442,2.941,2.959,2.764,2.852,2.848,3.006,2.857,2.799,987.0,900.0,667.0,722.0,3222.0,2539.0,1944.0,1885.0,454.0,462.0,373.0,261.0,3425.0,3391.0,5391.0,5262.0,3165.0,4008.0,2246.0,2534.0,1080.0,1105.0,6687.0,6607.0,2862.0,2443.0,3434.0,3109.0,1883.0,2031.0,4428.0,3446.0,1528.0,1676.0,742.0,687.0,1954.0,1994.0,734.0,776.0,1813.0,1294.0,2009.0,1787.0,4094.0,4644.0,1231.0,1183.0,4620.0,5060.0,4099.0,4310.0,622.0,968.0,5839.0,6091.0,7121.0,7187.0,5527.0,5628.0,3801.0,3936.0,3562.0,3705.0,427.0,432.0,420.0,352.0
NDARFN452VPC,2.773,2.774,2.675,2.528,2.832,2.918,2.142,2.13,3.281,3.626,2.823,3.278,3.045,2.934,2.599,2.748,2.96,2.944,3.186,3.132,2.478,2.535,2.428,2.513,2.995,2.846,2.197,2.207,2.645,2.726,3.17,3.017,2.655,2.611,3.059,3.083,2.987,2.986,2.955,2.849,2.707,2.789,1.802,1.708,2.26,2.311,2.566,2.617,2.752,2.783,2.739,2.716,2.861,3.035,2.617,2.707,3.115,3.12,2.481,2.452,3.236,3.056,2.752,2.984,3.645,3.674,2.7,2.844,1158.0,973.0,538.0,829.0,2878.0,2084.0,1896.0,1979.0,425.0,406.0,337.0,275.0,3241.0,3495.0,5379.0,5358.0,4059.0,4360.0,2304.0,2294.0,1193.0,1272.0,4496.0,5380.0,3037.0,2924.0,3553.0,3440.0,2103.0,2353.0,3805.0,3847.0,1595.0,1581.0,544.0,670.0,1774.0,1915.0,815.0,1074.0,2220.0,1920.0,1955.0,1765.0,4372.0,4401.0,1308.0,1310.0,5004.0,5146.0,4248.0,4544.0,595.0,997.0,6956.0,6706.0,8502.0,7941.0,6174.0,6171.0,3829.0,4242.0,4561.0,4030.0,636.0,615.0,447.0,343.0
NDARFP148YDU,3.299,3.462,2.723,2.283,3.055,2.663,2.339,2.41,3.395,3.481,3.581,3.542,3.257,3.285,3.09,2.826,3.225,3.072,3.64,3.691,2.451,2.783,2.513,2.517,3.249,3.39,2.578,2.742,3.237,3.261,3.166,3.279,3.061,2.847,3.294,3.629,3.185,3.208,3.43,3.534,3.077,3.267,1.965,2.0,2.766,2.973,2.547,2.7,2.524,3.023,3.072,2.939,3.067,3.926,3.044,3.028,3.455,3.279,2.595,2.768,3.326,3.341,3.241,2.986,3.584,4.017,3.052,3.176,1101.0,1085.0,562.0,780.0,1884.0,1312.0,1674.0,1967.0,519.0,683.0,351.0,229.0,3293.0,3390.0,5957.0,7891.0,3303.0,3640.0,2294.0,2241.0,1251.0,877.0,6047.0,6979.0,2607.0,2802.0,3644.0,3201.0,1526.0,1657.0,3630.0,3611.0,1282.0,1679.0,663.0,625.0,1968.0,1584.0,770.0,1069.0,2768.0,1777.0,1830.0,1753.0,4657.0,2336.0,1094.0,1234.0,3569.0,4240.0,3860.0,3939.0,611.0,577.0,9116.0,6446.0,6561.0,8238.0,4957.0,5673.0,4026.0,4333.0,4838.0,2918.0,437.0,437.0,508.0,415.0
NDARFP503KJF,2.989,3.113,3.232,2.892,3.179,3.393,2.344,2.332,3.627,4.021,3.688,3.259,3.326,3.168,3.082,3.12,3.301,3.293,3.583,3.706,2.696,2.727,2.598,2.64,3.099,3.228,2.56,2.559,2.63,3.133,3.48,3.231,3.16,2.962,3.51,3.396,3.128,3.206,3.333,3.353,3.308,3.003,2.095,2.269,2.745,2.649,2.674,2.815,3.22,3.231,2.908,3.03,3.256,3.397,3.012,2.995,3.469,3.52,2.824,2.807,3.483,3.527,3.273,3.26,4.252,4.535,3.321,3.186,923.0,766.0,590.0,628.0,2180.0,2350.0,1459.0,1894.0,397.0,422.0,253.0,255.0,3000.0,2921.0,3926.0,4972.0,2958.0,3204.0,2052.0,1997.0,1134.0,861.0,4818.0,5527.0,2698.0,2585.0,3492.0,2990.0,1744.0,1759.0,2919.0,2945.0,1145.0,1372.0,581.0,638.0,1119.0,1374.0,692.0,783.0,1355.0,1065.0,1972.0,1461.0,4647.0,3704.0,1111.0,1112.0,4633.0,4667.0,3998.0,3834.0,542.0,728.0,6530.0,6513.0,6655.0,6619.0,5695.0,4978.0,3164.0,3561.0,3677.0,3179.0,379.0,400.0,395.0,291.0
NDARFP813TL5,3.165,3.414,2.499,2.63,2.882,2.964,2.203,2.408,3.664,3.941,3.148,3.547,3.022,3.282,3.007,2.977,3.231,3.178,3.587,3.509,2.958,2.796,2.615,2.732,3.187,3.373,2.447,2.508,3.091,3.353,3.161,3.175,2.785,2.771,3.542,3.784,3.314,2.915,3.553,3.444,3.236,3.169,2.193,2.358,2.623,2.594,2.816,2.613,2.773,2.894,2.927,2.877,3.089,3.226,2.962,2.78,3.16,3.244,2.81,2.748,3.348,3.4,3.04,2.948,3.882,4.294,2.718,3.127,1132.0,1009.0,636.0,729.0,2407.0,2134.0,1259.0,1438.0,375.0,367.0,318.0,217.0,2748.0,2867.0,4169.0,4893.0,3288.0,3056.0,2268.0,2257.0,710.0,788.0,4441.0,4414.0,2433.0,2438.0,2879.0,2473.0,1618.0,1625.0,3773.0,3243.0,1398.0,1462.0,622.0,682.0,1187.0,1289.0,600.0,752.0,1336.0,1256.0,1262.0,1054.0,4380.0,4225.0,1221.0,1207.0,4908.0,4690.0,3750.0,3530.0,551.0,822.0,6386.0,5968.0,7860.0,7305.0,5038.0,5125.0,4081.0,3938.0,4422.0,4201.0,375.0,360.0,446.0,311.0
NDARFP841PDJ,2.828,2.839,2.951,2.575,2.927,2.946,2.34,2.232,3.928,4.085,3.197,3.251,3.177,2.96,2.89,2.948,3.149,3.146,3.354,3.543,2.443,2.343,2.568,2.568,3.36,3.219,2.309,2.426,3.097,3.063,3.209,3.124,2.412,2.605,3.144,2.916,2.982,2.885,3.302,3.495,2.881,2.814,2.054,2.123,2.22,2.383,2.604,2.585,2.779,2.739,2.588,2.675,3.142,3.403,2.823,2.82,3.229,3.18,2.541,2.519,2.992,3.009,2.842,3.018,3.549,4.197,2.776,2.837,1619.0,1312.0,736.0,773.0,2799.0,2386.0,1550.0,1749.0,407.0,376.0,324.0,273.0,3151.0,3343.0,5382.0,6802.0,3947.0,4416.0,2500.0,2270.0,1143.0,940.0,5181.0,5211.0,2753.0,2994.0,2635.0,2661.0,1652.0,1988.0,4246.0,3673.0,1202.0,1414.0,593.0,582.0,1341.0,1922.0,709.0,830.0,1568.0,1591.0,1486.0,1270.0,3987.0,4387.0,1396.0,1538.0,5155.0,5361.0,5004.0,4849.0,731.0,773.0,7431.0,6571.0,7990.0,8674.0,5851.0,6495.0,4501.0,4643.0,5590.0,4749.0,485.0,496.0,432.0,387.0
NDARFR109LKT,2.944,2.785,2.916,2.573,2.733,2.755,2.479,2.33,3.509,3.335,3.037,2.531,3.111,3.026,2.875,2.817,3.123,3.257,3.326,3.201,2.428,2.471,2.503,2.643,3.026,2.957,2.418,2.418,2.781,2.758,3.157,3.211,2.781,2.644,2.863,2.637,2.913,2.994,3.184,3.025,2.778,2.964,2.005,2.078,2.348,2.393,2.655,2.653,2.752,2.758,2.804,2.773,3.204,3.102,2.624,2.753,2.967,2.911,2.579,2.519,3.169,3.108,2.862,2.859,3.415,3.516,2.97,2.728,1189.0,1022.0,1026.0,936.0,2279.0,2101.0,1569.0,1690.0,368.0,373.0,328.0,272.0,3666.0,3945.0,5764.0,7075.0,3610.0,3916.0,2922.0,2770.0,1305.0,1301.0,5419.0,5859.0,3381.0,3349.0,3076.0,2897.0,2153.0,1998.0,4256.0,3549.0,1642.0,1833.0,753.0,703.0,2363.0,1881.0,882.0,1073.0,2201.0,1993.0,1354.0,1220.0,4806.0,4792.0,1713.0,1837.0,5469.0,5416.0,5146.0,5178.0,791.0,1077.0,8397.0,7511.0,8180.0,8948.0,6936.0,7237.0,4525.0,4629.0,7080.0,5321.0,485.0,498.0,497.0,452.0
NDARFR301KKP,2.75,3.159,2.456,2.32,2.66,2.675,2.226,2.157,2.724,2.998,2.335,2.53,2.857,2.98,2.593,2.55,2.619,2.695,3.11,2.904,2.233,2.586,2.171,2.279,2.868,2.788,2.404,2.376,2.683,2.781,2.933,2.85,3.027,3.005,3.05,3.161,2.898,2.997,2.893,2.806,2.672,2.917,2.146,2.126,2.414,2.355,2.683,2.771,2.782,2.81,2.767,2.737,2.669,2.801,2.442,2.57,2.791,2.725,2.26,2.322,3.124,3.084,2.689,2.762,2.88,2.741,3.168,3.085,1140.0,1105.0,703.0,805.0,2392.0,1830.0,1369.0,1357.0,457.0,379.0,390.0,342.0,3393.0,3159.0,4946.0,4961.0,3441.0,3724.0,2698.0,2831.0,961.0,875.0,5031.0,4684.0,3392.0,2978.0,3726.0,3534.0,2258.0,2195.0,3684.0,3640.0,1585.0,1813.0,682.0,761.0,1220.0,1729.0,806.0,989.0,1889.0,1742.0,1461.0,1339.0,4159.0,4237.0,1568.0,1321.0,4379.0,4718.0,4551.0,4722.0,487.0,903.0,6823.0,6399.0,8298.0,8364.0,5082.0,5651.0,4387.0,4528.0,4997.0,4681.0,548.0,625.0,555.0,445.0
NDARFR426KVH,2.739,2.822,2.909,2.506,2.95,2.902,2.024,2.173,3.009,3.507,3.323,3.119,3.032,2.706,2.752,2.927,2.958,2.908,3.196,3.308,2.442,2.559,2.267,2.358,2.98,2.863,2.258,2.166,2.586,2.593,3.108,2.891,2.72,2.665,3.139,3.127,2.958,2.883,2.842,3.076,2.755,2.806,1.977,1.981,2.193,2.344,2.609,2.697,2.796,2.661,2.721,2.668,3.217,3.262,2.713,2.743,3.147,3.074,2.497,2.498,3.157,3.109,2.83,2.956,3.835,4.078,2.57,2.628,1017.0,944.0,606.0,596.0,2273.0,1941.0,1367.0,1441.0,460.0,418.0,251.0,222.0,2773.0,2910.0,4466.0,5100.0,2453.0,2578.0,2171.0,2009.0,879.0,821.0,4286.0,4128.0,2198.0,2246.0,2690.0,2523.0,1599.0,1794.0,3105.0,2722.0,1220.0,1390.0,561.0,568.0,1206.0,1539.0,611.0,783.0,1299.0,1242.0,1466.0,1263.0,3913.0,3587.0,1075.0,1173.0,4553.0,4492.0,3370.0,3702.0,656.0,795.0,5993.0,5664.0,6552.0,6238.0,4816.0,5165.0,4019.0,4068.0,3977.0,3469.0,428.0,370.0,457.0,342.0
NDARFR445XKP,3.115,3.211,3.214,2.99,3.092,2.969,2.456,2.159,3.699,3.712,3.315,3.452,3.118,3.13,3.281,3.029,3.281,3.098,3.46,3.434,2.813,2.697,2.609,2.612,3.152,3.079,2.573,2.698,2.777,2.952,3.31,3.29,3.09,3.065,3.408,3.265,2.948,3.079,3.145,3.291,2.957,2.973,2.118,2.173,2.673,2.721,2.894,2.932,3.004,3.046,2.927,2.931,3.353,3.199,2.942,2.991,3.38,3.241,2.79,2.833,3.273,3.441,3.076,3.128,3.764,4.307,2.834,2.961,1153.0,1262.0,509.0,1028.0,3201.0,2622.0,1756.0,1827.0,513.0,399.0,336.0,238.0,3262.0,3890.0,5525.0,6609.0,3310.0,3746.0,2419.0,2767.0,1315.0,1091.0,6354.0,5225.0,2945.0,2674.0,3899.0,3770.0,1929.0,2150.0,4021.0,3575.0,1369.0,1588.0,562.0,606.0,1373.0,1796.0,752.0,828.0,1596.0,1462.0,2055.0,2059.0,4665.0,4652.0,1885.0,1427.0,5286.0,5062.0,4370.0,4202.0,588.0,809.0,5895.0,6003.0,7459.0,7285.0,5594.0,5722.0,4107.0,4115.0,4739.0,4767.0,422.0,453.0,404.0,368.0
NDARFR601RDQ,2.868,3.085,2.81,2.181,3.156,3.246,2.746,2.473,4.085,3.341,3.356,3.371,3.175,3.16,2.91,3.083,3.164,3.102,3.416,3.593,2.605,2.868,2.425,2.643,3.421,3.344,2.789,2.815,3.02,2.758,3.079,2.844,3.155,3.192,3.244,3.253,3.121,3.271,3.177,3.249,3.119,2.936,2.512,2.753,2.446,2.755,2.864,2.8,3.106,2.998,3.078,3.051,2.931,3.635,2.976,2.954,3.395,3.371,2.855,2.851,3.196,3.152,3.087,3.084,3.711,3.449,2.904,3.347,1111.0,1686.0,681.0,908.0,3204.0,2300.0,1576.0,1917.0,497.0,394.0,267.0,251.0,3204.0,3441.0,4933.0,6180.0,2998.0,3598.0,2403.0,2444.0,1257.0,1080.0,5823.0,5626.0,2488.0,2746.0,3557.0,2867.0,1904.0,2114.0,3854.0,3622.0,1418.0,1485.0,631.0,648.0,1510.0,2426.0,830.0,896.0,1764.0,1421.0,2041.0,1417.0,4878.0,4399.0,1564.0,1373.0,5607.0,5378.0,3544.0,3838.0,746.0,783.0,7535.0,7554.0,8286.0,7714.0,6180.0,6068.0,4667.0,4939.0,6122.0,4978.0,525.0,381.0,566.0,345.0
NDARFR696PLG,2.722,2.978,3.003,2.611,3.416,3.343,2.567,2.512,3.779,3.81,3.491,2.916,3.197,3.101,3.117,3.109,3.368,3.284,3.574,3.674,2.835,2.899,2.736,2.695,3.167,3.106,2.67,2.616,2.707,2.958,3.371,3.379,3.211,3.345,3.236,3.242,3.362,3.246,3.318,3.21,3.144,3.204,2.531,2.51,2.88,2.796,2.809,2.831,3.227,3.208,3.134,3.115,3.147,3.383,3.023,3.067,3.594,3.495,2.932,2.945,3.578,3.438,3.241,3.222,3.851,4.624,3.051,3.099,1168.0,1191.0,720.0,635.0,2408.0,2759.0,1513.0,1532.0,303.0,411.0,325.0,283.0,3649.0,3593.0,4804.0,7249.0,3658.0,3770.0,2302.0,2177.0,1477.0,1002.0,4551.0,4395.0,2803.0,3353.0,2735.0,2627.0,1805.0,2061.0,3666.0,3565.0,1344.0,1810.0,628.0,629.0,1266.0,1741.0,767.0,1029.0,1745.0,1851.0,1568.0,1454.0,4372.0,3881.0,1339.0,1475.0,5086.0,4678.0,4712.0,5222.0,623.0,817.0,7970.0,7200.0,7581.0,7574.0,6194.0,5886.0,4021.0,4445.0,5152.0,3853.0,425.0,521.0,475.0,347.0
NDARFT615JZ6,3.333,3.157,2.906,2.598,3.297,3.161,2.257,2.405,3.607,3.621,3.381,3.578,3.261,3.221,3.046,3.016,3.348,3.201,3.452,3.419,2.67,2.392,2.634,2.787,3.283,3.174,2.489,2.529,2.99,3.047,3.481,3.503,3.195,2.986,2.811,2.935,2.973,3.111,3.399,3.279,3.207,3.275,2.205,2.151,2.71,2.816,2.692,2.905,3.105,3.034,2.913,2.91,3.152,3.477,2.944,3.015,3.302,3.342,2.803,2.908,3.549,3.451,3.16,3.151,4.107,4.076,3.463,3.196,1350.0,1131.0,748.0,1077.0,2426.0,2525.0,1535.0,1624.0,419.0,563.0,375.0,239.0,3709.0,3578.0,5193.0,5731.0,3809.0,4157.0,3159.0,2928.0,1362.0,824.0,5590.0,5474.0,2807.0,3062.0,3343.0,3783.0,1753.0,2257.0,3705.0,3585.0,1760.0,2036.0,865.0,813.0,1696.0,2047.0,679.0,962.0,2039.0,1436.0,1772.0,1679.0,4947.0,4891.0,1458.0,1058.0,5709.0,6289.0,4748.0,4223.0,611.0,818.0,6776.0,6135.0,8830.0,8165.0,7636.0,7117.0,4153.0,4561.0,6159.0,5202.0,483.0,544.0,447.0,367.0
NDARFT698LLU,2.831,3.169,2.636,2.55,3.328,3.286,2.639,2.503,3.885,3.562,3.261,3.337,3.191,3.222,3.004,3.194,3.397,3.278,3.308,3.354,2.662,2.438,2.674,2.684,3.069,3.031,2.668,2.696,2.654,2.83,3.48,3.431,3.234,3.176,3.126,3.417,3.23,3.147,3.469,3.306,2.981,2.89,2.232,2.154,2.711,2.76,2.549,2.923,3.209,3.15,2.89,3.006,3.075,3.167,2.895,2.831,3.464,3.5,2.888,2.838,3.525,3.403,3.158,3.201,4.43,4.303,3.302,3.166,1212.0,1098.0,672.0,902.0,2745.0,2673.0,1772.0,1994.0,437.0,459.0,330.0,244.0,2883.0,3264.0,6138.0,6037.0,3696.0,3878.0,2528.0,2625.0,904.0,1080.0,5736.0,5316.0,3079.0,2870.0,3249.0,2984.0,1880.0,2136.0,4227.0,3814.0,1609.0,1573.0,542.0,553.0,1472.0,1911.0,712.0,910.0,1370.0,1287.0,1807.0,1645.0,4171.0,4227.0,1449.0,1209.0,4891.0,4486.0,4046.0,4414.0,659.0,950.0,6684.0,6728.0,8173.0,7675.0,6367.0,6043.0,4166.0,4432.0,4190.0,4266.0,464.0,439.0,437.0,360.0
NDARFT787HJW,2.843,2.996,2.733,2.667,3.382,3.374,2.613,2.469,3.738,4.115,3.258,3.797,3.164,3.273,3.232,3.146,3.246,3.146,3.593,3.6,2.735,2.799,2.694,2.751,3.221,3.131,2.638,2.662,2.954,3.104,3.428,3.444,3.319,3.027,3.362,3.366,3.312,3.309,3.642,3.533,3.313,2.957,2.288,2.162,2.961,2.882,2.887,2.765,3.287,3.263,3.025,3.095,3.323,3.285,3.239,3.082,3.606,3.516,2.849,2.981,3.514,3.487,3.226,3.372,3.787,4.226,3.356,3.089,1411.0,1172.0,770.0,862.0,2884.0,2510.0,1474.0,2120.0,473.0,567.0,334.0,281.0,3951.0,3326.0,6004.0,6534.0,3953.0,3628.0,2592.0,2557.0,1234.0,960.0,6303.0,5889.0,3173.0,2980.0,3412.0,3134.0,2038.0,2012.0,4033.0,3883.0,1511.0,1793.0,687.0,666.0,1613.0,2123.0,949.0,949.0,1754.0,1561.0,1643.0,1434.0,4950.0,4848.0,1602.0,1322.0,5494.0,6086.0,4861.0,4314.0,641.0,945.0,7639.0,6011.0,8558.0,8423.0,6088.0,5899.0,4379.0,5318.0,4174.0,4438.0,450.0,447.0,541.0,466.0
NDARFT964EU8,2.751,2.792,2.228,2.482,2.621,2.711,2.38,2.358,2.858,2.941,2.318,2.21,2.835,2.85,2.519,2.542,2.725,2.754,3.084,2.915,2.348,2.466,2.195,2.266,2.794,2.798,2.399,2.516,2.576,2.646,2.883,2.955,2.944,2.907,3.006,3.042,2.955,2.884,2.773,2.911,2.685,2.788,2.267,2.346,2.294,2.312,2.627,2.621,2.809,2.825,2.679,2.718,3.041,2.871,2.523,2.567,2.741,2.781,2.253,2.319,3.125,3.085,2.631,2.531,2.924,2.853,2.679,2.944,964.0,836.0,466.0,674.0,1972.0,1766.0,1318.0,1891.0,585.0,484.0,327.0,350.0,3036.0,3258.0,4848.0,5776.0,3450.0,3473.0,2666.0,2748.0,1048.0,987.0,4624.0,5754.0,2975.0,2527.0,3913.0,3340.0,1888.0,1905.0,3754.0,3461.0,1467.0,1621.0,518.0,572.0,1370.0,1912.0,681.0,825.0,1659.0,1257.0,2096.0,1468.0,4181.0,3681.0,1242.0,1291.0,4906.0,4545.0,4304.0,4094.0,595.0,505.0,4959.0,5530.0,7094.0,6830.0,4887.0,5260.0,3923.0,4038.0,4571.0,3531.0,624.0,544.0,490.0,375.0
NDARFU395UBW,2.653,2.855,2.493,2.049,3.148,3.25,2.265,2.198,3.571,3.885,2.718,2.669,3.068,3.048,2.777,2.762,3.077,2.948,3.621,3.676,2.39,2.467,2.562,2.686,3.131,3.165,2.568,2.726,2.957,2.729,3.154,3.253,2.769,2.839,3.177,3.415,3.121,3.031,2.953,3.017,2.9,2.772,2.254,2.227,2.524,2.58,2.455,2.512,3.081,3.173,2.647,2.486,3.284,3.206,2.789,2.672,3.255,3.178,2.36,2.51,3.281,3.405,2.928,3.022,4.291,4.477,3.048,2.865,952.0,744.0,769.0,823.0,2465.0,2313.0,1563.0,1902.0,575.0,750.0,278.0,244.0,3445.0,3438.0,4326.0,4223.0,3187.0,2853.0,2868.0,2479.0,1369.0,1194.0,4930.0,5129.0,3524.0,3238.0,3817.0,3239.0,1791.0,2327.0,3081.0,2546.0,1293.0,1487.0,610.0,740.0,1622.0,1646.0,784.0,1027.0,1581.0,1151.0,2007.0,1632.0,4907.0,4651.0,1217.0,1415.0,5533.0,5861.0,4216.0,4310.0,723.0,1082.0,6110.0,5975.0,7780.0,8566.0,6366.0,6584.0,3917.0,4124.0,4352.0,4701.0,478.0,451.0,545.0,397.0
NDARFV780ABD,2.837,3.262,2.206,2.439,2.596,2.657,2.6,2.551,3.024,2.981,2.641,2.677,2.972,3.036,2.784,2.733,2.856,2.868,3.23,3.217,2.275,2.444,2.372,2.561,2.932,2.64,2.581,2.571,2.668,2.752,3.199,3.103,3.146,3.045,2.639,2.724,2.617,2.984,3.151,2.925,2.873,3.064,2.352,2.279,2.421,2.384,2.86,2.797,2.957,2.916,2.906,2.975,2.931,2.685,2.57,2.585,2.983,2.92,2.558,2.484,3.087,3.4,2.829,2.813,3.326,3.333,2.954,2.992,1268.0,1288.0,731.0,756.0,2555.0,2393.0,1571.0,1775.0,775.0,963.0,532.0,371.0,3855.0,3879.0,6464.0,7116.0,4489.0,3767.0,3105.0,2653.0,1319.0,1246.0,6082.0,6310.0,3284.0,3236.0,3869.0,3239.0,1931.0,2480.0,4484.0,3995.0,1769.0,2393.0,786.0,701.0,1498.0,1982.0,769.0,1194.0,2020.0,1770.0,1800.0,1440.0,4736.0,4505.0,1724.0,1805.0,5599.0,6071.0,4764.0,5103.0,704.0,1048.0,9111.0,8446.0,9785.0,9125.0,5698.0,5135.0,4720.0,4912.0,4752.0,4804.0,620.0,821.0,609.0,472.0
NDARFW253GZM,3.087,3.285,2.999,3.132,3.071,3.052,2.641,2.228,3.679,3.238,2.939,3.396,3.205,3.228,3.097,3.099,3.319,3.127,3.345,3.707,2.797,2.895,2.562,2.628,3.116,3.146,2.679,2.648,2.751,2.519,3.557,3.154,2.954,2.905,3.463,3.105,3.162,3.012,3.59,3.544,3.304,3.046,2.17,2.451,2.384,2.455,2.766,2.768,3.004,2.906,2.938,2.912,3.058,3.142,2.871,2.845,3.447,3.471,2.691,2.774,3.491,3.185,3.053,3.008,3.793,3.916,3.309,3.454,1074.0,1100.0,575.0,834.0,2379.0,2219.0,1267.0,1631.0,397.0,432.0,277.0,241.0,2881.0,2858.0,5255.0,5654.0,3234.0,3902.0,2513.0,2696.0,954.0,1068.0,5265.0,4749.0,2519.0,2184.0,2858.0,2853.0,1423.0,1586.0,3591.0,4037.0,1353.0,1456.0,522.0,641.0,1588.0,1803.0,620.0,868.0,1619.0,1581.0,1724.0,1454.0,3791.0,4235.0,1362.0,1219.0,4718.0,4743.0,4605.0,4282.0,536.0,654.0,5463.0,6678.0,6739.0,6124.0,6029.0,5954.0,4734.0,4491.0,4649.0,4227.0,418.0,386.0,483.0,387.0
NDARFW292PBD,2.728,2.508,2.551,2.381,2.849,2.813,2.128,2.097,3.736,4.095,3.156,3.223,2.876,2.863,2.685,2.625,3.023,2.882,3.127,3.061,2.399,2.318,2.25,2.414,2.912,2.773,2.089,2.147,2.89,2.708,2.995,2.984,2.809,2.796,3.008,3.203,2.671,2.763,3.072,2.779,2.656,2.674,2.024,1.874,2.206,2.122,2.483,2.488,2.863,2.853,2.668,2.613,3.102,3.042,2.537,2.639,3.109,3.068,2.449,2.463,3.04,3.016,2.854,2.828,3.787,3.756,2.783,2.712,1072.0,938.0,634.0,621.0,1776.0,1826.0,1423.0,1635.0,525.0,295.0,289.0,227.0,2716.0,2888.0,4241.0,5570.0,3380.0,3431.0,2186.0,2216.0,1064.0,957.0,4993.0,5133.0,2527.0,2276.0,3171.0,2907.0,1727.0,1969.0,3522.0,3044.0,1233.0,1214.0,578.0,632.0,1298.0,1776.0,671.0,806.0,2044.0,1436.0,1624.0,1370.0,3820.0,3505.0,1109.0,1227.0,4012.0,4418.0,3586.0,3543.0,537.0,679.0,6071.0,4992.0,6677.0,6024.0,4980.0,4966.0,3708.0,3883.0,4557.0,3059.0,480.0,448.0,422.0,377.0
NDARFY009MNL,2.924,2.792,2.718,2.836,2.994,2.988,2.291,2.297,2.953,3.389,2.302,2.801,2.996,3.046,2.699,2.896,2.792,2.676,3.64,3.434,2.277,2.525,2.365,2.394,2.848,2.898,2.482,2.334,2.589,2.721,3.136,2.671,2.985,3.398,3.149,2.982,2.943,3.019,3.033,2.906,3.141,3.029,2.317,2.368,2.503,2.666,2.856,2.772,3.099,2.945,2.755,2.927,3.249,3.166,2.743,2.832,3.136,3.183,2.657,2.672,3.068,2.738,2.648,2.938,2.926,3.291,2.947,3.329,1057.0,860.0,591.0,576.0,2042.0,1818.0,1785.0,1844.0,518.0,448.0,522.0,583.0,3138.0,2975.0,5932.0,5663.0,3248.0,3048.0,1999.0,1929.0,859.0,814.0,5339.0,4741.0,2226.0,2374.0,3222.0,3240.0,1965.0,2120.0,3423.0,3696.0,1268.0,1459.0,539.0,642.0,1413.0,1261.0,658.0,805.0,1519.0,1676.0,1753.0,1477.0,4608.0,4153.0,948.0,909.0,4294.0,4437.0,4065.0,4474.0,487.0,505.0,5917.0,5565.0,7397.0,7275.0,5598.0,6009.0,3588.0,3781.0,4781.0,3845.0,516.0,675.0,514.0,409.0
NDARFY525TL2,2.89,3.139,2.758,2.738,3.081,3.008,2.463,2.384,3.487,3.442,3.239,3.443,2.994,3.12,2.971,2.999,3.033,3.145,3.462,3.337,2.616,2.849,2.57,2.478,3.255,3.226,2.357,2.502,2.799,2.754,3.331,3.331,2.952,3.106,3.307,3.176,3.052,3.118,3.442,3.253,3.012,2.949,2.234,2.094,2.643,2.609,2.64,2.909,2.918,3.025,2.875,2.848,3.038,3.042,2.889,2.85,3.249,3.189,2.679,2.717,3.276,3.29,3.052,3.022,3.535,4.042,3.039,3.156,1144.0,1021.0,715.0,873.0,3172.0,2933.0,1946.0,1958.0,485.0,490.0,364.0,287.0,4022.0,3567.0,6149.0,7212.0,3757.0,3924.0,2543.0,3022.0,1280.0,968.0,5904.0,5287.0,3172.0,3201.0,3386.0,3782.0,2355.0,2176.0,4402.0,3916.0,2005.0,1780.0,607.0,572.0,2025.0,2208.0,786.0,982.0,2280.0,1643.0,1789.0,1981.0,5493.0,4692.0,1541.0,1254.0,5328.0,5781.0,5067.0,4973.0,747.0,1193.0,7279.0,7029.0,9060.0,8558.0,6619.0,6767.0,4154.0,4583.0,4027.0,4540.0,518.0,493.0,472.0,325.0
NDARGA967MGC,2.702,2.692,2.416,2.612,2.636,2.702,2.059,2.061,3.241,3.547,2.912,2.853,2.952,2.903,2.539,2.696,2.967,2.888,3.106,3.079,2.315,2.268,2.216,2.293,2.778,2.756,2.289,2.227,2.592,2.668,2.974,2.904,2.676,2.642,2.549,2.35,2.85,2.872,2.711,2.928,2.712,2.697,1.842,1.818,2.238,2.224,2.509,2.563,2.652,2.652,2.596,2.616,3.133,3.176,2.603,2.691,2.94,2.993,2.406,2.422,2.952,2.878,2.694,2.714,3.445,3.923,2.587,2.767,1121.0,768.0,626.0,629.0,2545.0,1888.0,1752.0,1850.0,366.0,482.0,346.0,319.0,3103.0,3180.0,4874.0,5563.0,3479.0,3941.0,2229.0,2720.0,1069.0,958.0,5006.0,5519.0,2960.0,3071.0,3318.0,3440.0,2157.0,2014.0,3697.0,3239.0,1443.0,1436.0,607.0,645.0,1507.0,1409.0,695.0,944.0,2257.0,1457.0,1548.0,1572.0,4020.0,4222.0,1342.0,1276.0,4723.0,4702.0,5071.0,5296.0,563.0,721.0,7210.0,7386.0,7314.0,6821.0,6255.0,6721.0,3702.0,4124.0,4812.0,4239.0,488.0,512.0,497.0,312.0
NDARGB040MGR,2.68,2.783,2.453,2.449,2.723,2.863,2.324,2.387,3.493,2.903,2.675,2.613,2.909,2.878,2.795,2.811,2.83,2.655,3.202,2.985,2.483,2.422,2.379,2.584,2.557,2.431,2.442,2.414,2.313,2.439,2.846,2.552,2.871,2.778,2.499,2.579,2.786,2.74,2.384,2.991,2.972,2.214,2.401,2.375,2.494,2.298,2.512,2.402,2.741,2.942,2.72,2.81,2.598,2.588,2.687,2.31,2.816,2.777,2.564,2.626,2.891,2.848,2.881,2.712,2.655,3.083,2.493,2.646,1009.0,893.0,717.0,1158.0,3197.0,2584.0,1354.0,1487.0,476.0,474.0,378.0,263.0,4076.0,3759.0,3764.0,5015.0,3515.0,3796.0,2881.0,2858.0,1005.0,1197.0,5381.0,6864.0,3102.0,3284.0,3544.0,3477.0,2359.0,2310.0,3701.0,3484.0,1572.0,1858.0,788.0,798.0,1544.0,2023.0,791.0,1086.0,1720.0,1571.0,1410.0,1431.0,4494.0,4375.0,1528.0,1631.0,6060.0,6258.0,4470.0,4231.0,622.0,1161.0,7372.0,6755.0,8704.0,8027.0,5874.0,6014.0,4197.0,5160.0,5933.0,4503.0,501.0,571.0,599.0,461.0
NDARGB441VVD,2.475,3.042,2.939,2.774,3.166,3.091,2.253,2.331,2.831,3.375,2.529,2.52,2.996,3.023,2.734,2.805,2.922,2.763,3.166,3.137,2.401,2.271,2.337,2.424,2.832,2.924,2.448,2.452,2.483,2.606,3.082,2.957,3.021,3.101,3.247,3.195,3.171,3.07,2.7,2.816,2.776,2.656,2.253,2.123,2.321,2.387,2.664,2.815,3.017,3.05,2.796,2.837,2.825,3.071,2.609,2.711,3.179,3.117,2.632,2.674,3.1,2.966,2.831,2.87,2.971,3.615,3.059,2.873,1039.0,842.0,628.0,561.0,1875.0,1828.0,1327.0,1201.0,374.0,529.0,520.0,362.0,2812.0,2783.0,4732.0,5230.0,3350.0,3385.0,2554.0,2389.0,875.0,853.0,4708.0,5303.0,2458.0,2136.0,2792.0,2576.0,1929.0,1963.0,3264.0,3388.0,1514.0,1539.0,613.0,550.0,1422.0,1397.0,645.0,776.0,1541.0,1384.0,1140.0,1120.0,3631.0,3578.0,1174.0,1194.0,4532.0,4488.0,3487.0,3664.0,352.0,680.0,4695.0,4959.0,6826.0,6815.0,5134.0,4791.0,3507.0,4155.0,4211.0,3732.0,612.0,692.0,494.0,452.0
NDARGC124PAW,2.91,3.1,1.447,1.668,2.803,2.894,2.314,2.024,3.168,3.562,2.507,2.81,3.209,3.064,2.862,3.139,2.785,2.855,3.426,3.43,2.033,2.489,2.225,2.503,2.705,2.691,2.504,2.627,2.415,2.345,3.269,3.105,3.053,2.936,3.235,3.423,2.619,2.874,2.923,2.679,2.661,2.589,2.021,1.873,3.027,2.484,2.748,2.615,2.876,2.708,2.779,2.66,2.303,2.541,2.376,2.481,2.993,2.926,2.466,2.493,3.051,3.13,2.865,3.111,3.321,3.849,3.192,3.077,888.0,910.0,497.0,655.0,1964.0,2970.0,1219.0,1056.0,575.0,587.0,648.0,462.0,3269.0,3567.0,5234.0,5300.0,3416.0,3409.0,2647.0,2238.0,739.0,822.0,6781.0,4516.0,3467.0,3081.0,4021.0,3044.0,2235.0,2119.0,3754.0,3304.0,1961.0,2160.0,572.0,648.0,1361.0,1763.0,995.0,899.0,1548.0,1570.0,1251.0,1555.0,3695.0,4139.0,1288.0,908.0,6153.0,4454.0,2558.0,3192.0,382.0,530.0,5321.0,4697.0,6637.0,9091.0,3773.0,6601.0,3649.0,3764.0,5373.0,4003.0,601.0,683.0,395.0,398.0
NDARGC148JBJ,2.679,3.006,2.242,2.198,2.898,3.031,2.39,2.365,3.41,3.237,3.292,2.987,3.107,3.077,2.938,2.916,3.124,2.881,3.213,3.342,2.509,2.442,2.393,2.518,2.829,3.0,2.635,2.517,2.521,2.587,3.234,3.084,2.926,2.943,3.044,3.062,3.054,2.961,2.93,2.929,2.825,2.631,2.169,2.039,2.471,2.532,2.587,2.736,3.079,2.956,2.827,2.747,2.654,2.985,2.786,2.654,3.115,3.175,2.664,2.704,3.204,2.799,2.861,3.065,4.0,3.725,2.576,2.86,1343.0,1374.0,666.0,1003.0,3821.0,3426.0,1466.0,1812.0,504.0,419.0,301.0,235.0,3381.0,3707.0,6912.0,7260.0,3896.0,4755.0,3491.0,3421.0,1680.0,1267.0,6186.0,5504.0,3261.0,2829.0,3149.0,2994.0,1948.0,2263.0,4889.0,4564.0,1557.0,1613.0,641.0,715.0,1771.0,2180.0,994.0,919.0,1769.0,1827.0,1734.0,1482.0,5273.0,5037.0,1704.0,1590.0,5962.0,6442.0,4572.0,4494.0,913.0,1313.0,7127.0,7450.0,9800.0,10342.0,6861.0,6615.0,4707.0,4761.0,5509.0,4953.0,555.0,596.0,511.0,377.0
NDARGC170UK2,3.011,3.128,2.728,2.712,3.196,3.096,2.492,2.304,3.004,3.327,2.561,2.777,3.107,3.029,2.919,3.008,2.965,3.12,3.226,3.16,2.503,2.603,2.482,2.445,3.032,3.043,2.458,2.391,2.66,2.886,3.202,3.171,3.188,3.216,2.941,2.903,3.083,3.227,3.086,3.047,2.763,2.877,2.172,2.153,2.437,2.51,2.968,2.889,3.035,2.998,2.945,2.957,3.223,3.209,2.71,2.864,3.232,3.189,2.778,2.788,3.171,3.085,2.901,2.915,3.17,3.402,3.019,2.94,1057.0,875.0,523.0,793.0,2059.0,2165.0,1104.0,1384.0,553.0,438.0,540.0,498.0,3303.0,3459.0,4855.0,6281.0,3343.0,3536.0,2460.0,2498.0,862.0,774.0,5474.0,5068.0,2601.0,2675.0,2978.0,3002.0,1917.0,1973.0,3389.0,2913.0,1732.0,1895.0,801.0,859.0,1209.0,1436.0,697.0,832.0,1230.0,1103.0,1421.0,1267.0,4698.0,3946.0,1212.0,1287.0,4623.0,5313.0,4490.0,4734.0,556.0,472.0,6414.0,5059.0,7884.0,7281.0,5913.0,6059.0,3832.0,4112.0,4950.0,4423.0,626.0,657.0,534.0,393.0
NDARGC471KD1,2.644,2.686,2.005,2.504,2.9,2.972,2.085,2.052,3.665,3.747,3.178,2.803,2.875,2.856,2.697,2.77,3.028,2.966,3.185,3.162,2.362,2.464,2.342,2.427,2.912,2.851,2.255,2.248,2.86,2.811,3.041,2.986,2.644,2.683,2.743,2.744,2.952,2.851,2.816,2.794,2.668,2.655,2.027,2.196,2.269,2.324,2.52,2.676,2.895,2.946,2.638,2.66,3.1,2.973,2.666,2.652,2.99,2.941,2.335,2.44,3.042,3.174,2.737,2.921,3.979,3.897,2.45,2.604,1361.0,1447.0,846.0,1169.0,3688.0,3234.0,1998.0,1931.0,367.0,531.0,400.0,417.0,3944.0,4670.0,6965.0,7587.0,4432.0,5129.0,3799.0,3491.0,1379.0,1430.0,7412.0,5905.0,3829.0,3543.0,3955.0,3706.0,2808.0,2568.0,5553.0,5353.0,2006.0,2297.0,837.0,805.0,2020.0,2031.0,1031.0,1334.0,2685.0,1882.0,2019.0,1806.0,5857.0,5404.0,1830.0,1955.0,7194.0,6811.0,5424.0,5382.0,902.0,1430.0,10147.0,10457.0,10391.0,10649.0,8020.0,7157.0,6471.0,5969.0,5356.0,5666.0,612.0,579.0,621.0,482.0
NDARGD229DCJ,2.958,3.24,3.44,3.099,3.366,3.165,2.474,2.476,3.379,3.56,3.505,3.831,3.231,2.93,3.033,3.189,3.185,3.047,3.483,3.705,2.408,2.704,2.697,2.751,3.329,3.119,2.551,2.178,3.359,3.252,3.459,3.453,2.931,2.983,3.358,3.378,2.865,3.152,3.264,3.412,3.248,3.175,2.288,2.117,2.603,2.767,2.918,2.883,3.04,2.964,2.894,2.706,3.44,3.764,3.05,3.073,3.649,3.591,2.946,2.864,3.467,3.435,3.172,3.248,3.621,4.115,3.175,3.318,1193.0,965.0,457.0,847.0,2453.0,2607.0,1590.0,1540.0,403.0,326.0,192.0,206.0,2979.0,2639.0,4388.0,5304.0,2555.0,2999.0,2162.0,2039.0,1084.0,971.0,5141.0,5211.0,2689.0,2586.0,2859.0,2772.0,1436.0,1579.0,3567.0,3257.0,1386.0,1519.0,614.0,646.0,1406.0,1427.0,680.0,804.0,1693.0,1066.0,1284.0,1172.0,4247.0,3986.0,1374.0,1209.0,4561.0,5063.0,3700.0,3994.0,711.0,520.0,5393.0,5179.0,6478.0,5769.0,5123.0,5504.0,4236.0,4235.0,4218.0,3827.0,383.0,391.0,500.0,367.0
NDARGE366WNC,2.502,2.599,2.67,2.677,2.76,2.814,1.887,1.883,3.479,3.898,2.973,2.735,2.733,2.668,2.512,2.625,2.909,2.902,2.878,3.058,2.213,2.427,2.096,2.095,2.884,2.841,2.091,1.994,2.574,2.775,3.005,2.844,2.551,2.663,3.062,3.018,2.847,2.868,2.948,3.028,2.63,2.69,1.842,1.746,2.207,2.283,2.454,2.564,2.772,2.632,2.394,2.438,2.83,2.957,2.593,2.643,2.971,2.979,2.257,2.316,2.992,2.842,2.669,2.578,3.748,4.141,2.314,2.566,1158.0,938.0,496.0,687.0,2145.0,1838.0,1452.0,1277.0,388.0,389.0,306.0,270.0,2466.0,2714.0,3834.0,5250.0,3065.0,2803.0,1924.0,1718.0,859.0,760.0,3964.0,4585.0,2143.0,2186.0,2758.0,3162.0,1533.0,1665.0,2859.0,2810.0,1258.0,1412.0,500.0,544.0,1008.0,1332.0,584.0,658.0,1050.0,952.0,1759.0,1759.0,3190.0,3307.0,1044.0,1013.0,4257.0,4252.0,3198.0,3175.0,472.0,576.0,5024.0,5499.0,6299.0,6261.0,4773.0,4882.0,3226.0,3747.0,4170.0,2991.0,399.0,388.0,350.0,237.0
NDARGE994BMX,3.095,2.866,3.064,2.522,2.921,2.964,2.434,2.481,3.434,3.478,3.453,3.622,3.13,3.04,3.127,3.14,3.22,3.281,3.421,3.467,2.904,2.604,2.473,2.55,3.309,2.957,2.536,2.581,3.043,3.087,3.331,3.339,3.078,3.023,3.124,3.38,3.236,3.106,3.241,3.213,3.1,3.033,2.177,2.42,2.656,2.526,2.878,2.951,2.866,2.889,3.025,2.927,3.451,3.415,2.991,3.08,3.262,3.284,2.74,2.76,3.314,3.442,3.098,3.125,4.28,4.138,3.004,3.126,1110.0,911.0,587.0,837.0,2374.0,2617.0,1808.0,1755.0,411.0,416.0,370.0,310.0,3046.0,3438.0,4922.0,6222.0,3698.0,3458.0,2578.0,2165.0,994.0,962.0,5417.0,6023.0,2734.0,3165.0,3120.0,2844.0,1515.0,1844.0,3854.0,3090.0,1627.0,1594.0,599.0,575.0,1371.0,1492.0,849.0,894.0,1668.0,1360.0,1974.0,1783.0,4971.0,4283.0,1472.0,1143.0,5369.0,5453.0,4492.0,4577.0,695.0,824.0,7130.0,7117.0,8480.0,7182.0,5902.0,5972.0,3817.0,4394.0,4106.0,3821.0,444.0,445.0,464.0,359.0
NDARGF445UFB,2.978,3.265,2.838,2.614,2.963,2.91,2.403,2.454,3.58,3.591,3.379,3.178,3.123,3.094,2.987,3.069,3.177,3.141,3.224,3.48,2.776,2.849,2.547,2.598,3.207,2.976,2.498,2.487,2.853,2.903,3.329,3.34,2.944,2.909,3.474,3.396,3.211,3.083,3.292,3.282,3.148,3.174,2.14,2.177,2.646,2.726,2.66,2.947,2.917,3.017,2.843,2.867,3.181,3.171,2.839,2.914,3.326,3.281,2.71,2.74,3.428,3.347,3.015,3.169,4.274,3.955,2.892,3.105,1596.0,1161.0,779.0,985.0,2897.0,2467.0,1699.0,1625.0,559.0,629.0,356.0,232.0,4621.0,3784.0,5229.0,6281.0,4247.0,3857.0,2906.0,2619.0,1157.0,1011.0,5806.0,5807.0,2865.0,3292.0,3111.0,3582.0,1823.0,2264.0,4347.0,3736.0,1485.0,1771.0,698.0,929.0,1599.0,1726.0,789.0,1095.0,2000.0,1392.0,1523.0,1571.0,5135.0,5044.0,1530.0,1309.0,5589.0,5987.0,4559.0,4679.0,696.0,911.0,8502.0,7028.0,9300.0,8150.0,6327.0,6205.0,4345.0,4939.0,5894.0,4848.0,469.0,473.0,591.0,428.0
NDARGF543PM2,2.712,2.897,2.978,2.682,3.165,3.034,2.338,2.308,3.951,4.13,3.016,3.457,3.115,3.184,2.885,2.925,3.145,3.088,3.377,3.46,2.523,2.608,2.441,2.65,3.082,3.038,2.507,2.355,2.815,2.993,3.31,3.326,2.957,3.059,3.321,3.132,3.116,3.192,3.114,3.306,3.012,3.071,1.887,2.167,2.605,2.727,2.67,2.746,3.016,3.062,2.868,2.852,3.255,3.158,2.786,2.883,3.282,3.324,2.696,2.765,3.261,3.445,2.996,2.992,4.017,4.207,3.173,2.842,1428.0,1255.0,904.0,706.0,2991.0,2656.0,1507.0,1759.0,328.0,362.0,378.0,217.0,2868.0,3534.0,6027.0,7171.0,4440.0,4451.0,2297.0,2341.0,1144.0,1253.0,4947.0,4936.0,2901.0,2971.0,3088.0,3012.0,2176.0,2015.0,5232.0,4421.0,1875.0,1516.0,658.0,611.0,1535.0,1580.0,724.0,908.0,1654.0,1286.0,1627.0,1252.0,5575.0,4828.0,1530.0,1758.0,5828.0,6003.0,4231.0,5510.0,729.0,894.0,7362.0,6223.0,8376.0,7146.0,6564.0,5275.0,4184.0,4703.0,4900.0,4532.0,438.0,434.0,473.0,343.0
NDARGG205WVN,2.755,2.64,2.527,2.691,2.796,2.674,2.263,2.298,2.576,1.963,2.37,2.858,2.725,2.684,2.647,2.675,2.601,2.76,3.466,3.22,2.305,2.403,2.352,2.484,2.656,2.555,2.363,2.328,2.456,2.435,3.074,2.902,2.838,2.707,2.602,2.884,3.023,2.976,2.531,2.563,2.899,3.076,2.0,2.055,2.305,2.257,2.756,2.741,2.734,2.713,2.566,2.591,2.419,2.75,2.627,2.69,2.901,2.851,2.521,2.53,2.952,2.862,2.825,2.724,2.719,2.464,2.838,2.879,894.0,1043.0,617.0,662.0,2566.0,2147.0,1443.0,1802.0,497.0,490.0,469.0,401.0,2758.0,3029.0,4487.0,4944.0,2775.0,2886.0,2144.0,2043.0,886.0,910.0,5778.0,5549.0,2010.0,2129.0,3090.0,2834.0,1780.0,1808.0,3544.0,3090.0,1514.0,1645.0,469.0,462.0,1554.0,1863.0,685.0,880.0,1876.0,1333.0,1782.0,1454.0,4371.0,4307.0,1190.0,1125.0,4377.0,5094.0,4362.0,4684.0,446.0,720.0,5784.0,5005.0,7145.0,6502.0,5463.0,5318.0,3691.0,4100.0,3945.0,3684.0,555.0,644.0,557.0,359.0
NDARGG423UMK,2.812,3.067,3.236,3.016,3.166,3.097,2.301,2.407,4.408,4.109,3.617,3.527,3.251,3.095,2.996,2.924,3.324,3.116,3.351,3.437,2.612,2.461,2.644,2.684,3.394,3.244,2.601,2.612,3.106,2.925,3.364,3.439,3.221,3.145,3.68,3.898,3.195,3.169,3.385,3.201,3.166,3.276,2.344,2.244,2.708,2.603,2.769,2.905,3.291,3.354,2.917,2.796,3.177,3.117,3.033,2.953,3.456,3.495,2.572,2.753,3.488,3.45,3.138,3.02,4.124,4.587,3.041,2.983,1412.0,1045.0,482.0,693.0,2728.0,2301.0,1344.0,1560.0,447.0,495.0,313.0,303.0,3519.0,3975.0,4766.0,6296.0,4118.0,3752.0,2591.0,2075.0,1164.0,923.0,4713.0,5756.0,2622.0,2677.0,2731.0,2476.0,1681.0,2088.0,3857.0,3567.0,1250.0,1491.0,644.0,727.0,1446.0,1571.0,856.0,1114.0,1888.0,1443.0,1493.0,1223.0,4295.0,4002.0,1104.0,1323.0,4846.0,5315.0,4388.0,4701.0,632.0,838.0,7331.0,6925.0,8315.0,7609.0,6306.0,6184.0,3802.0,4292.0,4357.0,3309.0,488.0,520.0,481.0,332.0
NDARGH074MU6,2.861,2.779,2.467,2.397,3.17,3.099,2.43,2.373,3.291,3.506,2.892,2.794,3.094,3.014,2.664,2.74,3.221,3.122,3.405,3.382,2.486,2.632,2.45,2.508,3.014,2.929,2.483,2.543,2.743,2.858,3.138,2.915,2.974,2.903,3.1,3.468,3.213,3.155,2.928,2.926,2.73,2.636,2.361,2.468,2.539,2.445,2.648,2.593,3.041,3.062,2.721,2.753,2.721,2.843,2.576,2.554,3.237,3.212,2.556,2.495,3.252,3.076,2.921,2.881,3.289,3.921,3.053,2.898,824.0,792.0,613.0,879.0,2006.0,2388.0,1578.0,1443.0,358.0,415.0,432.0,281.0,2854.0,2724.0,3618.0,4034.0,3301.0,2940.0,2341.0,2203.0,1004.0,752.0,4360.0,4252.0,2711.0,2483.0,2766.0,2488.0,1814.0,1886.0,2866.0,2791.0,1344.0,1352.0,471.0,506.0,1350.0,1693.0,775.0,835.0,1729.0,1588.0,1555.0,1357.0,3580.0,3307.0,1144.0,1104.0,4077.0,4029.0,3782.0,3782.0,584.0,836.0,5993.0,5392.0,7550.0,6697.0,5283.0,5413.0,3299.0,3675.0,3462.0,3611.0,484.0,615.0,502.0,384.0
NDARGH592NZ2,2.658,2.84,2.561,2.435,2.995,2.997,2.319,2.32,3.909,4.193,3.085,2.857,3.005,3.064,2.889,2.851,2.903,3.016,3.296,3.303,2.615,2.603,2.418,2.542,2.919,2.981,2.449,2.326,2.727,2.741,3.118,3.165,2.832,2.704,2.849,3.114,3.084,2.848,2.99,2.953,2.728,2.826,2.176,2.202,2.615,2.435,2.421,2.742,3.024,3.077,2.784,2.678,3.014,2.985,2.621,2.573,3.121,3.063,2.503,2.682,3.039,3.105,2.918,2.962,3.796,4.006,2.909,2.796,1420.0,1009.0,783.0,915.0,3469.0,2284.0,1820.0,1979.0,590.0,476.0,339.0,352.0,3994.0,3690.0,5276.0,5829.0,4041.0,4305.0,2747.0,2975.0,1225.0,1354.0,5597.0,5910.0,3499.0,3589.0,3867.0,3769.0,2559.0,2542.0,4291.0,4255.0,1459.0,1348.0,732.0,675.0,1710.0,1694.0,1011.0,1328.0,1886.0,1652.0,2141.0,1801.0,5284.0,4781.0,1347.0,1351.0,5633.0,5648.0,4768.0,4553.0,793.0,918.0,8020.0,7186.0,9705.0,8831.0,6287.0,5986.0,4887.0,4960.0,7029.0,5441.0,547.0,612.0,491.0,465.0
NDARGH790CEF,2.953,2.894,3.345,2.69,3.095,2.783,2.307,2.392,3.634,3.425,2.292,2.779,2.773,3.097,2.649,2.684,2.819,2.983,3.224,3.018,2.342,2.336,2.03,2.186,3.036,2.803,2.472,2.289,2.859,2.808,2.883,2.795,3.046,3.025,3.13,3.404,2.834,2.99,2.973,2.607,2.775,2.91,2.252,2.054,2.404,2.285,2.859,2.942,2.862,2.901,2.802,2.857,3.115,3.104,2.707,2.73,3.086,3.297,2.379,2.408,3.05,3.034,2.945,2.764,3.203,2.875,2.77,2.656,815.0,865.0,440.0,653.0,2231.0,2335.0,1635.0,1658.0,596.0,575.0,554.0,436.0,3424.0,3008.0,4715.0,5017.0,3404.0,3440.0,2747.0,2382.0,999.0,803.0,6764.0,7210.0,2586.0,2546.0,3261.0,3153.0,1871.0,2007.0,3067.0,2672.0,1367.0,1589.0,435.0,505.0,1412.0,1702.0,769.0,919.0,1479.0,1279.0,1571.0,1588.0,5215.0,3899.0,1029.0,1126.0,5888.0,5773.0,4763.0,4984.0,507.0,638.0,5090.0,5053.0,8095.0,7480.0,6908.0,6754.0,3961.0,4161.0,4268.0,4262.0,618.0,606.0,685.0,572.0
NDARGK041TPB,2.964,3.098,2.629,2.759,2.891,2.93,2.304,2.439,3.05,3.209,2.992,3.148,2.95,3.008,2.88,2.852,2.927,3.188,3.189,3.396,2.308,2.353,2.471,2.538,2.704,2.684,2.515,2.379,2.604,2.853,3.207,3.208,3.035,3.163,2.951,2.96,2.977,3.109,2.76,2.897,2.515,2.826,2.249,1.996,2.605,2.637,2.781,2.873,2.866,3.009,2.776,2.913,3.051,3.264,2.495,2.656,3.158,3.136,2.765,2.81,3.084,3.136,3.056,2.999,3.179,3.539,3.1,2.866,1153.0,995.0,513.0,683.0,2027.0,2331.0,1740.0,1594.0,350.0,474.0,399.0,311.0,3044.0,3269.0,4826.0,5439.0,2684.0,3591.0,2543.0,2108.0,932.0,989.0,5874.0,5446.0,2580.0,2407.0,3038.0,2897.0,1426.0,2016.0,3614.0,3420.0,1297.0,1323.0,571.0,673.0,1404.0,1800.0,712.0,885.0,1691.0,1462.0,1573.0,1375.0,4445.0,4792.0,1069.0,1084.0,5881.0,5345.0,3891.0,3967.0,614.0,762.0,5331.0,5341.0,7323.0,6071.0,5453.0,5829.0,3794.0,3994.0,3917.0,4014.0,400.0,487.0,494.0,359.0
NDARGK672URV,2.591,2.768,3.248,2.674,2.952,3.039,1.926,2.204,3.352,3.514,3.122,3.065,3.127,3.116,2.511,2.806,3.117,3.056,3.414,3.499,2.214,2.411,2.146,2.475,3.274,3.098,2.375,2.61,3.078,3.014,3.396,3.176,2.924,2.861,3.086,3.116,3.067,3.176,3.186,2.913,2.942,3.037,2.019,1.897,2.372,2.503,2.585,3.018,2.934,2.982,2.638,2.737,3.094,3.309,2.937,3.037,3.344,3.341,2.564,2.451,3.233,3.027,2.842,2.981,3.609,3.878,3.019,3.27,1274.0,1302.0,675.0,813.0,2172.0,2637.0,1428.0,1615.0,640.0,548.0,437.0,554.0,3259.0,3249.0,5307.0,7405.0,4029.0,3833.0,2729.0,2855.0,1306.0,1122.0,5823.0,5464.0,3070.0,3175.0,2949.0,2772.0,2373.0,2459.0,4137.0,4158.0,1593.0,1785.0,736.0,721.0,1356.0,1661.0,1041.0,1068.0,1504.0,1600.0,1217.0,945.0,4405.0,5382.0,1713.0,1206.0,5959.0,6039.0,4346.0,3841.0,594.0,853.0,6717.0,6888.0,8617.0,8535.0,5214.0,6351.0,4286.0,4758.0,5032.0,4237.0,804.0,611.0,566.0,376.0
NDARGK736HF4,3.188,3.022,2.7,2.904,2.671,2.972,2.23,2.097,3.183,3.869,2.987,2.718,3.019,3.022,3.044,2.704,2.804,2.808,3.542,3.585,2.466,2.65,2.529,2.249,2.974,2.955,2.459,2.692,2.717,2.966,3.039,3.031,2.737,3.046,2.691,2.973,2.876,2.756,2.575,2.86,2.679,2.712,2.07,2.118,2.485,2.42,2.718,2.801,2.803,2.688,2.854,2.797,3.441,3.22,2.871,2.618,3.194,3.201,2.459,2.68,2.801,2.848,3.068,2.921,2.848,3.251,3.0,3.052,922.0,657.0,539.0,680.0,1882.0,2307.0,1533.0,1619.0,353.0,299.0,483.0,409.0,2928.0,3104.0,4469.0,5205.0,3119.0,3116.0,2198.0,2139.0,898.0,841.0,5499.0,5555.0,2588.0,2667.0,3345.0,2989.0,2157.0,2058.0,3536.0,3214.0,1425.0,1600.0,499.0,535.0,1553.0,1585.0,722.0,722.0,1695.0,1271.0,1475.0,1250.0,4867.0,4246.0,1325.0,1392.0,4803.0,4419.0,3954.0,4449.0,342.0,444.0,4719.0,4437.0,6483.0,6606.0,5394.0,5628.0,3620.0,3887.0,4534.0,4347.0,608.0,587.0,479.0,413.0
NDARGK943RL3,2.964,2.814,2.575,2.42,3.056,3.143,2.401,2.306,3.561,3.414,2.964,3.056,3.109,3.165,2.923,2.854,2.907,3.012,3.358,3.264,2.378,2.581,2.521,2.387,2.986,2.982,2.335,2.465,2.871,2.924,3.084,3.304,2.96,2.867,2.927,3.104,3.053,3.021,3.152,3.009,2.692,2.817,2.3,2.31,2.538,2.558,2.497,2.835,3.059,3.04,2.942,2.8,2.784,3.038,2.725,2.625,3.203,3.157,2.63,2.784,3.296,3.329,3.0,3.021,3.876,3.789,2.921,3.089,975.0,1092.0,680.0,873.0,2061.0,1973.0,1770.0,1743.0,553.0,599.0,511.0,484.0,3486.0,3744.0,5112.0,5338.0,3595.0,3490.0,2843.0,2885.0,1280.0,1062.0,5784.0,7014.0,3147.0,2846.0,3514.0,3287.0,1989.0,2455.0,4657.0,3185.0,1497.0,1712.0,727.0,642.0,1703.0,1739.0,984.0,1030.0,1663.0,1713.0,1956.0,1698.0,4980.0,4394.0,1274.0,1248.0,4993.0,6219.0,4771.0,5351.0,556.0,758.0,6124.0,5226.0,7360.0,6876.0,6108.0,6327.0,3954.0,4349.0,4328.0,4238.0,814.0,683.0,719.0,428.0
NDARGL289TB8,2.855,2.879,3.103,2.83,3.214,3.037,2.39,2.391,4.05,3.895,3.454,3.475,3.066,3.121,2.979,2.862,3.051,3.121,3.361,3.261,2.611,2.601,2.501,2.579,3.05,2.936,2.345,2.445,2.686,2.449,3.152,3.341,2.903,2.879,3.089,2.892,3.077,3.156,3.094,3.095,3.064,2.932,2.112,2.187,2.548,2.521,2.516,2.753,3.109,3.138,2.823,2.75,3.317,3.28,2.785,2.865,3.342,3.294,2.55,2.689,3.315,3.244,3.122,3.0,3.62,4.144,3.146,3.083,1294.0,926.0,548.0,713.0,2728.0,2649.0,2011.0,2021.0,333.0,456.0,250.0,238.0,3723.0,4226.0,5562.0,6878.0,3656.0,3820.0,2650.0,3099.0,1432.0,1099.0,6026.0,6627.0,3327.0,3227.0,4003.0,3477.0,1922.0,2077.0,4237.0,3804.0,1620.0,1536.0,696.0,715.0,1847.0,1869.0,750.0,1054.0,2086.0,1738.0,2387.0,2154.0,4722.0,4370.0,1220.0,1444.0,5200.0,5045.0,4808.0,5309.0,648.0,972.0,6743.0,6602.0,8300.0,7552.0,6861.0,6408.0,3869.0,4680.0,5469.0,3959.0,456.0,509.0,535.0,366.0
NDARGL834CMQ,2.616,2.626,2.825,2.65,2.886,2.857,1.895,1.992,3.228,3.681,3.101,3.011,2.871,2.768,2.606,2.648,2.986,2.764,3.088,3.032,2.227,2.24,2.206,2.253,2.832,2.732,2.086,1.993,2.545,2.61,2.957,2.923,2.609,2.617,2.697,2.841,2.848,2.886,2.922,2.954,2.73,2.711,1.913,1.796,2.17,2.178,2.69,2.769,2.773,2.598,2.611,2.634,3.162,2.73,2.655,2.643,3.157,3.024,2.477,2.427,3.061,3.058,2.822,2.816,3.737,3.755,2.674,2.71,1266.0,904.0,556.0,847.0,2231.0,2060.0,1671.0,1894.0,449.0,341.0,274.0,252.0,3244.0,3499.0,4915.0,4899.0,4151.0,3476.0,2047.0,2228.0,991.0,865.0,5807.0,5335.0,2478.0,2829.0,3004.0,2780.0,1612.0,1861.0,3164.0,3265.0,1405.0,1550.0,562.0,623.0,1212.0,1347.0,674.0,797.0,1377.0,1355.0,1704.0,1475.0,4272.0,4021.0,1159.0,1078.0,4341.0,5028.0,4120.0,4421.0,505.0,676.0,6215.0,6904.0,6502.0,7168.0,4896.0,5025.0,3424.0,4335.0,3818.0,4220.0,474.0,523.0,438.0,382.0
NDARGL963HU4,2.643,2.624,2.986,2.594,2.682,2.543,2.029,1.934,3.778,4.062,2.748,2.848,2.829,2.731,2.42,2.5,3.059,2.91,3.185,3.082,2.429,2.369,2.144,2.233,2.861,2.567,2.111,2.079,2.619,2.625,2.998,2.88,2.42,2.31,3.016,2.865,2.696,2.811,2.754,2.793,2.584,2.721,1.686,1.839,2.204,2.155,2.367,2.603,2.625,2.53,2.455,2.381,2.742,2.788,2.515,2.609,2.864,2.761,2.262,2.292,2.933,2.949,2.638,2.684,3.927,3.9,2.624,2.679,991.0,1098.0,689.0,677.0,2338.0,2417.0,1388.0,1449.0,375.0,405.0,299.0,242.0,3113.0,3148.0,5253.0,5705.0,3109.0,2982.0,2317.0,2459.0,986.0,970.0,6110.0,5614.0,2475.0,2370.0,3465.0,3163.0,1852.0,1846.0,3579.0,3249.0,1526.0,1825.0,788.0,684.0,1344.0,1467.0,632.0,767.0,1614.0,1323.0,1472.0,1229.0,3958.0,3973.0,1202.0,1158.0,4561.0,4834.0,4223.0,4263.0,604.0,802.0,5869.0,5849.0,7063.0,6409.0,6236.0,6149.0,4014.0,4497.0,3740.0,3547.0,440.0,437.0,443.0,365.0
NDARGM196JMM,3.044,3.218,2.671,2.533,3.195,3.298,2.581,2.485,3.751,3.576,3.501,3.501,3.292,3.196,3.272,3.086,3.282,3.199,3.222,3.614,2.365,2.672,2.635,2.787,3.209,3.143,2.715,2.623,2.5,3.006,3.277,3.235,3.114,3.058,3.43,3.593,3.172,3.042,3.277,3.406,3.229,3.1,2.128,2.159,2.782,2.982,2.74,2.872,3.248,3.197,3.107,3.144,3.24,3.274,3.08,2.877,3.488,3.449,2.971,2.967,3.481,3.461,3.044,3.198,3.85,4.116,3.257,3.39,1420.0,1421.0,760.0,806.0,3067.0,2979.0,1621.0,1803.0,618.0,579.0,385.0,279.0,3838.0,3740.0,6298.0,6838.0,4054.0,4548.0,2942.0,2263.0,1370.0,1339.0,5996.0,6034.0,3404.0,3324.0,3898.0,3909.0,1957.0,1986.0,4654.0,4120.0,1415.0,1540.0,709.0,839.0,1809.0,1632.0,768.0,956.0,1645.0,1398.0,2019.0,1491.0,4703.0,4388.0,1620.0,1596.0,5643.0,6316.0,4809.0,4775.0,795.0,1100.0,8729.0,7535.0,8503.0,8220.0,7757.0,8184.0,5146.0,4738.0,4033.0,4511.0,455.0,488.0,551.0,423.0
NDARGM498YFL,2.599,2.625,3.069,3.015,2.798,2.833,1.972,1.993,2.973,3.341,2.742,3.22,2.717,2.69,2.683,2.738,2.793,2.963,3.174,3.308,2.313,2.504,2.321,2.464,2.937,2.865,2.015,1.933,2.674,2.687,3.065,2.884,2.733,2.618,2.584,2.504,2.812,2.836,3.201,2.891,2.78,2.752,1.51,1.614,2.301,2.319,2.743,2.645,2.651,2.738,2.738,2.686,3.238,3.154,2.626,2.71,2.999,2.989,2.461,2.472,3.068,3.032,2.827,2.674,3.565,3.639,2.585,2.544,1170.0,981.0,496.0,700.0,2273.0,2188.0,1432.0,1376.0,479.0,419.0,301.0,261.0,3152.0,3115.0,4767.0,6195.0,3465.0,3636.0,2190.0,2330.0,904.0,889.0,5166.0,5154.0,2790.0,2362.0,2876.0,2649.0,2091.0,1884.0,3662.0,3366.0,1269.0,1504.0,608.0,582.0,1262.0,1767.0,742.0,822.0,1668.0,1437.0,1399.0,1244.0,3727.0,3885.0,1194.0,1182.0,4467.0,4649.0,4028.0,4257.0,544.0,722.0,6230.0,5616.0,6770.0,6509.0,5961.0,6004.0,3382.0,3968.0,3799.0,3006.0,399.0,458.0,390.0,306.0
NDARGN210CK7,2.727,3.044,2.696,2.48,2.755,2.867,2.337,2.211,3.743,3.979,3.042,2.725,2.956,2.917,2.834,2.834,3.152,3.111,3.276,3.244,2.836,2.63,2.459,2.384,2.811,2.91,2.337,2.357,2.561,2.596,3.179,3.082,2.968,2.764,3.056,2.995,3.056,2.678,2.889,3.172,3.035,2.55,1.922,2.031,2.323,2.455,2.797,2.798,2.89,2.856,2.727,2.693,2.899,3.008,2.526,2.45,2.913,3.023,2.482,2.529,3.149,2.972,2.657,2.766,3.767,3.932,2.741,2.708,1165.0,1010.0,662.0,894.0,2631.0,2781.0,1362.0,1742.0,313.0,323.0,342.0,252.0,3284.0,2920.0,5575.0,6042.0,4017.0,4782.0,2826.0,2750.0,1124.0,837.0,4623.0,5447.0,3010.0,2872.0,3027.0,3130.0,1931.0,2072.0,4500.0,4342.0,1231.0,1416.0,807.0,662.0,1478.0,1892.0,622.0,898.0,1493.0,1473.0,1486.0,1364.0,4164.0,4766.0,1424.0,1283.0,5569.0,4993.0,3871.0,3833.0,596.0,754.0,5926.0,5611.0,7906.0,7801.0,5455.0,6654.0,3957.0,3705.0,4588.0,4163.0,400.0,453.0,330.0,326.0
NDARGN782BZN,3.079,3.258,2.398,2.544,3.147,3.107,2.571,2.351,3.495,3.79,3.167,3.308,3.277,3.247,2.996,3.145,3.119,3.321,3.289,3.369,2.752,2.564,2.697,2.768,3.143,3.247,2.585,2.519,2.893,2.892,3.406,3.285,3.085,3.228,2.876,3.028,3.254,2.848,3.31,3.454,2.851,2.953,2.229,2.315,2.577,2.67,2.409,2.667,3.147,3.109,3.038,2.949,3.121,3.282,2.789,2.657,3.386,3.355,2.844,2.867,3.363,3.198,3.053,3.165,4.396,4.447,2.938,2.782,1128.0,985.0,608.0,804.0,2173.0,2176.0,1148.0,1181.0,369.0,341.0,323.0,215.0,2653.0,2307.0,4347.0,4976.0,3126.0,3049.0,2544.0,2385.0,707.0,784.0,3722.0,3634.0,2507.0,2234.0,2379.0,2459.0,1392.0,1840.0,3738.0,3566.0,1547.0,1594.0,553.0,573.0,1255.0,1303.0,750.0,799.0,1469.0,1170.0,1228.0,1077.0,3971.0,3872.0,1117.0,1269.0,4724.0,4678.0,2961.0,3317.0,572.0,751.0,6745.0,6257.0,8363.0,7312.0,4679.0,4762.0,3324.0,3735.0,4011.0,3251.0,376.0,422.0,351.0,314.0
NDARGR893PUA,3.296,3.585,2.848,2.548,3.446,3.49,2.375,2.459,3.752,3.823,3.475,3.318,3.337,3.345,3.276,3.353,3.345,3.516,3.603,3.648,2.752,2.932,2.673,2.815,3.372,3.44,2.683,2.684,3.169,3.182,3.732,3.61,3.312,3.374,3.338,3.387,3.411,3.344,3.659,3.573,3.235,3.234,2.3,2.299,3.079,3.145,2.843,2.762,3.334,3.308,3.168,3.217,3.045,3.466,3.124,3.214,3.583,3.543,2.991,3.02,3.645,3.6,3.499,3.425,4.208,4.328,3.281,3.243,1128.0,865.0,494.0,728.0,2293.0,1977.0,1348.0,1537.0,415.0,303.0,338.0,247.0,2702.0,3084.0,4902.0,5399.0,2956.0,2941.0,2233.0,1997.0,969.0,881.0,5461.0,5443.0,2545.0,2323.0,2876.0,2856.0,1556.0,1608.0,3586.0,3589.0,1338.0,1517.0,560.0,642.0,1225.0,1623.0,677.0,767.0,1297.0,1175.0,1429.0,1201.0,4253.0,4202.0,1297.0,1200.0,4443.0,4299.0,4079.0,3852.0,581.0,732.0,6230.0,5967.0,7548.0,6970.0,5028.0,5034.0,3560.0,3815.0,3608.0,3805.0,451.0,406.0,452.0,321.0
NDARGU182ELW,2.403,2.787,2.939,2.656,3.151,2.997,2.519,2.301,3.462,3.292,3.279,3.306,2.935,2.938,2.759,2.794,2.94,2.995,3.469,3.384,2.475,2.442,2.493,2.482,3.116,2.945,2.417,2.475,2.71,2.878,3.264,3.1,2.833,2.802,2.861,2.93,3.142,3.014,3.154,3.055,2.95,2.759,2.166,2.113,2.585,2.553,2.646,2.912,3.056,3.058,2.815,2.626,3.063,3.19,2.728,2.908,3.254,3.191,2.55,2.648,3.367,3.239,2.827,2.876,4.095,3.196,2.865,2.793,1125.0,1127.0,639.0,973.0,2713.0,2192.0,1676.0,1712.0,508.0,403.0,323.0,251.0,3704.0,4067.0,6073.0,7419.0,3593.0,3671.0,2748.0,2959.0,1205.0,1132.0,6173.0,5700.0,3047.0,2884.0,3939.0,3399.0,2337.0,2075.0,3970.0,3717.0,1490.0,1723.0,629.0,726.0,1546.0,2083.0,911.0,994.0,1883.0,1282.0,1825.0,1793.0,4879.0,4828.0,1462.0,1095.0,5655.0,5995.0,4244.0,4602.0,792.0,1063.0,7422.0,6631.0,8222.0,7677.0,5342.0,6443.0,3952.0,4099.0,4252.0,4207.0,462.0,531.0,400.0,342.0
NDARGU844NZ3,2.871,3.087,2.847,2.668,3.084,3.171,2.441,2.384,3.543,4.11,3.699,3.786,3.217,3.194,3.11,3.154,3.357,3.168,3.328,3.392,2.54,2.735,2.715,2.751,3.339,3.162,2.473,2.63,3.056,3.036,3.308,3.366,3.081,3.059,3.769,3.411,3.155,3.305,3.347,3.569,3.164,3.116,2.221,2.501,2.633,2.709,2.753,2.594,3.123,3.151,2.899,2.981,3.191,3.4,2.996,3.0,3.416,3.417,2.854,2.837,3.408,3.288,3.199,3.2,4.155,4.098,3.192,3.214,1173.0,1031.0,685.0,629.0,2511.0,2533.0,1450.0,1383.0,346.0,378.0,251.0,231.0,2877.0,3020.0,4678.0,5137.0,3354.0,3572.0,2628.0,2228.0,990.0,995.0,4808.0,4383.0,2703.0,2739.0,3573.0,3159.0,1565.0,1635.0,3672.0,3363.0,1382.0,1561.0,609.0,663.0,1382.0,1591.0,752.0,857.0,1332.0,1449.0,1630.0,1392.0,3692.0,3811.0,1140.0,1296.0,4027.0,4807.0,3872.0,4027.0,449.0,739.0,6555.0,5595.0,6585.0,7403.0,5493.0,5258.0,3976.0,4102.0,3806.0,3805.0,464.0,464.0,405.0,280.0
NDARGV220AU1,2.931,2.807,2.999,2.861,3.04,3.193,2.265,2.26,4.068,3.904,2.964,3.174,3.128,3.02,2.916,2.943,3.038,2.845,3.231,3.243,2.595,2.695,2.39,2.405,3.164,2.986,2.405,2.501,2.655,2.914,3.285,3.326,2.916,2.688,3.205,3.226,3.167,3.075,3.268,3.144,3.102,3.045,2.037,2.07,2.424,2.854,2.794,2.938,2.647,2.939,2.75,2.658,3.229,3.284,2.836,2.859,3.144,3.131,2.57,2.667,3.298,3.234,2.923,3.08,3.657,3.932,2.848,3.142,1214.0,1181.0,584.0,804.0,2111.0,3733.0,1851.0,1871.0,439.0,368.0,266.0,249.0,3225.0,3611.0,5639.0,5842.0,3199.0,3966.0,2568.0,2884.0,1389.0,1370.0,5281.0,5773.0,2797.0,2621.0,3120.0,3252.0,1935.0,2149.0,4126.0,3517.0,1531.0,1291.0,718.0,730.0,1871.0,1551.0,664.0,865.0,1800.0,1414.0,1810.0,1764.0,4587.0,3499.0,1530.0,1423.0,5439.0,4713.0,4484.0,3909.0,664.0,1046.0,7146.0,6634.0,7481.0,8569.0,4024.0,6186.0,4812.0,4234.0,4454.0,3050.0,455.0,406.0,497.0,473.0
NDARGV948BFZ,2.976,2.97,2.543,2.088,3.105,3.206,2.366,2.255,3.134,3.11,2.769,3.107,3.017,3.101,2.975,2.841,3.026,3.173,3.364,3.378,2.3,2.246,2.663,2.677,3.351,3.138,2.473,2.491,2.796,2.906,3.203,3.243,3.116,3.181,3.349,3.224,3.199,3.17,3.087,2.993,2.945,2.935,2.251,2.27,2.609,2.607,2.629,2.619,3.116,3.017,3.002,2.872,2.723,2.824,2.822,2.814,3.304,3.199,2.821,2.799,3.257,3.222,3.085,3.002,3.428,3.209,3.342,2.924,969.0,803.0,728.0,577.0,2471.0,2054.0,1252.0,1484.0,396.0,431.0,644.0,336.0,3131.0,2847.0,4921.0,5414.0,3312.0,2946.0,2813.0,2497.0,1100.0,848.0,4358.0,5031.0,2551.0,2357.0,2794.0,2626.0,1916.0,2168.0,3248.0,3030.0,1395.0,1615.0,437.0,631.0,1602.0,1756.0,859.0,729.0,1760.0,1404.0,1338.0,1252.0,4270.0,4168.0,1452.0,1333.0,4624.0,5181.0,3903.0,4359.0,364.0,810.0,6501.0,6024.0,8223.0,9095.0,5031.0,5307.0,3486.0,4186.0,4229.0,3830.0,521.0,639.0,483.0,455.0
NDARGW450YUX,2.776,3.083,2.657,2.311,3.055,3.31,2.46,2.453,4.135,4.35,3.721,3.568,3.25,3.219,3.086,3.175,3.277,3.176,3.481,3.467,2.831,2.675,2.632,2.693,3.301,3.131,2.433,2.517,3.086,3.432,3.427,3.408,3.338,3.06,2.899,2.989,3.085,3.275,3.418,3.202,3.039,3.013,2.167,2.15,2.883,2.799,2.754,2.78,3.061,3.138,3.07,2.914,3.395,3.586,3.016,2.964,3.675,3.719,2.884,2.824,3.492,3.217,3.162,3.26,4.194,4.242,2.896,3.042,605.0,679.0,338.0,379.0,1547.0,1551.0,1022.0,1212.0,295.0,208.0,222.0,216.0,2264.0,2379.0,3031.0,4315.0,2187.0,2342.0,1964.0,1886.0,749.0,715.0,3710.0,3729.0,2079.0,2372.0,2450.0,2132.0,1314.0,1340.0,2403.0,2119.0,1002.0,1099.0,572.0,581.0,1299.0,1260.0,504.0,587.0,1171.0,794.0,1243.0,1033.0,3410.0,3740.0,754.0,787.0,3875.0,3979.0,3204.0,3359.0,330.0,438.0,4083.0,4563.0,4596.0,4141.0,4526.0,5272.0,2843.0,3306.0,3752.0,2890.0,372.0,314.0,372.0,299.0
NDARGX443CEU,3.08,3.168,2.829,2.554,3.124,3.056,2.475,2.491,3.388,3.479,2.648,2.856,3.052,3.216,3.107,3.188,2.969,2.986,3.286,3.349,2.201,2.453,2.761,2.755,3.259,3.119,2.461,2.569,2.93,3.042,3.334,3.178,3.082,3.075,2.962,2.931,3.172,3.322,3.326,3.223,3.129,3.001,2.088,2.196,2.613,2.631,2.919,2.803,3.129,3.077,3.137,2.977,2.891,2.859,2.83,2.873,3.336,3.195,2.885,2.953,3.262,3.401,3.143,3.164,3.838,4.055,3.189,2.994,1025.0,1097.0,468.0,924.0,2474.0,2543.0,1461.0,1689.0,543.0,436.0,369.0,363.0,3476.0,3653.0,5039.0,5805.0,4717.0,4566.0,2627.0,2529.0,1053.0,1151.0,5938.0,6607.0,2860.0,2841.0,2490.0,2955.0,1878.0,2298.0,3825.0,3337.0,1520.0,1709.0,474.0,629.0,1857.0,2131.0,853.0,913.0,1952.0,1336.0,1391.0,1361.0,4021.0,4104.0,1675.0,1162.0,5000.0,5116.0,4584.0,4551.0,704.0,730.0,6587.0,6293.0,8161.0,6825.0,6405.0,7136.0,4336.0,4669.0,5161.0,4552.0,761.0,534.0,510.0,477.0
NDARGX760NYV,2.381,3.122,2.277,2.208,3.03,3.144,2.288,2.285,3.516,3.402,2.65,2.519,3.123,3.123,2.92,2.993,2.99,3.086,3.475,3.238,2.422,2.552,2.474,2.458,3.046,3.079,2.561,2.358,2.771,2.875,3.04,3.082,2.979,2.883,2.956,3.312,3.137,2.973,2.995,2.967,2.811,2.987,2.182,2.346,2.406,2.3,2.712,2.615,2.94,2.961,2.782,2.644,2.634,2.912,2.564,2.574,3.102,3.087,2.517,2.494,2.969,2.998,2.839,2.902,3.661,3.475,2.916,2.858,797.0,922.0,782.0,623.0,2423.0,2188.0,1335.0,1610.0,501.0,422.0,368.0,377.0,3147.0,3244.0,4786.0,4933.0,3394.0,2902.0,2540.0,2806.0,897.0,874.0,5465.0,5147.0,2859.0,2512.0,2765.0,3195.0,1960.0,2011.0,3311.0,2786.0,1436.0,1458.0,633.0,602.0,1609.0,1822.0,740.0,866.0,1997.0,1860.0,1664.0,1411.0,4530.0,3791.0,1236.0,1319.0,5915.0,5383.0,3581.0,4413.0,386.0,692.0,6048.0,5441.0,8616.0,8386.0,6002.0,6213.0,3773.0,4512.0,4547.0,3869.0,486.0,483.0,655.0,417.0
NDARGY054ENV,2.826,3.223,2.508,2.147,3.049,2.919,2.145,2.304,3.174,3.293,3.072,3.275,2.821,2.901,2.819,2.956,3.478,3.152,3.195,3.203,2.343,2.343,2.475,2.383,3.026,2.907,2.35,2.229,2.684,2.716,3.313,3.418,2.825,2.725,2.691,3.116,3.007,3.094,3.131,3.184,3.176,3.096,2.332,2.067,2.411,2.376,2.303,2.49,2.959,2.984,2.717,2.723,2.929,3.143,2.79,2.75,3.092,3.085,2.53,2.608,3.392,3.361,3.113,2.979,4.187,4.324,2.844,2.952,997.0,713.0,419.0,487.0,1847.0,1744.0,1239.0,1253.0,442.0,369.0,269.0,195.0,2629.0,2605.0,3372.0,4030.0,2396.0,2865.0,2294.0,2122.0,986.0,991.0,4653.0,4370.0,2337.0,2458.0,2688.0,2544.0,1440.0,1537.0,2566.0,2519.0,1076.0,1247.0,560.0,615.0,1372.0,1484.0,779.0,836.0,1301.0,1196.0,1233.0,1492.0,3355.0,2929.0,1051.0,921.0,3588.0,3820.0,3412.0,3153.0,372.0,584.0,4860.0,4484.0,5734.0,5420.0,3924.0,4378.0,3392.0,3381.0,3358.0,3295.0,473.0,360.0,392.0,260.0
NDARGY148EVU,2.732,2.961,2.751,2.801,2.7,2.642,2.017,2.006,3.211,3.416,2.95,2.788,2.855,2.777,2.6,2.643,2.946,2.815,3.156,3.046,2.373,2.424,2.323,2.425,2.867,2.751,2.246,2.289,2.743,2.609,3.1,2.991,2.525,2.558,2.851,3.111,2.672,2.791,2.838,2.64,2.551,2.492,1.853,1.838,2.232,2.226,2.673,2.696,2.613,2.588,2.658,2.61,3.168,3.091,2.519,2.48,2.873,2.842,2.385,2.372,3.045,3.011,2.712,2.802,3.557,3.702,2.684,2.834,1288.0,1000.0,709.0,733.0,2309.0,2183.0,1415.0,1419.0,391.0,311.0,371.0,284.0,3486.0,2597.0,4693.0,6073.0,3348.0,3479.0,2214.0,2036.0,1099.0,1023.0,5346.0,5172.0,2982.0,2797.0,2247.0,3118.0,1949.0,2393.0,3762.0,3883.0,1680.0,1661.0,709.0,727.0,1598.0,1869.0,734.0,928.0,1510.0,1604.0,1063.0,1179.0,4238.0,4085.0,1295.0,1392.0,6192.0,4995.0,3826.0,4550.0,538.0,1011.0,6076.0,7000.0,8054.0,7778.0,6122.0,5883.0,3881.0,4418.0,4293.0,3819.0,493.0,364.0,468.0,336.0
NDARGY622NG6,2.872,2.952,2.349,2.681,3.149,3.092,2.182,2.136,2.969,2.668,2.344,2.692,3.032,2.936,2.86,2.797,2.87,2.819,3.362,3.218,2.881,2.812,2.305,2.435,2.809,2.751,2.326,2.362,2.698,2.633,3.052,3.017,2.698,2.85,2.826,2.778,2.989,3.29,2.909,2.908,2.864,2.816,2.077,2.189,2.36,2.504,2.836,2.834,3.057,3.113,2.772,2.819,2.685,2.742,2.657,2.79,3.238,3.09,2.555,2.607,3.209,3.011,3.065,3.003,2.962,3.185,3.044,2.937,935.0,707.0,566.0,775.0,2211.0,2112.0,1642.0,2032.0,482.0,648.0,528.0,487.0,2728.0,2877.0,4581.0,4812.0,3320.0,3051.0,2611.0,2205.0,888.0,793.0,4847.0,5287.0,3012.0,2782.0,3706.0,3938.0,1900.0,2073.0,3148.0,2793.0,1643.0,1500.0,617.0,700.0,1264.0,1439.0,903.0,959.0,1357.0,1376.0,2003.0,1670.0,3949.0,4739.0,1217.0,1107.0,5278.0,5573.0,4819.0,4909.0,551.0,766.0,6055.0,6448.0,7982.0,8353.0,6663.0,6495.0,3123.0,3549.0,4416.0,3885.0,619.0,651.0,612.0,414.0
NDARGZ553TMQ,2.666,2.59,2.849,2.583,3.108,3.032,2.517,2.281,3.307,3.674,3.477,3.537,3.046,3.02,2.888,2.815,3.136,3.163,3.488,3.564,2.728,2.607,2.562,2.547,3.245,3.084,2.447,2.516,2.905,2.637,3.05,2.974,3.151,3.119,2.993,2.946,3.312,3.141,3.304,3.254,2.959,2.942,2.163,2.284,2.577,2.55,2.486,2.637,3.173,3.272,2.948,2.814,3.076,3.064,2.836,2.885,3.337,3.268,2.601,2.721,3.046,3.082,2.912,2.714,3.922,4.095,3.005,3.02,1243.0,1103.0,644.0,554.0,2830.0,2737.0,929.0,1135.0,456.0,331.0,274.0,218.0,2947.0,2932.0,5272.0,7010.0,3030.0,3950.0,2310.0,2042.0,1200.0,950.0,4193.0,4950.0,2386.0,2776.0,2847.0,2394.0,1758.0,1973.0,3460.0,3515.0,1299.0,1497.0,724.0,811.0,1218.0,1508.0,614.0,800.0,1339.0,1121.0,1457.0,1012.0,4286.0,4796.0,1012.0,1224.0,5239.0,5083.0,3857.0,4172.0,552.0,919.0,6355.0,6432.0,7351.0,7459.0,5522.0,5732.0,3840.0,4455.0,5619.0,4457.0,431.0,414.0,577.0,429.0
NDARHB781DD8,2.83,2.947,2.831,2.743,2.835,2.851,2.294,2.078,3.533,3.774,2.868,3.421,2.791,2.705,2.693,2.595,2.984,2.907,3.276,3.148,2.399,2.465,2.224,2.337,2.945,2.691,2.253,2.202,2.942,2.84,2.959,3.107,2.582,2.631,2.582,3.041,2.739,2.929,3.262,3.139,2.846,2.883,1.975,1.954,2.296,2.263,2.609,2.691,2.684,2.776,2.655,2.676,3.345,3.389,2.708,2.766,3.045,2.949,2.426,2.395,3.009,2.931,2.786,2.807,3.895,3.513,2.526,2.463,1018.0,1112.0,590.0,626.0,2228.0,2042.0,1379.0,1572.0,476.0,308.0,378.0,254.0,2719.0,3032.0,4242.0,5157.0,2890.0,3230.0,2257.0,2053.0,1161.0,1005.0,4375.0,4976.0,2174.0,2193.0,2500.0,2507.0,1528.0,1835.0,3427.0,3161.0,1353.0,1584.0,550.0,637.0,1456.0,1674.0,701.0,822.0,1499.0,1289.0,1418.0,1149.0,4236.0,3892.0,1217.0,1290.0,4541.0,4992.0,3994.0,4278.0,515.0,642.0,6305.0,5933.0,6950.0,6587.0,5285.0,5276.0,3793.0,3789.0,4947.0,4031.0,508.0,452.0,490.0,391.0
NDARHC083LM6,2.972,2.89,3.154,2.933,3.183,3.255,2.656,2.459,3.569,3.74,3.327,3.609,3.038,2.966,2.85,2.856,3.159,3.108,3.393,3.303,2.234,2.421,2.651,2.63,3.1,3.068,2.463,2.555,2.75,2.97,3.35,2.9,2.921,2.758,3.308,3.829,3.223,3.079,3.425,3.297,2.935,2.825,2.146,2.202,2.638,2.666,2.522,2.755,2.923,2.951,2.819,2.83,3.612,3.103,2.934,2.903,3.365,3.276,2.66,2.696,3.209,3.121,2.995,2.971,4.323,4.185,2.754,2.847,978.0,761.0,571.0,585.0,2199.0,1796.0,1469.0,1642.0,466.0,319.0,314.0,220.0,2422.0,2527.0,4311.0,4718.0,2523.0,2774.0,2404.0,2677.0,981.0,892.0,5134.0,4784.0,2875.0,2625.0,2847.0,2697.0,1548.0,1826.0,3303.0,3168.0,1094.0,1285.0,509.0,536.0,1271.0,1740.0,710.0,887.0,1678.0,1441.0,1747.0,1557.0,3613.0,3885.0,1111.0,1040.0,4304.0,4346.0,2827.0,3028.0,464.0,702.0,6601.0,6156.0,6884.0,6569.0,4563.0,4848.0,3738.0,4456.0,4723.0,4125.0,389.0,366.0,555.0,406.0
NDARHC462NGR,2.872,3.277,2.395,2.616,3.179,2.883,2.341,2.504,3.246,3.184,2.552,2.582,2.903,3.001,2.858,2.935,2.97,3.015,3.439,3.211,2.414,2.371,2.421,2.47,2.951,2.874,2.373,2.38,2.834,2.569,3.146,3.059,3.154,3.117,2.794,2.967,2.768,2.776,2.802,3.09,2.83,2.834,2.262,2.241,2.529,2.486,2.655,2.806,2.93,3.037,2.92,2.918,3.172,3.017,2.457,2.715,3.223,3.096,2.721,2.796,3.168,3.025,2.902,2.83,3.433,3.473,3.07,2.697,1000.0,999.0,576.0,1031.0,2192.0,2393.0,1350.0,1548.0,367.0,416.0,447.0,262.0,3237.0,2989.0,4747.0,6227.0,3692.0,3907.0,2446.0,2463.0,1207.0,940.0,4121.0,4385.0,3207.0,2699.0,3104.0,2804.0,1957.0,2135.0,3848.0,4097.0,1365.0,1518.0,606.0,642.0,2020.0,1908.0,762.0,1014.0,1762.0,1524.0,1487.0,1349.0,4513.0,4216.0,1345.0,1169.0,4501.0,4944.0,4848.0,5366.0,872.0,1045.0,5596.0,5308.0,8130.0,6953.0,7353.0,7246.0,3949.0,4512.0,5441.0,3933.0,578.0,562.0,507.0,422.0
NDARHC814ZZL,2.615,2.821,3.028,2.888,2.857,2.923,2.015,2.049,3.434,3.645,2.953,3.17,2.913,2.863,2.728,2.8,2.949,2.85,3.29,3.354,2.304,2.626,2.249,2.332,3.004,2.869,2.214,2.235,2.781,2.838,2.871,3.012,2.524,2.687,2.926,2.906,2.918,2.956,2.887,3.023,2.825,2.807,1.667,1.76,2.324,2.26,2.665,2.52,2.908,2.81,2.636,2.557,3.251,3.225,2.701,2.711,2.943,3.027,2.369,2.365,3.033,2.909,2.778,2.917,3.743,4.228,2.572,2.838,953.0,972.0,721.0,1014.0,2412.0,2661.0,1715.0,2008.0,535.0,497.0,368.0,313.0,3658.0,3551.0,4712.0,6451.0,3775.0,3399.0,2945.0,2526.0,1202.0,931.0,5768.0,4863.0,2841.0,3216.0,3999.0,3431.0,1861.0,2254.0,3938.0,3347.0,1286.0,1912.0,704.0,607.0,1667.0,1688.0,767.0,977.0,1856.0,1714.0,1933.0,1286.0,4230.0,3574.0,1690.0,1497.0,4847.0,4753.0,4458.0,4371.0,647.0,975.0,7892.0,7792.0,9604.0,7860.0,5985.0,5700.0,4239.0,4620.0,5288.0,3636.0,459.0,439.0,603.0,333.0
NDARHD276TYX,2.748,3.122,2.777,2.701,3.17,3.149,2.338,2.249,3.754,3.742,3.35,3.175,3.076,2.869,2.842,2.946,3.096,3.023,3.348,3.49,2.646,2.732,2.471,2.467,3.116,3.047,2.299,2.462,2.646,2.774,3.312,3.229,2.971,3.034,3.018,3.235,3.233,3.149,3.056,3.075,2.816,2.915,2.02,2.275,2.579,2.6,2.734,2.797,3.063,3.018,2.848,2.797,3.383,3.08,2.813,2.777,3.235,3.266,2.722,2.674,3.392,3.397,3.001,3.043,3.949,4.504,3.185,2.985,1458.0,1195.0,664.0,962.0,2342.0,2090.0,1637.0,1799.0,582.0,485.0,304.0,253.0,3618.0,3546.0,4759.0,6057.0,3755.0,3474.0,2835.0,2719.0,1004.0,919.0,5538.0,4796.0,3219.0,2914.0,3481.0,3392.0,1887.0,2195.0,3834.0,3904.0,1540.0,1782.0,744.0,796.0,1341.0,1816.0,710.0,1042.0,1983.0,1651.0,1740.0,1440.0,4745.0,4110.0,1736.0,1445.0,5046.0,4957.0,4032.0,4370.0,652.0,848.0,7351.0,7135.0,8811.0,8371.0,6215.0,6308.0,4284.0,4426.0,4746.0,4932.0,517.0,474.0,592.0,372.0
NDARHD546PDX,2.932,2.87,2.94,2.612,3.052,3.011,2.52,2.273,3.738,3.954,2.937,3.274,3.209,3.212,3.028,2.931,3.299,3.106,3.371,3.377,2.493,2.378,2.576,2.568,3.143,3.062,2.591,2.423,2.838,2.931,3.232,3.206,2.685,2.916,3.049,3.108,2.909,3.298,3.414,3.364,3.063,2.937,2.291,2.284,2.207,2.342,2.673,2.622,2.891,2.929,2.89,2.909,3.284,3.335,3.055,2.947,3.299,3.254,2.66,2.71,3.315,3.373,3.119,2.857,3.92,4.184,2.898,2.74,1186.0,1065.0,584.0,900.0,2167.0,2557.0,1479.0,1474.0,377.0,344.0,401.0,232.0,2665.0,3038.0,5167.0,5778.0,3259.0,3630.0,2616.0,2243.0,1340.0,977.0,4781.0,4782.0,2700.0,2751.0,3402.0,2766.0,1422.0,1760.0,4223.0,3572.0,1385.0,1709.0,697.0,776.0,1482.0,1217.0,754.0,736.0,1455.0,1247.0,1767.0,1443.0,4076.0,4153.0,1596.0,1249.0,4729.0,4776.0,4886.0,4474.0,610.0,743.0,7004.0,7735.0,8037.0,7128.0,6061.0,6584.0,3935.0,4110.0,4154.0,4303.0,471.0,466.0,436.0,340.0
NDARHD931FNA,2.95,3.034,2.83,2.418,3.171,3.043,2.414,2.437,3.572,3.555,3.335,3.472,3.25,3.278,3.083,3.096,3.223,3.077,3.561,3.416,2.853,2.586,2.792,2.703,3.282,3.194,2.515,2.695,2.889,3.007,3.337,3.435,3.214,2.856,3.0,3.122,2.966,3.261,3.691,3.364,3.195,3.152,2.392,1.859,2.688,2.612,2.768,2.937,2.981,3.072,2.935,2.91,3.458,3.207,2.899,3.044,3.405,3.236,2.807,2.83,3.395,3.353,3.126,3.169,4.015,4.124,3.388,3.356,1292.0,1092.0,664.0,785.0,3108.0,2773.0,1777.0,1822.0,335.0,358.0,379.0,265.0,3532.0,3287.0,6075.0,6108.0,3958.0,3730.0,2567.0,2839.0,1309.0,998.0,5176.0,5836.0,2895.0,2821.0,3312.0,4082.0,1683.0,1957.0,4138.0,3717.0,1689.0,1999.0,732.0,709.0,2007.0,1813.0,687.0,938.0,2115.0,1581.0,1807.0,1808.0,5124.0,4509.0,1570.0,1364.0,5491.0,6097.0,5412.0,5095.0,578.0,787.0,6440.0,6475.0,9063.0,8292.0,6725.0,6216.0,3793.0,4697.0,5409.0,4875.0,429.0,427.0,488.0,373.0
NDARHE899FJV,2.737,3.106,2.482,2.522,3.183,3.146,2.608,2.193,3.771,3.465,3.061,3.102,3.066,3.055,3.034,2.981,3.14,3.018,3.133,3.234,2.564,2.624,2.636,2.434,2.995,2.814,2.499,2.583,2.758,2.391,3.255,3.122,2.918,2.786,3.169,3.425,2.923,3.039,3.221,2.967,2.922,2.912,2.133,2.056,2.52,2.567,2.726,2.713,2.976,3.01,2.944,2.892,3.055,3.196,2.922,2.946,3.385,3.215,2.793,2.913,3.156,2.967,3.05,2.876,4.259,4.273,2.761,2.69,865.0,1027.0,715.0,882.0,2299.0,2515.0,1771.0,1910.0,464.0,393.0,309.0,271.0,3465.0,3360.0,5168.0,6231.0,3850.0,3065.0,2825.0,2789.0,1195.0,1069.0,6268.0,5761.0,3397.0,2979.0,3527.0,3494.0,1743.0,2084.0,3520.0,3501.0,1604.0,1531.0,610.0,689.0,1515.0,2299.0,893.0,817.0,1886.0,1604.0,2117.0,1960.0,4735.0,4837.0,1342.0,1389.0,5876.0,5459.0,4658.0,4693.0,716.0,935.0,6731.0,6877.0,7788.0,7512.0,7212.0,6705.0,3660.0,4544.0,5047.0,4618.0,424.0,417.0,570.0,366.0
NDARHF023VG3,2.385,2.619,2.85,2.635,2.682,2.59,1.936,1.914,3.003,3.677,2.553,2.638,2.69,2.621,2.322,2.416,2.676,2.559,2.915,2.976,2.188,2.183,2.065,2.238,2.642,2.661,1.948,2.003,2.369,2.419,2.691,2.608,2.419,2.564,2.566,2.68,2.775,2.652,2.623,2.78,2.484,2.57,1.801,1.732,2.16,2.194,2.417,2.44,2.572,2.599,2.319,2.382,2.946,2.794,2.344,2.393,2.636,2.686,2.251,2.191,2.802,2.76,2.492,2.505,3.621,3.429,2.387,2.436,1191.0,1011.0,893.0,534.0,2125.0,1793.0,957.0,1300.0,453.0,327.0,336.0,246.0,3131.0,3047.0,4263.0,5741.0,2599.0,3196.0,2083.0,2057.0,1005.0,857.0,4436.0,4952.0,2770.0,2889.0,2782.0,2806.0,1797.0,1874.0,3265.0,3369.0,1254.0,1379.0,747.0,839.0,1097.0,1291.0,817.0,1065.0,1601.0,1453.0,1180.0,1239.0,4054.0,3797.0,1082.0,1230.0,4713.0,4602.0,3519.0,3944.0,566.0,979.0,6615.0,6140.0,6663.0,7349.0,5567.0,5276.0,3713.0,4157.0,4007.0,3822.0,419.0,485.0,427.0,329.0
NDARHF081GX4,3.174,3.341,2.538,2.927,3.13,3.095,2.496,2.474,4.048,3.946,3.905,3.761,3.018,3.259,2.907,2.961,3.042,3.036,3.547,3.627,2.346,2.548,2.41,2.42,3.292,3.326,2.555,2.536,2.781,3.151,3.244,3.227,3.108,3.03,2.987,2.864,3.089,3.181,3.398,3.219,2.88,3.009,2.099,2.253,2.516,2.653,2.52,2.75,2.961,2.971,3.083,2.895,3.561,3.107,3.08,2.915,3.326,3.334,2.78,2.778,3.224,3.207,3.0,3.002,3.829,3.961,3.099,2.893,1265.0,1270.0,668.0,1029.0,2684.0,2271.0,1640.0,1863.0,328.0,352.0,346.0,230.0,3422.0,3464.0,6754.0,7489.0,3778.0,4658.0,2372.0,2744.0,1290.0,1110.0,5565.0,5087.0,3158.0,2981.0,3233.0,3193.0,1846.0,1982.0,4254.0,4005.0,1402.0,1674.0,588.0,625.0,1470.0,1415.0,845.0,951.0,1771.0,1532.0,1734.0,1452.0,4774.0,4946.0,1353.0,1587.0,5261.0,5109.0,4593.0,4748.0,740.0,953.0,7680.0,6702.0,8495.0,6855.0,5972.0,6062.0,4448.0,4480.0,4842.0,4468.0,458.0,460.0,420.0,379.0
NDARHF150FDY,2.744,2.989,2.781,2.392,3.057,3.066,2.212,2.438,2.989,3.167,2.442,2.528,3.019,2.968,2.772,2.857,2.957,2.872,3.337,3.324,2.307,2.046,2.513,2.583,2.962,2.921,2.38,2.317,2.697,2.838,3.082,2.909,3.078,2.969,3.144,3.215,3.025,3.009,3.089,2.991,2.976,2.953,2.277,2.333,2.56,2.615,2.841,2.905,3.051,3.06,2.815,2.874,3.085,2.979,2.727,2.859,3.134,3.164,2.718,2.689,3.06,2.837,2.826,2.934,3.344,3.124,2.882,2.829,1059.0,752.0,565.0,468.0,1688.0,1427.0,1260.0,1358.0,374.0,404.0,521.0,391.0,2676.0,2981.0,3572.0,5076.0,3512.0,3378.0,2549.0,2171.0,916.0,804.0,4493.0,4747.0,2628.0,2587.0,2025.0,2218.0,1540.0,1809.0,3031.0,2752.0,1212.0,1360.0,484.0,451.0,1294.0,1929.0,571.0,861.0,1522.0,1748.0,1076.0,1143.0,3625.0,3772.0,1007.0,913.0,4706.0,4129.0,3863.0,3918.0,404.0,544.0,5885.0,5541.0,7219.0,7100.0,4611.0,4967.0,3449.0,3910.0,4621.0,3513.0,669.0,659.0,534.0,398.0
NDARHF351AA6,2.864,3.097,2.928,2.651,2.994,3.23,2.511,2.36,2.967,3.18,3.19,3.271,2.997,3.158,2.962,2.836,2.935,3.088,3.463,3.299,2.411,2.331,2.571,2.584,2.983,3.089,2.527,2.453,2.747,2.968,3.369,3.195,3.051,3.034,2.811,2.831,3.019,3.279,3.188,3.145,2.979,2.985,2.227,2.291,2.63,2.654,2.649,2.799,3.113,3.159,2.891,2.874,2.972,3.526,2.877,2.979,3.132,3.106,2.634,2.644,3.261,3.267,2.999,2.998,3.532,3.602,2.754,2.902,807.0,951.0,827.0,727.0,2152.0,1867.0,1526.0,1490.0,381.0,441.0,454.0,433.0,2903.0,2933.0,3939.0,4696.0,2702.0,2750.0,2410.0,2705.0,1067.0,1007.0,5212.0,4640.0,2662.0,2639.0,3273.0,3015.0,2381.0,2034.0,3154.0,2664.0,1366.0,1462.0,552.0,524.0,1409.0,1523.0,917.0,940.0,1614.0,1345.0,1401.0,1612.0,4322.0,3940.0,1258.0,1350.0,4872.0,4432.0,4194.0,4265.0,436.0,698.0,6484.0,4966.0,7358.0,6597.0,6013.0,6069.0,3534.0,3748.0,3767.0,3458.0,703.0,565.0,555.0,418.0
NDARHG065YHQ,2.551,2.943,2.666,2.494,2.482,2.395,1.956,2.093,3.525,3.577,2.164,2.052,2.894,2.983,2.529,2.319,2.798,2.767,3.132,3.117,2.354,2.531,2.027,2.078,2.384,2.701,2.325,2.26,2.425,2.473,2.712,2.734,2.291,2.485,2.592,3.127,2.477,2.735,2.46,2.527,2.483,2.465,1.968,2.028,1.875,1.832,2.478,2.479,2.23,2.468,2.439,2.614,2.999,3.138,2.305,2.285,2.441,2.573,2.009,2.085,2.882,3.132,2.464,2.483,3.08,3.33,3.253,2.754,1038.0,839.0,1060.0,607.0,1962.0,2386.0,1514.0,1825.0,450.0,379.0,430.0,389.0,3425.0,3169.0,5533.0,5238.0,3526.0,3396.0,2499.0,2653.0,1151.0,994.0,5615.0,5622.0,2942.0,2915.0,3346.0,2959.0,2205.0,2277.0,3954.0,3706.0,1193.0,1614.0,641.0,678.0,1681.0,1538.0,900.0,1082.0,1959.0,1809.0,1978.0,1527.0,4332.0,4529.0,1164.0,1563.0,4806.0,4814.0,4067.0,4167.0,469.0,849.0,5787.0,6533.0,8081.0,8491.0,5230.0,5915.0,3910.0,3701.0,3928.0,4100.0,708.0,709.0,485.0,356.0
NDARHG125NEN,3.068,2.913,2.855,2.884,3.144,3.12,2.246,2.13,3.797,3.39,3.376,3.31,3.136,3.054,2.853,2.94,3.09,3.028,3.499,3.418,2.705,2.661,2.35,2.502,3.072,2.844,2.46,2.387,2.691,2.638,3.322,3.289,2.809,3.017,2.977,3.112,3.068,2.996,3.101,2.979,2.939,2.909,2.188,2.133,2.509,2.51,2.863,2.635,3.039,2.968,2.653,2.717,2.966,3.284,2.74,2.799,3.255,3.192,2.6,2.622,3.253,3.155,2.932,3.066,3.521,4.089,2.832,2.66,1356.0,1342.0,617.0,931.0,2861.0,2995.0,1813.0,1950.0,390.0,486.0,382.0,305.0,4371.0,4721.0,5482.0,7575.0,4143.0,4482.0,2792.0,2769.0,1693.0,1254.0,7120.0,7915.0,3122.0,3351.0,3971.0,3724.0,2159.0,2041.0,4907.0,4236.0,1799.0,1865.0,723.0,780.0,2203.0,2151.0,853.0,985.0,2178.0,2014.0,2083.0,1721.0,5322.0,4737.0,1634.0,1741.0,6221.0,6774.0,4664.0,6117.0,779.0,924.0,8172.0,7123.0,9948.0,9271.0,7188.0,7115.0,4820.0,5144.0,5972.0,4015.0,498.0,475.0,593.0,432.0
NDARHG152GZC,2.651,2.751,1.513,1.544,2.328,2.296,2.091,2.199,3.173,3.089,2.403,2.419,2.784,2.849,2.666,2.709,2.774,2.845,3.119,2.863,2.2,2.459,2.355,2.349,2.562,2.122,2.294,2.263,2.607,2.569,2.997,3.162,2.784,2.605,3.003,3.098,1.708,2.326,2.326,2.179,1.617,1.897,2.089,2.138,2.552,2.551,2.349,2.597,2.685,2.728,2.749,2.638,2.691,2.731,1.907,1.817,2.387,2.261,2.515,2.495,2.826,2.898,2.822,2.881,3.202,3.109,2.927,2.978,980.0,803.0,447.0,550.0,1463.0,1379.0,1075.0,1208.0,297.0,329.0,285.0,232.0,2527.0,2343.0,3295.0,4459.0,2479.0,2493.0,1922.0,1879.0,718.0,726.0,4079.0,3727.0,2186.0,2047.0,2567.0,2344.0,1475.0,1487.0,2801.0,2450.0,1071.0,1253.0,517.0,543.0,1088.0,1232.0,582.0,680.0,1293.0,1147.0,1206.0,1039.0,3219.0,3193.0,949.0,1106.0,3413.0,3487.0,2934.0,3298.0,299.0,488.0,4617.0,4594.0,6099.0,5350.0,4811.0,4657.0,2766.0,3329.0,3609.0,2874.0,352.0,416.0,360.0,262.0
NDARHG232EWH,2.9,2.921,2.977,2.595,2.677,2.695,2.321,2.203,3.312,3.107,2.617,2.965,2.932,2.782,2.692,2.807,2.795,2.86,3.155,3.192,2.4,2.334,2.379,2.44,2.84,2.809,2.24,2.326,2.665,2.593,3.028,3.001,2.946,2.961,2.852,2.871,2.756,2.885,2.663,2.605,2.8,2.721,2.14,2.038,2.504,2.558,2.678,2.785,2.753,2.86,2.7,2.739,3.228,3.473,2.437,2.6,2.973,2.875,2.553,2.566,3.095,3.103,2.783,2.874,3.381,3.194,3.236,2.889,1017.0,1032.0,612.0,558.0,2108.0,1850.0,1071.0,1335.0,746.0,571.0,553.0,259.0,3158.0,2930.0,5225.0,6750.0,3832.0,4152.0,2388.0,2239.0,1102.0,787.0,5431.0,4773.0,2696.0,2568.0,2933.0,3188.0,1648.0,2014.0,3816.0,3365.0,1443.0,1582.0,603.0,669.0,1255.0,1488.0,792.0,943.0,1622.0,1488.0,1302.0,1217.0,4486.0,3916.0,1212.0,1465.0,5167.0,4466.0,3778.0,4303.0,525.0,641.0,6417.0,6432.0,7887.0,7662.0,5642.0,4562.0,3551.0,3694.0,3856.0,3336.0,544.0,725.0,391.0,382.0
NDARHG260BM9,3.084,3.347,2.803,2.615,3.278,3.128,2.453,2.432,3.141,3.41,3.352,3.179,3.26,3.279,3.011,3.124,3.195,3.213,3.321,3.477,2.512,2.718,2.584,2.781,3.313,3.043,2.716,2.588,2.983,2.879,3.221,3.284,3.253,3.222,3.4,3.457,3.301,3.264,3.361,3.437,3.325,3.212,2.241,2.268,2.814,2.802,2.918,3.03,3.236,3.28,2.987,3.089,2.948,3.19,2.897,2.955,3.431,3.351,2.726,2.73,3.604,3.514,3.143,3.353,3.494,3.587,3.374,3.187,1503.0,1111.0,643.0,706.0,2229.0,2124.0,1525.0,1685.0,466.0,422.0,406.0,305.0,2830.0,3105.0,5596.0,5854.0,3464.0,3387.0,2448.0,2077.0,1011.0,716.0,4054.0,4656.0,2794.0,2868.0,2925.0,2804.0,1967.0,2002.0,3616.0,3603.0,1527.0,1846.0,555.0,719.0,1500.0,2000.0,894.0,989.0,1889.0,1602.0,1392.0,1253.0,4576.0,4578.0,1302.0,1236.0,4570.0,5176.0,5075.0,4660.0,559.0,728.0,6086.0,5866.0,7409.0,7529.0,5758.0,5990.0,3918.0,4053.0,4763.0,4272.0,531.0,468.0,473.0,418.0
NDARHH654ZF9,2.886,3.178,2.563,2.442,3.164,3.174,2.429,2.558,3.905,3.985,3.33,3.601,3.254,3.265,3.065,3.081,3.175,3.121,3.534,3.477,2.494,2.52,2.532,2.622,3.411,3.153,2.49,2.611,3.037,3.145,3.355,3.275,3.125,3.104,3.148,2.818,3.208,3.061,3.464,3.264,3.088,2.977,2.134,2.279,2.718,2.791,2.576,2.554,3.204,3.154,3.107,2.984,3.145,3.104,3.013,3.055,3.467,3.394,2.765,2.804,3.4,3.429,3.125,3.145,4.064,4.014,2.913,2.862,1268.0,959.0,627.0,835.0,2837.0,2973.0,1737.0,2132.0,413.0,397.0,397.0,276.0,3550.0,3200.0,5354.0,6854.0,4013.0,3487.0,2256.0,2389.0,1263.0,1227.0,6141.0,5795.0,2744.0,3118.0,3881.0,3559.0,2091.0,2032.0,4113.0,4066.0,1344.0,1381.0,785.0,630.0,1485.0,1709.0,791.0,1070.0,1978.0,1682.0,2123.0,1950.0,4069.0,4204.0,1325.0,1417.0,5374.0,5884.0,4290.0,4365.0,622.0,939.0,6487.0,5905.0,8617.0,7361.0,6123.0,6073.0,4042.0,4982.0,4839.0,3902.0,508.0,496.0,525.0,383.0
NDARHH802DBM,2.73,2.968,3.056,3.026,3.003,3.131,2.264,2.176,3.243,3.718,3.281,3.356,3.264,3.204,3.006,2.977,3.121,3.192,3.334,3.437,2.952,2.953,2.502,2.604,3.187,3.131,2.309,2.301,3.012,2.949,3.276,3.015,2.932,2.825,3.503,3.346,3.076,3.194,3.184,3.196,3.165,2.884,2.013,2.032,2.567,2.565,2.963,3.017,3.122,3.111,2.914,2.881,3.315,3.401,2.873,2.828,3.251,3.256,2.726,2.779,3.147,3.061,2.993,3.016,4.199,4.181,2.883,3.062,982.0,859.0,964.0,966.0,2802.0,2778.0,1814.0,1708.0,447.0,356.0,361.0,282.0,2925.0,2763.0,4899.0,6362.0,2499.0,2560.0,2591.0,2268.0,968.0,828.0,6686.0,6828.0,2330.0,2425.0,3129.0,3322.0,1635.0,2026.0,3427.0,3417.0,1525.0,1897.0,619.0,641.0,1465.0,1396.0,731.0,760.0,1599.0,1383.0,1527.0,1499.0,4380.0,4109.0,1323.0,1367.0,5119.0,5224.0,4084.0,4310.0,816.0,829.0,6607.0,7234.0,8095.0,7710.0,5597.0,5192.0,3341.0,4495.0,3592.0,3564.0,462.0,440.0,350.0,298.0
NDARHJ126UW2,2.485,2.716,2.76,2.54,2.677,2.558,1.951,1.935,3.402,3.254,2.639,2.9,2.847,2.844,2.453,2.572,2.884,3.045,3.051,3.155,2.416,2.357,2.085,2.133,3.004,2.745,2.145,2.106,2.633,2.65,3.083,2.888,2.427,2.406,2.524,2.523,2.691,2.807,2.727,2.772,2.58,2.502,1.965,1.78,2.021,1.962,2.438,2.5,2.632,2.735,2.491,2.456,2.878,2.737,2.548,2.577,2.861,2.8,2.277,2.248,2.9,2.883,2.66,2.675,4.141,4.139,2.546,2.555,1095.0,893.0,581.0,734.0,1953.0,2024.0,1626.0,1829.0,341.0,293.0,326.0,229.0,2493.0,2692.0,5538.0,6200.0,3077.0,3257.0,2195.0,2338.0,1266.0,938.0,4494.0,4564.0,2958.0,2948.0,3137.0,2841.0,1759.0,1933.0,3777.0,3362.0,1125.0,1323.0,619.0,621.0,1315.0,1408.0,769.0,908.0,1701.0,1328.0,1811.0,1557.0,3806.0,3711.0,1300.0,1395.0,4299.0,4594.0,3585.0,4025.0,640.0,760.0,6670.0,6455.0,7145.0,7063.0,4972.0,5452.0,3689.0,3811.0,4490.0,3443.0,427.0,469.0,430.0,334.0
NDARHJ523XGB,2.795,2.736,2.909,2.611,2.836,2.717,1.883,2.032,2.96,3.288,2.68,2.688,2.805,2.832,2.582,2.717,2.963,2.936,2.842,2.887,2.257,2.361,2.294,2.347,2.762,2.711,2.255,2.256,2.591,2.648,3.099,3.063,2.766,2.62,2.627,2.833,2.849,2.773,2.971,3.029,2.656,2.542,1.871,1.877,2.154,2.369,2.509,2.491,2.64,2.689,2.477,2.508,2.958,2.901,2.561,2.515,2.934,2.919,2.394,2.358,3.019,2.988,2.785,2.853,3.445,3.838,2.654,3.152,1280.0,1139.0,868.0,955.0,3531.0,3802.0,1673.0,1714.0,479.0,466.0,268.0,237.0,3262.0,2955.0,5924.0,5735.0,3264.0,3795.0,2555.0,2378.0,1331.0,839.0,4800.0,4796.0,2725.0,2793.0,2530.0,3031.0,2036.0,2154.0,3901.0,3527.0,1393.0,2033.0,613.0,752.0,1341.0,1425.0,787.0,1030.0,1502.0,1158.0,1812.0,1596.0,4156.0,4700.0,1171.0,1396.0,4874.0,5440.0,4586.0,4366.0,625.0,1073.0,6670.0,5529.0,8337.0,8023.0,5573.0,6709.0,4437.0,4219.0,4939.0,4523.0,544.0,662.0,409.0,313.0
NDARHL164JHH,2.671,2.375,2.748,2.571,2.896,2.974,2.413,2.228,3.686,3.244,2.596,3.166,2.867,2.971,2.64,2.755,2.775,2.916,3.214,3.229,2.35,2.325,2.445,2.438,2.781,2.618,2.441,2.462,2.838,2.722,2.693,3.004,2.953,2.815,2.989,3.276,2.936,2.876,3.113,2.978,2.652,2.835,2.317,2.305,2.456,2.359,2.681,2.785,2.79,2.915,2.799,2.824,2.927,2.922,2.518,2.629,3.071,3.112,2.692,2.648,2.966,3.074,2.833,2.629,3.436,3.619,2.91,3.144,1345.0,766.0,707.0,592.0,2892.0,2326.0,1572.0,1766.0,533.0,545.0,508.0,277.0,3276.0,3616.0,4851.0,6067.0,3759.0,2995.0,2738.0,2232.0,1229.0,1020.0,5026.0,5333.0,3415.0,3569.0,3724.0,3016.0,2420.0,2326.0,3625.0,3824.0,1598.0,2055.0,1050.0,599.0,1713.0,1142.0,930.0,1244.0,1575.0,1042.0,1436.0,1312.0,4955.0,4592.0,1401.0,1345.0,5598.0,5972.0,4723.0,4831.0,611.0,702.0,6826.0,7035.0,8505.0,9118.0,6061.0,7335.0,4181.0,4918.0,5825.0,5082.0,630.0,836.0,562.0,453.0
NDARHL238VL2,2.801,2.658,2.761,2.587,2.774,3.002,2.021,2.017,3.476,3.538,3.017,3.57,3.072,3.021,2.724,2.805,3.075,3.037,3.257,3.349,2.563,2.448,2.31,2.352,2.973,2.891,2.299,2.285,2.924,2.872,3.186,3.151,2.606,2.618,2.739,2.782,2.898,2.835,2.948,3.04,2.615,2.728,1.895,1.967,2.312,2.282,2.685,2.693,2.734,2.806,2.628,2.629,3.106,3.172,2.713,2.654,2.97,3.032,2.542,2.454,3.223,3.066,2.798,2.954,3.682,4.294,2.841,2.987,1283.0,1094.0,844.0,881.0,2676.0,2147.0,1879.0,2054.0,471.0,342.0,368.0,303.0,3499.0,3659.0,4511.0,5789.0,3318.0,3034.0,3041.0,2539.0,1165.0,1055.0,5748.0,5877.0,3427.0,3119.0,3628.0,3353.0,1942.0,2199.0,4462.0,3565.0,1427.0,1859.0,748.0,789.0,1617.0,2311.0,981.0,1113.0,2275.0,2062.0,2023.0,1721.0,4661.0,4118.0,1749.0,1566.0,5471.0,5298.0,4804.0,4776.0,735.0,967.0,8072.0,7723.0,9117.0,9250.0,6112.0,6534.0,4195.0,4863.0,4981.0,3704.0,533.0,441.0,520.0,415.0
NDARHM273AXL,2.862,2.938,2.894,2.454,2.895,2.867,2.282,2.395,2.966,3.713,2.709,2.806,3.028,2.828,2.783,2.766,3.111,2.94,3.241,3.026,2.369,2.363,2.425,2.554,2.993,2.786,2.514,2.404,2.68,2.785,3.161,3.36,2.555,2.481,2.617,2.736,2.844,2.883,3.038,2.909,2.754,2.914,2.029,1.839,2.221,2.289,2.634,2.772,2.662,2.753,2.678,2.68,3.092,3.27,2.508,2.573,3.027,2.997,2.508,2.554,3.027,3.102,2.924,2.812,3.449,3.954,2.818,2.841,1198.0,1178.0,697.0,864.0,2216.0,2087.0,1474.0,1852.0,524.0,344.0,376.0,295.0,3509.0,3382.0,5148.0,7409.0,3587.0,3813.0,2726.0,2535.0,1338.0,1245.0,6255.0,5532.0,3180.0,3087.0,3350.0,2985.0,1743.0,2165.0,4072.0,3557.0,1617.0,1764.0,563.0,532.0,2015.0,2427.0,867.0,935.0,2563.0,1765.0,1500.0,1459.0,4426.0,4344.0,1610.0,1712.0,5206.0,5985.0,4883.0,4580.0,729.0,752.0,8532.0,7135.0,9065.0,8102.0,5880.0,6827.0,4487.0,4337.0,5272.0,4335.0,492.0,455.0,431.0,379.0
NDARHM475DC5,2.936,2.844,2.324,2.394,2.812,2.863,2.221,2.331,3.148,3.119,2.362,1.985,2.876,2.853,2.6,2.759,2.754,2.737,3.324,3.04,2.393,2.354,2.107,2.273,2.587,2.526,2.345,2.252,2.271,2.486,3.185,2.871,2.374,2.754,2.785,2.713,2.971,2.853,2.384,2.806,2.561,2.521,1.801,2.075,2.1,2.132,2.491,2.425,2.709,2.589,2.616,2.492,2.809,3.454,2.455,2.49,2.98,2.931,2.048,2.101,3.193,2.841,2.646,2.862,2.962,3.172,3.097,2.716,1200.0,846.0,702.0,783.0,2107.0,1912.0,1420.0,1584.0,412.0,361.0,473.0,400.0,2910.0,3036.0,4744.0,5394.0,3258.0,3430.0,2655.0,2472.0,982.0,881.0,4619.0,5130.0,2447.0,2438.0,2956.0,2745.0,2039.0,1793.0,3102.0,2995.0,1413.0,1525.0,653.0,655.0,1552.0,1388.0,721.0,822.0,1479.0,1518.0,1364.0,1199.0,4646.0,4386.0,1200.0,1187.0,4354.0,4665.0,3770.0,4000.0,517.0,570.0,5752.0,5646.0,7882.0,7447.0,5706.0,5675.0,3953.0,3968.0,4728.0,4119.0,636.0,611.0,588.0,477.0
NDARHM611GDR,2.635,2.924,2.697,2.893,2.724,2.892,2.195,2.182,2.491,2.999,2.648,2.38,2.87,2.882,2.734,2.827,2.714,2.706,3.331,3.284,2.349,2.49,2.231,2.279,2.723,2.505,2.311,2.349,2.425,2.444,3.179,2.821,2.719,2.741,3.111,2.982,2.916,2.757,2.552,2.673,2.794,2.348,2.056,2.045,2.065,2.146,2.879,2.753,2.777,2.709,2.676,2.641,3.19,2.932,2.527,2.457,2.806,2.863,2.47,2.464,2.873,2.961,2.627,2.747,2.711,3.202,2.887,3.027,1145.0,1349.0,571.0,489.0,2009.0,2040.0,1381.0,1487.0,678.0,505.0,519.0,429.0,3086.0,2862.0,5504.0,5372.0,3806.0,3529.0,2345.0,2195.0,1085.0,751.0,5151.0,5224.0,2612.0,2617.0,2928.0,2813.0,1935.0,2009.0,3797.0,4072.0,1668.0,1717.0,439.0,529.0,1267.0,1868.0,742.0,783.0,1549.0,1718.0,1480.0,1246.0,4295.0,4248.0,1053.0,1266.0,5091.0,4539.0,4050.0,4342.0,307.0,555.0,6244.0,6401.0,10114.0,8868.0,6018.0,6080.0,3652.0,3888.0,4059.0,4519.0,797.0,873.0,569.0,453.0
NDARHM615PJH,2.377,2.479,2.301,2.275,2.53,2.404,1.99,2.058,2.83,3.33,2.49,2.676,2.718,2.61,2.503,2.464,2.83,2.706,3.026,2.967,2.263,2.191,2.243,2.199,2.619,2.587,2.092,2.2,2.412,2.503,2.895,2.885,2.5,2.319,2.523,2.459,2.568,2.512,2.773,2.675,2.483,2.575,1.921,1.864,2.053,2.176,2.25,2.276,2.581,2.532,2.381,2.375,2.578,2.858,2.361,2.271,2.806,2.738,2.163,2.251,2.821,2.63,2.618,2.605,3.394,3.999,2.409,2.439,1085.0,1122.0,620.0,720.0,2585.0,2201.0,1735.0,1797.0,377.0,314.0,463.0,311.0,3658.0,3264.0,4579.0,6180.0,3400.0,3949.0,2436.0,2670.0,1341.0,1052.0,5454.0,6545.0,2890.0,2910.0,3199.0,3147.0,2060.0,1808.0,4026.0,3479.0,1532.0,1479.0,607.0,619.0,1296.0,1672.0,789.0,996.0,1454.0,1458.0,1704.0,1618.0,4252.0,4426.0,1255.0,1377.0,5221.0,4988.0,4621.0,4889.0,669.0,680.0,8027.0,6817.0,7686.0,7166.0,6701.0,6438.0,3989.0,4283.0,5672.0,4083.0,496.0,466.0,589.0,365.0
NDARHN386FXX,2.828,2.696,2.457,2.239,2.999,2.874,2.263,2.204,3.272,3.433,3.465,3.514,2.71,3.108,3.046,2.857,2.807,3.139,3.169,3.304,2.427,2.375,2.522,2.462,3.164,3.217,2.436,2.7,3.275,3.428,3.228,3.1,2.956,2.756,3.009,3.023,3.173,3.156,3.16,3.389,3.172,3.128,2.206,2.142,2.73,2.671,2.355,2.213,2.9,2.855,2.764,2.69,2.98,3.243,3.027,3.059,3.148,3.361,2.54,2.724,3.058,3.096,3.115,2.886,4.072,3.492,2.91,2.997,1173.0,1253.0,642.0,740.0,2501.0,2494.0,1414.0,1746.0,350.0,280.0,383.0,259.0,2590.0,3482.0,5237.0,6787.0,3357.0,3541.0,2935.0,2523.0,1018.0,1008.0,6164.0,4493.0,2543.0,2589.0,2762.0,2915.0,1284.0,1475.0,4558.0,3699.0,1335.0,1467.0,567.0,560.0,1566.0,2378.0,609.0,738.0,1753.0,1471.0,1379.0,1241.0,4377.0,4407.0,1516.0,1213.0,5494.0,4787.0,3737.0,3731.0,542.0,678.0,6484.0,6093.0,7714.0,6241.0,6176.0,5800.0,4178.0,3996.0,4072.0,4560.0,408.0,395.0,445.0,348.0
NDARHP176DPE,2.484,2.48,2.757,2.617,2.483,2.421,1.867,1.929,3.207,3.012,2.498,2.672,2.536,2.525,2.288,2.291,2.733,2.729,2.954,2.927,2.251,2.297,1.939,2.059,2.587,2.542,2.057,2.101,2.602,2.5,2.788,2.76,2.221,2.258,2.653,2.464,2.472,2.572,2.589,2.538,2.368,2.376,1.669,1.627,2.041,2.004,2.394,2.386,2.38,2.375,2.225,2.282,2.97,2.846,2.298,2.3,2.581,2.557,1.986,2.07,2.73,2.62,2.38,2.464,3.28,3.498,2.2,2.5,1257.0,926.0,763.0,905.0,3210.0,2726.0,1779.0,1800.0,552.0,444.0,369.0,309.0,3235.0,3875.0,6301.0,7102.0,4167.0,4297.0,3220.0,3124.0,1297.0,974.0,6075.0,5981.0,3729.0,3627.0,3605.0,3261.0,2417.0,2562.0,4324.0,4256.0,1784.0,2029.0,745.0,829.0,1604.0,2068.0,1082.0,962.0,1688.0,1923.0,1701.0,1360.0,4832.0,5318.0,1900.0,1817.0,6122.0,6506.0,4714.0,4462.0,560.0,962.0,8141.0,6430.0,9088.0,9188.0,5650.0,6111.0,4487.0,4855.0,5285.0,4247.0,539.0,464.0,533.0,401.0
NDARHP558MGA,2.889,2.881,2.625,2.366,2.857,2.82,2.099,2.196,3.418,3.797,2.629,3.252,2.925,2.955,2.766,2.821,2.965,3.045,3.104,3.146,2.395,2.485,2.422,2.288,3.092,2.938,2.332,2.162,3.07,2.576,3.21,3.134,2.721,2.737,2.681,2.854,2.866,2.916,3.097,2.952,2.844,2.854,1.759,1.682,2.291,2.305,2.539,2.494,2.714,2.679,2.698,2.63,2.755,3.039,2.579,2.708,2.992,2.855,2.479,2.619,3.085,2.972,2.91,2.803,3.689,4.044,2.738,2.708,893.0,1192.0,738.0,954.0,2542.0,2352.0,1755.0,1996.0,367.0,358.0,404.0,252.0,3733.0,4381.0,4944.0,7843.0,3724.0,4088.0,2619.0,2489.0,1374.0,1279.0,5936.0,5799.0,3015.0,2971.0,2734.0,2381.0,1996.0,2112.0,4388.0,3848.0,1341.0,1727.0,654.0,601.0,1844.0,2397.0,786.0,843.0,1817.0,1793.0,1447.0,1105.0,4255.0,4022.0,1306.0,1252.0,4983.0,5028.0,5216.0,4738.0,777.0,821.0,7356.0,6412.0,8835.0,8473.0,5866.0,5504.0,4400.0,5016.0,4497.0,3747.0,594.0,413.0,619.0,430.0
NDARHP656DLC,2.893,2.816,3.02,2.634,2.656,2.758,1.986,1.994,3.826,3.612,2.107,2.636,2.95,3.024,2.631,2.909,3.094,3.036,3.3,3.184,2.337,2.565,2.304,2.32,3.066,2.99,2.231,2.218,2.867,2.805,3.172,3.152,2.662,2.716,2.728,2.821,3.126,2.981,2.821,3.0,2.8,2.683,1.855,1.814,2.191,2.155,2.671,2.663,2.708,2.615,2.739,2.648,3.002,3.03,2.563,2.573,2.997,2.886,2.446,2.369,3.338,3.175,2.76,2.812,4.226,3.994,2.91,2.903,1220.0,1173.0,778.0,899.0,2591.0,2676.0,1742.0,1784.0,317.0,327.0,254.0,299.0,3433.0,3548.0,5097.0,6395.0,3246.0,3963.0,2318.0,2333.0,1168.0,1022.0,4968.0,5517.0,2913.0,2692.0,3774.0,3420.0,1902.0,1992.0,3782.0,3927.0,1469.0,1668.0,710.0,761.0,1451.0,1798.0,735.0,974.0,1834.0,1689.0,2002.0,1821.0,4453.0,4116.0,1441.0,1408.0,5130.0,5294.0,4020.0,4204.0,589.0,891.0,7379.0,7727.0,7557.0,7889.0,5980.0,6510.0,4218.0,4307.0,4602.0,3604.0,543.0,413.0,403.0,378.0
NDARHP841RMR,2.615,2.668,2.519,2.631,3.008,3.021,2.12,2.049,3.155,3.499,2.546,2.798,2.971,2.985,2.63,2.518,2.807,2.859,3.348,3.227,2.413,2.503,2.404,2.31,2.884,2.863,2.284,2.419,2.702,2.838,2.773,2.935,2.964,2.675,2.87,3.252,2.887,2.934,2.935,2.883,2.715,2.812,2.076,2.15,2.469,2.415,2.632,2.735,3.057,3.111,2.561,2.472,3.045,2.921,2.597,2.61,3.133,3.088,2.242,2.291,2.813,3.098,2.686,2.585,3.214,3.433,2.686,2.849,1062.0,1130.0,556.0,622.0,2058.0,1914.0,1516.0,1886.0,814.0,636.0,333.0,257.0,2845.0,3264.0,4543.0,6032.0,3656.0,3442.0,2029.0,2113.0,987.0,943.0,5072.0,4833.0,2763.0,2699.0,3352.0,3080.0,1846.0,1749.0,3387.0,2898.0,1333.0,1664.0,514.0,684.0,1354.0,1945.0,801.0,928.0,1538.0,1489.0,2071.0,1981.0,3980.0,3905.0,1133.0,1395.0,4525.0,4216.0,3854.0,3834.0,416.0,670.0,5666.0,4806.0,7160.0,6674.0,4721.0,5065.0,3464.0,3999.0,3951.0,3655.0,513.0,582.0,407.0,309.0
NDARHR140GMB,3.016,3.064,3.282,2.945,3.168,3.012,2.4,2.3,3.717,3.184,2.653,2.965,2.95,2.993,3.071,3.15,3.004,3.003,3.441,3.459,2.571,2.816,2.194,2.355,3.326,3.149,2.685,2.543,3.038,2.938,3.192,2.893,3.366,3.317,3.452,3.941,3.336,3.203,3.055,3.053,3.158,3.323,2.304,2.384,2.598,2.614,2.819,3.032,3.096,3.046,3.048,3.084,3.757,3.643,3.0,2.892,3.522,3.174,2.724,2.669,3.259,3.25,3.205,3.285,2.908,3.258,3.213,3.255,673.0,644.0,423.0,421.0,2139.0,2152.0,1418.0,1383.0,434.0,466.0,496.0,326.0,2619.0,2509.0,3278.0,4452.0,2590.0,2688.0,2170.0,1985.0,850.0,750.0,4457.0,5035.0,2142.0,2406.0,2614.0,2577.0,1517.0,1929.0,2686.0,2232.0,1200.0,1296.0,514.0,491.0,1218.0,1541.0,599.0,770.0,1264.0,1263.0,1447.0,1205.0,3901.0,3856.0,931.0,973.0,4704.0,4493.0,3532.0,4026.0,344.0,458.0,4316.0,4027.0,6758.0,6781.0,5544.0,5318.0,3220.0,3633.0,4140.0,3107.0,628.0,645.0,417.0,351.0
NDARHR372GJ7,2.711,3.146,2.669,2.412,2.991,2.961,2.048,2.024,2.694,3.445,2.544,3.173,2.991,2.818,2.521,2.725,2.954,2.85,3.501,3.492,2.505,2.558,2.022,2.253,3.026,2.89,2.373,2.526,2.719,2.768,3.175,3.089,2.644,2.909,2.997,2.959,3.118,3.186,2.797,2.858,2.796,3.034,2.045,1.98,2.359,2.305,2.694,2.842,2.811,2.849,2.67,2.674,2.914,3.308,2.807,2.669,3.059,3.117,2.319,2.319,2.963,2.911,2.765,2.761,3.124,3.846,2.591,2.955,1385.0,971.0,518.0,733.0,2142.0,2095.0,1300.0,1442.0,569.0,446.0,359.0,339.0,3100.0,2887.0,4716.0,6106.0,3200.0,3364.0,2747.0,2504.0,1168.0,1147.0,4599.0,5143.0,3444.0,3111.0,3230.0,3307.0,2120.0,1976.0,3720.0,2951.0,1611.0,1609.0,649.0,737.0,1521.0,1596.0,1151.0,1099.0,1785.0,1771.0,1634.0,1406.0,4126.0,3949.0,1440.0,1576.0,6601.0,5214.0,3504.0,3942.0,551.0,594.0,4973.0,5031.0,8035.0,7544.0,5540.0,5157.0,3756.0,4427.0,4760.0,3413.0,501.0,425.0,496.0,375.0
NDARHR763RB4,2.861,2.866,3.354,2.656,3.211,3.196,2.355,2.341,3.412,3.486,2.963,2.848,3.218,3.268,3.069,3.087,3.111,3.211,3.429,3.498,2.903,2.826,2.544,2.581,3.224,3.188,2.52,2.476,3.116,3.151,3.302,3.094,3.147,3.104,3.316,3.339,3.31,3.161,3.545,3.401,3.01,3.036,2.316,2.11,2.564,2.591,2.972,2.806,3.089,3.189,3.041,2.944,3.17,3.314,2.962,3.005,3.41,3.333,2.853,2.836,3.284,3.214,3.191,3.201,4.14,4.102,2.978,3.115,1039.0,804.0,729.0,878.0,2611.0,2494.0,1673.0,1759.0,555.0,458.0,334.0,267.0,3182.0,3259.0,4326.0,4749.0,3251.0,3019.0,2679.0,2703.0,1095.0,938.0,4605.0,4439.0,2781.0,2695.0,3189.0,2918.0,1617.0,1754.0,3258.0,3120.0,1432.0,1511.0,714.0,741.0,1513.0,1952.0,839.0,902.0,1946.0,1642.0,1727.0,1658.0,4437.0,4334.0,1479.0,1252.0,5269.0,4954.0,3904.0,3866.0,629.0,841.0,6723.0,6904.0,7953.0,7429.0,5545.0,5528.0,4421.0,4499.0,3858.0,3969.0,469.0,450.0,531.0,365.0
NDARHR944BBY,3.106,3.087,2.65,2.381,2.7,2.777,2.109,2.044,3.57,4.284,2.776,3.108,2.938,2.859,2.688,2.71,2.985,2.837,3.08,3.021,2.624,2.586,2.244,2.237,2.971,2.73,2.227,2.239,2.591,2.617,3.114,3.154,2.629,2.788,2.818,3.029,2.812,2.92,3.109,3.182,2.76,2.725,1.703,1.856,2.365,2.39,2.518,2.476,2.639,2.703,2.772,2.681,2.856,3.112,2.653,2.642,2.983,2.959,2.502,2.485,3.096,3.016,2.823,2.845,3.777,3.951,2.505,2.723,1023.0,908.0,664.0,699.0,1995.0,1862.0,1186.0,1308.0,398.0,302.0,315.0,238.0,2773.0,2906.0,4956.0,4708.0,3118.0,3596.0,1950.0,1969.0,933.0,874.0,4337.0,4510.0,2295.0,2186.0,2547.0,2629.0,1416.0,1614.0,3452.0,3257.0,1153.0,1295.0,607.0,604.0,1456.0,1566.0,625.0,740.0,1457.0,1099.0,1115.0,1027.0,3741.0,3415.0,1318.0,1067.0,4437.0,4719.0,3187.0,3299.0,574.0,804.0,5030.0,5398.0,6086.0,6371.0,4878.0,5298.0,3294.0,3038.0,2912.0,3203.0,459.0,441.0,346.0,286.0
NDARHT167JGL,2.937,2.949,2.788,2.898,3.181,3.147,2.435,2.466,3.56,3.63,3.621,3.567,3.273,3.201,2.988,2.996,3.044,3.254,3.436,3.505,2.517,2.893,2.636,2.727,3.255,3.242,2.658,2.598,3.119,3.059,3.406,3.353,2.891,2.622,2.834,2.981,3.187,3.132,3.347,3.124,3.152,3.023,2.189,2.378,2.395,2.496,2.538,2.797,2.977,3.007,2.817,2.773,3.47,3.26,2.987,3.028,3.293,3.22,2.63,2.706,3.391,3.446,2.815,2.879,4.421,4.109,3.064,3.049,1347.0,1123.0,906.0,956.0,2297.0,2525.0,1585.0,1709.0,393.0,283.0,346.0,267.0,3036.0,3770.0,5699.0,8307.0,3408.0,3796.0,2380.0,2554.0,1386.0,928.0,6218.0,6438.0,3124.0,2951.0,3666.0,3342.0,1761.0,2254.0,4362.0,3639.0,1549.0,1604.0,706.0,630.0,1618.0,2522.0,854.0,1108.0,1896.0,2062.0,1565.0,1524.0,4581.0,4861.0,1298.0,1644.0,6001.0,5746.0,4167.0,4607.0,724.0,1120.0,7525.0,7897.0,7222.0,7712.0,5892.0,6283.0,4636.0,4963.0,5532.0,3442.0,401.0,414.0,476.0,376.0
NDARHT829KKB,2.845,3.02,2.551,2.449,3.033,2.854,2.159,1.934,3.155,3.283,2.454,2.588,2.916,2.902,2.77,2.908,2.825,2.989,3.266,3.274,2.463,2.342,2.128,2.319,2.859,2.849,2.355,2.275,2.556,2.659,3.21,3.115,2.656,2.623,2.778,3.183,2.905,3.134,3.007,3.048,2.805,3.155,1.679,2.103,2.447,2.523,2.728,3.028,2.932,2.919,2.676,2.482,2.684,2.577,2.717,2.653,2.966,2.956,2.52,2.602,3.121,3.163,2.848,3.112,2.841,3.022,2.555,2.762,1007.0,880.0,604.0,824.0,2860.0,2482.0,1639.0,1533.0,552.0,487.0,516.0,251.0,3759.0,3794.0,5498.0,6096.0,3878.0,3486.0,2904.0,2519.0,1274.0,1104.0,5823.0,6474.0,3341.0,3128.0,3480.0,3250.0,2255.0,2216.0,3643.0,3684.0,1459.0,1717.0,595.0,739.0,2484.0,2288.0,799.0,1058.0,2234.0,1638.0,1377.0,1398.0,4843.0,5008.0,1780.0,1415.0,5338.0,6124.0,4065.0,4403.0,704.0,662.0,6543.0,7165.0,9216.0,8471.0,5700.0,5618.0,4488.0,4899.0,5241.0,4171.0,541.0,697.0,598.0,574.0
NDARHU529JHV,2.911,3.272,2.417,2.262,3.05,2.994,2.585,2.551,3.417,3.586,2.861,3.107,3.246,3.212,2.952,2.788,3.004,2.966,3.33,3.481,2.111,2.143,2.606,2.663,3.098,2.825,2.657,2.763,2.858,2.816,3.231,3.125,3.153,3.069,3.193,3.506,3.111,3.36,3.106,3.069,2.946,3.105,2.314,2.25,2.485,2.453,2.713,2.614,3.033,3.125,3.045,2.968,2.595,2.776,2.683,2.914,3.209,3.096,2.685,2.624,3.404,3.07,2.812,2.867,3.316,3.599,3.085,3.372,686.0,932.0,728.0,741.0,1955.0,2406.0,1543.0,1722.0,721.0,500.0,463.0,478.0,3206.0,2698.0,3566.0,5327.0,2952.0,2920.0,2952.0,2629.0,1103.0,1093.0,4987.0,5226.0,2542.0,2707.0,3454.0,3162.0,1994.0,2190.0,3597.0,2935.0,1482.0,1500.0,757.0,650.0,1921.0,1618.0,900.0,957.0,2152.0,1975.0,1850.0,1649.0,3814.0,3601.0,1555.0,1577.0,4829.0,4813.0,4001.0,4111.0,452.0,859.0,5838.0,6200.0,8504.0,8580.0,5535.0,5960.0,4117.0,5034.0,6260.0,4974.0,774.0,650.0,787.0,464.0
NDARHV527DNK,2.98,2.877,2.927,2.806,2.915,3.094,2.384,2.336,3.113,2.8,2.851,2.922,3.095,3.119,2.694,2.664,2.863,2.95,3.205,3.212,2.48,2.419,2.386,2.503,2.959,2.884,2.605,2.618,2.91,2.968,3.112,3.067,3.135,3.115,2.9,2.908,3.059,2.873,2.815,3.052,3.021,2.732,2.38,2.623,2.239,2.486,2.772,3.058,3.052,2.859,2.916,2.906,3.188,3.046,2.88,2.853,3.233,3.169,2.454,2.395,3.178,3.039,2.508,2.694,2.913,2.893,2.794,2.499,1117.0,958.0,713.0,575.0,2159.0,2112.0,1629.0,1774.0,487.0,558.0,469.0,321.0,2493.0,2850.0,5248.0,5876.0,3612.0,3905.0,3092.0,2890.0,1326.0,1215.0,5589.0,5538.0,2797.0,2686.0,3397.0,3027.0,1743.0,2194.0,3719.0,3156.0,1440.0,1633.0,558.0,627.0,1434.0,1528.0,682.0,902.0,1601.0,1362.0,1755.0,1572.0,4040.0,4774.0,1423.0,1169.0,5028.0,4884.0,4511.0,5209.0,432.0,835.0,6095.0,5652.0,9084.0,8643.0,5190.0,5443.0,3830.0,4374.0,3555.0,4180.0,630.0,712.0,511.0,456.0
NDARHW158PPR,2.541,3.068,2.737,2.307,3.172,3.211,2.251,2.119,3.315,3.655,2.742,2.737,2.988,3.05,2.861,2.958,2.934,3.058,3.347,3.456,2.182,2.221,2.413,2.506,3.138,2.996,2.224,2.293,3.04,2.751,3.103,3.062,3.005,2.866,3.196,3.117,3.13,3.11,3.448,3.079,2.711,2.809,1.967,2.171,2.397,2.429,2.783,2.954,3.031,2.986,2.861,2.82,3.348,3.278,2.716,2.836,3.363,3.35,2.643,2.63,3.393,3.217,2.871,3.064,3.777,3.741,3.076,2.763,673.0,764.0,481.0,426.0,1803.0,1545.0,1387.0,1586.0,351.0,358.0,516.0,470.0,2348.0,2403.0,3582.0,4000.0,2658.0,2656.0,2161.0,1997.0,834.0,700.0,3964.0,4176.0,2134.0,2151.0,2873.0,2828.0,1625.0,1963.0,2971.0,2370.0,1491.0,1658.0,509.0,558.0,1252.0,1410.0,595.0,737.0,1244.0,1226.0,1518.0,1294.0,3609.0,3518.0,931.0,1056.0,3939.0,4033.0,3520.0,3532.0,323.0,360.0,4479.0,4663.0,7221.0,7404.0,4779.0,5039.0,2945.0,2970.0,2907.0,2820.0,603.0,549.0,439.0,406.0
NDARHW270BD0,2.777,2.988,2.602,2.737,2.853,2.94,2.161,2.194,3.569,3.407,2.424,2.364,2.943,2.971,2.797,2.83,2.836,2.811,3.426,3.243,2.316,2.354,2.404,2.363,2.851,2.911,2.382,2.381,2.567,2.537,3.146,3.013,2.783,2.91,2.845,3.232,2.963,2.844,3.02,2.605,2.702,2.902,1.989,2.079,2.02,2.334,2.906,2.689,2.76,2.616,2.667,2.688,3.201,2.896,2.461,2.591,2.978,3.028,2.473,2.458,3.155,3.109,2.708,2.964,3.321,3.087,2.645,2.876,784.0,928.0,462.0,658.0,1977.0,2117.0,1246.0,1158.0,408.0,458.0,449.0,388.0,2400.0,2526.0,4413.0,5629.0,3198.0,3596.0,2419.0,2478.0,1053.0,752.0,4952.0,4420.0,2423.0,2043.0,2902.0,3116.0,1678.0,1767.0,3800.0,3159.0,1410.0,1596.0,542.0,530.0,1343.0,1860.0,696.0,920.0,1668.0,1270.0,1393.0,1275.0,4072.0,4111.0,1193.0,1217.0,4321.0,4593.0,4135.0,4115.0,395.0,833.0,5434.0,5724.0,7595.0,6695.0,6244.0,6012.0,3999.0,3890.0,3990.0,3611.0,637.0,477.0,428.0,406.0
NDARHW968ABB,3.096,2.26,3.076,2.874,3.297,3.046,2.113,2.069,3.423,3.615,3.001,3.639,3.08,3.054,2.962,2.676,2.848,2.944,3.309,3.269,2.283,2.342,2.424,2.554,3.202,3.182,2.332,2.366,2.945,2.976,2.922,3.111,2.56,2.644,3.443,3.171,3.049,3.178,3.163,3.375,2.935,2.692,1.883,1.973,2.311,2.282,2.777,2.755,2.866,2.896,2.691,2.701,3.433,3.315,3.03,2.965,3.506,3.465,2.605,2.557,2.998,3.287,2.906,2.755,3.747,3.817,2.716,2.813,1187.0,1087.0,725.0,868.0,2268.0,2696.0,1555.0,1409.0,365.0,345.0,348.0,309.0,2617.0,3056.0,5796.0,6520.0,3375.0,3448.0,2304.0,2022.0,1183.0,1032.0,4763.0,4063.0,2426.0,2254.0,3088.0,2605.0,1624.0,1815.0,3642.0,3186.0,1453.0,1447.0,537.0,619.0,1654.0,1529.0,667.0,802.0,1542.0,1442.0,1597.0,1311.0,4283.0,4343.0,1418.0,1324.0,4899.0,5102.0,4205.0,4554.0,620.0,979.0,6348.0,6376.0,6838.0,6525.0,6499.0,6161.0,3592.0,3758.0,4808.0,3970.0,435.0,472.0,434.0,323.0
NDARHX739YBW,2.808,2.95,2.539,2.842,3.04,2.95,2.077,2.081,4.132,3.497,3.285,3.433,2.963,2.905,2.743,2.806,3.131,3.19,3.348,3.232,2.398,2.449,2.341,2.353,2.955,2.708,2.223,2.277,3.245,2.981,3.194,3.224,2.632,2.608,2.613,2.609,3.006,2.993,3.093,3.205,2.645,2.776,1.929,1.839,2.304,2.349,2.617,2.663,2.783,2.826,2.718,2.663,2.97,2.841,2.885,2.865,3.199,3.275,2.405,2.389,3.124,3.219,2.776,2.705,3.524,3.773,2.757,2.546,1398.0,1450.0,801.0,1007.0,2802.0,2056.0,1599.0,1820.0,293.0,300.0,383.0,346.0,3141.0,3123.0,6269.0,6914.0,3645.0,3656.0,2316.0,2033.0,1154.0,1183.0,5586.0,5116.0,2715.0,2527.0,3743.0,3249.0,1990.0,2002.0,4471.0,3831.0,1619.0,1604.0,716.0,632.0,1390.0,1278.0,839.0,1068.0,1515.0,1171.0,1893.0,1533.0,5039.0,4573.0,1430.0,1343.0,4990.0,5493.0,4586.0,4963.0,804.0,1121.0,6947.0,6990.0,7403.0,6703.0,7466.0,6973.0,4000.0,4436.0,5095.0,4697.0,481.0,541.0,440.0,318.0
NDARHX963YU1,2.885,3.323,2.833,2.391,3.144,3.016,2.412,2.446,3.632,3.835,3.264,3.258,3.183,3.111,2.978,3.011,3.179,3.205,3.253,3.455,2.469,2.701,2.552,2.543,3.201,2.902,2.494,2.528,2.75,2.821,3.381,3.292,2.993,2.9,3.384,3.558,3.218,3.071,3.371,3.167,3.028,3.155,2.095,2.244,2.448,2.495,2.765,2.721,2.973,2.99,2.81,2.928,2.948,3.249,2.61,2.817,3.306,3.164,2.697,2.734,3.366,3.206,2.955,3.084,4.16,4.336,2.84,2.992,1040.0,1040.0,690.0,615.0,2728.0,2052.0,1781.0,1922.0,455.0,414.0,314.0,254.0,3482.0,3145.0,4305.0,5460.0,3993.0,3240.0,2498.0,2229.0,1261.0,1066.0,5020.0,5779.0,2544.0,2880.0,3400.0,2867.0,1786.0,1842.0,3941.0,3454.0,1199.0,1400.0,584.0,725.0,1583.0,1748.0,740.0,1010.0,1759.0,1428.0,1897.0,1611.0,3932.0,3987.0,1366.0,1325.0,5116.0,4901.0,3980.0,4329.0,547.0,891.0,6187.0,5495.0,7287.0,7755.0,5042.0,5327.0,3867.0,4911.0,5290.0,3901.0,487.0,425.0,449.0,371.0
NDARHY099CUL,3.005,3.328,2.965,2.881,3.263,3.334,2.673,2.648,3.775,3.679,3.345,3.466,3.347,3.306,3.207,3.144,3.401,3.466,3.515,3.663,2.762,2.881,2.647,2.591,3.352,3.299,2.645,2.656,2.943,3.112,3.467,3.34,3.053,3.188,3.234,3.697,3.278,3.148,3.651,3.731,3.297,3.147,2.238,2.419,2.782,2.636,2.676,2.628,3.132,3.091,3.196,3.019,3.243,3.522,3.196,3.125,3.529,3.414,2.953,2.999,3.675,3.335,3.161,3.149,4.195,4.316,3.494,3.729,1196.0,970.0,729.0,798.0,2088.0,1832.0,1937.0,2078.0,438.0,409.0,302.0,267.0,2941.0,3148.0,4093.0,6144.0,3832.0,3252.0,2357.0,2183.0,1336.0,936.0,6176.0,5394.0,2575.0,2426.0,3683.0,3593.0,1498.0,1593.0,4014.0,3299.0,1299.0,1358.0,540.0,560.0,1118.0,1349.0,645.0,802.0,1452.0,1251.0,1979.0,1827.0,4576.0,3954.0,1121.0,1135.0,5083.0,4566.0,4464.0,4809.0,746.0,832.0,5821.0,5820.0,7830.0,7665.0,5902.0,5286.0,3733.0,4384.0,4916.0,4037.0,463.0,464.0,376.0,305.0
NDARHY676RYH,2.932,3.352,2.448,2.394,3.267,3.123,2.578,2.536,3.447,3.582,3.401,3.346,3.225,3.316,3.064,3.101,3.335,3.236,3.538,3.436,2.679,2.786,2.576,2.743,3.144,3.19,2.563,2.705,2.723,2.734,3.386,3.478,3.007,3.044,3.321,3.215,3.249,3.008,3.35,3.157,2.988,3.027,2.303,2.192,2.707,2.737,2.798,2.839,3.025,3.029,2.96,2.94,3.072,2.947,2.862,2.981,3.244,3.24,2.839,2.878,3.348,3.395,3.233,3.11,4.039,4.49,2.964,3.019,1375.0,1129.0,641.0,860.0,2687.0,2727.0,1571.0,1841.0,491.0,347.0,304.0,288.0,3863.0,4242.0,6040.0,6757.0,4403.0,4342.0,2572.0,2743.0,1306.0,1064.0,6469.0,6006.0,3152.0,2814.0,3590.0,3177.0,2131.0,2015.0,3957.0,3875.0,1504.0,1602.0,651.0,657.0,1485.0,1514.0,754.0,957.0,1987.0,1746.0,1928.0,1608.0,4746.0,4851.0,1401.0,1287.0,5419.0,4858.0,5027.0,5013.0,781.0,975.0,8131.0,7909.0,8991.0,8133.0,6096.0,6937.0,4378.0,4554.0,4174.0,4278.0,473.0,411.0,523.0,364.0
NDARHZ413DZL,2.688,2.782,2.985,2.579,3.115,3.018,2.206,2.222,3.743,3.667,2.743,3.137,3.028,3.099,2.871,2.764,2.977,3.205,3.275,3.222,2.622,2.622,2.606,2.534,2.967,2.954,2.21,2.348,2.776,2.77,3.12,3.158,2.948,2.886,2.979,3.249,2.994,2.921,3.184,3.049,2.74,2.832,2.17,2.21,2.436,2.402,2.705,2.653,3.047,3.173,2.751,2.623,3.18,3.292,2.598,2.645,3.106,3.072,2.506,2.546,3.106,3.187,2.786,2.623,4.464,4.207,2.667,2.696,1362.0,780.0,565.0,729.0,2611.0,2116.0,1506.0,1730.0,500.0,392.0,306.0,266.0,3917.0,3450.0,5563.0,6941.0,3231.0,3543.0,2655.0,2865.0,951.0,816.0,5453.0,5019.0,2940.0,2955.0,3249.0,2961.0,2080.0,1838.0,3760.0,3459.0,1655.0,1771.0,755.0,764.0,1254.0,1307.0,767.0,1083.0,1598.0,1217.0,1446.0,1208.0,4663.0,3919.0,1090.0,1481.0,4864.0,5057.0,4438.0,5335.0,758.0,716.0,8067.0,7410.0,9035.0,7883.0,6543.0,6370.0,4146.0,4073.0,5202.0,4241.0,471.0,406.0,415.0,351.0
NDARHZ439EBY,2.647,2.934,2.783,2.585,3.17,2.817,2.246,2.317,3.357,4.271,3.798,3.643,2.974,2.965,3.077,3.029,3.296,2.935,3.439,3.65,2.477,2.413,2.314,2.404,3.239,3.177,2.511,2.437,3.177,3.191,3.289,3.308,3.012,2.803,2.981,3.031,2.986,2.999,3.283,3.436,2.881,2.764,1.826,1.902,2.493,2.549,2.615,2.83,2.806,2.727,2.961,2.859,3.344,3.821,2.87,3.032,3.33,3.277,2.686,2.577,3.117,2.97,3.121,3.197,4.101,4.18,3.179,2.906,1103.0,785.0,495.0,708.0,2256.0,2035.0,1645.0,1514.0,265.0,298.0,307.0,236.0,2807.0,2851.0,4959.0,5516.0,2673.0,2990.0,1789.0,1719.0,1008.0,864.0,4726.0,4304.0,2219.0,1780.0,2845.0,2604.0,1244.0,1439.0,3259.0,3014.0,1339.0,1401.0,532.0,516.0,1605.0,1662.0,653.0,761.0,1632.0,1224.0,1452.0,1447.0,4319.0,4033.0,1130.0,1041.0,4481.0,4730.0,3261.0,3520.0,447.0,480.0,5434.0,5017.0,6587.0,6029.0,5425.0,5217.0,3501.0,3700.0,3550.0,3070.0,407.0,405.0,329.0,346.0
NDARHZ500ZNT,2.725,2.716,2.271,2.051,2.714,2.671,2.413,2.297,3.069,2.983,1.828,2.55,2.804,2.858,2.692,2.583,2.388,2.787,3.17,3.068,2.342,2.385,2.333,2.303,2.893,2.831,2.404,2.405,2.41,2.473,2.836,3.095,3.119,2.891,2.588,2.855,2.925,2.863,2.801,2.89,2.647,2.932,2.118,2.231,2.455,2.409,2.435,2.6,2.772,2.881,2.852,2.778,2.103,2.874,2.366,2.48,2.884,2.861,2.447,2.437,3.032,3.104,2.773,2.721,3.062,2.992,2.739,2.73,1313.0,772.0,713.0,595.0,2824.0,2304.0,1426.0,1517.0,463.0,393.0,569.0,408.0,2754.0,2840.0,4761.0,4686.0,3289.0,2662.0,2629.0,2347.0,1058.0,946.0,4896.0,5293.0,2342.0,2422.0,3430.0,3112.0,1873.0,1881.0,3643.0,3007.0,1395.0,1507.0,467.0,465.0,1403.0,1361.0,526.0,874.0,1687.0,1368.0,1362.0,1250.0,4037.0,4007.0,1029.0,1201.0,4691.0,5095.0,3865.0,3978.0,433.0,852.0,5238.0,5769.0,7397.0,7635.0,4712.0,4647.0,3558.0,3998.0,3586.0,3624.0,575.0,717.0,541.0,415.0
NDARHZ923PAH,2.847,2.58,2.56,2.686,2.652,2.396,2.045,2.166,2.757,3.232,1.413,1.829,2.977,3.147,2.736,2.572,2.856,2.874,3.106,3.139,2.242,2.457,2.244,2.519,2.403,2.168,2.344,2.18,2.225,2.179,2.869,2.891,2.333,2.535,3.106,3.159,2.563,2.817,1.996,2.144,2.549,2.87,1.928,1.967,1.96,1.811,2.668,2.421,2.387,2.493,2.602,2.665,3.324,2.84,1.946,2.405,2.558,2.608,2.193,2.355,2.735,2.919,2.693,2.45,3.236,3.511,2.878,2.914,849.0,827.0,604.0,653.0,1870.0,2389.0,1365.0,1411.0,399.0,373.0,421.0,339.0,2816.0,3227.0,3968.0,5069.0,2406.0,2819.0,2200.0,2016.0,1026.0,1036.0,4661.0,4443.0,2320.0,2323.0,3284.0,3338.0,1603.0,1841.0,2916.0,2404.0,1245.0,1521.0,679.0,712.0,1371.0,1312.0,613.0,760.0,1508.0,1311.0,1446.0,1349.0,3945.0,3568.0,999.0,1183.0,4092.0,4215.0,3875.0,3986.0,459.0,561.0,4724.0,5324.0,7193.0,6435.0,4946.0,5177.0,2904.0,3289.0,3832.0,3521.0,448.0,498.0,455.0,377.0
NDARJ257ZU2,2.733,3.223,2.626,2.383,3.091,3.059,2.505,2.259,3.543,3.613,2.778,2.635,3.172,3.194,3.055,3.059,3.057,3.121,3.431,3.31,2.556,2.657,2.664,2.654,3.1,2.938,2.407,2.427,2.799,2.75,3.128,3.287,3.261,3.141,2.953,3.193,3.029,3.093,3.15,2.901,2.819,2.804,2.176,2.021,2.787,2.692,2.849,2.974,3.136,3.1,2.772,2.973,2.729,3.216,2.816,2.891,3.237,3.228,2.765,2.772,3.147,3.204,2.962,3.086,3.317,3.525,3.052,2.889,926.0,995.0,549.0,611.0,2063.0,2462.0,1379.0,1517.0,575.0,468.0,472.0,374.0,3920.0,3787.0,5779.0,6819.0,3883.0,4061.0,2736.0,2271.0,841.0,698.0,4912.0,5234.0,3071.0,3330.0,2730.0,2706.0,2288.0,2459.0,3615.0,3280.0,1478.0,1547.0,602.0,629.0,1723.0,1889.0,1029.0,1060.0,1890.0,1693.0,1255.0,1158.0,4910.0,4279.0,1225.0,1097.0,5559.0,5810.0,4386.0,4356.0,521.0,797.0,6032.0,5674.0,7606.0,8085.0,5984.0,5424.0,3760.0,3875.0,4719.0,3773.0,544.0,513.0,481.0,411.0
NDARJA356XHT,2.676,3.222,2.702,2.407,3.077,2.977,2.557,2.615,3.412,3.7,3.257,3.622,3.233,3.231,3.068,3.082,3.163,3.227,3.315,3.536,2.593,2.697,2.817,2.609,3.27,3.009,2.72,2.687,3.125,2.775,3.323,3.257,3.098,3.217,3.312,3.469,3.248,3.114,3.239,3.404,3.189,2.992,2.39,2.306,2.59,2.642,2.714,2.744,2.98,2.835,2.92,3.092,3.19,3.531,2.938,3.006,3.439,3.35,2.84,2.947,3.374,3.287,3.157,3.155,3.632,4.206,2.864,3.085,1020.0,1278.0,793.0,546.0,2908.0,2908.0,2034.0,1933.0,739.0,414.0,319.0,299.0,3664.0,4366.0,5292.0,6506.0,3899.0,4589.0,3150.0,3084.0,1453.0,1237.0,7280.0,6964.0,2980.0,2813.0,3844.0,3475.0,1948.0,1991.0,4790.0,4285.0,1378.0,1620.0,693.0,881.0,2032.0,1716.0,860.0,950.0,2271.0,1733.0,1592.0,1650.0,5065.0,4806.0,1233.0,1432.0,6112.0,6608.0,4820.0,5319.0,641.0,950.0,8462.0,7896.0,8813.0,8794.0,6933.0,6490.0,5314.0,5489.0,4645.0,5041.0,546.0,489.0,559.0,392.0
NDARJA737FAJ,2.948,3.134,2.413,2.762,3.011,2.867,2.374,2.129,3.774,3.883,3.094,3.295,3.086,3.207,3.102,2.843,3.104,3.133,3.111,3.19,2.597,3.283,2.54,2.657,2.981,3.144,2.411,2.558,2.714,2.961,3.486,3.343,2.983,2.846,3.015,3.055,2.931,3.278,3.14,3.179,3.181,3.095,1.968,2.092,2.518,2.896,3.169,2.619,2.487,3.145,2.89,2.918,2.904,3.101,3.044,2.973,3.378,3.391,2.749,2.865,3.282,3.163,3.005,3.113,3.831,4.089,2.987,2.92,1488.0,989.0,717.0,697.0,1973.0,1641.0,1666.0,1703.0,467.0,376.0,397.0,314.0,3245.0,3304.0,5759.0,6054.0,4636.0,4652.0,2826.0,2594.0,1196.0,1066.0,5414.0,6272.0,2766.0,2434.0,3536.0,3799.0,1941.0,2172.0,4845.0,4594.0,1455.0,1204.0,623.0,547.0,1773.0,1295.0,797.0,960.0,2310.0,1291.0,1792.0,1734.0,4188.0,3499.0,1387.0,1399.0,4288.0,5042.0,4863.0,4650.0,722.0,1112.0,10148.0,7041.0,7625.0,9430.0,5414.0,7114.0,4067.0,4346.0,4372.0,3017.0,522.0,451.0,389.0,351.0
NDARJA788CH7,2.912,2.762,2.409,2.353,2.943,3.007,2.519,2.547,3.725,3.483,3.17,3.1,3.017,2.974,2.999,2.906,3.172,3.049,3.271,3.453,2.506,2.591,2.558,2.625,2.993,2.963,2.435,2.546,2.745,2.832,3.02,3.092,2.67,2.738,3.022,2.963,3.007,3.011,3.194,3.177,2.771,2.839,2.253,2.215,2.445,2.54,2.732,2.755,3.028,3.045,2.863,2.732,3.127,3.149,2.788,2.76,3.111,3.114,2.642,2.709,3.172,3.031,3.021,3.18,3.742,3.955,2.866,2.746,1172.0,996.0,642.0,749.0,2559.0,2257.0,1528.0,1661.0,487.0,476.0,331.0,265.0,3207.0,3356.0,5795.0,5963.0,4075.0,3973.0,2547.0,2221.0,1098.0,964.0,5008.0,5171.0,3013.0,3280.0,3334.0,3515.0,1788.0,2027.0,3923.0,3500.0,1295.0,1412.0,754.0,774.0,1414.0,1683.0,780.0,976.0,1459.0,1344.0,1675.0,1512.0,4037.0,3852.0,1307.0,1397.0,4475.0,5092.0,3928.0,3961.0,611.0,1001.0,6129.0,5460.0,7638.0,7115.0,5482.0,6258.0,3787.0,3764.0,4571.0,3935.0,492.0,445.0,379.0,304.0
NDARJA959GNZ,2.864,2.737,2.23,2.216,3.001,2.901,2.369,2.4,3.761,3.585,2.595,3.274,3.087,3.046,2.906,2.928,3.036,3.114,3.485,3.234,2.635,2.598,2.694,2.639,2.998,3.074,2.505,2.552,2.729,2.592,3.12,2.971,2.768,2.703,3.154,3.411,2.892,2.954,3.271,3.067,2.834,2.838,2.199,2.26,2.554,2.466,2.354,2.716,2.837,2.968,2.725,2.671,2.876,2.966,2.735,2.747,3.06,3.047,2.554,2.62,2.898,3.102,2.92,2.887,3.693,3.598,2.84,2.807,1333.0,966.0,595.0,695.0,2942.0,2995.0,1509.0,1534.0,526.0,450.0,327.0,241.0,3563.0,3613.0,4945.0,5781.0,3942.0,4206.0,2658.0,2974.0,1100.0,1115.0,5152.0,5652.0,2928.0,2841.0,3458.0,3587.0,2051.0,2023.0,4514.0,4245.0,1589.0,1603.0,757.0,747.0,1527.0,1828.0,799.0,1008.0,1593.0,1411.0,1628.0,1477.0,5021.0,4737.0,1185.0,1319.0,5955.0,5747.0,4486.0,4653.0,669.0,988.0,7430.0,6975.0,9121.0,8759.0,6204.0,6024.0,4534.0,4810.0,5870.0,5093.0,449.0,420.0,562.0,417.0
NDARJB233RL7,2.691,2.828,2.572,2.807,2.946,3.232,2.366,2.428,3.302,3.192,1.996,2.14,3.098,2.918,2.856,2.776,2.973,2.841,3.204,3.243,2.294,2.286,2.399,2.467,2.765,2.92,2.469,2.385,2.683,2.811,2.836,3.0,3.262,2.979,3.23,3.636,2.986,3.064,2.863,2.763,2.86,2.84,2.071,2.137,2.48,2.476,2.775,2.928,2.908,3.022,2.661,2.782,3.031,2.786,2.655,2.714,3.172,3.076,2.669,2.599,3.02,2.965,2.759,2.841,2.942,3.027,2.493,3.03,1278.0,741.0,639.0,662.0,1656.0,1588.0,1548.0,1721.0,574.0,519.0,548.0,469.0,3081.0,3452.0,4723.0,6489.0,4227.0,4054.0,2453.0,2394.0,1013.0,867.0,6276.0,5133.0,2595.0,2540.0,2770.0,2617.0,2083.0,1965.0,3931.0,3206.0,1274.0,1439.0,559.0,592.0,1247.0,1656.0,806.0,960.0,1992.0,2002.0,1726.0,1265.0,4757.0,4540.0,1065.0,1017.0,5326.0,4957.0,4655.0,4854.0,559.0,716.0,6842.0,6793.0,7685.0,7545.0,6127.0,6921.0,3890.0,4470.0,4618.0,4780.0,706.0,635.0,691.0,446.0
NDARJB355YHK,2.632,3.067,2.434,2.645,3.068,3.215,2.477,2.43,3.232,3.126,2.829,3.246,2.975,3.088,2.906,3.107,3.124,3.064,3.513,3.335,2.724,2.779,2.513,2.467,3.143,3.038,2.665,2.496,2.907,2.904,3.212,3.103,3.194,3.1,3.277,2.886,3.188,3.028,3.439,3.51,3.082,3.064,2.289,2.102,2.485,2.592,2.779,2.595,3.014,3.054,2.989,3.007,3.189,2.748,2.742,2.883,3.327,3.331,2.878,2.727,3.336,2.992,2.848,3.139,2.972,3.278,2.887,2.89,1252.0,889.0,546.0,613.0,1746.0,1922.0,1395.0,1334.0,372.0,382.0,477.0,427.0,2730.0,2612.0,4517.0,4985.0,2911.0,2687.0,1887.0,1951.0,921.0,744.0,4240.0,4573.0,2030.0,2209.0,2658.0,2493.0,1905.0,1792.0,3009.0,2770.0,1264.0,1457.0,516.0,534.0,1347.0,1261.0,610.0,698.0,1307.0,1100.0,1301.0,1329.0,4203.0,3919.0,861.0,1259.0,4443.0,4484.0,3939.0,4355.0,504.0,465.0,5846.0,4028.0,7021.0,6351.0,5663.0,5710.0,3307.0,3800.0,4625.0,3857.0,605.0,583.0,495.0,376.0
NDARJC010YYF,2.495,2.792,2.458,2.418,2.855,2.901,2.33,2.144,3.157,3.749,2.658,2.676,2.901,2.862,2.799,2.861,2.881,2.933,3.131,3.329,2.453,2.383,2.387,2.624,2.853,2.799,2.243,2.342,2.481,2.582,2.935,2.992,2.713,2.767,3.382,3.298,3.051,2.809,3.056,3.097,2.737,2.863,1.978,1.89,2.264,2.388,2.747,2.595,2.894,2.835,2.701,2.638,2.995,2.915,2.651,2.528,2.934,3.029,2.487,2.482,3.006,2.81,2.715,2.888,3.55,3.899,2.723,2.837,1031.0,931.0,534.0,555.0,2372.0,1922.0,1416.0,1499.0,419.0,378.0,294.0,242.0,2740.0,2678.0,4030.0,4920.0,2858.0,2784.0,2524.0,2115.0,1082.0,837.0,4906.0,4071.0,2757.0,2664.0,3130.0,2886.0,1497.0,1670.0,3378.0,2802.0,1348.0,1508.0,609.0,591.0,1316.0,1827.0,630.0,909.0,1753.0,1403.0,1496.0,1462.0,3787.0,4078.0,1211.0,1143.0,4558.0,4019.0,3325.0,3556.0,400.0,709.0,6623.0,6269.0,7355.0,7594.0,4729.0,4277.0,3588.0,3760.0,4354.0,3941.0,425.0,448.0,421.0,344.0
NDARJC399UW7,2.814,2.827,2.865,2.441,3.153,3.269,2.537,2.448,3.968,3.853,3.341,3.618,3.191,3.005,3.106,3.129,3.208,3.34,3.558,3.765,2.375,2.831,2.655,2.698,3.37,3.45,2.453,2.41,2.989,3.233,3.346,3.37,3.035,3.162,3.219,3.323,2.95,3.216,3.291,3.739,3.039,3.084,2.086,2.347,2.781,2.71,2.569,2.64,3.105,3.136,2.982,3.012,3.472,3.01,3.043,3.007,3.45,3.489,2.973,2.937,3.194,3.504,3.215,3.256,4.494,4.448,3.039,3.048,929.0,841.0,482.0,552.0,2600.0,2573.0,1609.0,1947.0,524.0,363.0,263.0,295.0,2817.0,2947.0,3967.0,4946.0,3194.0,3124.0,2115.0,2057.0,1072.0,827.0,5626.0,5782.0,2387.0,2265.0,3919.0,3385.0,1700.0,1598.0,3288.0,2981.0,1083.0,1363.0,601.0,588.0,1278.0,1858.0,630.0,762.0,1373.0,1337.0,1997.0,1473.0,3970.0,3707.0,1033.0,1107.0,5033.0,4932.0,3133.0,3237.0,494.0,567.0,6607.0,6617.0,7561.0,7603.0,5058.0,4644.0,3654.0,3923.0,3475.0,3085.0,442.0,430.0,391.0,299.0
NDARJE686DJL,3.084,3.323,2.421,2.396,2.897,3.036,2.51,2.476,3.391,3.145,2.904,2.883,3.072,3.083,3.042,3.13,3.063,3.067,3.297,3.485,2.541,2.671,2.599,2.609,3.208,2.814,2.57,2.635,2.906,2.992,3.433,3.222,3.221,3.101,3.09,2.99,3.303,3.136,2.957,2.869,2.908,3.105,2.312,2.427,2.496,2.469,2.821,2.759,3.012,3.011,3.034,2.96,2.803,3.033,2.776,2.886,3.08,3.003,2.644,2.857,3.277,3.155,3.227,3.138,3.451,3.587,3.012,3.362,795.0,1003.0,485.0,464.0,1864.0,2105.0,1289.0,1584.0,393.0,366.0,554.0,436.0,2936.0,2964.0,4418.0,4796.0,2672.0,3293.0,2449.0,2170.0,938.0,828.0,5332.0,4833.0,2077.0,2138.0,2925.0,3036.0,1985.0,2062.0,3221.0,2774.0,1137.0,1473.0,633.0,550.0,1177.0,1592.0,780.0,749.0,1604.0,1473.0,1595.0,1370.0,3798.0,3898.0,1297.0,1165.0,4650.0,4825.0,3642.0,3735.0,593.0,521.0,5009.0,4960.0,7410.0,7620.0,4931.0,5494.0,3477.0,3395.0,3128.0,3129.0,696.0,495.0,457.0,327.0
NDARJG298YVA,2.59,2.521,2.733,2.956,2.849,2.675,2.241,2.26,3.263,3.196,3.059,2.918,3.017,2.905,2.669,2.663,2.949,2.768,3.398,3.39,2.347,2.425,2.352,2.38,3.072,2.912,2.428,2.411,2.817,2.872,2.779,2.951,2.982,3.048,3.071,3.243,3.203,3.122,3.059,3.058,3.09,3.043,2.222,2.342,2.338,2.383,2.756,2.955,3.103,2.94,2.843,2.857,3.287,2.841,2.802,2.88,3.053,3.071,2.508,2.393,2.982,3.04,2.799,2.848,3.1,3.562,2.854,2.971,1079.0,901.0,484.0,463.0,1527.0,1605.0,1611.0,1958.0,506.0,629.0,438.0,422.0,2863.0,3444.0,4252.0,6047.0,3754.0,3752.0,2664.0,2428.0,1218.0,1198.0,5875.0,6384.0,3019.0,3033.0,3226.0,3223.0,2101.0,2372.0,3694.0,3066.0,1483.0,1502.0,600.0,729.0,1317.0,1415.0,831.0,1249.0,1719.0,1413.0,1670.0,1489.0,4410.0,4378.0,1034.0,1215.0,4785.0,5608.0,4507.0,4506.0,328.0,674.0,6539.0,5148.0,8519.0,7079.0,5626.0,6466.0,3629.0,4300.0,5578.0,4031.0,837.0,766.0,571.0,512.0
NDARJG738WY6,2.962,2.73,1.759,2.559,3.087,3.125,2.418,2.586,3.541,3.378,3.177,2.84,3.289,3.223,3.023,3.06,3.238,3.125,3.426,3.276,2.293,2.28,2.769,2.725,3.153,3.029,2.669,2.524,2.744,3.008,3.246,3.276,3.149,3.379,3.131,3.39,3.062,3.112,3.439,3.461,2.815,2.951,2.31,2.163,2.786,2.673,2.646,2.982,2.995,3.182,3.108,3.089,3.118,2.743,2.788,2.844,3.249,3.299,2.885,2.882,3.234,3.147,3.036,3.026,3.549,3.595,2.647,2.695,1261.0,1016.0,596.0,752.0,2784.0,2220.0,1737.0,1809.0,810.0,548.0,344.0,258.0,2864.0,3477.0,5496.0,5163.0,3174.0,3377.0,2113.0,2443.0,926.0,1136.0,5372.0,5181.0,2836.0,2731.0,2920.0,2899.0,2154.0,1906.0,3660.0,3091.0,1534.0,1152.0,535.0,630.0,1410.0,1349.0,820.0,826.0,1249.0,1296.0,1409.0,1477.0,3989.0,3894.0,1100.0,1413.0,4897.0,4797.0,3444.0,4635.0,703.0,675.0,6649.0,6165.0,7083.0,6535.0,6018.0,5090.0,3899.0,3698.0,4725.0,4124.0,447.0,600.0,442.0,382.0
NDARJG740PM8,2.655,2.895,2.886,2.521,2.82,2.744,1.968,2.068,3.216,3.073,2.577,2.782,2.644,2.793,2.722,2.706,2.704,2.687,3.084,3.001,2.239,2.311,2.225,2.286,2.713,2.555,2.071,2.114,2.532,2.515,3.047,3.025,2.673,2.594,2.729,2.56,2.756,2.911,2.763,2.65,2.559,2.742,1.975,1.984,2.169,2.193,2.525,2.795,2.731,2.846,2.606,2.556,2.764,3.302,2.401,2.525,3.001,2.838,2.429,2.431,2.919,2.985,2.771,2.759,3.083,3.162,2.636,2.614,744.0,812.0,531.0,724.0,1640.0,1498.0,1351.0,1241.0,363.0,345.0,301.0,298.0,3428.0,2986.0,3778.0,4461.0,2533.0,2931.0,2419.0,2477.0,755.0,879.0,4453.0,4635.0,2559.0,2250.0,3020.0,2716.0,1697.0,1802.0,2917.0,3085.0,1342.0,1255.0,601.0,674.0,1277.0,1312.0,635.0,686.0,1423.0,1206.0,1494.0,1434.0,3783.0,3604.0,1190.0,1033.0,4081.0,4001.0,3246.0,3425.0,594.0,596.0,6021.0,5545.0,7085.0,6865.0,4882.0,4863.0,3774.0,4046.0,4073.0,3544.0,483.0,497.0,548.0,347.0
NDARJH367WKY,2.541,2.781,2.437,2.506,2.939,2.99,2.363,2.31,3.066,3.258,3.051,2.844,3.065,3.031,2.805,2.886,2.957,2.929,3.243,3.366,2.538,2.505,2.475,2.602,3.108,3.157,2.522,2.38,2.685,2.876,3.143,2.927,2.917,2.953,3.353,3.549,3.161,2.807,3.329,3.188,2.66,2.706,2.074,2.249,2.543,2.404,2.651,2.737,2.964,2.973,2.853,2.902,2.702,2.948,2.726,2.646,3.264,3.22,2.657,2.672,3.109,3.094,2.77,2.907,3.346,4.156,2.955,2.918,606.0,757.0,419.0,774.0,1942.0,1707.0,1634.0,1725.0,413.0,364.0,269.0,267.0,2182.0,2604.0,3699.0,4605.0,2605.0,2795.0,2016.0,1820.0,802.0,807.0,4522.0,4903.0,2085.0,1747.0,3000.0,2932.0,1513.0,1476.0,2785.0,2328.0,1141.0,1264.0,431.0,490.0,1086.0,1421.0,620.0,618.0,1238.0,1055.0,1902.0,1556.0,3128.0,3014.0,1088.0,873.0,3846.0,3806.0,3593.0,3639.0,457.0,457.0,4614.0,4398.0,6101.0,5564.0,4813.0,5419.0,3059.0,2919.0,3320.0,2780.0,474.0,399.0,420.0,269.0
NDARJH492TVW,2.954,3.369,3.022,3.02,2.964,3.204,2.463,2.36,3.826,4.154,3.196,3.62,3.31,3.302,2.999,3.268,3.358,3.271,3.505,3.416,2.912,3.01,2.758,2.733,3.227,3.102,2.582,2.627,2.77,2.72,3.516,3.016,3.029,2.964,3.255,3.471,3.096,3.087,3.558,3.417,3.106,3.124,2.17,2.178,2.613,2.808,2.868,2.806,3.027,2.96,3.031,3.044,2.969,3.019,2.961,2.984,3.278,3.292,2.906,2.828,3.621,3.292,3.085,3.221,3.956,4.266,3.067,3.142,1026.0,1083.0,624.0,589.0,2438.0,2024.0,1571.0,1494.0,573.0,336.0,266.0,226.0,3370.0,3070.0,3724.0,5426.0,3146.0,3484.0,2518.0,2270.0,1149.0,887.0,4491.0,4435.0,2743.0,3001.0,3032.0,2972.0,1608.0,2084.0,3309.0,2932.0,1106.0,1355.0,755.0,658.0,1502.0,1514.0,594.0,837.0,1853.0,1346.0,1496.0,1461.0,4141.0,3914.0,1234.0,1272.0,5121.0,4851.0,3766.0,3958.0,490.0,708.0,5673.0,5811.0,8296.0,7459.0,5008.0,5032.0,3557.0,4180.0,5204.0,3343.0,462.0,376.0,568.0,358.0
NDARJH773JTJ,2.856,2.599,2.689,2.478,2.727,2.763,2.113,2.106,2.7,2.763,2.42,2.505,2.764,2.817,2.739,2.655,2.584,2.593,2.993,3.02,2.223,2.302,2.361,2.462,2.58,2.503,2.241,2.209,2.544,2.544,2.994,2.869,2.979,2.593,2.675,2.82,2.713,2.868,2.964,2.567,2.739,2.791,1.989,1.787,2.25,2.321,2.607,2.994,2.595,2.749,2.638,2.583,3.254,3.03,2.568,2.714,2.779,2.756,2.362,2.456,2.971,2.906,2.69,2.613,2.52,2.591,2.837,2.946,1012.0,1333.0,595.0,473.0,2416.0,1920.0,1370.0,1430.0,521.0,358.0,448.0,285.0,3831.0,3745.0,6024.0,7701.0,2905.0,3369.0,3031.0,2657.0,1072.0,868.0,6499.0,5353.0,2884.0,2666.0,3258.0,2815.0,1751.0,2204.0,3733.0,3674.0,1322.0,1638.0,666.0,756.0,1584.0,1725.0,971.0,1123.0,1827.0,1370.0,1307.0,1137.0,4220.0,4216.0,1212.0,1221.0,5019.0,5372.0,4289.0,4468.0,297.0,756.0,7772.0,8063.0,7417.0,7680.0,6453.0,6543.0,3807.0,3716.0,4480.0,3852.0,590.0,669.0,444.0,363.0
NDARJH910CGX,3.12,3.067,2.028,2.508,2.98,3.107,2.475,2.38,2.947,3.44,3.065,2.799,3.013,3.006,2.916,2.929,2.958,2.766,3.236,3.406,2.363,2.481,2.347,2.371,3.169,2.891,2.542,2.412,2.831,2.908,3.063,2.88,3.047,3.146,3.172,3.332,3.297,3.161,3.192,2.998,2.939,3.024,2.154,2.174,2.482,2.575,2.781,2.887,3.106,3.028,2.919,2.951,2.535,3.121,2.86,2.877,3.146,3.052,2.591,2.666,3.282,3.187,2.758,3.062,3.588,3.595,3.027,3.123,1203.0,989.0,679.0,779.0,2458.0,2399.0,1651.0,1636.0,495.0,478.0,531.0,477.0,3146.0,3453.0,5078.0,5745.0,3291.0,3380.0,2886.0,2365.0,1209.0,1063.0,6778.0,6258.0,2322.0,2832.0,3581.0,3038.0,2196.0,2089.0,3711.0,3678.0,1358.0,1796.0,628.0,697.0,1548.0,1932.0,898.0,955.0,2001.0,1608.0,1660.0,1607.0,5011.0,4452.0,1394.0,1365.0,5636.0,5401.0,3832.0,4095.0,550.0,615.0,6693.0,6700.0,8770.0,8677.0,5662.0,5858.0,4211.0,4126.0,4433.0,3706.0,781.0,757.0,650.0,472.0
NDARJJ173BRX,2.264,2.966,2.684,2.398,3.202,3.2,2.435,2.333,3.705,3.866,3.251,3.152,3.179,2.949,2.714,3.042,3.207,2.89,3.417,3.431,2.422,3.208,2.27,2.611,3.051,3.21,2.458,2.497,2.564,2.91,3.434,2.903,2.85,2.691,3.024,2.925,3.237,2.923,3.374,3.187,3.174,3.108,2.139,2.377,2.48,2.901,2.737,2.627,2.629,2.86,2.736,2.874,3.09,3.009,3.072,2.883,3.44,3.373,2.709,2.668,3.429,3.209,2.956,3.177,3.992,4.385,2.894,3.123,1067.0,1047.0,808.0,913.0,2778.0,3050.0,2104.0,2093.0,452.0,474.0,436.0,271.0,3558.0,4554.0,4984.0,6219.0,4039.0,4697.0,2662.0,3152.0,1407.0,1513.0,7370.0,7869.0,3289.0,3207.0,3885.0,4365.0,2004.0,2314.0,4684.0,4157.0,1427.0,1377.0,725.0,740.0,2543.0,2142.0,833.0,1293.0,2961.0,1709.0,2192.0,1909.0,5544.0,3386.0,2227.0,1714.0,5474.0,6512.0,4619.0,3836.0,889.0,1036.0,9735.0,7496.0,8443.0,9843.0,4696.0,6125.0,4865.0,4957.0,5685.0,2777.0,560.0,448.0,598.0,382.0
NDARJJ277JP3,2.798,3.143,2.744,2.526,3.207,3.352,2.742,2.516,3.465,4.255,3.716,3.481,3.266,3.333,3.146,3.186,3.227,3.277,3.511,3.87,2.84,2.77,2.698,2.831,3.207,3.086,2.703,2.791,2.837,3.173,3.407,3.087,3.232,2.92,3.437,3.484,3.14,3.018,3.032,3.253,3.197,2.829,2.514,2.515,2.776,2.65,2.691,2.812,3.174,3.218,2.967,3.084,3.102,3.284,2.953,2.74,3.387,3.465,2.805,2.884,3.507,3.476,3.242,3.3,3.904,4.476,3.205,3.065,842.0,875.0,576.0,717.0,2921.0,3403.0,1403.0,1664.0,487.0,361.0,326.0,277.0,2760.0,3028.0,4301.0,5600.0,3663.0,3970.0,2711.0,2364.0,1355.0,1259.0,5657.0,5536.0,2967.0,2780.0,3725.0,3446.0,2078.0,2093.0,3917.0,3444.0,1323.0,1473.0,678.0,718.0,1543.0,2427.0,758.0,827.0,1893.0,1673.0,1591.0,1308.0,4799.0,3949.0,1305.0,1213.0,5509.0,4504.0,4291.0,4246.0,566.0,775.0,7064.0,7595.0,10056.0,8874.0,5536.0,5196.0,4082.0,4185.0,4568.0,4043.0,423.0,471.0,569.0,380.0
NDARJJ512AYJ,2.818,3.04,2.701,2.683,3.108,3.037,2.41,2.5,4.07,3.667,3.241,3.435,3.212,3.137,3.055,3.202,3.072,3.032,3.589,3.562,2.873,2.648,2.618,2.745,3.169,3.072,2.613,2.629,3.029,2.706,3.298,3.444,2.915,2.92,3.181,2.981,3.003,3.228,3.175,3.304,3.11,2.847,2.13,2.157,2.567,2.582,2.715,2.688,2.924,2.967,2.96,2.911,3.031,3.454,2.814,2.859,3.247,3.242,3.007,2.894,3.302,3.259,3.141,3.143,3.466,4.057,2.597,2.759,1013.0,909.0,668.0,742.0,2276.0,2491.0,1632.0,1798.0,233.0,367.0,352.0,260.0,3519.0,3598.0,5322.0,5304.0,3808.0,3699.0,2280.0,2277.0,1034.0,990.0,5523.0,5409.0,3045.0,2555.0,3379.0,2891.0,1856.0,1559.0,3979.0,3558.0,1402.0,1644.0,518.0,598.0,1655.0,1807.0,801.0,927.0,1947.0,1445.0,1549.0,1334.0,3812.0,4074.0,1328.0,1358.0,5347.0,4819.0,3887.0,4108.0,619.0,785.0,5050.0,6422.0,7679.0,7648.0,5521.0,5601.0,4106.0,4352.0,4878.0,4091.0,405.0,460.0,554.0,383.0
NDARJJ638NAC,2.9,3.058,2.799,2.564,2.996,2.964,2.48,2.254,3.711,4.069,3.832,3.251,3.258,3.255,2.986,3.047,3.177,3.227,3.523,3.33,2.346,2.485,2.558,2.658,3.245,3.131,2.612,2.513,2.809,3.027,3.481,2.96,2.829,2.908,3.356,3.338,2.877,2.927,3.193,3.339,3.153,3.206,2.15,2.354,2.451,2.557,2.621,2.66,3.012,3.028,2.941,3.006,2.996,3.032,2.919,2.875,3.38,3.418,2.82,2.874,3.377,3.324,3.061,2.971,4.153,4.065,3.032,2.814,997.0,929.0,639.0,616.0,2323.0,2375.0,1527.0,1544.0,487.0,363.0,279.0,230.0,3157.0,3094.0,4585.0,5421.0,3248.0,3349.0,2575.0,2585.0,970.0,888.0,4848.0,4922.0,2697.0,2537.0,2530.0,2830.0,1390.0,1892.0,3248.0,3359.0,1372.0,1359.0,766.0,776.0,1286.0,1583.0,708.0,881.0,1551.0,1543.0,1544.0,1320.0,3485.0,3758.0,1184.0,1274.0,4765.0,4628.0,3553.0,4029.0,670.0,756.0,6577.0,6141.0,7532.0,6722.0,5667.0,4928.0,3464.0,3842.0,4110.0,3286.0,431.0,406.0,435.0,313.0
NDARJK085PZL,2.877,2.791,3.07,2.708,2.902,3.071,2.105,2.119,3.551,3.959,3.251,3.368,3.063,3.035,2.87,2.959,3.211,3.233,3.312,3.365,2.842,2.861,2.435,2.578,3.073,3.014,2.367,2.289,2.966,3.011,3.262,3.232,2.748,2.799,3.065,2.829,3.346,3.165,3.059,3.195,3.016,3.118,1.877,2.164,2.232,2.198,2.866,2.746,2.749,2.823,2.744,2.832,3.255,3.409,2.868,2.917,3.159,3.237,2.512,2.54,3.202,3.163,2.93,2.912,4.084,3.931,2.856,2.709,969.0,731.0,474.0,689.0,1679.0,1586.0,1360.0,1311.0,267.0,319.0,293.0,214.0,2413.0,2644.0,4266.0,4994.0,3036.0,3159.0,1918.0,1996.0,759.0,680.0,4371.0,4412.0,2451.0,2182.0,2890.0,2261.0,1788.0,1524.0,3095.0,3195.0,1329.0,1436.0,658.0,732.0,1079.0,1264.0,734.0,873.0,1430.0,1165.0,1390.0,1229.0,3500.0,3655.0,961.0,1060.0,4139.0,4032.0,3498.0,3376.0,504.0,449.0,6224.0,5287.0,7503.0,6258.0,5149.0,4567.0,3265.0,3551.0,3227.0,3403.0,427.0,387.0,433.0,322.0
NDARJK147LNJ,2.958,3.208,2.755,2.473,3.047,3.177,2.511,2.333,4.035,3.963,3.186,3.435,2.954,3.09,3.037,3.034,3.245,3.145,3.357,3.33,2.602,2.697,2.755,2.807,3.229,2.897,2.483,2.527,2.895,2.82,3.364,3.23,2.898,2.927,3.231,3.356,3.231,3.023,3.432,3.2,2.908,2.822,2.328,2.324,2.638,2.569,2.606,2.745,3.041,2.936,3.003,2.913,3.018,3.123,2.879,2.862,3.308,3.195,2.76,2.823,3.306,3.393,3.018,3.083,3.948,4.016,2.949,3.141,1391.0,954.0,624.0,637.0,2701.0,2023.0,1621.0,1493.0,570.0,486.0,309.0,315.0,3134.0,3296.0,5457.0,7381.0,3868.0,3466.0,2568.0,2568.0,1214.0,1270.0,5042.0,6229.0,3167.0,3221.0,3411.0,2998.0,2167.0,2016.0,3753.0,3445.0,1313.0,1605.0,690.0,741.0,1361.0,1759.0,979.0,996.0,1839.0,1439.0,1488.0,1318.0,4210.0,3955.0,1320.0,1154.0,5093.0,5227.0,4838.0,5221.0,585.0,916.0,7064.0,7671.0,8052.0,8682.0,6731.0,7001.0,3646.0,4087.0,5696.0,3840.0,464.0,475.0,491.0,371.0
NDARJK910PDK,2.588,2.771,2.372,2.469,2.878,2.813,1.972,1.938,2.946,3.442,2.692,2.418,2.686,2.689,2.597,2.518,2.614,2.645,3.183,3.076,1.884,2.307,2.131,2.138,2.794,2.457,2.119,2.064,2.541,2.554,2.947,2.908,2.542,2.657,2.917,3.145,2.887,3.028,2.627,2.779,2.671,2.727,2.058,1.939,2.176,2.232,2.582,2.58,2.785,2.738,2.44,2.453,3.273,3.06,2.432,2.583,2.959,2.935,2.335,2.363,2.838,2.878,2.663,2.594,3.573,2.99,2.713,2.947,769.0,924.0,506.0,622.0,2105.0,2392.0,1355.0,1323.0,375.0,377.0,494.0,348.0,2624.0,2578.0,4194.0,5034.0,2638.0,3298.0,2690.0,2335.0,950.0,871.0,4490.0,3938.0,2664.0,2956.0,2850.0,2608.0,2100.0,2243.0,3364.0,2943.0,1501.0,1464.0,484.0,475.0,1540.0,1720.0,894.0,875.0,2171.0,1500.0,1467.0,1494.0,4141.0,4189.0,1190.0,1156.0,4825.0,4853.0,3666.0,3718.0,486.0,564.0,5438.0,5505.0,8430.0,7915.0,5152.0,4433.0,3894.0,3802.0,4325.0,4494.0,572.0,579.0,576.0,471.0
NDARJL303FKR,3.148,3.193,2.722,2.986,2.981,3.11,2.322,2.412,2.975,3.326,2.874,3.044,3.026,3.105,2.762,2.875,2.916,2.9,3.365,3.351,2.509,2.634,2.285,2.476,3.132,2.931,2.397,2.466,2.875,2.712,3.37,3.286,2.992,2.936,3.055,2.994,2.802,3.075,2.904,2.962,2.918,2.958,2.188,2.183,2.434,2.487,2.893,2.826,3.001,2.894,2.855,2.837,2.804,2.976,2.727,2.814,3.161,3.203,2.549,2.653,3.404,3.314,2.83,2.844,3.416,3.654,2.783,3.242,1383.0,1255.0,631.0,944.0,2296.0,2397.0,2219.0,2085.0,586.0,487.0,336.0,319.0,3398.0,3330.0,6024.0,6131.0,4154.0,3720.0,2841.0,3005.0,1364.0,1153.0,5343.0,5516.0,3326.0,3463.0,3609.0,3844.0,2288.0,2497.0,4571.0,4076.0,2046.0,1984.0,578.0,701.0,1548.0,2262.0,992.0,1087.0,1834.0,1928.0,1998.0,1869.0,4804.0,5000.0,1609.0,1306.0,5667.0,5610.0,5113.0,5108.0,632.0,838.0,7674.0,7265.0,8903.0,8063.0,6747.0,6611.0,4231.0,4455.0,4792.0,4425.0,626.0,579.0,514.0,444.0
NDARJL656RDA,2.914,3.066,2.817,2.64,3.014,2.776,2.109,2.198,3.237,3.214,3.173,3.199,3.072,2.788,2.812,2.81,2.959,2.81,3.185,3.213,2.718,2.709,2.54,2.479,3.188,2.993,2.535,2.376,2.84,2.846,3.21,3.068,2.751,2.758,2.649,2.453,3.006,3.038,3.099,2.821,2.829,2.897,1.951,1.973,2.283,2.279,2.804,2.948,2.682,2.88,2.741,2.792,3.156,3.134,2.836,2.749,3.152,3.022,2.596,2.47,3.089,2.861,2.823,2.851,3.473,3.308,2.944,2.482,1248.0,929.0,612.0,704.0,2297.0,2253.0,1406.0,1601.0,379.0,380.0,299.0,229.0,2988.0,3401.0,4361.0,6164.0,2926.0,3088.0,2213.0,2349.0,1106.0,1180.0,5679.0,5474.0,2224.0,2570.0,3056.0,2848.0,1647.0,1833.0,3350.0,3624.0,1495.0,1460.0,588.0,600.0,1170.0,1751.0,669.0,893.0,1736.0,1453.0,1476.0,1287.0,5222.0,4902.0,1242.0,1175.0,4868.0,5021.0,4732.0,4694.0,486.0,791.0,6535.0,6219.0,7247.0,7011.0,6410.0,6664.0,3832.0,4025.0,5057.0,3642.0,425.0,360.0,370.0,351.0
NDARJL861WTP,2.915,3.364,2.87,2.634,3.123,3.119,2.529,2.324,3.492,3.978,3.308,2.951,3.055,3.026,3.146,3.046,3.174,3.126,3.534,3.553,2.67,2.677,2.48,2.65,3.177,3.088,2.524,2.51,3.072,2.764,3.376,3.189,3.186,3.119,3.153,3.251,3.129,3.233,3.327,3.235,3.033,3.162,2.165,2.221,2.654,2.578,2.683,2.873,3.053,3.116,2.946,2.895,3.069,3.286,2.903,2.952,3.364,3.374,2.723,2.682,3.249,3.117,3.054,3.028,3.492,3.704,3.049,2.896,1048.0,786.0,565.0,719.0,2268.0,2117.0,1519.0,1523.0,574.0,449.0,315.0,307.0,2968.0,3233.0,5154.0,5759.0,3943.0,3881.0,2295.0,2281.0,1177.0,1109.0,4759.0,5085.0,2918.0,2692.0,3495.0,3362.0,2021.0,1919.0,3840.0,4007.0,1552.0,1570.0,592.0,659.0,1361.0,1730.0,839.0,879.0,1557.0,1220.0,1878.0,1781.0,4512.0,4008.0,1217.0,1350.0,5310.0,5014.0,5221.0,4699.0,552.0,668.0,7232.0,6402.0,7616.0,7088.0,6709.0,6141.0,3741.0,4021.0,4070.0,3998.0,481.0,484.0,383.0,366.0
NDARJM036PVX,3.04,2.668,2.375,2.203,2.993,2.983,2.454,2.466,3.419,3.431,3.136,2.848,3.095,3.124,3.0,2.784,3.054,2.9,3.361,3.433,2.075,2.453,2.488,2.422,3.199,3.061,2.508,2.564,2.937,3.102,3.185,2.943,2.922,2.994,3.409,3.368,3.228,3.005,2.972,2.96,3.077,2.832,2.256,2.207,2.594,2.542,2.363,2.58,3.1,2.9,2.92,2.955,2.83,3.294,2.95,2.793,3.252,3.186,2.685,2.687,3.369,3.161,2.92,2.939,3.115,3.16,2.985,2.852,1065.0,765.0,480.0,658.0,2380.0,2346.0,1336.0,1384.0,583.0,400.0,478.0,377.0,2611.0,2916.0,5248.0,5196.0,3378.0,3331.0,2276.0,2070.0,1033.0,889.0,4812.0,4885.0,2367.0,2414.0,3116.0,3126.0,1879.0,1968.0,3345.0,3311.0,1405.0,1337.0,494.0,477.0,1540.0,1837.0,608.0,778.0,1347.0,1273.0,1285.0,1282.0,4722.0,4309.0,1110.0,955.0,4679.0,5495.0,3737.0,4136.0,349.0,370.0,4951.0,5185.0,7140.0,7062.0,6139.0,5977.0,3648.0,3848.0,3783.0,3625.0,697.0,501.0,514.0,392.0
NDARJM708VGE,2.5,2.864,2.865,2.759,2.671,2.634,2.31,2.198,3.399,3.354,2.826,2.82,2.837,2.82,2.558,2.666,3.0,3.046,3.302,3.256,2.497,2.304,2.313,2.441,2.887,2.973,2.233,2.165,2.547,2.543,3.03,2.99,2.479,2.63,2.804,2.692,2.802,2.811,3.065,2.858,2.683,2.775,1.687,1.799,2.396,2.364,2.507,2.598,2.733,2.723,2.614,2.561,3.195,2.768,2.542,2.51,2.791,2.822,2.39,2.436,3.04,3.02,2.759,2.881,3.634,3.912,2.749,2.693,1063.0,966.0,725.0,768.0,3199.0,2358.0,1747.0,2016.0,591.0,405.0,428.0,314.0,3313.0,3723.0,4293.0,5305.0,3602.0,4032.0,2232.0,2500.0,1110.0,1153.0,5902.0,6738.0,3036.0,3069.0,3755.0,3029.0,2150.0,2099.0,3565.0,3539.0,1393.0,1422.0,609.0,802.0,1113.0,1430.0,825.0,1001.0,1420.0,1131.0,2017.0,1426.0,4534.0,4025.0,1206.0,1066.0,5018.0,5623.0,4619.0,5011.0,576.0,980.0,7321.0,7600.0,8309.0,9151.0,6299.0,5734.0,4158.0,4568.0,5023.0,3474.0,524.0,591.0,464.0,358.0
NDARJM765EZF,2.872,3.123,2.985,2.889,3.069,3.13,2.418,2.414,3.249,3.332,3.612,3.318,3.095,3.028,2.916,2.874,2.986,3.049,3.229,3.338,2.387,2.403,2.562,2.613,3.221,3.032,2.394,2.38,2.856,3.012,3.318,3.256,3.027,3.002,2.873,2.703,2.904,2.968,3.345,3.243,3.037,3.121,2.08,2.231,2.498,2.491,2.525,2.656,2.999,3.009,2.811,2.736,3.191,3.339,2.871,2.841,3.103,3.152,2.697,2.65,3.312,3.178,2.98,3.018,3.945,4.184,2.912,3.047,1826.0,1327.0,963.0,1311.0,3234.0,3449.0,1758.0,1883.0,395.0,383.0,306.0,259.0,3645.0,3962.0,5381.0,7408.0,4408.0,3809.0,3282.0,2805.0,1207.0,1352.0,6552.0,6338.0,3028.0,3342.0,4241.0,3595.0,1718.0,1970.0,4924.0,4308.0,1357.0,1341.0,726.0,694.0,1878.0,2153.0,828.0,1048.0,1842.0,1858.0,2246.0,1929.0,4625.0,4777.0,1693.0,1328.0,5592.0,5879.0,5083.0,4978.0,972.0,985.0,8457.0,7173.0,9916.0,8509.0,6630.0,7258.0,4853.0,5235.0,6676.0,4597.0,447.0,498.0,596.0,406.0
NDARJP133YL3,2.502,2.52,2.453,2.385,2.612,2.607,1.941,2.08,3.326,3.473,2.727,2.728,2.765,2.644,2.418,2.479,2.945,2.897,2.907,2.958,2.374,2.152,2.184,2.335,2.686,2.614,2.153,2.227,2.494,2.54,2.906,2.894,2.417,2.551,2.563,2.47,2.476,2.691,2.933,2.784,2.498,2.581,1.888,1.931,2.243,2.195,2.349,2.27,2.631,2.616,2.404,2.45,2.852,2.697,2.37,2.459,2.715,2.743,2.259,2.282,2.888,2.855,2.651,2.544,3.288,3.356,2.789,2.595,973.0,1079.0,947.0,902.0,2101.0,2120.0,1321.0,1421.0,425.0,353.0,286.0,273.0,3166.0,2973.0,4829.0,5963.0,3150.0,3826.0,2870.0,2477.0,955.0,978.0,5126.0,4741.0,3015.0,3339.0,3155.0,2699.0,1924.0,2045.0,4026.0,3391.0,1396.0,1483.0,716.0,731.0,2098.0,1896.0,791.0,905.0,1762.0,1392.0,1360.0,1169.0,4538.0,3898.0,1466.0,1373.0,4943.0,4834.0,4296.0,4515.0,745.0,955.0,7917.0,7158.0,8713.0,7855.0,6706.0,6353.0,4163.0,4263.0,4446.0,4360.0,425.0,493.0,371.0,382.0
NDARJP146GT9,2.735,3.106,2.537,2.371,3.198,3.164,2.5,2.371,2.96,2.947,3.243,3.145,3.065,3.093,2.969,2.969,2.796,2.973,3.245,3.649,2.688,2.45,2.405,2.628,3.244,2.954,2.569,2.529,3.042,3.034,3.274,3.016,3.204,3.083,3.099,3.524,3.028,3.108,2.968,2.976,3.033,3.037,2.128,2.416,2.644,2.658,2.762,2.752,3.017,3.03,3.103,3.053,2.752,3.061,2.745,2.951,3.408,3.242,2.678,2.765,3.169,3.159,3.096,3.067,3.701,3.924,2.87,3.005,1751.0,810.0,674.0,584.0,2198.0,1597.0,1469.0,1610.0,422.0,426.0,595.0,361.0,2821.0,2791.0,4861.0,5560.0,3475.0,2782.0,2490.0,2145.0,922.0,756.0,5606.0,4777.0,2497.0,2621.0,3406.0,2609.0,1679.0,2126.0,3743.0,3157.0,1283.0,1443.0,521.0,457.0,1776.0,1708.0,809.0,922.0,1605.0,1376.0,1556.0,1249.0,5322.0,4580.0,1239.0,1251.0,4812.0,5227.0,3720.0,4270.0,367.0,627.0,5965.0,5913.0,7315.0,7226.0,5800.0,5605.0,3807.0,4345.0,4126.0,4609.0,565.0,570.0,458.0,418.0
NDARJP489HCE,2.684,2.821,2.682,2.511,2.879,2.945,1.988,1.87,3.013,3.084,3.068,3.112,2.905,3.03,2.752,2.727,3.032,3.015,3.21,3.145,2.586,2.591,2.254,2.356,2.936,2.849,2.189,2.258,2.736,2.563,3.019,3.026,2.591,2.669,2.864,3.051,2.876,2.82,2.994,3.121,2.82,2.862,1.761,1.878,2.203,2.144,2.688,2.48,2.689,2.656,2.605,2.602,3.015,2.755,2.792,2.753,3.108,3.066,2.335,2.327,2.913,2.879,2.794,2.827,3.707,4.027,2.621,2.58,989.0,818.0,507.0,752.0,2151.0,2066.0,1429.0,1615.0,443.0,422.0,271.0,247.0,2878.0,2932.0,5794.0,5616.0,3545.0,3964.0,2183.0,2181.0,1086.0,928.0,4223.0,4248.0,2541.0,2744.0,3124.0,2966.0,1876.0,1935.0,3423.0,3106.0,1367.0,1515.0,563.0,598.0,1179.0,1562.0,663.0,827.0,1263.0,1233.0,1473.0,1380.0,4484.0,4291.0,1258.0,1343.0,4407.0,4449.0,3303.0,3891.0,586.0,858.0,5583.0,5457.0,7303.0,7098.0,5689.0,5340.0,3039.0,3226.0,4228.0,3945.0,460.0,415.0,403.0,316.0
NDARJR280FEJ,2.891,2.848,2.353,2.348,3.039,2.877,2.322,2.397,3.16,2.853,2.347,2.632,2.939,2.877,2.845,2.885,2.935,2.849,3.22,3.296,2.475,2.51,2.313,2.415,2.778,2.763,2.448,2.472,2.51,2.551,3.15,3.218,3.027,2.849,2.874,3.156,3.116,3.061,2.728,2.709,2.696,2.894,1.963,2.078,2.29,2.366,2.513,2.544,2.812,2.831,2.793,2.764,2.761,2.701,2.521,2.656,2.968,2.906,2.56,2.57,3.041,3.127,2.934,2.883,3.065,3.107,2.811,2.653,894.0,765.0,637.0,641.0,2187.0,1854.0,1411.0,1710.0,616.0,575.0,487.0,389.0,2674.0,2683.0,3874.0,5095.0,2612.0,2746.0,2301.0,2142.0,1194.0,776.0,4956.0,5204.0,2637.0,2617.0,3350.0,3424.0,1822.0,2162.0,3473.0,2960.0,1246.0,1419.0,588.0,664.0,1334.0,1426.0,705.0,840.0,1847.0,1086.0,1722.0,1209.0,3402.0,3210.0,1142.0,1225.0,4419.0,4590.0,3912.0,3819.0,460.0,788.0,5997.0,5182.0,7906.0,7376.0,5419.0,5457.0,3488.0,3799.0,3418.0,3109.0,661.0,614.0,455.0,374.0
NDARJR473HXT,2.785,2.969,2.327,2.864,3.045,3.123,2.415,2.397,3.82,3.76,3.344,3.137,3.1,3.187,3.009,3.136,3.379,3.284,3.148,3.469,2.643,2.932,2.512,2.722,3.162,2.956,2.434,2.439,2.885,2.948,3.339,3.133,3.025,2.979,3.581,3.31,3.164,3.221,3.431,3.407,3.007,2.8,2.224,2.248,2.532,2.465,2.78,2.66,3.051,3.091,2.926,2.849,3.579,3.249,2.931,2.834,3.264,3.358,2.776,2.853,3.365,3.402,3.029,3.056,4.245,4.476,3.208,3.098,993.0,962.0,644.0,862.0,2235.0,2074.0,1910.0,2226.0,414.0,364.0,366.0,246.0,2957.0,3143.0,5097.0,4772.0,3634.0,3581.0,2302.0,1928.0,1101.0,851.0,5984.0,6184.0,2774.0,2897.0,4136.0,3730.0,1771.0,1897.0,3519.0,3461.0,1660.0,1643.0,733.0,632.0,1516.0,1681.0,816.0,1087.0,2143.0,1393.0,2306.0,1415.0,4357.0,4018.0,1327.0,1343.0,4910.0,4917.0,3786.0,3837.0,584.0,733.0,7406.0,6939.0,8239.0,6840.0,5193.0,5535.0,3381.0,3577.0,3173.0,3473.0,466.0,471.0,366.0,300.0
NDARJR525HTX,2.683,3.153,2.793,2.862,2.726,2.789,2.18,2.236,3.333,3.652,2.886,3.245,2.766,2.775,2.703,2.789,3.116,2.882,3.092,3.218,2.229,2.472,2.397,2.417,3.026,2.895,2.407,2.289,2.764,2.844,3.203,3.194,2.637,2.769,2.916,2.789,2.864,3.024,3.03,2.862,2.859,2.705,1.981,1.986,2.412,2.425,2.588,2.682,2.781,2.779,2.634,2.653,3.083,3.13,2.57,2.764,2.931,2.973,2.551,2.595,3.14,3.072,2.96,2.901,3.516,3.424,2.751,2.814,1240.0,1021.0,717.0,1008.0,2782.0,2296.0,1435.0,1605.0,571.0,441.0,331.0,255.0,3343.0,3897.0,5288.0,6666.0,3698.0,4547.0,2834.0,2486.0,1090.0,1533.0,6113.0,5518.0,3261.0,3165.0,4129.0,3613.0,1969.0,2247.0,4258.0,4114.0,1774.0,1655.0,651.0,702.0,1716.0,1904.0,779.0,1119.0,2164.0,1536.0,1881.0,1648.0,4387.0,4428.0,1554.0,1854.0,5069.0,5569.0,4493.0,4653.0,857.0,1032.0,7345.0,6689.0,8220.0,7879.0,6694.0,7098.0,4608.0,4716.0,4384.0,4828.0,559.0,472.0,524.0,426.0
NDARJR687LGX,2.35,2.534,2.618,2.661,2.666,2.749,1.814,1.846,3.073,3.201,2.756,2.444,2.656,2.555,2.468,2.513,2.928,2.701,2.895,2.93,2.22,2.149,2.129,2.223,2.614,2.448,2.197,1.998,2.408,2.56,2.894,2.789,2.4,2.47,2.808,2.637,2.793,2.607,2.644,2.641,2.663,2.619,1.728,1.499,2.151,2.146,2.327,2.405,2.548,2.672,2.429,2.449,2.988,2.785,2.449,2.43,2.855,2.755,2.251,2.299,2.799,2.683,2.631,2.612,3.185,3.369,2.454,2.486,906.0,870.0,603.0,657.0,2333.0,2173.0,1178.0,1320.0,588.0,496.0,285.0,248.0,2286.0,2857.0,4378.0,4952.0,3419.0,3779.0,2184.0,2130.0,1013.0,896.0,4838.0,4182.0,2734.0,2746.0,3234.0,2675.0,1828.0,1858.0,3482.0,3268.0,1362.0,1378.0,573.0,682.0,1463.0,1887.0,624.0,831.0,1537.0,1481.0,1212.0,1088.0,3563.0,3729.0,1053.0,1322.0,4176.0,4596.0,3772.0,3954.0,517.0,656.0,5486.0,5825.0,6841.0,6520.0,5470.0,5205.0,3727.0,3890.0,3338.0,3432.0,452.0,446.0,405.0,334.0
NDARJT064LRE,2.994,2.945,2.523,2.387,3.024,2.985,2.257,2.034,3.284,3.314,1.864,2.861,2.986,2.818,2.693,2.74,2.749,2.897,3.365,3.5,2.371,2.394,2.321,2.403,3.038,2.768,2.28,2.266,2.703,2.89,3.025,3.049,2.983,3.018,2.905,2.776,3.142,3.236,3.077,2.769,2.685,2.743,1.846,1.97,2.552,2.545,2.664,2.798,2.974,3.102,2.736,2.722,3.066,2.817,2.447,2.594,3.114,3.148,2.484,2.539,3.147,3.097,2.825,2.764,2.881,3.702,3.139,2.953,1174.0,1076.0,623.0,815.0,2103.0,2340.0,1437.0,1591.0,376.0,312.0,302.0,301.0,3656.0,3788.0,6833.0,6656.0,3293.0,3499.0,2846.0,2598.0,1306.0,1242.0,4830.0,4550.0,2632.0,2892.0,3115.0,3154.0,1836.0,1901.0,3841.0,3489.0,1640.0,1427.0,698.0,749.0,1498.0,1753.0,796.0,918.0,1620.0,1429.0,1477.0,1234.0,4810.0,4355.0,1491.0,1186.0,4651.0,4807.0,4322.0,4395.0,669.0,604.0,6089.0,6318.0,8391.0,7925.0,5838.0,5354.0,4258.0,4360.0,4624.0,4630.0,469.0,415.0,434.0,409.0
NDARJT517YHZ,2.534,2.613,2.548,2.792,2.623,2.763,2.388,2.321,2.934,2.768,2.374,2.787,2.832,2.906,2.653,2.668,2.725,2.893,3.124,3.051,2.422,2.315,2.439,2.38,2.915,2.82,2.486,2.443,2.827,2.575,2.94,2.905,3.061,3.195,2.777,2.977,2.761,2.723,3.066,3.011,2.526,2.765,2.095,2.298,2.372,2.31,2.802,2.871,2.777,2.949,2.806,2.878,2.788,2.946,2.609,2.695,2.93,2.857,2.444,2.55,2.9,2.905,2.74,2.689,3.214,3.351,2.746,2.55,785.0,954.0,660.0,558.0,1263.0,1997.0,1391.0,1576.0,628.0,566.0,532.0,277.0,2543.0,3191.0,4024.0,5186.0,2713.0,3161.0,2607.0,1982.0,1128.0,897.0,4999.0,4985.0,2440.0,2518.0,3117.0,2794.0,1550.0,2032.0,3715.0,2986.0,1367.0,1630.0,554.0,585.0,1377.0,1345.0,807.0,930.0,1577.0,1994.0,1782.0,1287.0,3397.0,3370.0,1101.0,1265.0,4300.0,3943.0,3678.0,3937.0,357.0,818.0,5240.0,5475.0,6950.0,7137.0,5222.0,4953.0,3546.0,3867.0,3642.0,2916.0,598.0,618.0,528.0,348.0
NDARJT588ZAX,2.913,2.885,2.292,2.901,3.336,3.329,2.516,2.57,3.396,3.504,3.046,2.644,3.28,3.241,3.054,2.998,3.147,2.94,3.342,3.376,2.13,2.356,2.626,2.684,3.311,3.084,2.807,2.602,2.871,3.411,3.277,3.111,3.13,3.235,3.336,3.511,3.098,3.428,3.436,2.966,3.172,3.082,2.231,2.383,2.463,2.728,2.74,2.645,3.053,3.099,2.972,3.113,2.755,2.999,3.018,3.054,3.304,3.216,2.922,2.705,3.251,3.21,3.041,3.089,3.624,3.533,2.966,3.138,1047.0,1040.0,559.0,666.0,2099.0,2377.0,1587.0,1856.0,425.0,321.0,553.0,527.0,2901.0,3141.0,4892.0,6134.0,3635.0,4118.0,2637.0,2247.0,1040.0,986.0,5425.0,5413.0,2461.0,2796.0,3444.0,3580.0,2004.0,1833.0,3486.0,3020.0,1739.0,1753.0,493.0,566.0,1134.0,1373.0,769.0,940.0,1501.0,1362.0,1660.0,1524.0,4693.0,4802.0,1344.0,1293.0,5661.0,5930.0,4877.0,4615.0,370.0,544.0,6128.0,5828.0,8449.0,8096.0,6120.0,6210.0,3674.0,3722.0,4268.0,4055.0,659.0,633.0,660.0,445.0
NDARJT606WGQ,2.535,2.98,2.689,2.606,2.727,2.753,1.981,2.024,3.441,3.57,3.096,3.207,2.906,2.856,2.704,2.789,2.905,2.841,2.973,3.01,2.595,2.294,2.167,2.345,2.867,2.738,2.243,2.124,2.707,2.69,2.978,2.994,2.694,2.557,2.718,2.579,2.711,2.81,2.919,2.887,2.675,2.761,1.873,1.826,2.164,2.014,2.562,2.579,2.675,2.712,2.638,2.615,2.991,3.083,2.535,2.666,3.037,2.953,2.501,2.485,2.96,2.894,2.779,2.755,3.555,3.391,2.449,2.438,1034.0,1000.0,572.0,823.0,2345.0,2083.0,1476.0,1576.0,355.0,374.0,311.0,225.0,2937.0,2961.0,5029.0,5920.0,3743.0,3718.0,2224.0,2112.0,1041.0,1068.0,4389.0,4693.0,2987.0,3142.0,3075.0,3030.0,1842.0,1859.0,3570.0,3226.0,1312.0,1534.0,612.0,743.0,1253.0,1340.0,756.0,890.0,1652.0,1299.0,1629.0,1489.0,3985.0,3350.0,1526.0,1416.0,4702.0,4905.0,3764.0,3679.0,647.0,715.0,6331.0,5922.0,7274.0,6531.0,5436.0,5403.0,3641.0,4090.0,4161.0,2903.0,515.0,476.0,436.0,275.0
NDARJT615WM7,2.949,3.372,2.203,2.45,2.928,2.987,2.534,2.5,3.682,3.76,3.202,3.454,3.051,3.121,3.024,2.919,3.011,3.226,3.349,3.255,2.656,2.758,2.474,2.614,3.355,3.247,2.597,2.649,3.08,3.144,3.125,3.116,3.154,3.189,2.383,3.058,3.031,2.939,3.265,3.273,2.915,2.921,2.316,2.456,2.677,2.56,2.778,2.94,2.974,2.99,2.974,2.916,2.9,3.021,2.971,2.848,3.313,3.316,2.82,2.821,2.996,3.177,2.982,2.963,3.902,3.784,3.114,2.918,1127.0,1346.0,673.0,1036.0,2515.0,2679.0,1688.0,1786.0,538.0,396.0,374.0,328.0,4047.0,3865.0,6404.0,7180.0,5407.0,5232.0,2990.0,3011.0,1470.0,1399.0,6072.0,6653.0,3597.0,3238.0,3857.0,3243.0,2336.0,2343.0,5114.0,4726.0,1505.0,1693.0,766.0,690.0,2208.0,2718.0,1021.0,1138.0,2134.0,2017.0,1915.0,1645.0,5310.0,5511.0,1632.0,1634.0,6115.0,5410.0,5056.0,5448.0,792.0,1008.0,7102.0,8485.0,9005.0,8813.0,6676.0,6738.0,4369.0,4621.0,6380.0,5180.0,531.0,589.0,561.0,507.0
NDARJU903AZH,2.882,2.873,2.42,2.256,2.986,3.04,2.309,2.184,3.385,3.516,3.411,3.274,2.932,3.087,2.897,2.755,3.216,3.046,3.237,3.315,2.319,2.557,2.312,2.395,3.063,3.049,2.329,2.499,2.898,2.697,3.138,3.073,2.966,2.867,3.018,2.94,3.049,2.921,3.049,3.238,2.904,2.948,2.085,2.224,2.576,2.554,2.61,2.543,2.84,2.901,2.838,2.756,3.069,3.044,2.783,2.797,3.156,3.065,2.519,2.616,3.133,3.122,3.019,2.924,4.273,4.246,2.869,2.768,1484.0,1237.0,1005.0,887.0,2880.0,2648.0,1170.0,1322.0,562.0,376.0,291.0,249.0,2930.0,2987.0,4686.0,6366.0,3382.0,3646.0,2462.0,2348.0,1097.0,1056.0,4039.0,4739.0,2828.0,2540.0,3272.0,2757.0,1938.0,1980.0,4362.0,4413.0,1549.0,1689.0,611.0,671.0,1488.0,2155.0,723.0,976.0,1793.0,1645.0,1623.0,1367.0,4089.0,4774.0,1337.0,1479.0,5652.0,5462.0,3706.0,3928.0,728.0,1076.0,7286.0,7524.0,8061.0,7956.0,5147.0,5442.0,4024.0,4398.0,4921.0,3792.0,453.0,518.0,446.0,345.0
NDARJV062AM0,2.638,3.176,3.265,2.874,3.051,3.143,2.7,2.639,3.543,3.505,3.793,3.217,3.187,3.253,3.124,3.101,3.081,3.259,3.542,3.35,2.592,2.683,2.529,2.775,3.247,3.04,2.77,2.758,3.085,3.154,3.181,3.286,3.133,2.842,3.017,3.428,3.159,3.045,3.399,3.246,3.046,3.012,2.307,2.339,2.767,2.705,2.793,2.623,3.045,3.14,2.996,3.062,3.329,3.251,3.061,3.085,3.42,3.294,2.926,3.052,3.441,3.373,3.069,3.178,4.136,4.22,2.944,3.056,1840.0,1103.0,984.0,971.0,3087.0,2073.0,1632.0,1627.0,582.0,534.0,360.0,307.0,3829.0,4220.0,6361.0,7706.0,4946.0,4229.0,2764.0,2616.0,1478.0,1452.0,5664.0,7072.0,2934.0,3275.0,2742.0,2831.0,2130.0,2009.0,4861.0,4618.0,1504.0,1606.0,668.0,802.0,1339.0,1298.0,750.0,1121.0,1964.0,1412.0,1406.0,1351.0,5096.0,5266.0,1688.0,1799.0,4719.0,5744.0,5567.0,5648.0,731.0,897.0,9461.0,8089.0,8912.0,8687.0,6467.0,6910.0,4732.0,4720.0,5338.0,5064.0,612.0,583.0,406.0,434.0
NDARJV225EYT,3.2,3.432,3.008,2.827,3.25,3.216,2.416,2.38,3.946,3.841,3.231,3.336,3.162,3.192,3.02,3.071,3.009,3.124,3.584,3.468,2.722,2.657,2.56,2.572,3.345,3.1,2.449,2.57,3.111,3.108,3.457,3.269,3.211,2.999,3.232,3.324,3.234,3.199,3.278,3.117,3.252,3.098,2.164,2.276,2.928,2.907,2.62,2.928,3.176,3.187,3.033,3.044,3.098,3.235,3.019,2.921,3.473,3.42,2.876,2.925,3.359,3.317,3.261,3.282,4.133,4.125,3.114,3.145,1319.0,1249.0,756.0,788.0,2121.0,2166.0,1640.0,1651.0,390.0,416.0,318.0,262.0,3434.0,3247.0,5506.0,6448.0,3655.0,3860.0,2432.0,2407.0,1237.0,1110.0,5712.0,5138.0,2554.0,2823.0,2925.0,2729.0,1860.0,2027.0,4229.0,3743.0,1472.0,1426.0,624.0,603.0,1352.0,1772.0,736.0,757.0,1632.0,1520.0,1696.0,1417.0,4435.0,4645.0,1669.0,1591.0,5070.0,4708.0,4957.0,5093.0,705.0,1017.0,7119.0,6467.0,8868.0,8524.0,6142.0,5172.0,3549.0,3987.0,4770.0,4591.0,414.0,404.0,403.0,324.0
NDARJV377HG4,3.023,3.218,3.089,2.901,3.112,3.125,2.858,2.766,3.305,3.507,3.357,3.175,3.088,3.037,3.025,3.042,2.871,3.099,3.588,3.636,2.33,2.335,2.644,2.699,3.178,2.979,2.551,2.547,2.777,2.824,3.097,3.07,3.063,3.197,2.958,3.227,3.29,3.087,3.053,2.849,3.605,3.371,2.525,2.295,2.56,2.593,2.597,2.941,2.958,3.076,3.128,2.932,3.495,3.17,2.975,2.966,3.168,3.116,2.86,2.971,3.37,3.223,2.859,3.109,3.355,3.496,2.964,2.78,903.0,679.0,445.0,352.0,1499.0,1522.0,1199.0,1468.0,594.0,465.0,429.0,428.0,2124.0,2444.0,2998.0,3878.0,2448.0,2486.0,1552.0,1347.0,682.0,728.0,5327.0,5142.0,1851.0,2033.0,2231.0,1947.0,1364.0,1722.0,2425.0,2247.0,1432.0,1493.0,498.0,579.0,1093.0,1132.0,528.0,701.0,877.0,921.0,986.0,1046.0,3580.0,3454.0,814.0,784.0,3744.0,3809.0,2744.0,3115.0,289.0,518.0,5780.0,5975.0,6548.0,6184.0,5348.0,4095.0,2868.0,3456.0,3290.0,2518.0,626.0,534.0,396.0,296.0
NDARJX258XF0,2.867,3.211,2.886,2.685,3.057,2.945,2.439,2.47,3.657,4.062,3.263,3.288,3.141,3.039,3.027,3.103,3.071,3.084,3.375,3.529,2.516,2.672,2.608,2.566,3.169,3.088,2.467,2.587,3.1,3.022,3.344,3.242,3.039,3.021,3.309,3.114,3.167,3.152,3.176,3.104,3.155,3.085,2.15,2.17,2.635,2.682,2.708,3.005,3.096,3.021,2.988,2.997,3.262,3.191,2.881,2.885,3.297,3.237,2.808,2.814,3.388,3.215,3.094,3.156,4.251,3.808,2.848,2.979,1061.0,869.0,744.0,703.0,2945.0,2337.0,1752.0,1796.0,409.0,326.0,280.0,219.0,2684.0,3150.0,4588.0,4837.0,3415.0,4050.0,2219.0,2157.0,1122.0,912.0,5337.0,5214.0,2780.0,2486.0,3538.0,3121.0,1841.0,1787.0,3542.0,2963.0,1498.0,1471.0,624.0,627.0,1457.0,1729.0,652.0,839.0,1749.0,1629.0,1833.0,1600.0,4219.0,4238.0,1260.0,1362.0,4753.0,4824.0,4033.0,3797.0,649.0,848.0,7008.0,6089.0,7304.0,7215.0,6622.0,6036.0,3937.0,4103.0,4527.0,4083.0,417.0,405.0,443.0,358.0
NDARJX421FWR,3.015,2.985,2.819,2.713,2.781,2.791,2.224,2.1,3.326,3.615,2.773,2.851,3.013,2.903,2.728,2.821,3.145,3.149,3.296,3.268,2.507,2.72,2.302,2.449,3.163,3.084,2.452,2.427,3.031,2.966,3.12,3.18,2.809,2.665,2.999,2.987,2.961,2.846,3.247,2.942,2.858,2.801,1.865,2.118,2.46,2.46,2.857,2.82,2.635,2.672,2.639,2.715,3.214,3.02,2.71,2.81,3.115,2.944,2.518,2.583,3.135,3.11,2.824,2.853,3.485,3.862,2.854,2.598,1484.0,1134.0,778.0,976.0,2694.0,2131.0,1585.0,1984.0,557.0,549.0,365.0,315.0,3473.0,3867.0,6226.0,7285.0,4131.0,4537.0,2470.0,2379.0,1170.0,1056.0,7151.0,7129.0,2998.0,2922.0,3811.0,2916.0,2098.0,2203.0,4132.0,4135.0,1693.0,1597.0,668.0,738.0,1487.0,1481.0,792.0,948.0,1522.0,1319.0,1835.0,1407.0,5712.0,5490.0,1539.0,1256.0,5627.0,6212.0,4626.0,4412.0,689.0,843.0,7688.0,5950.0,8662.0,8218.0,6519.0,6247.0,4222.0,4635.0,5086.0,4404.0,571.0,507.0,495.0,449.0
NDARJX505XD6,2.623,3.016,2.497,2.438,3.153,3.175,2.462,2.329,2.826,2.708,2.586,2.746,2.805,2.834,2.968,3.055,2.841,2.831,3.239,3.217,2.596,2.455,2.467,2.543,3.133,3.026,2.366,2.573,2.772,2.889,3.307,2.879,3.314,2.968,3.2,3.224,3.189,2.932,2.85,3.154,3.107,2.993,2.228,2.248,2.587,2.487,2.731,2.643,2.979,2.908,3.059,2.808,2.898,2.865,2.898,2.992,3.15,3.153,2.73,2.712,3.139,2.885,3.081,2.981,2.668,2.952,2.871,2.76,910.0,1020.0,540.0,625.0,2121.0,2012.0,1823.0,1647.0,605.0,525.0,556.0,451.0,2874.0,2544.0,5527.0,5820.0,2840.0,2636.0,3077.0,2872.0,1371.0,1132.0,5778.0,5860.0,2335.0,2340.0,4074.0,4227.0,2055.0,1927.0,3518.0,2926.0,1340.0,1589.0,545.0,787.0,1556.0,1988.0,746.0,903.0,1911.0,1810.0,1718.0,1700.0,4480.0,4828.0,1301.0,1243.0,5291.0,4562.0,4710.0,5049.0,378.0,562.0,5838.0,5773.0,8186.0,8222.0,6302.0,6547.0,4368.0,5658.0,4217.0,4567.0,770.0,667.0,725.0,523.0
NDARJZ167VEZ,2.873,3.027,2.614,2.797,3.127,3.124,2.331,2.269,3.507,3.665,3.333,3.559,3.242,3.303,3.062,3.016,3.208,3.16,3.461,3.548,2.577,2.827,2.693,2.674,3.213,3.194,2.653,2.573,2.877,3.045,3.327,3.221,3.01,3.015,3.012,3.21,3.207,3.225,3.541,3.374,3.071,2.956,2.24,2.395,2.723,2.74,2.73,2.779,3.036,3.15,2.991,3.002,2.834,3.255,2.973,2.931,3.441,3.352,2.668,2.8,3.377,3.257,3.095,3.066,3.87,3.995,2.957,3.092,1365.0,1237.0,486.0,694.0,2972.0,2867.0,1512.0,1623.0,505.0,450.0,349.0,307.0,4035.0,4319.0,5388.0,7075.0,4281.0,3658.0,3296.0,3148.0,1082.0,1009.0,6073.0,6533.0,3172.0,3078.0,3604.0,3148.0,1976.0,2513.0,4523.0,3761.0,1430.0,1695.0,786.0,776.0,1676.0,1638.0,906.0,1177.0,2106.0,1414.0,1538.0,1287.0,4989.0,4274.0,1141.0,1147.0,5013.0,5243.0,4741.0,4713.0,632.0,876.0,7457.0,7460.0,8832.0,8692.0,5611.0,6196.0,4433.0,5547.0,5654.0,4938.0,635.0,425.0,548.0,384.0
NDARJZ526HN3,2.664,3.06,2.694,2.751,3.114,3.233,2.379,2.4,3.335,3.199,2.95,3.072,3.069,3.173,2.903,2.88,3.036,3.104,3.429,3.501,2.545,2.55,2.511,2.583,3.076,2.96,2.538,2.399,2.801,2.8,3.221,2.972,3.168,3.012,3.121,3.369,3.267,3.183,3.16,2.942,3.01,2.811,2.282,2.154,2.455,2.581,2.781,2.851,3.123,3.127,2.861,2.863,3.059,2.891,2.77,2.879,3.36,3.277,2.589,2.729,3.495,3.305,2.857,3.123,3.491,3.636,3.044,3.189,1100.0,1012.0,630.0,1034.0,2188.0,2514.0,1633.0,1785.0,572.0,475.0,340.0,457.0,3374.0,3987.0,5914.0,7899.0,3566.0,3811.0,3247.0,3108.0,1009.0,967.0,5969.0,5652.0,2735.0,2725.0,3365.0,3566.0,2261.0,2187.0,4137.0,3554.0,1807.0,2067.0,717.0,795.0,1584.0,2265.0,823.0,1004.0,1807.0,1247.0,1875.0,1626.0,4702.0,5026.0,1307.0,1385.0,5529.0,5290.0,4905.0,5355.0,705.0,725.0,7440.0,6858.0,9491.0,8476.0,6544.0,6838.0,4746.0,4493.0,4492.0,4060.0,853.0,564.0,736.0,476.0
NDARJZ679KXJ,2.868,2.844,3.471,2.996,2.945,3.109,2.416,2.457,3.657,3.502,2.976,2.559,2.977,3.001,3.029,2.946,2.785,3.055,3.219,3.242,2.531,2.54,2.514,2.507,2.936,2.713,2.584,2.473,2.594,2.582,3.002,2.917,3.071,3.035,3.209,3.554,3.056,3.044,2.801,3.153,2.959,3.115,2.348,2.253,2.508,2.541,2.545,3.044,2.967,3.027,2.907,2.962,2.802,3.372,2.858,2.817,2.971,3.035,2.793,2.699,3.146,3.173,3.122,2.952,3.54,3.444,3.418,2.874,954.0,1023.0,525.0,558.0,2150.0,2016.0,1756.0,1883.0,452.0,397.0,447.0,447.0,2935.0,2953.0,3655.0,5097.0,2771.0,2574.0,2279.0,2289.0,1017.0,939.0,4601.0,4859.0,2417.0,2428.0,3388.0,3044.0,1887.0,2014.0,2822.0,2531.0,1292.0,1493.0,482.0,551.0,1207.0,1406.0,565.0,762.0,1640.0,1336.0,1593.0,1453.0,3883.0,3546.0,1058.0,954.0,4692.0,4607.0,3281.0,3535.0,504.0,815.0,4765.0,5140.0,7985.0,7787.0,4973.0,5040.0,3315.0,4319.0,4033.0,3518.0,664.0,614.0,526.0,400.0
NDARJZ888UX6,2.744,2.952,2.788,3.074,3.032,3.11,2.564,2.395,3.662,3.974,3.399,3.696,3.083,3.239,3.031,3.083,3.237,3.099,3.414,3.17,2.564,2.852,2.672,2.659,2.827,3.1,2.614,2.579,2.882,2.995,3.237,3.444,3.032,2.932,3.383,3.245,3.093,2.765,3.112,3.426,3.094,2.851,2.287,2.432,2.687,2.599,2.863,2.832,3.028,2.948,3.073,2.898,3.19,3.112,3.021,2.82,3.386,3.304,2.868,2.899,2.982,3.269,3.103,2.974,3.79,3.943,3.076,2.973,1039.0,890.0,557.0,769.0,2512.0,2297.0,1254.0,1530.0,565.0,460.0,281.0,204.0,3074.0,3102.0,4388.0,4604.0,3042.0,2640.0,2362.0,2709.0,1066.0,934.0,4931.0,5198.0,3213.0,2758.0,2765.0,2678.0,1996.0,1931.0,3408.0,2851.0,1363.0,1531.0,650.0,755.0,1181.0,1671.0,780.0,801.0,1327.0,1293.0,1391.0,1186.0,4019.0,3759.0,1184.0,1475.0,5158.0,4751.0,3539.0,3885.0,570.0,790.0,6559.0,6419.0,8202.0,7975.0,5030.0,4828.0,4100.0,4630.0,4230.0,4290.0,501.0,450.0,429.0,325.0
NDARKA429EPF,2.719,2.971,2.599,2.574,2.717,2.795,2.183,2.194,3.262,3.397,3.084,3.035,3.034,2.9,2.705,2.759,3.117,3.013,3.255,3.106,2.626,2.609,2.353,2.448,2.952,2.827,2.422,2.295,2.745,2.595,3.202,3.097,2.655,2.69,2.689,2.706,2.716,2.89,2.946,3.074,2.615,2.816,1.835,1.929,2.312,2.248,2.587,2.661,2.705,2.739,2.581,2.625,2.904,3.0,2.7,2.689,2.966,2.898,2.543,2.581,3.198,3.157,2.883,2.845,3.698,3.784,3.03,2.722,1129.0,915.0,585.0,979.0,3053.0,2418.0,1750.0,1934.0,440.0,450.0,332.0,266.0,3719.0,3438.0,5420.0,5829.0,3456.0,3213.0,2537.0,2730.0,1176.0,1163.0,6319.0,5490.0,3466.0,3334.0,3544.0,3263.0,1896.0,2270.0,3560.0,3399.0,1498.0,1734.0,639.0,665.0,1332.0,1794.0,923.0,991.0,1890.0,1702.0,1925.0,1473.0,3911.0,4122.0,1930.0,1287.0,4806.0,4597.0,4986.0,4981.0,749.0,910.0,7519.0,7574.0,8529.0,8987.0,5856.0,6375.0,4143.0,4725.0,4850.0,4559.0,473.0,411.0,491.0,412.0
NDARKB290YNY,2.748,2.995,3.179,2.49,3.351,3.151,2.604,2.297,3.589,3.622,3.148,3.453,3.045,3.013,3.166,2.974,3.166,3.104,3.212,3.451,2.782,2.722,2.67,2.58,3.042,2.83,2.376,2.627,2.871,2.683,3.47,3.495,3.149,3.055,2.921,2.941,3.09,3.353,3.298,3.224,3.075,3.007,2.474,2.494,2.752,2.803,2.537,2.807,3.236,3.243,2.959,2.897,3.209,3.475,2.865,3.061,3.463,3.321,2.763,2.854,3.208,3.295,3.173,3.094,4.093,3.931,3.158,3.131,1111.0,950.0,818.0,747.0,2535.0,2758.0,2249.0,2264.0,451.0,465.0,335.0,281.0,4075.0,4073.0,5760.0,5809.0,3374.0,3646.0,3164.0,2626.0,1399.0,1185.0,6161.0,5491.0,3103.0,3615.0,3582.0,3349.0,1900.0,2228.0,4045.0,3725.0,1827.0,2050.0,651.0,646.0,1520.0,2324.0,706.0,1060.0,1932.0,1757.0,2444.0,2159.0,3894.0,4193.0,1529.0,1645.0,5291.0,4708.0,4905.0,5151.0,727.0,1024.0,7495.0,7514.0,9610.0,9481.0,7094.0,7190.0,5045.0,4868.0,4296.0,5281.0,534.0,546.0,481.0,432.0
NDARKB421MTA,3.008,3.41,2.837,2.695,3.277,3.368,2.65,2.658,4.451,4.169,3.781,3.526,3.444,3.174,3.297,3.458,3.326,3.172,3.624,3.729,2.789,2.861,2.822,2.823,3.285,3.307,2.688,2.589,3.073,3.177,3.741,3.5,2.89,2.934,3.557,3.664,3.518,2.936,3.562,3.543,3.36,3.258,2.527,2.552,2.832,2.754,2.858,2.883,3.216,3.123,3.028,3.153,3.223,3.51,3.281,3.141,3.618,3.608,2.982,2.848,3.489,3.495,3.293,3.258,4.107,4.148,3.055,3.266,1155.0,1130.0,566.0,634.0,2567.0,1904.0,1356.0,1510.0,360.0,372.0,258.0,262.0,3007.0,3527.0,4397.0,5102.0,3170.0,3307.0,2038.0,2145.0,980.0,991.0,5030.0,4670.0,2394.0,2480.0,2874.0,2745.0,1750.0,1803.0,3681.0,3445.0,1338.0,1438.0,575.0,749.0,1326.0,1320.0,657.0,967.0,1623.0,1293.0,1545.0,1282.0,4043.0,3741.0,1388.0,1174.0,4666.0,4934.0,3357.0,3621.0,528.0,510.0,5911.0,5840.0,7291.0,6382.0,4926.0,5172.0,3397.0,3653.0,3867.0,4033.0,428.0,439.0,412.0,322.0
NDARKB614KGY,2.703,3.326,1.961,2.076,2.82,2.628,2.227,2.308,3.199,2.745,2.315,2.427,2.895,3.01,2.66,2.815,2.743,2.717,3.081,3.072,2.29,2.43,2.37,2.3,3.148,2.99,2.441,2.439,2.634,2.865,3.128,2.854,3.082,2.985,3.093,3.257,3.032,2.874,2.893,2.74,2.56,2.699,2.181,2.058,2.392,2.506,2.602,2.819,2.878,2.881,2.743,2.688,2.556,2.547,2.617,2.755,2.978,2.951,2.572,2.451,3.116,2.869,2.787,2.916,3.062,2.856,2.954,3.375,1006.0,860.0,534.0,818.0,2403.0,1888.0,1765.0,2224.0,561.0,465.0,687.0,556.0,2853.0,2734.0,4318.0,5615.0,3317.0,3286.0,2883.0,2623.0,1099.0,881.0,5227.0,5132.0,2505.0,2412.0,3329.0,3373.0,2083.0,1958.0,3632.0,3008.0,1469.0,1491.0,564.0,505.0,1097.0,1537.0,760.0,913.0,1487.0,1170.0,1843.0,1725.0,4543.0,4281.0,1013.0,1081.0,4766.0,4925.0,5019.0,4279.0,646.0,435.0,5664.0,4936.0,7576.0,7233.0,6697.0,6263.0,3652.0,4150.0,6002.0,4286.0,771.0,586.0,495.0,377.0
NDARKC220LZG,3.022,3.086,2.253,2.417,2.987,3.273,2.529,2.423,4.001,4.243,3.467,3.579,3.265,3.115,3.133,3.085,3.193,3.293,3.304,3.533,2.629,2.997,2.566,2.585,3.183,2.929,2.536,2.613,2.737,2.863,3.511,3.279,3.086,3.162,3.185,3.316,3.311,3.267,3.341,3.459,3.227,2.974,2.24,2.219,2.584,2.644,2.718,2.71,3.139,3.003,2.937,3.026,3.19,3.252,2.99,2.865,3.418,3.379,2.823,2.853,3.441,3.407,3.049,3.167,3.78,3.947,3.549,3.145,1172.0,975.0,597.0,842.0,2849.0,2222.0,2004.0,2034.0,720.0,487.0,343.0,316.0,3733.0,3343.0,5718.0,7131.0,4244.0,4231.0,2857.0,2662.0,1370.0,1498.0,5696.0,5233.0,3286.0,3680.0,3960.0,3705.0,1943.0,2325.0,4401.0,4173.0,1847.0,1508.0,608.0,677.0,1645.0,1942.0,939.0,1033.0,2049.0,1728.0,2169.0,1791.0,4515.0,4345.0,1508.0,1439.0,5238.0,5857.0,4220.0,4646.0,847.0,867.0,8872.0,8152.0,9455.0,8346.0,7146.0,6815.0,4277.0,5086.0,4939.0,4601.0,506.0,483.0,459.0,415.0
NDARKC880ZHY,2.643,2.646,2.716,2.787,2.736,2.74,2.212,2.21,2.695,2.634,2.138,2.221,2.701,2.613,2.606,2.576,2.607,2.498,3.188,2.969,2.294,2.332,2.197,2.224,2.653,2.491,2.232,2.273,2.462,2.317,2.751,2.879,2.723,2.812,2.605,2.87,2.732,2.943,2.491,2.497,2.632,2.719,2.06,2.023,2.289,2.287,2.625,2.74,2.787,2.79,2.584,2.498,3.146,2.863,2.274,2.421,2.846,2.773,2.394,2.386,2.852,2.991,2.797,2.721,2.63,2.804,2.721,2.636,1064.0,869.0,499.0,617.0,2767.0,2562.0,1550.0,1803.0,443.0,497.0,416.0,310.0,3203.0,2712.0,4795.0,5106.0,2583.0,2976.0,2614.0,2135.0,1190.0,813.0,4897.0,4633.0,2706.0,2711.0,3234.0,3228.0,1605.0,2183.0,3340.0,3093.0,1333.0,1484.0,539.0,647.0,1586.0,1439.0,653.0,792.0,1497.0,1325.0,1973.0,1572.0,4066.0,4113.0,1162.0,1059.0,4974.0,4968.0,4094.0,4202.0,435.0,903.0,5913.0,5801.0,7073.0,7185.0,5999.0,5970.0,4014.0,4577.0,4303.0,4682.0,532.0,548.0,509.0,473.0
NDARKC978MR4,2.88,2.855,2.346,2.826,3.08,3.179,2.311,2.416,4.0,3.799,3.505,3.134,3.164,3.088,2.975,2.992,3.262,3.244,3.528,3.302,2.931,2.866,2.62,2.649,3.135,3.134,2.669,2.558,3.062,3.084,3.191,3.252,2.941,3.125,3.527,3.778,3.373,3.146,3.436,3.361,3.085,3.25,2.419,2.386,2.588,2.658,2.891,2.77,3.15,3.101,2.961,2.946,3.081,3.203,2.965,2.792,3.186,3.306,2.79,2.755,3.242,3.247,2.934,3.152,4.418,4.261,2.992,3.115,865.0,870.0,518.0,681.0,2046.0,1608.0,1349.0,1367.0,370.0,330.0,263.0,230.0,2397.0,2411.0,4318.0,5033.0,2730.0,2804.0,1942.0,1892.0,880.0,884.0,4300.0,4567.0,2168.0,2375.0,2675.0,2661.0,1371.0,1619.0,3061.0,2628.0,1356.0,1234.0,548.0,519.0,1111.0,1374.0,559.0,770.0,1300.0,1071.0,1424.0,1247.0,3742.0,3570.0,1030.0,1173.0,4242.0,4533.0,3762.0,3768.0,475.0,544.0,5771.0,4636.0,6351.0,5579.0,5442.0,5110.0,3128.0,3546.0,4182.0,3041.0,401.0,383.0,454.0,262.0
NDARKD064EVC,3.059,3.141,2.52,2.365,3.164,3.267,2.372,2.3,3.354,3.51,2.874,2.879,2.985,3.127,2.986,2.881,2.909,2.886,3.341,3.437,2.394,2.481,2.556,2.525,2.943,2.984,2.43,2.457,2.908,2.95,3.171,3.185,3.103,2.981,3.004,3.212,3.099,3.001,3.2,3.154,2.923,3.036,2.092,2.129,2.482,2.592,2.46,2.671,3.076,3.132,2.834,2.869,2.66,3.218,2.766,2.849,3.307,3.317,2.657,2.737,3.229,3.209,3.025,3.04,3.626,3.414,2.813,2.835,1281.0,978.0,834.0,703.0,2844.0,2217.0,1221.0,1416.0,569.0,442.0,347.0,343.0,3248.0,3577.0,4788.0,6848.0,4118.0,4145.0,2554.0,2288.0,1312.0,1066.0,4971.0,4323.0,3199.0,3245.0,3370.0,2564.0,1975.0,2030.0,4389.0,3819.0,1598.0,1658.0,661.0,700.0,1715.0,1708.0,910.0,900.0,2364.0,1827.0,1220.0,986.0,4832.0,4737.0,1176.0,1555.0,5571.0,5498.0,4212.0,4867.0,632.0,932.0,6895.0,6881.0,8038.0,7784.0,6436.0,6682.0,3983.0,4300.0,5110.0,3916.0,545.0,493.0,469.0,390.0
NDARKD124UHN,2.867,2.958,2.74,2.657,2.911,2.881,2.377,2.284,3.738,3.74,3.631,3.706,3.117,3.074,3.01,3.021,3.183,3.424,3.436,3.411,2.538,2.617,2.4,2.58,3.189,3.151,2.307,2.542,3.133,3.166,3.222,3.247,2.788,2.91,3.16,3.554,3.149,3.189,3.509,3.335,2.97,3.199,1.976,1.975,2.46,2.585,2.885,2.687,2.904,2.826,3.016,3.004,3.309,3.284,2.977,3.052,3.404,3.402,2.8,2.774,3.347,3.297,3.131,3.086,3.769,4.501,3.07,3.012,1239.0,1208.0,786.0,545.0,2293.0,2288.0,1467.0,1694.0,671.0,618.0,332.0,266.0,3063.0,3429.0,5529.0,6692.0,4083.0,3736.0,2728.0,2585.0,943.0,853.0,5928.0,5176.0,2921.0,2717.0,2584.0,2753.0,1635.0,2138.0,4179.0,3620.0,1453.0,1408.0,684.0,740.0,1402.0,1219.0,748.0,895.0,1533.0,1372.0,1547.0,1256.0,3841.0,4403.0,927.0,1549.0,4886.0,4853.0,3629.0,4142.0,624.0,820.0,6707.0,7373.0,6872.0,6998.0,5055.0,5752.0,3769.0,4386.0,4247.0,3935.0,448.0,533.0,450.0,335.0
NDARKD134TCX,3.161,3.013,2.872,2.832,3.185,3.233,2.373,2.314,3.397,3.379,2.905,3.205,3.072,3.077,2.938,2.872,3.124,3.079,3.259,3.193,2.571,2.33,2.508,2.49,3.087,2.991,2.348,2.421,2.813,2.968,3.371,3.113,3.184,3.253,3.006,2.845,3.165,3.098,3.255,3.093,2.843,3.156,2.028,2.161,2.634,2.631,2.916,3.042,2.958,3.032,3.12,2.958,3.082,3.096,2.873,2.992,3.2,3.125,2.755,2.753,3.197,3.366,3.006,3.073,3.353,3.393,3.134,3.018,1532.0,1422.0,619.0,816.0,2482.0,2103.0,1415.0,1450.0,631.0,457.0,496.0,431.0,3548.0,3709.0,6738.0,6210.0,2790.0,3249.0,2601.0,2221.0,866.0,1055.0,4970.0,5424.0,2670.0,2945.0,3740.0,3359.0,2160.0,2257.0,4283.0,3499.0,1716.0,1955.0,649.0,638.0,1346.0,1701.0,736.0,976.0,1297.0,1245.0,1607.0,1489.0,4299.0,4762.0,1533.0,1417.0,4970.0,4582.0,4400.0,4723.0,517.0,812.0,6603.0,6409.0,8483.0,7950.0,6050.0,6213.0,4753.0,4784.0,4785.0,4848.0,753.0,731.0,500.0,451.0
NDARKD590VF4,2.846,3.124,2.693,2.542,3.322,3.065,2.545,2.729,3.628,3.73,3.529,3.713,3.327,3.223,3.114,3.076,3.317,3.248,3.443,3.24,2.591,2.569,2.755,2.765,3.306,3.25,2.541,2.568,3.055,3.162,3.421,3.531,3.149,3.087,3.097,3.358,3.122,3.17,3.688,3.211,3.31,3.167,2.258,2.33,2.93,2.754,2.801,2.68,3.214,3.191,2.993,2.94,3.135,2.887,2.944,2.925,3.425,3.375,2.781,2.909,3.507,3.529,3.152,3.149,4.129,4.056,3.494,3.432,1172.0,1117.0,828.0,771.0,2809.0,3002.0,1474.0,1420.0,560.0,471.0,299.0,266.0,3113.0,3804.0,5174.0,6153.0,3688.0,3203.0,2632.0,2670.0,1174.0,1208.0,5205.0,5449.0,3172.0,2764.0,2862.0,2641.0,1999.0,1899.0,3935.0,3318.0,1401.0,1449.0,656.0,748.0,1795.0,2288.0,776.0,1006.0,1761.0,1480.0,1636.0,1503.0,4187.0,3896.0,1185.0,1310.0,5561.0,4991.0,4239.0,4560.0,773.0,836.0,7302.0,6769.0,8536.0,8014.0,5823.0,5983.0,4248.0,4340.0,4279.0,3819.0,438.0,453.0,474.0,339.0
NDARKE358TFU,2.936,2.764,2.889,2.942,3.101,2.945,2.918,2.636,3.457,3.511,3.657,3.846,2.991,3.061,3.003,3.028,3.114,3.16,3.409,3.73,2.724,2.94,2.638,2.799,3.374,3.427,2.602,2.593,3.301,3.182,3.351,3.447,2.986,2.754,3.211,3.292,2.995,3.144,3.534,3.122,3.142,2.915,2.425,2.393,2.764,2.624,2.795,2.863,2.956,3.095,3.127,2.917,3.552,3.438,3.074,3.013,3.399,3.229,2.812,2.957,3.45,3.411,3.187,3.064,4.507,4.168,3.082,3.177,1060.0,980.0,575.0,799.0,2177.0,2198.0,1558.0,1449.0,427.0,415.0,305.0,254.0,2577.0,2585.0,4088.0,5492.0,3131.0,3181.0,2474.0,2538.0,991.0,888.0,4571.0,5360.0,3015.0,2576.0,2888.0,2670.0,1884.0,1784.0,3645.0,3525.0,1602.0,1633.0,566.0,662.0,1358.0,1754.0,746.0,1017.0,1732.0,1449.0,1101.0,1019.0,4235.0,4028.0,1332.0,1214.0,5234.0,5830.0,3457.0,3391.0,633.0,685.0,6252.0,5910.0,8338.0,8225.0,5267.0,5212.0,4389.0,4819.0,4622.0,3728.0,466.0,444.0,499.0,410.0
NDARKE726AMA,3.023,3.347,2.007,2.385,3.337,3.312,2.507,2.548,3.241,2.959,3.001,3.309,3.244,3.27,3.237,3.031,2.977,3.203,3.356,3.458,2.218,1.961,2.588,2.591,3.258,3.137,2.636,2.672,2.984,3.157,3.282,3.371,3.212,3.308,3.072,3.139,3.025,3.007,3.253,2.766,3.284,3.342,2.394,2.405,2.716,2.72,2.747,2.847,3.174,3.197,3.172,3.166,3.088,2.739,2.992,3.086,3.477,3.533,2.911,3.031,3.156,3.391,3.258,2.764,3.664,3.322,2.8,3.094,922.0,872.0,453.0,618.0,1898.0,1457.0,1293.0,1432.0,395.0,393.0,520.0,513.0,2583.0,2619.0,3727.0,4802.0,2554.0,2505.0,2286.0,2061.0,817.0,800.0,4527.0,4083.0,2586.0,2446.0,2359.0,2454.0,1968.0,1819.0,3409.0,2955.0,1382.0,1272.0,552.0,608.0,1380.0,1588.0,604.0,611.0,1512.0,1187.0,1166.0,1040.0,4342.0,3538.0,1161.0,943.0,4109.0,4574.0,3603.0,3817.0,309.0,537.0,5913.0,5265.0,7235.0,6797.0,5301.0,5133.0,4526.0,4344.0,4002.0,4255.0,645.0,677.0,629.0,436.0
NDARKF442GZ5,2.771,3.335,2.85,2.331,3.024,3.103,2.262,2.325,3.509,3.807,3.336,2.99,3.053,2.932,2.825,3.031,3.329,2.995,3.242,3.377,2.366,2.366,2.563,2.674,3.162,2.978,2.385,2.347,2.65,2.919,3.199,3.184,2.941,3.003,3.435,3.227,2.956,2.888,3.131,3.178,2.85,2.743,2.175,2.16,2.575,2.591,2.521,2.604,3.055,3.007,2.875,2.904,3.029,3.049,2.801,2.768,3.32,3.247,2.67,2.729,3.221,3.263,2.991,3.033,3.906,4.046,3.137,3.147,1188.0,1178.0,940.0,880.0,2754.0,2108.0,1407.0,1691.0,546.0,450.0,333.0,305.0,3468.0,3595.0,5632.0,6320.0,3975.0,4106.0,2522.0,2351.0,1230.0,1057.0,4917.0,4895.0,2918.0,3027.0,3967.0,3308.0,1959.0,2161.0,4160.0,3903.0,1316.0,1420.0,636.0,667.0,1786.0,1628.0,825.0,965.0,1887.0,1456.0,1877.0,1544.0,5104.0,4506.0,1303.0,1252.0,4821.0,4775.0,4364.0,4331.0,603.0,1018.0,7391.0,6784.0,7732.0,7686.0,6247.0,6231.0,3734.0,4159.0,4672.0,4542.0,566.0,495.0,415.0,346.0
NDARKF615JNZ,2.532,2.761,2.673,2.567,2.778,2.798,2.146,2.194,3.165,3.348,2.926,2.871,2.971,2.821,2.724,2.812,3.024,2.978,3.159,2.923,2.326,2.538,2.397,2.449,2.847,2.763,2.245,2.251,2.565,2.743,3.208,2.969,2.645,2.786,3.049,3.04,2.707,2.772,3.003,3.194,2.67,2.716,1.855,1.894,2.39,2.341,2.549,2.528,2.786,2.73,2.658,2.638,2.847,2.98,2.695,2.664,2.943,2.972,2.495,2.469,3.059,2.907,2.815,2.952,3.688,3.702,2.751,2.659,994.0,1108.0,525.0,963.0,2480.0,2955.0,1351.0,1459.0,361.0,326.0,236.0,266.0,3188.0,3063.0,5000.0,6188.0,3423.0,3726.0,2310.0,2728.0,1028.0,932.0,4843.0,4574.0,2905.0,2809.0,2945.0,2835.0,1752.0,2019.0,4123.0,3703.0,1388.0,1563.0,595.0,626.0,1471.0,1468.0,712.0,699.0,1658.0,1371.0,1528.0,1351.0,4306.0,3540.0,1423.0,1120.0,5165.0,4786.0,3868.0,3938.0,766.0,874.0,5903.0,7523.0,7846.0,6573.0,5227.0,5022.0,4097.0,4722.0,4029.0,3678.0,453.0,391.0,510.0,383.0
NDARKF779EK2,2.959,2.838,2.419,2.058,2.827,3.085,2.563,2.508,3.068,3.126,2.521,2.972,3.034,3.085,2.995,2.94,2.918,2.9,3.336,3.324,2.598,2.647,2.516,2.515,3.048,2.831,2.534,2.583,2.808,3.004,3.334,3.228,3.131,3.233,3.137,3.343,3.246,3.221,2.988,3.088,3.17,2.954,2.224,2.124,2.709,2.635,3.025,2.883,3.032,2.993,3.06,3.076,2.66,3.186,2.822,2.794,3.167,3.205,2.678,2.67,3.256,3.23,2.955,2.975,3.093,3.298,3.003,3.027,1143.0,799.0,544.0,464.0,2177.0,2199.0,1407.0,1570.0,401.0,451.0,498.0,411.0,2713.0,3057.0,5278.0,6168.0,3126.0,3140.0,2466.0,2257.0,971.0,807.0,5457.0,5176.0,2258.0,2082.0,3380.0,3096.0,1680.0,1903.0,3597.0,3265.0,1287.0,1775.0,478.0,515.0,1347.0,1467.0,637.0,758.0,1551.0,1485.0,1638.0,1483.0,4642.0,4576.0,1052.0,1008.0,4933.0,4960.0,3771.0,4191.0,268.0,478.0,6013.0,5621.0,8892.0,7916.0,4788.0,5810.0,3854.0,4137.0,3876.0,4012.0,502.0,531.0,578.0,422.0
NDARKF899ZUB,2.88,2.819,2.975,2.981,3.085,3.159,2.377,2.202,3.469,3.524,3.002,3.267,3.202,3.034,2.828,2.951,3.128,2.979,3.205,3.148,2.514,2.865,2.492,2.449,3.104,2.986,2.4,2.376,2.634,2.849,3.057,3.095,2.897,2.785,2.802,3.043,3.163,3.084,2.999,3.304,2.933,2.75,2.144,2.16,2.489,2.4,3.111,2.731,3.01,3.13,2.753,2.696,3.21,3.028,2.856,2.771,3.216,3.215,2.573,2.703,3.23,2.936,2.901,2.95,3.392,3.901,2.884,3.043,1059.0,1121.0,686.0,490.0,2094.0,1862.0,1546.0,1728.0,326.0,321.0,306.0,235.0,3161.0,3253.0,4722.0,6073.0,3581.0,3915.0,2652.0,2451.0,1103.0,805.0,5247.0,5441.0,2673.0,2594.0,2924.0,2717.0,1558.0,1929.0,4007.0,3550.0,1194.0,1475.0,705.0,693.0,1607.0,1904.0,608.0,915.0,1864.0,1342.0,1684.0,1404.0,3843.0,3774.0,1049.0,1067.0,4616.0,4516.0,3955.0,3924.0,405.0,792.0,5581.0,5461.0,7184.0,7051.0,6004.0,5778.0,3860.0,4356.0,3513.0,3249.0,440.0,303.0,455.0,335.0
NDARKF909WM5,2.54,2.611,2.278,2.103,2.72,2.55,1.754,1.755,3.234,2.565,2.103,2.797,2.834,2.927,2.404,2.653,2.818,2.663,3.285,3.232,2.509,2.329,1.691,2.042,2.844,2.759,2.263,2.402,2.637,2.48,3.012,2.792,2.785,2.519,2.583,3.47,3.022,2.878,2.873,2.695,2.775,2.775,1.742,1.824,2.016,2.179,2.55,2.892,2.607,2.615,2.629,2.495,2.892,2.931,2.464,2.232,2.94,2.778,2.189,2.03,2.964,2.97,2.514,2.846,2.896,3.074,2.95,3.117,1175.0,1102.0,768.0,624.0,2389.0,2625.0,1666.0,1892.0,411.0,380.0,324.0,315.0,3142.0,3156.0,5080.0,5379.0,3710.0,4001.0,2500.0,2260.0,1150.0,1108.0,4928.0,5635.0,2702.0,2891.0,3480.0,3604.0,2091.0,2109.0,4031.0,3561.0,1408.0,1409.0,669.0,663.0,1733.0,2469.0,724.0,960.0,1879.0,1836.0,2064.0,1711.0,4531.0,4517.0,1515.0,1466.0,5163.0,4891.0,4401.0,4662.0,424.0,813.0,5071.0,5291.0,7061.0,7623.0,5945.0,6625.0,3675.0,3563.0,4838.0,4096.0,584.0,493.0,520.0,366.0
NDARKG785VAJ,2.776,3.109,2.505,2.894,2.822,2.675,2.167,2.161,3.078,3.442,3.816,3.463,2.916,2.845,2.797,2.745,2.991,2.916,3.346,3.266,2.443,2.462,2.385,2.25,3.169,3.016,2.215,2.241,3.111,2.944,3.13,3.167,2.611,2.393,2.721,2.56,3.026,3.051,3.197,3.091,2.857,3.068,1.939,1.825,2.28,2.617,2.491,2.525,2.236,2.7,2.662,2.62,2.941,3.156,2.683,2.822,3.117,2.93,2.271,2.484,3.005,2.907,2.89,2.79,3.95,3.674,2.567,2.48,1707.0,1150.0,552.0,497.0,2006.0,3325.0,1827.0,1822.0,283.0,331.0,304.0,248.0,3441.0,3091.0,6025.0,5367.0,3315.0,2955.0,2141.0,2183.0,1378.0,1027.0,6322.0,5308.0,2433.0,2378.0,3798.0,3284.0,1678.0,1842.0,3567.0,3579.0,1348.0,1492.0,727.0,714.0,1655.0,1815.0,635.0,800.0,1707.0,1456.0,2135.0,1803.0,4786.0,3593.0,1316.0,1297.0,5715.0,4889.0,4139.0,3637.0,540.0,676.0,7178.0,5848.0,8220.0,9520.0,4399.0,5427.0,4022.0,4301.0,4962.0,3060.0,500.0,459.0,386.0,426.0
NDARKG859AGN,2.654,3.082,2.34,2.633,3.105,3.152,2.409,2.322,2.687,2.721,2.796,3.158,2.847,2.714,2.861,2.756,2.787,2.898,3.067,3.172,2.357,2.323,2.337,2.465,2.88,2.895,2.305,2.238,2.809,2.697,2.81,2.834,2.87,2.859,2.828,2.914,3.025,3.099,3.275,3.063,2.892,2.902,2.176,2.088,2.435,2.485,2.62,2.67,2.932,3.139,2.75,2.756,2.862,3.11,2.827,2.87,3.287,3.235,2.672,2.717,3.04,2.885,2.911,2.977,3.072,3.201,2.605,2.831,888.0,880.0,570.0,789.0,2830.0,1912.0,1280.0,1461.0,660.0,531.0,500.0,290.0,3355.0,3597.0,4683.0,5494.0,3526.0,3661.0,2906.0,2516.0,1222.0,1004.0,4124.0,4414.0,3654.0,3047.0,3154.0,2992.0,1858.0,2453.0,3436.0,3202.0,1535.0,1578.0,548.0,624.0,1605.0,1991.0,867.0,1155.0,2238.0,1629.0,1851.0,1811.0,4436.0,4829.0,1301.0,1290.0,5069.0,5080.0,4422.0,4719.0,481.0,823.0,7705.0,6997.0,7888.0,7227.0,5689.0,5705.0,3876.0,4415.0,4674.0,4141.0,540.0,643.0,627.0,445.0
NDARKH168MC1,2.869,3.025,2.544,2.521,3.162,3.214,2.399,2.252,3.523,3.526,3.168,3.535,2.97,3.072,3.036,3.049,3.252,2.901,3.305,3.378,2.518,2.478,2.54,2.61,2.987,3.064,2.387,2.336,2.611,2.502,3.338,3.269,3.213,3.128,3.015,3.376,3.128,3.094,3.372,3.176,2.956,3.019,1.944,2.179,2.42,2.53,2.762,2.652,3.102,2.98,2.899,2.855,2.852,3.22,2.838,2.791,3.367,3.329,2.694,2.772,3.326,3.201,3.126,3.219,4.156,4.226,2.937,3.037,1155.0,851.0,833.0,660.0,2201.0,2291.0,1455.0,1694.0,482.0,442.0,282.0,249.0,3499.0,3560.0,4759.0,5434.0,3288.0,3435.0,2864.0,2879.0,1067.0,904.0,5890.0,4949.0,2864.0,2315.0,3201.0,3327.0,1703.0,1962.0,3885.0,3392.0,1329.0,1583.0,693.0,757.0,1678.0,2346.0,734.0,911.0,1800.0,1745.0,1731.0,1507.0,3919.0,4260.0,1268.0,1417.0,4780.0,4876.0,3628.0,4201.0,661.0,823.0,6804.0,6657.0,7546.0,7717.0,5620.0,5764.0,3949.0,4187.0,3885.0,3879.0,408.0,449.0,478.0,362.0
NDARKH171DG8,2.846,2.877,2.791,2.386,3.117,3.333,2.515,2.355,3.237,3.231,2.757,3.051,3.076,3.2,2.966,2.84,2.93,3.099,3.63,3.357,2.71,2.568,2.699,2.465,3.042,2.905,2.623,2.539,2.795,2.881,3.122,3.181,3.115,2.863,2.804,3.216,2.917,3.001,3.154,2.85,2.778,2.974,2.375,2.402,2.597,2.549,2.542,2.829,3.011,3.165,2.859,2.874,3.291,3.046,2.682,2.766,3.259,3.148,2.723,2.756,3.17,3.221,2.938,2.973,3.013,3.68,2.903,2.989,1021.0,1172.0,554.0,665.0,2300.0,1932.0,1483.0,1601.0,464.0,461.0,505.0,336.0,3607.0,2948.0,5007.0,6157.0,3362.0,3319.0,2519.0,2230.0,1016.0,909.0,4956.0,5210.0,2675.0,2793.0,2768.0,3006.0,2153.0,2219.0,3773.0,3560.0,1290.0,1428.0,601.0,606.0,1776.0,1542.0,794.0,870.0,2013.0,1653.0,1404.0,1424.0,4588.0,4192.0,1213.0,1209.0,5211.0,5431.0,4297.0,4640.0,529.0,910.0,6251.0,6441.0,8185.0,8533.0,5258.0,5428.0,4431.0,4578.0,4408.0,3531.0,411.0,589.0,526.0,418.0
NDARKH944KVE,3.269,3.306,2.806,2.509,3.169,3.264,2.324,2.355,3.946,3.575,3.208,3.769,3.223,3.292,3.131,3.09,3.187,3.26,3.461,3.559,2.623,2.641,2.662,2.667,3.165,3.237,2.441,2.531,2.991,3.13,3.444,3.325,3.179,3.22,3.213,3.377,3.324,3.417,3.53,3.68,2.874,3.082,2.258,2.306,2.839,2.766,2.548,2.597,3.249,3.296,3.087,3.052,3.303,3.427,3.025,2.873,3.561,3.431,2.828,2.853,3.527,3.375,3.294,3.26,3.733,4.162,3.271,3.115,1067.0,925.0,463.0,649.0,1695.0,1920.0,1135.0,1410.0,294.0,279.0,278.0,200.0,2738.0,2687.0,4376.0,4789.0,2422.0,2750.0,2054.0,1991.0,867.0,876.0,3784.0,4029.0,2420.0,2105.0,2414.0,2347.0,1262.0,1547.0,3042.0,2714.0,1209.0,1136.0,504.0,531.0,1231.0,1335.0,613.0,679.0,1358.0,1365.0,1235.0,1153.0,3431.0,3376.0,1125.0,1150.0,4421.0,4240.0,3070.0,3624.0,508.0,580.0,5409.0,5533.0,6754.0,6329.0,4120.0,4153.0,3525.0,3704.0,3278.0,3376.0,292.0,332.0,410.0,280.0
NDARKK392ZX2,2.885,3.181,2.459,2.501,3.182,3.127,2.309,2.329,3.39,3.024,3.017,2.868,3.012,3.172,2.965,2.866,3.008,3.016,3.36,3.477,2.745,2.547,2.511,2.437,3.052,2.9,2.443,2.528,2.935,2.814,3.202,3.145,3.268,3.201,2.953,2.747,2.876,3.016,3.243,3.059,2.82,2.995,2.105,2.079,2.622,2.545,2.72,2.845,2.858,2.94,3.063,3.005,2.778,2.946,2.66,2.863,3.259,3.229,2.729,2.727,3.272,3.344,3.032,3.036,3.404,3.381,3.112,2.966,1080.0,861.0,406.0,559.0,2012.0,1657.0,1444.0,1510.0,294.0,487.0,517.0,289.0,2538.0,2680.0,5177.0,6088.0,2605.0,2965.0,2577.0,2005.0,1108.0,1025.0,4898.0,4662.0,2314.0,2433.0,2888.0,2980.0,1555.0,1840.0,2957.0,2914.0,1175.0,1400.0,523.0,633.0,1287.0,1389.0,712.0,964.0,1741.0,1450.0,1630.0,1645.0,3577.0,3552.0,1182.0,1131.0,4407.0,4852.0,4076.0,4340.0,337.0,737.0,5561.0,4977.0,6788.0,7019.0,5528.0,5797.0,3531.0,3673.0,3760.0,4031.0,449.0,497.0,404.0,412.0
NDARKK597VDH,2.782,3.194,3.138,2.583,2.929,2.86,2.099,2.177,3.411,3.894,2.733,3.301,3.068,3.125,2.837,2.826,3.183,3.026,3.272,3.119,2.352,2.443,2.35,2.67,3.023,2.898,2.172,2.392,2.361,2.541,3.102,3.119,2.929,2.941,2.785,2.746,3.048,2.988,3.102,3.104,2.815,2.767,1.879,2.068,2.434,2.553,2.463,2.634,2.994,2.978,2.679,2.708,2.841,2.892,2.645,2.722,3.082,3.12,2.635,2.668,3.273,3.045,2.956,3.005,3.94,3.881,2.656,2.966,1075.0,1006.0,913.0,950.0,2015.0,2101.0,1272.0,1498.0,359.0,327.0,287.0,262.0,3223.0,3411.0,5905.0,7216.0,3861.0,4091.0,2532.0,2825.0,1330.0,967.0,5098.0,4681.0,3135.0,2894.0,2717.0,2493.0,1760.0,1970.0,3973.0,3665.0,1402.0,1463.0,741.0,699.0,1289.0,1443.0,812.0,988.0,1688.0,1309.0,1353.0,1164.0,4512.0,4493.0,1442.0,1684.0,5181.0,5265.0,4424.0,4355.0,740.0,1018.0,6912.0,6540.0,8460.0,8274.0,6066.0,6098.0,4188.0,4080.0,4749.0,4166.0,464.0,473.0,461.0,344.0
NDARKK732JW3,2.593,2.794,2.59,2.37,2.852,2.74,2.034,2.025,3.222,3.404,2.392,2.503,2.744,2.875,2.702,2.69,2.529,2.61,3.146,2.913,2.362,2.397,2.221,2.266,2.657,2.611,2.253,2.206,2.521,2.682,2.978,2.796,2.591,2.719,3.081,3.424,2.849,2.895,2.841,2.824,2.811,2.61,1.914,2.134,2.319,2.196,2.385,2.426,2.827,2.885,2.586,2.744,3.064,3.367,2.397,2.677,3.004,2.928,2.342,2.442,2.966,2.977,2.827,2.693,2.752,2.859,2.829,2.689,843.0,893.0,461.0,534.0,1495.0,1825.0,1033.0,1207.0,340.0,341.0,423.0,333.0,2370.0,2555.0,4164.0,4360.0,2704.0,2771.0,1930.0,1888.0,755.0,843.0,4359.0,3776.0,2214.0,2187.0,2683.0,2091.0,1449.0,1611.0,3145.0,2540.0,1334.0,1377.0,434.0,553.0,1112.0,1391.0,606.0,714.0,1298.0,1145.0,1175.0,962.0,3627.0,3249.0,1028.0,909.0,4101.0,4131.0,3218.0,3115.0,406.0,484.0,4453.0,3828.0,6409.0,5976.0,4605.0,4148.0,3385.0,3154.0,3255.0,3367.0,473.0,493.0,412.0,337.0
NDARKL327VRH,2.782,2.682,2.848,2.602,2.877,2.752,2.291,2.258,3.457,3.377,2.995,2.881,2.912,2.882,2.786,2.677,2.981,3.012,3.137,3.023,2.446,2.417,2.365,2.439,2.84,2.855,2.274,2.219,2.728,2.73,3.001,3.11,2.638,2.548,2.955,3.085,3.007,2.899,2.842,2.857,2.664,2.726,1.983,2.033,2.328,2.282,2.488,2.631,2.667,2.793,2.654,2.655,2.957,2.839,2.619,2.659,2.916,2.888,2.448,2.501,3.003,2.883,2.803,2.757,3.565,3.878,2.592,2.517,928.0,1017.0,866.0,709.0,2555.0,2601.0,1657.0,1727.0,585.0,477.0,371.0,299.0,3401.0,3284.0,5218.0,6188.0,4330.0,3931.0,2807.0,2872.0,1838.0,1396.0,6565.0,5741.0,3563.0,3557.0,3383.0,3353.0,2540.0,2581.0,4678.0,3729.0,1548.0,1515.0,722.0,651.0,1616.0,1791.0,1021.0,1291.0,2252.0,1818.0,1925.0,1821.0,5027.0,4535.0,1521.0,1500.0,5437.0,5986.0,4549.0,5173.0,688.0,1113.0,9262.0,7969.0,9265.0,8715.0,6270.0,6175.0,4298.0,4933.0,6338.0,5105.0,545.0,543.0,591.0,474.0
NDARKM250ET5,3.147,3.039,3.412,2.753,3.055,3.0,2.572,2.598,3.626,3.703,3.881,3.993,3.038,3.015,3.118,2.915,2.954,3.339,3.357,3.43,3.04,2.835,2.592,2.678,3.213,3.344,2.813,2.939,3.312,3.335,3.181,3.365,3.058,3.054,3.121,3.146,3.282,2.897,2.838,3.188,3.199,2.691,2.32,2.622,2.803,2.597,3.031,2.977,3.091,3.022,3.126,3.07,3.666,3.64,3.055,2.802,3.435,3.478,2.786,2.869,3.234,3.332,2.993,2.73,4.144,4.145,3.266,2.958,730.0,1054.0,386.0,754.0,2771.0,2207.0,1162.0,1619.0,329.0,354.0,305.0,257.0,2934.0,2979.0,4306.0,6093.0,3213.0,3288.0,2594.0,2453.0,990.0,1067.0,5383.0,5939.0,2736.0,2518.0,3024.0,2486.0,1586.0,1608.0,3731.0,2720.0,1661.0,1675.0,645.0,677.0,1603.0,1530.0,796.0,989.0,1886.0,1264.0,1247.0,1003.0,4621.0,4327.0,1297.0,1178.0,5973.0,5720.0,4455.0,4844.0,535.0,497.0,6045.0,6290.0,7784.0,6718.0,5600.0,6821.0,3882.0,3861.0,3695.0,3705.0,417.0,385.0,463.0,362.0
NDARKM497VKX,2.954,3.215,2.696,2.458,3.021,3.158,2.427,2.394,3.024,2.625,2.672,2.592,2.842,2.912,2.961,3.042,2.879,2.881,3.237,3.226,2.187,2.576,2.489,2.449,3.071,2.971,2.425,2.355,2.796,2.795,3.236,3.013,2.771,2.857,2.751,2.787,3.032,3.076,2.925,2.964,3.062,2.811,2.218,2.174,2.426,2.505,2.645,2.709,3.009,2.851,2.79,2.912,2.966,3.089,2.88,2.921,2.989,3.084,2.676,2.759,3.269,3.118,2.993,2.871,3.448,3.337,2.971,3.009,931.0,745.0,628.0,675.0,2332.0,1847.0,1420.0,1499.0,447.0,450.0,740.0,482.0,3894.0,3731.0,6084.0,5709.0,3223.0,4849.0,2916.0,2684.0,1148.0,1156.0,6345.0,7168.0,2505.0,2470.0,3582.0,2960.0,2049.0,2338.0,3552.0,3247.0,1462.0,1503.0,770.0,661.0,1406.0,2220.0,752.0,938.0,1863.0,1750.0,1324.0,1326.0,4654.0,4308.0,1345.0,1517.0,4913.0,4920.0,4253.0,4535.0,543.0,739.0,6964.0,5593.0,9293.0,8739.0,5758.0,6156.0,4296.0,4276.0,4367.0,4574.0,608.0,621.0,544.0,428.0
NDARKM784VA7,2.579,2.408,1.774,2.135,2.791,2.849,2.105,2.052,2.665,2.276,2.633,2.973,2.765,2.752,2.443,2.454,2.457,2.677,3.295,3.2,1.472,1.991,2.298,2.324,2.702,2.726,2.19,2.32,2.583,2.277,2.776,2.866,1.666,1.769,1.744,1.676,2.912,2.887,2.681,2.627,2.631,2.696,2.004,2.271,2.204,2.108,1.205,1.442,2.69,2.805,2.255,2.204,1.976,2.225,2.625,2.567,2.558,2.4,2.093,2.226,2.698,2.717,2.566,2.692,3.438,3.401,2.828,2.714,1049.0,839.0,759.0,1072.0,1842.0,1765.0,1358.0,1601.0,577.0,675.0,620.0,336.0,2747.0,3065.0,5387.0,5296.0,3509.0,3163.0,2392.0,2393.0,793.0,541.0,5356.0,5781.0,2994.0,2685.0,3286.0,2929.0,1460.0,2396.0,3707.0,3093.0,5871.0,5798.0,778.0,604.0,1747.0,1398.0,777.0,1008.0,2274.0,1278.0,1586.0,1358.0,4098.0,3697.0,1905.0,3151.0,3607.0,3759.0,6746.0,5696.0,476.0,533.0,5838.0,6784.0,11150.0,12844.0,5210.0,5436.0,3518.0,3602.0,3779.0,3326.0,601.0,724.0,377.0,291.0
NDARKN346XZH,2.787,3.095,2.546,2.653,3.12,3.161,2.453,2.364,3.474,3.36,3.239,3.233,3.075,3.082,2.904,3.059,3.007,2.841,3.511,3.446,2.424,2.546,2.688,2.762,3.241,3.073,2.625,2.599,2.86,3.072,3.15,3.121,3.159,3.032,3.32,3.378,3.351,3.188,2.933,3.225,3.069,3.1,2.085,2.191,2.704,2.709,2.724,2.769,3.009,3.092,2.89,2.982,3.355,2.881,2.869,2.86,3.218,3.207,2.817,2.842,3.285,3.198,3.103,3.186,3.626,3.711,3.094,2.933,959.0,849.0,444.0,610.0,1990.0,2089.0,1538.0,1521.0,625.0,468.0,346.0,411.0,3016.0,3245.0,4395.0,5132.0,2895.0,2642.0,2307.0,2150.0,959.0,937.0,4883.0,4982.0,2843.0,2979.0,3293.0,2948.0,2246.0,2225.0,2913.0,2455.0,1589.0,1698.0,553.0,530.0,1337.0,1597.0,845.0,914.0,1371.0,1613.0,1600.0,1389.0,4404.0,4158.0,1294.0,1172.0,4962.0,4733.0,3763.0,3585.0,354.0,523.0,5942.0,5167.0,8373.0,7691.0,5430.0,5263.0,3873.0,4335.0,3792.0,3657.0,633.0,500.0,546.0,400.0
NDARKN477EBH,2.803,2.987,3.158,2.543,3.131,3.207,2.312,2.181,3.791,4.095,2.727,3.411,3.161,3.103,2.927,2.931,3.133,3.098,3.397,3.362,2.801,2.875,2.495,2.527,3.206,3.267,2.452,2.397,3.087,2.607,3.18,3.179,2.918,2.921,3.367,3.341,3.044,2.972,3.01,2.936,3.014,3.006,2.118,2.305,2.544,2.551,2.66,2.805,3.037,3.097,2.856,2.835,3.494,3.48,2.909,2.944,3.348,3.231,2.584,2.771,3.32,3.352,2.977,2.888,4.307,4.457,2.815,2.98,1131.0,1001.0,532.0,718.0,2562.0,1907.0,1275.0,1398.0,354.0,373.0,237.0,217.0,2412.0,2975.0,5206.0,6274.0,2777.0,2993.0,2354.0,2468.0,1006.0,903.0,4468.0,4487.0,2495.0,2287.0,2602.0,2413.0,1541.0,1542.0,3279.0,3009.0,1426.0,1502.0,536.0,593.0,1351.0,1499.0,697.0,794.0,1573.0,1136.0,1312.0,1094.0,3660.0,3493.0,1183.0,1179.0,4497.0,4556.0,3896.0,4118.0,615.0,677.0,5154.0,5205.0,6975.0,7068.0,4336.0,3929.0,3625.0,3863.0,3390.0,2753.0,447.0,384.0,426.0,308.0
NDARKN520GGD,2.56,2.803,2.414,2.52,2.948,3.015,1.991,1.969,3.741,3.539,3.199,3.312,2.88,2.954,2.769,2.907,3.086,3.004,3.213,3.218,2.226,2.17,2.302,2.326,3.051,3.067,2.308,2.208,3.085,3.014,3.111,3.249,2.606,2.679,2.84,2.889,2.91,3.051,3.28,3.21,2.896,2.884,1.874,2.018,2.442,2.465,2.611,2.698,2.851,2.937,2.693,2.762,3.275,3.107,2.733,2.82,3.224,3.239,2.508,2.499,3.133,3.049,2.899,2.975,3.583,4.576,2.674,2.902,970.0,838.0,373.0,669.0,1751.0,1957.0,957.0,1160.0,289.0,313.0,259.0,182.0,2329.0,2988.0,4260.0,5016.0,2479.0,2811.0,2042.0,2050.0,994.0,849.0,3755.0,4262.0,2174.0,2161.0,2545.0,2050.0,1183.0,1312.0,3009.0,2837.0,1013.0,1197.0,619.0,592.0,1166.0,1305.0,544.0,647.0,1280.0,1140.0,1059.0,915.0,3477.0,3376.0,1000.0,836.0,4728.0,4139.0,2921.0,3122.0,447.0,472.0,4907.0,4758.0,6192.0,5331.0,3936.0,4345.0,3333.0,3757.0,3222.0,2892.0,347.0,367.0,435.0,323.0
NDARKN633WZA,2.758,2.805,2.521,2.316,2.931,3.001,2.325,2.235,3.549,3.341,3.156,3.287,3.113,3.018,2.853,2.802,3.001,3.085,3.391,3.436,2.409,2.412,2.527,2.436,2.992,2.9,2.598,2.556,2.728,2.905,3.12,3.175,2.525,2.598,2.963,3.069,2.979,2.902,3.097,3.203,2.821,2.909,2.113,2.036,2.403,2.485,2.489,2.615,2.899,2.872,2.667,2.618,3.198,3.425,2.665,2.65,3.04,3.084,2.496,2.494,3.12,3.188,2.897,2.909,4.177,4.137,2.806,2.867,1451.0,1108.0,649.0,868.0,3105.0,3297.0,1805.0,1978.0,444.0,375.0,373.0,281.0,3520.0,3329.0,5509.0,6827.0,4529.0,4826.0,2829.0,2433.0,1264.0,1230.0,5542.0,6662.0,3378.0,3193.0,3440.0,3235.0,2227.0,1942.0,4990.0,4642.0,1461.0,1746.0,629.0,591.0,1490.0,1738.0,883.0,937.0,1521.0,1486.0,1602.0,1853.0,5239.0,4870.0,1624.0,1569.0,6420.0,6109.0,4432.0,4556.0,1014.0,674.0,7718.0,8548.0,9378.0,9117.0,6152.0,6456.0,4229.0,5026.0,5101.0,3969.0,457.0,372.0,581.0,385.0
NDARKN848XH8,3.158,3.221,2.68,2.699,3.233,3.261,2.511,2.426,3.498,3.142,2.989,3.092,3.192,3.245,3.089,3.071,3.127,3.184,3.486,3.603,2.587,2.569,2.534,2.547,3.321,3.209,2.531,2.594,3.166,3.512,3.349,3.424,3.311,3.152,3.205,3.201,3.214,3.316,3.345,3.142,3.413,3.055,2.302,2.299,2.708,2.677,2.934,2.896,3.206,3.092,3.055,2.908,2.86,3.07,2.909,3.023,3.431,3.432,2.908,2.905,3.452,3.426,3.11,3.179,3.594,4.08,3.292,3.253,989.0,915.0,409.0,433.0,1934.0,1625.0,1008.0,1199.0,263.0,352.0,515.0,424.0,2071.0,2421.0,4318.0,4755.0,2314.0,2533.0,1955.0,1763.0,763.0,705.0,3618.0,3821.0,1903.0,1711.0,2492.0,2096.0,1595.0,1493.0,2868.0,2491.0,1173.0,1223.0,578.0,527.0,1022.0,1168.0,452.0,615.0,1093.0,894.0,1066.0,1080.0,3662.0,3222.0,793.0,895.0,4111.0,4276.0,3275.0,3542.0,261.0,298.0,4052.0,4139.0,6173.0,5866.0,4523.0,4276.0,3323.0,3317.0,3338.0,3430.0,514.0,520.0,479.0,374.0
NDARKN988BRP,2.987,3.426,2.712,3.356,3.345,3.305,2.527,2.445,3.856,4.062,3.447,3.384,3.278,3.308,3.147,3.137,3.442,3.309,3.7,3.606,2.647,2.628,2.829,2.897,3.384,3.505,2.565,2.594,3.004,3.021,3.668,3.503,2.81,3.083,3.255,3.253,3.168,3.381,3.486,3.388,3.389,3.081,2.279,2.291,2.589,2.712,2.967,2.831,3.033,3.063,3.064,3.066,3.261,3.219,3.159,3.046,3.419,3.433,2.969,2.936,3.517,3.64,3.179,3.193,4.359,4.263,3.323,3.251,1174.0,1032.0,689.0,1254.0,2673.0,2729.0,1785.0,2109.0,450.0,459.0,367.0,328.0,3717.0,3636.0,6137.0,6497.0,4127.0,4741.0,2579.0,2585.0,1332.0,1025.0,6178.0,6877.0,3066.0,2829.0,3297.0,3388.0,2286.0,2191.0,4798.0,4739.0,1798.0,1979.0,775.0,851.0,1493.0,1976.0,748.0,1100.0,1700.0,1524.0,1793.0,1666.0,4614.0,5226.0,1635.0,1485.0,5923.0,5280.0,5085.0,5505.0,851.0,827.0,7834.0,7900.0,9143.0,8759.0,6093.0,6564.0,4732.0,4856.0,6101.0,5356.0,465.0,501.0,458.0,351.0
NDARKP414AZ5,2.704,2.76,2.88,2.469,3.079,3.001,2.465,2.325,3.859,3.592,2.84,3.303,3.105,2.955,2.967,2.9,3.232,3.077,3.422,3.48,2.298,2.503,2.536,2.583,3.155,3.062,2.505,2.37,2.756,2.715,3.135,3.093,3.078,2.867,3.23,3.254,3.063,3.06,3.067,3.184,2.906,2.794,2.093,2.132,2.59,2.58,2.701,2.528,3.144,3.119,2.837,2.858,3.283,3.209,2.803,2.754,3.254,3.208,2.618,2.609,3.193,2.914,2.981,2.939,4.011,4.334,2.766,2.994,1216.0,1003.0,904.0,991.0,2860.0,3854.0,1863.0,1800.0,528.0,541.0,340.0,311.0,3762.0,4082.0,5499.0,6234.0,4609.0,4305.0,2670.0,2465.0,1413.0,1069.0,6158.0,6214.0,3466.0,3408.0,3255.0,2986.0,1978.0,2139.0,4706.0,4185.0,1450.0,1914.0,664.0,711.0,1810.0,2626.0,1008.0,1094.0,1704.0,2086.0,1801.0,1755.0,5094.0,4398.0,1356.0,1681.0,6200.0,6157.0,4192.0,4930.0,887.0,1167.0,8172.0,7813.0,9362.0,9186.0,6530.0,6808.0,4610.0,5046.0,4507.0,5053.0,548.0,416.0,509.0,408.0
NDARKP893TWU,2.628,2.888,2.447,1.882,2.92,3.122,2.385,2.329,3.072,3.501,2.682,2.808,3.045,2.927,2.767,2.685,2.917,2.982,3.381,3.343,2.143,2.25,2.42,2.531,3.033,2.851,2.577,2.596,2.831,2.97,3.154,3.131,3.014,3.007,3.183,2.95,2.941,2.994,2.951,3.378,2.766,2.809,2.256,2.295,2.412,2.499,2.471,2.611,2.959,2.855,2.878,2.665,2.84,3.076,2.803,2.784,3.163,3.271,2.485,2.569,3.354,3.276,2.884,2.938,3.328,3.873,3.016,3.2,1068.0,986.0,606.0,487.0,1877.0,2951.0,1310.0,1354.0,484.0,571.0,396.0,377.0,3197.0,3531.0,5349.0,6167.0,2711.0,2578.0,2633.0,2183.0,1339.0,1107.0,5233.0,4318.0,2692.0,2621.0,3114.0,3077.0,2078.0,2118.0,3258.0,2811.0,1412.0,1456.0,528.0,590.0,1321.0,2170.0,907.0,844.0,1574.0,1683.0,1633.0,1505.0,4412.0,4940.0,1143.0,1326.0,4991.0,4873.0,4017.0,4645.0,379.0,608.0,6329.0,6841.0,8137.0,7748.0,5566.0,6002.0,3722.0,3648.0,4481.0,4483.0,654.0,447.0,484.0,340.0
NDARKR155ME9,2.463,2.813,2.561,2.583,2.993,3.145,2.405,2.5,3.608,3.974,3.563,3.521,3.158,2.905,2.748,2.786,3.059,3.042,3.273,3.387,2.494,2.572,2.512,2.589,3.077,2.937,2.609,2.507,3.113,3.261,3.355,3.138,3.018,2.957,3.15,3.162,3.114,3.094,3.557,3.09,3.135,3.079,2.133,2.055,2.556,2.743,2.769,2.9,2.959,2.953,2.691,2.777,3.029,3.49,2.953,3.014,3.324,3.275,2.759,2.702,3.326,3.024,2.584,2.804,3.655,3.925,2.614,2.996,1583.0,1297.0,575.0,745.0,2697.0,2333.0,1968.0,1877.0,458.0,368.0,319.0,297.0,3498.0,3528.0,6923.0,8290.0,3733.0,4481.0,3114.0,2621.0,1168.0,1321.0,7485.0,7000.0,3058.0,3202.0,3622.0,3300.0,2040.0,2249.0,4730.0,4958.0,1394.0,1567.0,667.0,777.0,1745.0,1756.0,741.0,937.0,1628.0,1351.0,1503.0,1363.0,4809.0,4631.0,1254.0,1389.0,5511.0,5459.0,4356.0,4970.0,585.0,879.0,7713.0,7589.0,8497.0,8272.0,5871.0,6805.0,5058.0,5401.0,4543.0,4910.0,486.0,499.0,624.0,453.0
NDARKT312RUD,3.018,3.309,2.735,2.724,3.092,2.884,2.255,2.192,3.808,3.896,3.21,3.449,3.078,3.191,2.929,2.846,3.317,3.182,3.314,3.636,2.825,2.62,2.545,2.555,3.028,3.035,2.297,2.341,2.817,2.727,3.436,3.389,2.827,2.743,2.898,3.078,3.016,3.128,3.114,3.222,2.921,2.965,2.015,2.235,2.404,2.451,2.716,2.899,2.949,2.934,2.741,2.68,3.199,3.207,2.724,2.823,3.144,3.105,2.471,2.517,3.451,3.457,2.94,3.027,4.286,4.41,3.004,2.939,1128.0,1100.0,646.0,851.0,2812.0,2742.0,1614.0,1502.0,511.0,414.0,257.0,280.0,3728.0,3313.0,5075.0,5579.0,4443.0,4534.0,2945.0,2369.0,910.0,977.0,5160.0,5359.0,3237.0,3345.0,2999.0,3026.0,1732.0,1930.0,4031.0,3837.0,1321.0,1460.0,766.0,828.0,1443.0,1924.0,844.0,1031.0,1464.0,1775.0,1663.0,1517.0,4038.0,4354.0,1111.0,1083.0,5039.0,4794.0,4089.0,4525.0,752.0,897.0,7395.0,7167.0,8170.0,7825.0,6180.0,5201.0,3698.0,3880.0,4696.0,3793.0,488.0,480.0,332.0,293.0
NDARKT540ZW0,3.156,3.135,2.999,2.66,3.396,3.376,2.819,2.692,3.156,3.713,2.924,3.567,3.45,3.429,3.281,3.418,3.514,3.545,3.943,3.855,2.534,2.485,2.788,2.937,3.457,3.38,2.788,2.789,3.217,2.987,3.645,3.614,3.287,3.677,3.353,3.608,3.621,3.713,3.269,3.615,3.297,3.285,2.404,2.439,2.851,2.826,2.902,3.028,3.251,3.367,3.329,3.324,3.393,3.039,3.141,3.241,3.6,3.371,2.974,3.121,3.637,3.876,3.598,3.538,3.605,3.821,3.557,3.637,1298.0,1073.0,699.0,723.0,1834.0,1672.0,1690.0,1686.0,690.0,616.0,615.0,506.0,3113.0,2965.0,6097.0,6822.0,3151.0,3201.0,2570.0,2294.0,1277.0,896.0,6204.0,5797.0,2854.0,2687.0,3348.0,2847.0,2382.0,2362.0,3833.0,3304.0,1578.0,1753.0,446.0,575.0,1266.0,1936.0,785.0,952.0,1460.0,1438.0,1896.0,1447.0,4722.0,4171.0,1394.0,1198.0,4449.0,4437.0,4393.0,4209.0,663.0,1110.0,7428.0,6881.0,7461.0,7694.0,6333.0,5524.0,4191.0,4133.0,4460.0,4104.0,784.0,750.0,608.0,429.0
NDARKT714TXR,2.967,3.18,2.522,2.854,3.132,3.216,2.507,2.369,3.213,3.384,3.008,3.237,3.121,3.063,3.087,3.062,2.997,3.026,3.577,3.176,2.615,2.827,2.569,2.606,3.069,2.989,2.491,2.655,2.968,2.865,3.289,3.181,3.055,3.237,3.022,3.452,3.138,2.888,3.042,3.062,3.112,2.899,2.141,2.074,2.734,2.688,2.788,2.96,3.116,3.222,3.001,3.031,3.63,2.703,2.856,3.004,3.413,3.277,2.89,2.881,3.282,3.457,3.124,3.109,3.245,3.487,3.018,2.981,1238.0,1114.0,547.0,694.0,2000.0,2107.0,1437.0,1528.0,545.0,506.0,612.0,394.0,3562.0,3548.0,6198.0,6568.0,3818.0,4201.0,2496.0,2606.0,1031.0,1068.0,5657.0,5648.0,2611.0,2376.0,2741.0,2756.0,1682.0,2085.0,4182.0,4087.0,1550.0,1596.0,570.0,661.0,1687.0,2303.0,1019.0,1193.0,1810.0,1521.0,1285.0,1081.0,4868.0,4532.0,1166.0,1022.0,5563.0,5342.0,4725.0,4921.0,529.0,840.0,6439.0,6614.0,8038.0,7840.0,5764.0,5912.0,4174.0,4560.0,4359.0,4343.0,587.0,694.0,558.0,460.0
NDARKV353MTD,2.902,3.083,2.883,3.255,3.044,3.17,2.473,2.529,3.866,4.351,3.411,3.357,3.323,3.331,3.172,3.065,3.237,3.27,3.48,3.616,2.6,2.711,2.66,2.69,3.367,3.212,2.513,2.547,3.021,3.086,3.38,3.349,3.096,3.123,3.311,3.522,3.233,3.285,3.393,3.471,3.126,3.263,2.214,2.243,2.563,2.603,3.148,2.819,3.092,3.099,2.883,2.961,3.491,3.036,2.945,3.047,3.417,3.428,2.85,2.9,3.441,3.5,2.988,3.14,4.096,4.056,3.308,3.262,1464.0,1225.0,792.0,496.0,2781.0,2272.0,1747.0,2029.0,390.0,358.0,379.0,198.0,3438.0,3601.0,5916.0,6242.0,3289.0,3239.0,2687.0,2347.0,1445.0,1070.0,5953.0,6429.0,3127.0,3142.0,4167.0,3869.0,1609.0,1982.0,4063.0,3344.0,1292.0,1722.0,747.0,695.0,1374.0,1842.0,634.0,880.0,1694.0,1379.0,2050.0,1765.0,4440.0,4381.0,1128.0,1215.0,4795.0,4709.0,4534.0,4398.0,644.0,1053.0,7332.0,6261.0,7874.0,7702.0,5171.0,5594.0,3968.0,4652.0,4758.0,4384.0,472.0,424.0,492.0,350.0
NDARKV461KGZ,2.491,2.736,2.747,2.908,2.707,2.508,2.186,2.264,2.926,3.14,2.891,2.486,2.783,2.663,2.5,2.533,2.581,2.573,2.969,3.057,2.328,2.513,2.294,2.262,2.709,2.645,2.211,2.219,2.522,2.569,2.752,2.753,2.562,2.49,2.517,2.428,2.833,2.756,2.727,2.794,2.75,2.508,2.121,2.224,2.225,2.202,2.535,2.562,2.7,2.749,2.503,2.49,2.812,2.773,2.556,2.397,2.911,2.801,2.328,2.431,2.934,2.796,2.654,2.586,2.669,3.16,3.007,3.092,1062.0,757.0,559.0,761.0,1705.0,1578.0,1373.0,1858.0,455.0,397.0,496.0,304.0,2565.0,2974.0,5476.0,6251.0,3592.0,4026.0,2468.0,2226.0,1191.0,936.0,5561.0,5256.0,2256.0,2536.0,3031.0,3030.0,1812.0,1979.0,3399.0,3174.0,1350.0,1618.0,649.0,627.0,1186.0,1521.0,625.0,756.0,1257.0,1189.0,1870.0,1363.0,3945.0,3423.0,1209.0,1345.0,4410.0,5051.0,4108.0,4450.0,458.0,456.0,5077.0,4284.0,6299.0,7233.0,5089.0,5393.0,3410.0,3349.0,3416.0,3703.0,638.0,691.0,445.0,354.0
NDARKV482FU9,2.842,2.855,2.295,2.506,2.794,2.725,2.061,2.001,3.325,3.586,2.777,3.156,2.855,2.641,2.661,2.589,3.1,3.061,3.13,3.146,2.236,2.445,2.233,2.258,2.877,2.761,2.234,2.135,2.679,2.611,3.131,3.145,2.481,2.486,2.484,2.653,2.734,2.848,2.897,2.584,2.61,2.745,1.682,1.855,2.162,2.212,2.586,2.408,2.385,2.58,2.506,2.586,2.809,2.696,2.552,2.506,2.828,2.798,2.353,2.375,3.06,2.993,2.615,2.645,4.025,4.018,2.469,2.637,1190.0,1210.0,714.0,1117.0,3800.0,3147.0,2674.0,2525.0,400.0,300.0,422.0,318.0,3974.0,3454.0,5144.0,7308.0,3850.0,4103.0,2828.0,2606.0,1633.0,1339.0,6817.0,7582.0,3772.0,3865.0,4230.0,3787.0,2251.0,2667.0,4355.0,4483.0,1662.0,2050.0,850.0,773.0,2054.0,1843.0,1005.0,1261.0,2224.0,1414.0,2250.0,2122.0,5489.0,5170.0,1648.0,1822.0,6025.0,6279.0,6291.0,6149.0,823.0,1081.0,8633.0,7611.0,11615.0,10196.0,6817.0,7464.0,4788.0,5298.0,6216.0,5182.0,503.0,460.0,478.0,442.0
NDARKV800DTW,2.727,2.826,3.031,2.672,3.031,3.056,2.413,2.278,4.009,4.022,3.284,3.104,3.1,3.063,2.865,2.939,3.301,3.068,3.43,3.576,2.843,2.651,2.571,2.58,3.076,3.023,2.457,2.473,2.883,2.949,3.3,3.363,2.642,2.716,3.22,3.437,3.126,3.098,3.184,3.211,3.009,2.979,2.299,2.355,2.53,2.487,2.959,2.911,3.063,3.052,2.715,2.587,3.291,3.393,2.722,2.689,3.019,3.069,2.527,2.64,3.293,3.26,2.953,3.077,4.032,4.165,2.909,2.875,1499.0,1044.0,967.0,920.0,2651.0,3223.0,1838.0,2031.0,489.0,413.0,342.0,281.0,4221.0,3877.0,5702.0,6197.0,3912.0,4196.0,3106.0,2530.0,1166.0,973.0,6087.0,7269.0,3260.0,3356.0,3372.0,3193.0,2199.0,2320.0,4261.0,4088.0,1899.0,2345.0,702.0,811.0,2029.0,1970.0,798.0,965.0,2001.0,1600.0,1759.0,1705.0,5337.0,4793.0,1647.0,1555.0,5649.0,6156.0,5196.0,5145.0,817.0,1188.0,7021.0,6860.0,8799.0,9050.0,6005.0,6322.0,4181.0,5035.0,5312.0,4496.0,529.0,512.0,524.0,365.0
NDARKV807EMJ,2.838,2.669,2.914,2.522,3.209,3.263,2.34,2.294,3.772,3.737,3.119,3.073,3.224,3.193,2.847,2.86,3.054,3.094,3.332,3.418,2.505,2.591,2.639,2.588,3.086,3.019,2.328,2.533,2.888,2.806,3.213,3.166,3.097,3.017,3.089,3.43,3.224,3.181,3.223,3.194,3.101,3.136,2.098,2.202,2.48,2.516,2.735,2.921,3.074,3.118,2.726,2.798,3.406,3.328,2.834,2.793,3.306,3.235,2.691,2.714,3.138,3.01,2.947,3.078,3.757,4.105,2.894,2.921,992.0,963.0,544.0,566.0,2019.0,2142.0,1789.0,1723.0,442.0,306.0,304.0,243.0,2562.0,3001.0,3913.0,5096.0,2706.0,2904.0,2511.0,2173.0,941.0,895.0,4928.0,4900.0,2733.0,2601.0,2792.0,2996.0,1550.0,1886.0,3229.0,2832.0,1355.0,1801.0,527.0,564.0,1434.0,1779.0,698.0,785.0,1891.0,1530.0,1464.0,1405.0,3681.0,3707.0,1224.0,1369.0,4602.0,4658.0,4369.0,4185.0,474.0,695.0,5765.0,5480.0,7768.0,7711.0,6284.0,6340.0,4127.0,3639.0,3669.0,3829.0,431.0,356.0,442.0,364.0
NDARKW010CT2,3.096,3.357,3.084,2.747,3.242,3.304,2.648,2.592,3.885,3.672,3.287,3.513,3.295,3.246,3.05,3.21,3.313,3.307,3.499,3.4,2.678,2.621,2.816,2.745,3.261,3.252,2.597,2.751,2.943,2.97,3.421,3.504,3.22,3.338,3.033,3.092,3.272,3.03,3.359,3.286,3.105,3.032,2.345,2.479,2.776,2.767,2.683,2.688,3.27,3.141,3.007,3.059,3.405,3.3,3.045,3.018,3.508,3.467,2.962,2.919,3.401,3.286,3.285,3.287,4.051,4.433,3.16,3.053,1069.0,988.0,528.0,685.0,2428.0,2248.0,1518.0,1701.0,351.0,353.0,307.0,253.0,3196.0,2831.0,4657.0,4201.0,3486.0,3586.0,2555.0,2768.0,1141.0,942.0,4473.0,4880.0,2684.0,2626.0,3115.0,3068.0,1650.0,1839.0,3758.0,3305.0,1452.0,1495.0,794.0,616.0,1590.0,1938.0,693.0,794.0,1984.0,1540.0,1576.0,1336.0,4138.0,3796.0,1305.0,1164.0,4986.0,4970.0,4035.0,3809.0,621.0,837.0,5730.0,6191.0,6841.0,6843.0,6057.0,5876.0,3915.0,4093.0,4233.0,3822.0,405.0,430.0,451.0,406.0
NDARKW999WZD,2.501,2.575,2.489,2.653,2.753,2.783,2.123,1.946,3.353,3.213,2.602,2.736,2.735,2.714,2.644,2.526,2.831,2.832,2.834,2.82,2.256,2.274,2.24,2.284,2.666,2.487,2.103,2.176,2.532,2.552,2.876,2.917,2.513,2.648,2.696,3.126,2.716,2.628,2.683,2.847,2.433,2.573,1.933,1.847,2.25,2.265,2.311,2.285,2.784,2.83,2.477,2.46,2.901,3.022,2.447,2.487,2.933,2.788,2.311,2.355,2.81,2.678,2.623,2.54,3.718,3.766,2.525,2.646,817.0,960.0,493.0,902.0,2045.0,2029.0,1614.0,1704.0,472.0,376.0,338.0,246.0,2605.0,2588.0,4337.0,5455.0,3167.0,2899.0,2668.0,2253.0,1220.0,923.0,5492.0,5653.0,2884.0,2972.0,3081.0,3433.0,1795.0,1949.0,3165.0,2859.0,1436.0,1361.0,592.0,665.0,1495.0,1914.0,693.0,889.0,1800.0,1599.0,1820.0,1756.0,4046.0,4061.0,1464.0,1201.0,5090.0,5835.0,4035.0,4017.0,588.0,768.0,5838.0,5610.0,6598.0,6683.0,5102.0,5213.0,3258.0,4216.0,4260.0,3012.0,404.0,408.0,394.0,270.0
NDARKX346VTV,2.623,2.465,2.656,2.895,2.87,2.805,2.072,2.003,3.429,3.32,3.231,2.865,2.885,2.601,2.663,2.699,3.102,3.101,3.08,3.085,2.477,2.263,2.221,2.389,2.984,2.813,2.223,2.181,2.721,2.784,3.082,3.05,2.612,2.644,2.761,2.496,2.78,2.871,3.076,3.074,2.686,2.697,1.966,2.072,2.34,2.218,2.684,2.749,2.811,2.792,2.584,2.66,3.016,2.913,2.609,2.66,2.888,2.894,2.352,2.31,2.998,3.0,2.797,2.832,3.865,3.846,2.686,2.48,1020.0,825.0,735.0,835.0,2097.0,2073.0,1421.0,1500.0,326.0,463.0,305.0,274.0,3001.0,2990.0,5099.0,5695.0,3332.0,4386.0,2301.0,2210.0,1192.0,1003.0,4464.0,4639.0,2911.0,2822.0,3241.0,2488.0,2024.0,2059.0,3595.0,3227.0,1333.0,1616.0,717.0,647.0,1432.0,1807.0,767.0,835.0,1403.0,1512.0,1496.0,1285.0,4171.0,3715.0,1491.0,1243.0,4774.0,4791.0,3616.0,3682.0,586.0,1013.0,7075.0,6032.0,7092.0,7067.0,4946.0,5306.0,3504.0,4015.0,3447.0,3646.0,412.0,433.0,421.0,326.0
NDARKX665ZD3,2.554,2.809,1.756,2.221,3.046,2.967,2.087,2.098,2.979,3.051,2.886,2.669,2.889,2.903,2.698,2.666,2.928,2.884,3.379,3.345,2.492,2.471,2.352,2.315,2.896,2.92,2.286,2.294,2.884,2.648,2.878,3.039,2.813,2.882,2.861,2.919,2.87,2.869,2.923,3.033,2.793,2.802,2.033,2.048,2.332,2.315,2.514,2.513,2.958,2.968,2.702,2.511,2.727,2.882,2.612,2.778,3.104,3.111,2.302,2.337,2.958,2.894,2.626,2.702,3.384,3.718,2.783,2.974,1061.0,893.0,490.0,636.0,2524.0,2868.0,1542.0,1395.0,532.0,611.0,394.0,465.0,3317.0,3156.0,4794.0,6424.0,3520.0,3593.0,2444.0,2733.0,824.0,878.0,5273.0,4633.0,3147.0,2809.0,3202.0,2547.0,2339.0,2374.0,3819.0,3656.0,1682.0,1625.0,653.0,614.0,1414.0,1926.0,852.0,1078.0,1437.0,1506.0,1693.0,1416.0,4749.0,4110.0,1345.0,1255.0,5292.0,4989.0,3686.0,4121.0,697.0,904.0,6464.0,6384.0,8505.0,8100.0,6094.0,5739.0,3894.0,4450.0,4232.0,3642.0,875.0,489.0,535.0,348.0
NDARKX761BH9,2.715,2.611,2.638,2.952,2.866,2.733,2.045,2.173,3.234,3.299,3.253,3.18,2.889,2.752,2.693,2.596,3.024,3.072,3.249,3.179,2.234,2.369,2.339,2.31,2.848,2.789,2.185,2.201,2.881,2.66,3.099,3.085,2.628,2.565,3.089,3.244,2.717,2.677,2.845,2.731,2.591,2.64,1.824,1.891,2.205,2.191,2.593,2.752,2.62,2.703,2.562,2.582,2.743,2.885,2.582,2.526,2.873,2.892,2.444,2.445,3.044,3.002,2.756,2.771,3.481,3.647,2.712,2.702,1152.0,1072.0,482.0,798.0,2519.0,1825.0,2118.0,1870.0,465.0,503.0,414.0,283.0,3736.0,3471.0,5769.0,6960.0,4047.0,4014.0,2636.0,2813.0,1250.0,1183.0,7117.0,6415.0,2758.0,2676.0,3646.0,3748.0,2153.0,1822.0,4514.0,4112.0,1576.0,1828.0,640.0,657.0,1524.0,2110.0,754.0,1004.0,1718.0,1600.0,1956.0,1816.0,5267.0,4265.0,1560.0,1500.0,5405.0,5078.0,4726.0,5151.0,806.0,759.0,7321.0,6609.0,9062.0,8197.0,6251.0,5916.0,4482.0,4638.0,4739.0,4350.0,557.0,584.0,497.0,374.0
NDARKZ085UKQ,2.971,3.385,2.721,2.601,3.4,3.097,2.591,2.425,3.71,3.758,3.556,3.759,3.31,3.209,3.192,3.222,3.506,3.245,3.527,3.471,2.623,2.659,2.72,2.796,3.28,3.28,2.654,2.548,3.03,3.119,3.534,3.535,3.334,3.137,3.216,3.29,3.081,3.28,3.157,3.575,3.169,3.044,2.232,2.355,2.858,2.787,2.674,2.747,3.138,3.301,3.03,3.073,3.413,3.466,3.093,3.112,3.529,3.359,3.011,2.953,3.478,3.58,3.351,3.297,4.483,4.438,3.345,3.22,1110.0,1182.0,632.0,501.0,2511.0,1820.0,1306.0,1619.0,491.0,480.0,266.0,227.0,2953.0,3628.0,4908.0,6205.0,3536.0,3128.0,2636.0,2499.0,1041.0,870.0,5555.0,4622.0,3103.0,2899.0,2626.0,2680.0,1755.0,2074.0,3782.0,3322.0,1477.0,1626.0,619.0,755.0,1420.0,1755.0,860.0,1016.0,2143.0,1529.0,1566.0,1183.0,4126.0,3637.0,1004.0,1129.0,5363.0,4802.0,3811.0,4060.0,550.0,774.0,6055.0,6145.0,7675.0,7864.0,5351.0,5902.0,3627.0,3949.0,4146.0,3561.0,495.0,510.0,518.0,287.0
NDARKZ198TAA,3.117,2.82,2.774,2.4,3.352,3.298,2.648,2.501,3.969,2.919,4.271,3.709,3.271,3.283,3.264,3.113,3.08,3.336,3.754,3.507,2.746,3.238,2.635,2.763,3.329,3.245,2.825,2.775,3.759,3.327,3.507,3.735,3.154,2.742,3.459,3.604,3.276,3.36,3.915,3.647,3.193,3.412,2.127,2.109,2.761,2.925,2.747,2.86,2.74,3.215,3.2,3.146,3.341,3.637,3.119,3.285,3.817,3.547,2.743,2.898,3.384,3.419,3.311,3.268,4.552,4.596,3.214,3.321,972.0,897.0,583.0,644.0,2113.0,3210.0,2060.0,2076.0,388.0,357.0,318.0,248.0,2719.0,2708.0,3993.0,5118.0,2817.0,3038.0,2197.0,2133.0,1115.0,1217.0,6263.0,6577.0,2173.0,2525.0,3407.0,3111.0,1529.0,1890.0,3903.0,3280.0,1387.0,1158.0,598.0,563.0,1379.0,1266.0,635.0,976.0,1526.0,1196.0,1837.0,1662.0,3950.0,2978.0,1342.0,1140.0,5199.0,4677.0,3753.0,3390.0,586.0,738.0,6319.0,6081.0,6349.0,8068.0,3986.0,5854.0,3629.0,4138.0,3648.0,2519.0,393.0,364.0,436.0,324.0
NDARKZ634RVX,2.901,3.046,3.181,2.903,3.145,3.062,2.282,2.268,3.514,3.44,2.829,3.032,3.079,2.95,2.833,2.82,3.16,2.94,3.229,3.459,2.511,2.496,2.516,2.591,2.853,2.89,2.467,2.537,2.936,2.815,3.14,3.187,2.821,2.944,3.379,3.502,3.078,2.806,2.818,2.952,2.878,2.994,2.203,2.371,2.412,2.426,2.743,2.789,2.958,2.987,2.655,2.763,3.397,3.339,2.822,2.878,3.204,3.122,2.487,2.442,3.125,3.17,3.049,2.918,3.391,3.6,2.62,2.817,1189.0,869.0,812.0,615.0,2197.0,1966.0,1497.0,1446.0,695.0,603.0,667.0,409.0,3264.0,3550.0,5350.0,6105.0,4144.0,3287.0,2987.0,2385.0,1360.0,1114.0,6227.0,5382.0,2985.0,3013.0,3509.0,3048.0,1892.0,2421.0,3910.0,3431.0,1392.0,1779.0,558.0,645.0,1548.0,1649.0,882.0,909.0,1891.0,1527.0,1329.0,1373.0,5155.0,4381.0,1165.0,1323.0,5532.0,5235.0,4557.0,4913.0,541.0,1035.0,5761.0,5972.0,8344.0,8678.0,7412.0,6402.0,3909.0,4344.0,4439.0,4161.0,675.0,666.0,580.0,405.0
NDARLA457ELH,3.086,2.943,2.846,2.977,3.335,3.394,2.592,2.396,3.902,4.037,3.765,3.024,3.397,3.14,3.164,3.215,3.45,3.313,3.364,3.562,2.559,2.71,2.776,2.872,3.249,3.203,2.543,2.363,2.871,3.064,3.612,3.498,3.135,3.046,3.431,3.338,3.068,3.261,3.394,3.448,3.052,3.162,2.012,2.331,2.742,2.663,2.989,2.866,3.096,3.251,2.996,3.006,3.477,3.5,3.159,2.972,3.531,3.5,2.971,2.962,3.525,3.568,3.187,3.278,4.221,4.389,3.283,3.079,1302.0,1001.0,743.0,649.0,2491.0,2078.0,1068.0,1250.0,346.0,366.0,277.0,267.0,2842.0,3111.0,4910.0,6297.0,3052.0,3815.0,2412.0,2114.0,976.0,917.0,4858.0,4503.0,2583.0,2390.0,2691.0,2016.0,1520.0,1761.0,3776.0,3661.0,1530.0,1501.0,679.0,738.0,1610.0,2137.0,689.0,924.0,1794.0,1483.0,931.0,809.0,3763.0,3886.0,1299.0,1404.0,5408.0,4764.0,4220.0,4339.0,705.0,852.0,6917.0,5925.0,7896.0,7444.0,5765.0,5456.0,3961.0,3900.0,5260.0,4726.0,416.0,413.0,437.0,428.0
NDARLA516PH1,2.639,3.006,2.623,2.77,2.911,2.91,2.257,2.318,3.082,3.366,3.412,3.301,3.088,2.96,2.75,2.788,3.119,3.05,3.169,3.23,2.547,2.42,2.499,2.416,3.143,2.889,2.327,2.368,2.951,2.98,3.134,3.059,2.844,2.821,2.789,2.872,2.842,3.006,3.175,3.135,2.929,2.604,1.905,1.712,2.291,2.275,2.561,2.738,2.724,2.792,2.788,2.726,3.35,3.409,2.776,2.731,3.091,3.046,2.47,2.507,3.08,3.177,2.868,2.758,3.929,3.637,3.009,2.668,1052.0,1231.0,636.0,906.0,3010.0,2844.0,1779.0,1673.0,665.0,434.0,395.0,329.0,3572.0,3457.0,6730.0,6975.0,4006.0,4003.0,2151.0,2187.0,1394.0,1382.0,6145.0,5686.0,3059.0,3224.0,3287.0,3080.0,2025.0,2068.0,4203.0,3631.0,1477.0,1647.0,677.0,649.0,1268.0,1484.0,827.0,987.0,1501.0,1218.0,1552.0,1410.0,4491.0,4808.0,1416.0,1159.0,5674.0,5920.0,4654.0,5031.0,656.0,620.0,8080.0,8645.0,8978.0,9069.0,5984.0,7394.0,4335.0,4469.0,4219.0,4801.0,479.0,499.0,463.0,377.0
NDARLA998XAC,2.687,2.768,2.641,2.668,2.807,2.824,2.195,2.107,3.412,3.441,3.064,3.057,2.895,2.844,2.598,2.706,2.826,2.892,3.02,3.263,2.481,2.801,2.37,2.357,2.903,3.04,2.378,2.379,2.703,2.719,3.13,3.01,2.741,2.721,2.911,2.774,2.785,2.872,3.129,2.977,2.969,2.981,1.814,2.042,2.225,2.341,2.923,2.843,2.762,2.712,2.648,2.833,3.281,3.181,2.641,2.671,2.985,2.903,2.455,2.485,2.996,2.961,2.77,2.774,3.336,3.518,2.769,2.715,1139.0,1003.0,630.0,830.0,3179.0,2215.0,1868.0,1895.0,454.0,364.0,297.0,250.0,3143.0,3564.0,4921.0,6233.0,3541.0,3655.0,2771.0,2259.0,1120.0,772.0,6551.0,5839.0,2437.0,2560.0,3239.0,2942.0,1477.0,1688.0,4261.0,3943.0,1458.0,1804.0,588.0,632.0,1540.0,1814.0,597.0,753.0,1576.0,1347.0,1644.0,1604.0,4359.0,4782.0,1365.0,1409.0,5102.0,5064.0,3868.0,3963.0,646.0,823.0,7325.0,6208.0,8264.0,7654.0,6507.0,6355.0,4749.0,5129.0,4213.0,4023.0,456.0,468.0,500.0,405.0
NDARLB017MBJ,2.334,2.425,2.436,2.42,2.412,2.536,1.818,1.83,3.472,3.43,2.482,2.513,2.584,2.522,2.432,2.402,2.638,2.57,2.843,2.942,2.283,2.343,2.071,2.142,2.574,2.5,1.943,1.994,2.485,2.327,2.7,2.652,2.507,2.339,2.488,2.695,2.719,2.613,2.481,2.557,2.466,2.442,1.718,1.597,2.109,2.064,2.293,2.276,2.592,2.607,2.391,2.331,2.925,2.58,2.267,2.302,2.586,2.538,2.202,2.187,2.705,2.636,2.437,2.501,3.366,3.599,2.446,2.389,882.0,798.0,638.0,716.0,1874.0,1749.0,1348.0,1415.0,500.0,386.0,329.0,200.0,2895.0,2904.0,4010.0,4471.0,2921.0,3951.0,2585.0,2178.0,921.0,857.0,4555.0,4859.0,2684.0,2466.0,2746.0,2599.0,1665.0,1852.0,3208.0,2648.0,1157.0,1399.0,576.0,629.0,1179.0,1512.0,586.0,696.0,1397.0,1309.0,1494.0,1530.0,3331.0,3281.0,1182.0,1137.0,4238.0,4384.0,3406.0,3305.0,625.0,797.0,5444.0,5031.0,7121.0,6665.0,4514.0,4390.0,3199.0,3282.0,3280.0,3276.0,523.0,489.0,380.0,283.0
NDARLB162XP2,3.319,3.389,2.703,2.503,3.137,3.257,2.507,2.415,4.073,3.644,3.467,3.691,3.233,3.246,3.094,3.206,3.423,3.323,3.412,3.448,2.338,2.547,2.564,2.628,3.239,3.055,2.596,2.456,2.925,3.105,3.52,3.372,3.176,3.136,2.847,2.918,3.283,3.159,3.414,3.495,3.178,3.198,2.384,2.311,2.777,2.771,2.515,2.765,3.107,3.152,3.019,3.015,3.319,3.457,3.035,3.115,3.442,3.409,2.989,2.927,3.518,3.589,3.278,3.194,3.811,4.041,3.251,3.122,1271.0,1116.0,615.0,678.0,2155.0,1969.0,1388.0,1528.0,363.0,403.0,244.0,245.0,3101.0,3129.0,4769.0,5353.0,3759.0,3637.0,2344.0,2342.0,1178.0,1076.0,5289.0,4846.0,2646.0,2683.0,3362.0,2941.0,1619.0,1773.0,3904.0,3935.0,1211.0,1407.0,651.0,743.0,1253.0,1354.0,648.0,749.0,1568.0,1422.0,1495.0,1412.0,4267.0,4218.0,1201.0,1316.0,4462.0,4535.0,3750.0,4460.0,484.0,541.0,6154.0,5879.0,6489.0,6332.0,5266.0,5821.0,3848.0,4374.0,3873.0,3559.0,405.0,408.0,450.0,322.0
NDARLB547HJD,3.036,3.027,2.882,2.505,3.158,2.944,2.247,2.175,3.238,3.565,2.968,2.761,3.112,3.103,2.875,2.944,2.903,2.949,3.327,3.26,2.254,2.055,2.351,2.557,3.166,2.932,2.317,2.328,2.765,2.873,3.081,3.032,3.114,2.906,2.834,2.968,3.251,3.095,3.079,3.3,2.966,3.243,1.939,2.176,2.538,2.624,2.646,2.678,3.088,3.118,2.932,2.812,3.413,3.596,2.649,2.984,3.253,3.214,2.679,2.7,3.275,3.413,3.121,2.933,3.335,3.335,3.051,2.914,750.0,881.0,460.0,436.0,1759.0,1476.0,1224.0,1037.0,400.0,403.0,486.0,396.0,2170.0,2497.0,3807.0,4736.0,2235.0,2783.0,2157.0,1956.0,824.0,799.0,4289.0,4137.0,2066.0,2142.0,2489.0,2614.0,1492.0,1778.0,3113.0,2526.0,1055.0,1110.0,547.0,520.0,972.0,1221.0,590.0,624.0,1200.0,1247.0,1195.0,1212.0,3314.0,3376.0,968.0,916.0,4135.0,4167.0,2790.0,3102.0,319.0,534.0,4567.0,4099.0,6787.0,6204.0,3946.0,3819.0,3218.0,3066.0,2644.0,2921.0,624.0,531.0,489.0,324.0
NDARLC770YL9,2.839,3.151,3.087,2.929,3.251,3.214,2.45,2.497,3.672,3.766,3.457,3.279,3.345,3.355,3.108,3.219,3.418,3.305,3.688,3.736,2.758,2.693,2.746,2.873,3.113,3.21,2.666,2.585,3.004,3.031,3.614,3.479,3.128,3.025,3.293,3.318,3.276,3.14,3.418,3.26,3.271,3.253,2.311,2.298,2.576,2.577,2.918,2.942,3.165,3.25,2.941,2.95,3.575,3.403,2.956,2.941,3.356,3.361,2.797,2.88,3.546,3.454,3.272,3.266,4.22,4.559,3.297,3.109,1204.0,1073.0,655.0,913.0,2700.0,2240.0,1388.0,1738.0,413.0,435.0,359.0,256.0,3371.0,3047.0,5752.0,6539.0,3267.0,3704.0,2621.0,2224.0,1195.0,1030.0,5071.0,5150.0,2967.0,3118.0,3073.0,2933.0,1794.0,2016.0,4249.0,4250.0,1518.0,1603.0,649.0,664.0,1290.0,1816.0,646.0,864.0,1882.0,1624.0,1603.0,1636.0,4019.0,4052.0,1248.0,1383.0,4714.0,4638.0,4168.0,4864.0,779.0,930.0,6804.0,6574.0,8622.0,7798.0,5524.0,6299.0,4633.0,4764.0,5021.0,3418.0,396.0,420.0,524.0,338.0
NDARLD990NH4,3.04,3.094,2.19,2.286,2.963,2.809,1.97,2.198,3.11,3.228,3.42,3.197,2.929,2.796,2.73,2.913,3.003,2.87,3.243,3.255,2.839,2.593,2.17,2.162,3.085,3.094,2.335,2.546,3.151,2.876,3.185,3.16,2.781,2.674,2.566,2.666,2.814,2.769,3.234,3.278,2.821,3.045,1.777,1.885,2.272,2.204,2.371,2.399,2.503,2.512,2.722,2.596,2.824,3.354,2.91,2.835,3.158,2.981,2.558,2.528,3.035,3.167,2.869,2.991,3.754,3.572,2.733,2.81,937.0,806.0,575.0,703.0,2618.0,2437.0,1194.0,1308.0,305.0,349.0,333.0,281.0,2714.0,2578.0,3679.0,5227.0,2828.0,2704.0,1965.0,2098.0,765.0,827.0,4374.0,4825.0,2706.0,2181.0,2500.0,2359.0,1863.0,1871.0,3148.0,2586.0,1610.0,1396.0,593.0,615.0,1330.0,1758.0,647.0,847.0,1504.0,1424.0,1067.0,1088.0,3672.0,3793.0,1337.0,1068.0,5832.0,5366.0,3512.0,3625.0,482.0,711.0,5999.0,5276.0,8364.0,7963.0,5082.0,4754.0,3314.0,3652.0,3674.0,2691.0,359.0,449.0,491.0,282.0
NDARLE335PRN,2.937,2.983,2.776,2.762,3.08,3.149,2.389,2.227,3.78,4.012,3.49,3.25,3.218,3.192,3.046,3.016,3.278,3.144,3.45,3.255,2.479,2.561,2.498,2.513,3.247,3.276,2.452,2.58,2.814,2.935,3.419,3.386,2.958,2.897,3.184,3.207,3.181,3.009,3.269,3.13,2.867,2.936,2.108,2.199,2.542,2.633,2.571,2.625,3.055,3.112,2.813,2.814,3.02,3.242,2.903,2.748,3.308,3.268,2.691,2.713,3.301,3.069,3.036,2.985,3.643,3.832,2.888,2.897,1114.0,1080.0,566.0,840.0,2751.0,2292.0,1846.0,1820.0,322.0,321.0,272.0,218.0,3065.0,3504.0,4540.0,5868.0,2991.0,3349.0,2256.0,2711.0,1005.0,943.0,5228.0,4889.0,3277.0,2778.0,3690.0,3455.0,2053.0,1906.0,3823.0,3740.0,1399.0,1537.0,611.0,611.0,1406.0,1691.0,1023.0,1004.0,1658.0,1485.0,1951.0,1933.0,4082.0,3984.0,1205.0,1157.0,5346.0,5616.0,3873.0,4087.0,645.0,688.0,6839.0,6120.0,8481.0,7405.0,5394.0,5491.0,4227.0,4589.0,3926.0,3965.0,407.0,424.0,463.0,324.0
NDARLE554GYT,2.642,2.922,2.57,2.775,3.061,3.173,2.261,2.255,3.114,3.387,3.049,3.085,3.109,3.12,2.741,2.921,2.976,2.692,3.163,3.115,2.642,2.529,2.263,2.466,2.905,2.921,2.332,2.353,2.806,2.734,3.153,3.059,3.069,2.862,2.72,2.721,3.092,3.045,3.032,3.008,2.956,3.005,2.011,2.122,2.437,2.384,2.945,2.764,3.019,3.018,2.633,2.835,2.912,2.8,2.824,2.783,3.17,3.237,2.715,2.557,3.188,3.266,2.657,2.73,3.694,3.446,2.913,3.219,1494.0,860.0,587.0,885.0,2013.0,1884.0,1109.0,1262.0,361.0,287.0,357.0,340.0,2316.0,2528.0,4945.0,5303.0,2541.0,2915.0,2653.0,2658.0,747.0,1000.0,4583.0,4626.0,2315.0,2159.0,2560.0,2280.0,1592.0,1847.0,3523.0,3511.0,1375.0,1645.0,698.0,688.0,929.0,1280.0,610.0,746.0,1274.0,1056.0,1305.0,1078.0,4131.0,4063.0,1261.0,1085.0,4536.0,4651.0,3333.0,3073.0,550.0,681.0,5731.0,4938.0,7519.0,6845.0,4188.0,4478.0,3533.0,3929.0,3960.0,4372.0,515.0,428.0,427.0,287.0
NDARLF142AF5,2.918,3.089,2.585,2.898,3.097,3.016,2.498,2.307,3.297,3.579,2.712,3.144,2.937,3.023,2.926,2.984,3.142,3.046,3.553,3.397,2.3,2.417,2.496,2.59,3.106,2.921,2.493,2.511,2.881,3.024,3.151,3.257,3.092,3.048,3.149,3.158,3.056,3.159,3.068,2.942,3.018,3.056,2.351,2.488,2.614,2.568,2.96,2.798,2.997,3.127,2.892,2.91,3.173,3.13,2.888,2.928,3.184,3.09,2.607,2.737,3.391,3.135,3.03,2.971,3.784,3.62,3.085,3.181,1229.0,1260.0,653.0,737.0,2272.0,2780.0,1411.0,1699.0,471.0,533.0,405.0,332.0,4031.0,3657.0,6535.0,8116.0,3654.0,4493.0,2736.0,2972.0,1113.0,1217.0,7218.0,6769.0,3008.0,3036.0,3251.0,2992.0,2224.0,2273.0,4261.0,4200.0,1551.0,1515.0,691.0,751.0,1510.0,1780.0,861.0,1000.0,1878.0,1491.0,2337.0,1535.0,5281.0,5011.0,1283.0,1607.0,5325.0,5286.0,3988.0,4396.0,693.0,617.0,7418.0,6919.0,9471.0,8767.0,5052.0,5555.0,4021.0,4719.0,4388.0,4400.0,557.0,599.0,469.0,355.0
NDARLF446MT5,3.075,3.224,2.475,2.63,2.935,3.039,2.463,2.66,4.079,3.799,3.199,3.537,3.232,3.384,3.145,3.026,3.394,3.508,3.601,3.541,2.692,2.665,2.675,2.607,3.21,3.16,2.558,2.622,2.992,3.209,3.244,3.349,3.083,3.04,3.35,3.492,3.026,3.272,3.301,3.092,3.245,3.023,2.35,2.237,2.598,2.652,2.67,2.868,2.897,2.955,3.088,2.854,3.058,2.744,2.925,2.897,3.225,3.218,2.766,2.717,3.164,3.409,3.167,3.048,3.976,4.218,2.795,3.03,1196.0,1363.0,756.0,1014.0,3163.0,3134.0,1816.0,1882.0,680.0,564.0,422.0,340.0,3956.0,4043.0,6204.0,7394.0,4860.0,5151.0,2912.0,2972.0,1556.0,1379.0,5892.0,6128.0,3257.0,3087.0,3787.0,3312.0,2023.0,2030.0,4785.0,4238.0,1547.0,1717.0,795.0,832.0,1685.0,2180.0,920.0,1024.0,2078.0,2015.0,1695.0,1531.0,5051.0,4957.0,1639.0,1651.0,6330.0,6202.0,5337.0,4899.0,849.0,885.0,8901.0,9553.0,10158.0,9797.0,6490.0,6938.0,4833.0,4977.0,5148.0,5180.0,584.0,548.0,551.0,440.0
NDARLF480DMW,2.654,2.382,2.537,1.767,3.065,2.761,2.431,2.35,3.349,3.242,2.744,3.066,3.085,2.887,3.019,3.012,2.805,2.843,3.325,3.268,2.191,2.506,2.538,2.702,3.078,2.813,2.454,2.395,2.712,2.684,2.925,3.052,3.093,3.139,3.124,2.846,3.008,3.045,3.248,3.002,3.046,3.098,2.093,2.16,2.458,2.454,2.554,2.734,2.849,2.895,2.879,2.949,2.43,2.853,2.776,2.907,3.173,3.042,2.747,2.72,3.204,3.239,3.035,2.936,3.489,3.651,2.868,2.889,1119.0,732.0,576.0,511.0,3072.0,2686.0,1972.0,1909.0,701.0,532.0,592.0,488.0,3259.0,3409.0,5087.0,5981.0,3189.0,3490.0,2829.0,2607.0,981.0,943.0,6247.0,7226.0,2742.0,2741.0,3310.0,3427.0,2304.0,2270.0,3381.0,3154.0,1413.0,1608.0,633.0,709.0,2081.0,1797.0,865.0,1072.0,2752.0,1947.0,1504.0,1676.0,4584.0,4138.0,1106.0,1097.0,4694.0,5207.0,3950.0,3981.0,346.0,457.0,6412.0,6530.0,8126.0,8079.0,5556.0,5834.0,4055.0,3962.0,4529.0,3999.0,877.0,702.0,627.0,395.0
NDARLF484WJL,2.936,2.843,3.215,2.95,3.125,3.17,2.554,2.33,3.907,4.169,3.891,3.441,3.244,3.232,2.977,3.183,3.194,3.105,3.628,3.688,2.959,2.862,2.548,2.631,3.342,3.54,2.622,2.443,3.062,3.336,3.554,3.385,2.98,3.003,3.496,3.452,3.29,3.101,3.41,3.435,3.301,3.088,2.273,2.24,2.475,2.528,2.877,2.901,2.987,2.855,2.965,2.918,3.456,3.061,3.11,3.148,3.355,3.482,2.823,2.718,3.461,3.171,2.984,3.134,4.221,4.225,2.92,3.032,1134.0,1154.0,668.0,728.0,2466.0,2302.0,1465.0,1508.0,433.0,398.0,325.0,233.0,3138.0,3734.0,4742.0,5963.0,3028.0,3304.0,2184.0,2267.0,960.0,857.0,5142.0,5447.0,2841.0,2771.0,2827.0,2694.0,1950.0,1528.0,3979.0,3498.0,1485.0,1428.0,693.0,752.0,1490.0,1678.0,811.0,910.0,1729.0,1418.0,1364.0,1361.0,4161.0,3995.0,1118.0,1196.0,4702.0,4945.0,3519.0,3761.0,745.0,895.0,5981.0,5946.0,7626.0,7402.0,4691.0,4765.0,3449.0,4132.0,4664.0,3759.0,466.0,392.0,395.0,292.0
NDARLG918MG8,2.684,2.905,2.415,2.283,3.034,3.011,2.238,2.267,3.221,3.699,3.323,3.148,3.211,3.106,2.624,2.685,2.91,2.915,3.383,3.107,2.473,2.44,2.553,2.562,3.043,3.043,2.471,2.256,2.987,2.773,2.918,2.96,2.619,2.578,2.633,2.99,2.951,3.129,3.184,2.972,2.826,2.92,2.035,2.237,2.273,2.333,2.55,2.581,2.951,2.909,2.497,2.55,3.132,3.267,2.734,2.702,3.072,2.913,2.315,2.389,3.359,3.142,2.694,2.765,3.744,3.869,2.925,2.9,1263.0,1015.0,643.0,715.0,2454.0,2275.0,1730.0,1990.0,414.0,403.0,337.0,278.0,3343.0,3001.0,5817.0,7070.0,3849.0,3614.0,2592.0,3584.0,1560.0,1130.0,6833.0,6746.0,2412.0,2106.0,3519.0,3296.0,1514.0,1609.0,3545.0,3517.0,1387.0,1374.0,674.0,688.0,1526.0,1896.0,713.0,929.0,1845.0,1564.0,1947.0,1481.0,4288.0,4354.0,1461.0,1246.0,5489.0,5240.0,4535.0,5278.0,564.0,803.0,7965.0,7694.0,7407.0,7450.0,6021.0,5749.0,4821.0,4718.0,4667.0,4028.0,442.0,560.0,476.0,362.0
NDARLG942AZ1,2.792,2.81,3.064,2.92,2.869,2.927,2.244,2.237,3.628,4.041,2.969,3.14,3.026,2.809,2.869,2.903,3.051,3.127,3.17,3.476,2.913,2.808,2.291,2.372,3.149,3.062,2.389,2.308,2.95,2.977,3.224,3.188,2.815,2.809,2.952,3.213,2.931,2.94,3.232,3.413,2.694,2.818,1.895,1.71,2.374,2.246,2.802,2.869,2.822,2.891,2.662,2.774,3.794,3.415,2.846,2.954,3.192,3.312,2.623,2.565,3.032,2.933,2.821,2.857,3.754,3.848,2.642,2.744,849.0,790.0,431.0,481.0,1854.0,1825.0,1641.0,1613.0,231.0,231.0,236.0,259.0,2017.0,2450.0,3789.0,3720.0,2344.0,2404.0,1775.0,1652.0,732.0,661.0,3739.0,4006.0,2118.0,2297.0,2868.0,2655.0,1639.0,1621.0,3081.0,2646.0,1240.0,1329.0,436.0,481.0,993.0,1183.0,534.0,709.0,1294.0,1045.0,1478.0,1624.0,3330.0,3357.0,868.0,907.0,3883.0,3806.0,3268.0,3692.0,353.0,441.0,5075.0,4357.0,6104.0,5336.0,4746.0,4579.0,3054.0,3079.0,3158.0,3151.0,367.0,347.0,364.0,247.0
NDARLG987WB0,2.911,2.925,2.944,2.378,3.238,3.026,2.43,2.336,3.828,3.504,3.19,3.26,3.046,3.068,2.897,3.006,3.023,3.048,3.374,3.32,2.54,2.631,2.471,2.495,3.108,3.158,2.543,2.583,2.781,2.763,3.358,3.248,3.093,2.862,3.186,3.321,3.183,3.106,3.142,3.119,3.045,3.001,2.235,2.03,2.785,2.656,2.622,2.681,3.036,3.19,2.832,2.891,2.997,3.139,2.824,2.943,3.266,3.197,2.627,2.65,3.332,3.291,3.133,3.047,4.118,4.51,2.844,2.928,1339.0,1037.0,693.0,958.0,2605.0,2641.0,1673.0,2221.0,599.0,521.0,357.0,253.0,3659.0,3636.0,5029.0,6626.0,4470.0,4872.0,2868.0,3168.0,1288.0,1072.0,5267.0,6542.0,2895.0,2692.0,4043.0,3586.0,1952.0,1955.0,4542.0,4401.0,1412.0,1623.0,680.0,617.0,1790.0,1933.0,839.0,1054.0,1866.0,1723.0,2626.0,2088.0,5777.0,4952.0,1587.0,1438.0,5240.0,5330.0,4655.0,4458.0,865.0,1278.0,7226.0,7138.0,8705.0,8693.0,6637.0,6645.0,3907.0,4396.0,5100.0,4366.0,538.0,503.0,507.0,346.0
NDARLJ280UCN,2.664,2.507,2.48,2.291,3.03,3.191,2.493,2.444,3.267,3.615,3.209,3.668,3.004,3.022,3.062,2.955,3.268,3.18,3.32,3.492,2.68,2.635,2.581,2.641,3.283,3.049,2.547,2.506,3.014,3.052,3.317,3.254,3.234,3.065,3.675,3.313,3.163,3.13,3.578,3.306,3.05,3.163,2.203,2.15,2.486,2.635,2.758,2.683,3.081,2.998,2.918,2.9,3.179,3.338,2.918,3.107,3.402,3.315,2.809,2.878,3.298,3.119,3.05,3.043,4.072,4.141,3.059,2.992,1078.0,840.0,658.0,785.0,3087.0,3358.0,1395.0,1671.0,591.0,530.0,318.0,258.0,2913.0,3287.0,4794.0,6967.0,3384.0,3312.0,2951.0,2491.0,1189.0,936.0,5409.0,5648.0,3230.0,3296.0,3070.0,2657.0,1751.0,2090.0,3540.0,3388.0,1504.0,1594.0,437.0,619.0,1327.0,2062.0,838.0,1032.0,1613.0,1736.0,1624.0,1364.0,4959.0,4515.0,1531.0,1561.0,5065.0,5341.0,4340.0,4219.0,620.0,776.0,7979.0,7096.0,9161.0,8586.0,5578.0,5478.0,3966.0,4460.0,5174.0,3959.0,515.0,440.0,520.0,340.0
NDARLK690ZK9,3.015,3.131,2.863,2.798,3.367,3.264,2.385,2.241,3.727,4.02,3.297,3.522,3.396,3.354,3.126,3.186,3.281,3.142,3.598,3.59,2.569,2.828,2.591,2.54,3.33,3.224,2.346,2.633,2.896,2.931,3.478,3.34,3.087,3.027,3.239,3.292,3.313,3.376,3.646,3.456,3.217,3.049,2.125,2.165,2.662,2.702,2.912,3.012,3.139,3.177,2.876,2.882,3.289,3.304,3.134,2.875,3.572,3.391,2.866,2.831,3.534,3.515,3.238,3.221,4.142,4.351,3.202,3.253,1288.0,1074.0,640.0,911.0,2058.0,2225.0,1743.0,1642.0,344.0,383.0,232.0,227.0,3503.0,2942.0,4968.0,5470.0,3527.0,3415.0,2287.0,2270.0,1011.0,787.0,4306.0,4740.0,2751.0,2657.0,3740.0,3649.0,1902.0,1938.0,3637.0,3895.0,1442.0,1606.0,696.0,644.0,1153.0,1852.0,809.0,934.0,1748.0,1550.0,1816.0,1833.0,3761.0,4016.0,1272.0,1234.0,4709.0,4458.0,3863.0,4306.0,633.0,884.0,6459.0,6592.0,6790.0,6703.0,5691.0,6077.0,3860.0,4353.0,3783.0,3772.0,351.0,409.0,455.0,343.0
NDARLL389TUF,2.749,2.738,2.729,2.749,3.064,2.835,2.182,2.178,3.751,3.721,3.133,3.166,3.094,2.919,2.841,2.763,3.128,3.074,3.21,3.128,2.493,2.577,2.402,2.534,2.968,2.941,2.2,2.202,2.805,2.839,3.244,3.162,2.863,2.69,3.028,2.816,3.014,2.822,2.929,2.946,2.827,2.838,2.006,2.073,2.394,2.424,2.636,2.614,2.835,2.804,2.708,2.684,3.182,3.166,2.661,2.75,2.96,3.027,2.595,2.537,3.252,3.133,2.844,2.851,4.281,3.908,2.643,2.836,1017.0,1133.0,765.0,765.0,2674.0,3058.0,1908.0,2122.0,713.0,461.0,359.0,310.0,3825.0,3825.0,5756.0,6946.0,2949.0,3310.0,3118.0,2670.0,1253.0,1219.0,5567.0,6076.0,3328.0,3315.0,3443.0,3051.0,1968.0,2160.0,3642.0,3121.0,1456.0,1844.0,705.0,700.0,1711.0,1972.0,839.0,954.0,1941.0,1700.0,2094.0,1617.0,3959.0,3921.0,1547.0,1457.0,5022.0,5058.0,4690.0,4741.0,700.0,995.0,7249.0,6697.0,9077.0,8338.0,5639.0,6115.0,4062.0,4725.0,5421.0,3927.0,435.0,442.0,494.0,414.0
NDARLL720BGU,2.626,2.82,2.231,2.583,2.647,2.89,2.228,2.052,3.129,3.552,2.275,2.687,2.783,2.769,2.176,2.317,2.712,2.573,3.056,3.348,2.392,2.444,1.718,1.853,3.045,2.905,2.248,2.294,2.479,2.508,2.708,2.67,2.728,2.694,3.27,3.126,2.862,2.809,2.733,3.011,2.877,2.669,1.883,2.287,2.131,2.26,2.739,2.592,2.637,2.539,2.746,2.786,3.102,2.82,2.563,2.54,2.736,2.816,2.074,2.121,3.025,2.89,2.561,2.715,2.505,3.079,3.009,2.965,1129.0,876.0,535.0,712.0,2543.0,2047.0,1492.0,1819.0,452.0,556.0,517.0,412.0,3589.0,3597.0,5337.0,6791.0,3955.0,3703.0,3341.0,2909.0,1223.0,1069.0,6705.0,5693.0,3244.0,2930.0,3626.0,3490.0,2040.0,2479.0,3833.0,3452.0,1594.0,1885.0,653.0,758.0,2087.0,2112.0,942.0,1095.0,2107.0,1779.0,1680.0,1364.0,4981.0,5081.0,1563.0,1332.0,5787.0,6322.0,4641.0,4769.0,497.0,943.0,6516.0,6688.0,8988.0,9507.0,6293.0,6209.0,4929.0,4827.0,4788.0,4906.0,705.0,683.0,648.0,505.0
NDARLL790WLF,3.167,3.642,2.35,2.461,3.108,3.197,2.593,2.226,3.276,3.099,3.32,3.295,3.26,3.312,3.098,3.265,2.987,3.094,3.404,3.571,2.434,2.745,2.496,2.677,3.187,2.95,2.465,2.492,2.871,3.011,3.524,3.165,3.35,3.312,2.961,3.094,2.876,3.266,3.137,3.167,2.836,3.069,2.505,2.536,2.65,2.699,3.025,2.956,3.162,3.136,3.137,3.05,2.867,2.808,2.965,2.974,3.482,3.373,2.916,2.948,3.463,3.226,3.241,3.201,3.512,3.866,3.286,3.53,721.0,1011.0,445.0,553.0,1539.0,1696.0,1222.0,1396.0,374.0,300.0,468.0,400.0,2443.0,2583.0,4397.0,4808.0,2346.0,2712.0,2093.0,2046.0,1056.0,913.0,4981.0,4096.0,1939.0,1902.0,2906.0,2714.0,1705.0,1695.0,3338.0,2498.0,1465.0,1453.0,537.0,561.0,1443.0,1432.0,545.0,598.0,1289.0,1243.0,1254.0,999.0,4109.0,3847.0,1156.0,1158.0,4009.0,4480.0,3869.0,4145.0,357.0,438.0,4430.0,4853.0,6419.0,6289.0,5298.0,5264.0,3228.0,3946.0,3870.0,3685.0,504.0,523.0,445.0,365.0
NDARLL968KK1,2.523,2.707,2.676,2.42,2.709,2.626,1.966,2.053,3.548,3.437,2.618,2.755,2.904,2.761,2.439,2.415,2.899,2.752,2.864,2.877,2.665,2.656,2.13,2.241,2.702,2.625,2.231,2.141,2.489,2.38,2.897,2.921,2.562,2.659,2.849,2.629,2.745,2.696,2.85,2.675,2.637,2.606,1.676,1.817,2.096,2.004,2.536,2.563,2.631,2.808,2.401,2.444,2.85,3.007,2.376,2.48,2.889,2.764,2.213,2.203,2.908,2.871,2.601,2.508,3.585,4.008,2.417,2.492,1300.0,921.0,601.0,725.0,1970.0,1979.0,1265.0,1509.0,365.0,394.0,272.0,218.0,2973.0,3553.0,4760.0,5555.0,3551.0,3585.0,2467.0,2181.0,913.0,870.0,4904.0,4460.0,2684.0,2566.0,3136.0,3053.0,1434.0,1798.0,3387.0,3238.0,1355.0,1480.0,689.0,734.0,1294.0,1549.0,798.0,839.0,1371.0,1309.0,1560.0,1349.0,3960.0,3475.0,1093.0,1024.0,4781.0,4708.0,4032.0,4168.0,723.0,918.0,5155.0,5576.0,6614.0,6696.0,5618.0,5531.0,3229.0,3739.0,3938.0,4014.0,442.0,430.0,375.0,294.0
NDARLM194CEN,2.968,3.115,3.141,2.7,3.115,3.023,2.22,2.31,3.34,3.537,2.861,2.872,3.002,2.918,2.949,2.93,2.972,2.99,2.965,3.081,2.492,2.255,2.292,2.459,2.872,2.893,2.279,2.244,2.782,2.553,3.165,3.234,3.044,2.886,3.04,3.006,3.061,3.063,3.235,2.78,2.961,2.742,2.08,2.173,2.599,2.442,2.431,2.537,2.814,2.787,2.964,3.026,3.159,3.309,2.715,2.734,3.243,3.178,2.755,2.695,3.376,3.133,2.998,2.998,3.412,4.024,2.795,2.756,1154.0,929.0,457.0,523.0,1766.0,1666.0,1316.0,1491.0,389.0,357.0,311.0,226.0,2615.0,2911.0,4067.0,5474.0,2862.0,3021.0,2589.0,2374.0,972.0,888.0,4554.0,3826.0,2528.0,2452.0,2860.0,2926.0,1359.0,1621.0,3305.0,3178.0,1166.0,1274.0,562.0,640.0,1350.0,1740.0,573.0,952.0,1748.0,1497.0,1467.0,1378.0,3918.0,3440.0,1125.0,960.0,4156.0,4219.0,3256.0,3253.0,416.0,544.0,6651.0,5988.0,7624.0,6472.0,4893.0,4514.0,3725.0,4103.0,3776.0,3725.0,369.0,475.0,405.0,310.0
NDARLN961XGP,2.686,2.725,2.649,2.424,2.859,2.73,2.093,2.04,2.768,3.06,2.509,2.448,2.764,2.695,2.736,2.674,2.582,2.693,3.061,2.976,2.421,2.418,2.181,2.299,2.763,2.628,2.241,2.293,2.526,2.486,2.979,2.896,2.664,2.577,3.164,3.096,3.08,2.697,2.98,2.801,2.704,2.87,2.102,1.954,2.231,2.233,2.507,2.628,2.671,2.626,2.548,2.604,2.959,2.863,2.613,2.548,2.847,2.833,2.352,2.348,2.962,3.018,2.745,2.752,3.451,3.492,2.896,2.746,979.0,977.0,755.0,741.0,1617.0,1801.0,1324.0,1419.0,541.0,471.0,493.0,334.0,2708.0,2668.0,4374.0,4689.0,2299.0,2937.0,2210.0,1969.0,970.0,867.0,4554.0,5412.0,2666.0,2633.0,3164.0,2916.0,1887.0,1952.0,3111.0,3074.0,1389.0,1500.0,518.0,543.0,1098.0,1387.0,610.0,731.0,1384.0,1205.0,1494.0,1446.0,3666.0,3599.0,956.0,1128.0,3879.0,3714.0,3942.0,4109.0,676.0,681.0,4980.0,4184.0,6551.0,5922.0,5896.0,5742.0,3336.0,3258.0,3580.0,3575.0,574.0,623.0,376.0,345.0
NDARLP181HLA,2.523,2.626,2.774,2.386,2.831,2.752,1.967,1.964,3.409,3.506,2.823,2.942,2.84,2.674,2.571,2.613,2.928,2.9,3.066,2.97,2.614,2.647,2.256,2.264,2.88,2.804,2.266,2.174,2.752,2.813,3.06,2.844,2.722,2.669,2.696,3.169,2.808,2.686,2.857,2.881,2.628,2.671,1.862,1.923,2.172,2.146,2.391,2.504,2.701,2.685,2.514,2.577,3.115,3.132,2.738,2.668,3.03,3.011,2.289,2.327,2.882,2.895,2.817,2.797,3.554,4.13,2.52,2.55,1344.0,995.0,554.0,600.0,2042.0,2005.0,1426.0,1491.0,552.0,351.0,347.0,284.0,3342.0,3118.0,5672.0,6669.0,3823.0,4257.0,2439.0,2496.0,1038.0,1082.0,5212.0,5589.0,3054.0,3162.0,3548.0,2948.0,1713.0,2136.0,4398.0,4058.0,1432.0,1360.0,697.0,618.0,1397.0,1784.0,798.0,936.0,1868.0,1700.0,1493.0,1288.0,4271.0,3962.0,1220.0,1247.0,4555.0,4861.0,4178.0,3973.0,546.0,928.0,7390.0,7290.0,7232.0,7086.0,5327.0,5746.0,4328.0,4442.0,4665.0,4057.0,510.0,438.0,460.0,370.0
NDARLP507NKW,2.887,2.976,2.523,2.353,3.029,2.972,2.463,2.28,4.168,3.947,3.344,3.396,3.172,3.081,2.92,3.02,3.199,3.236,3.303,3.46,2.522,2.352,2.534,2.544,3.318,3.093,2.475,2.506,3.023,2.804,3.284,3.319,2.931,2.734,3.137,3.1,3.189,3.247,3.231,3.269,2.996,3.006,2.184,2.228,2.617,2.561,2.436,2.554,2.973,3.023,2.746,2.673,3.095,3.11,2.856,2.911,3.292,3.205,2.631,2.632,3.474,3.493,3.005,2.979,4.0,4.214,3.106,3.133,1241.0,1096.0,537.0,1129.0,2653.0,2174.0,1559.0,1712.0,460.0,497.0,408.0,268.0,3235.0,3526.0,4759.0,6162.0,3912.0,4152.0,2888.0,2432.0,1349.0,1034.0,5146.0,4924.0,2783.0,2636.0,3879.0,3449.0,1618.0,2086.0,4075.0,4076.0,1286.0,1574.0,704.0,755.0,1661.0,1810.0,820.0,982.0,2050.0,1585.0,1807.0,1699.0,4164.0,4147.0,1696.0,1215.0,5018.0,5266.0,4150.0,3885.0,829.0,753.0,7880.0,7735.0,9242.0,7995.0,4990.0,5798.0,4441.0,5190.0,4830.0,4552.0,443.0,436.0,549.0,371.0
NDARLP624GFH,3.089,3.578,2.702,2.529,3.017,3.125,2.629,2.48,3.253,3.543,3.427,2.777,3.159,3.127,2.835,3.049,3.078,3.127,3.634,3.6,2.4,2.351,2.439,2.562,3.236,3.242,2.66,2.543,2.872,3.164,3.328,3.395,3.065,3.104,3.226,3.234,3.151,3.254,2.675,3.069,3.367,3.335,2.376,2.456,2.975,3.035,2.692,2.835,2.578,2.752,2.894,3.029,3.048,3.055,3.142,3.017,3.338,3.383,2.807,2.706,3.223,3.276,2.71,2.896,3.184,3.384,3.279,3.263,1128.0,1055.0,586.0,559.0,2219.0,1713.0,1738.0,1852.0,522.0,390.0,496.0,425.0,2356.0,3004.0,3944.0,4753.0,3145.0,3176.0,2424.0,2033.0,1023.0,712.0,6058.0,6995.0,2160.0,2218.0,3647.0,3390.0,1818.0,1791.0,3748.0,2989.0,1305.0,1571.0,453.0,520.0,1896.0,1878.0,702.0,742.0,1760.0,1556.0,1853.0,1595.0,3859.0,3124.0,1024.0,993.0,4379.0,6343.0,3581.0,3506.0,368.0,708.0,7671.0,5318.0,7280.0,8018.0,3592.0,3272.0,3284.0,3538.0,2758.0,2594.0,619.0,576.0,580.0,394.0
NDARLP858RAA,2.818,3.21,2.993,2.792,2.729,2.673,2.065,2.191,3.575,3.656,2.811,2.892,2.89,2.822,2.581,2.713,3.071,3.087,3.366,3.135,2.636,2.56,2.255,2.277,3.092,2.941,2.25,2.115,3.065,2.846,3.082,2.983,2.627,2.795,3.457,3.073,2.802,2.762,2.969,3.246,2.741,2.579,1.689,1.885,2.246,2.383,2.752,2.737,2.56,2.602,2.62,2.608,3.104,3.384,2.553,2.694,3.166,2.93,2.277,2.325,2.95,2.831,2.601,2.713,3.578,3.552,2.383,2.685,1068.0,1052.0,700.0,487.0,2422.0,2125.0,1225.0,1392.0,427.0,454.0,336.0,320.0,3382.0,3185.0,4661.0,5353.0,3160.0,3700.0,2338.0,2450.0,1121.0,938.0,4542.0,5067.0,2940.0,2730.0,3152.0,3293.0,1832.0,1995.0,3546.0,3267.0,1268.0,1711.0,513.0,601.0,1537.0,1581.0,933.0,820.0,1600.0,1541.0,1541.0,1441.0,4400.0,4341.0,1268.0,1177.0,5339.0,4958.0,3721.0,4165.0,486.0,817.0,6766.0,6777.0,7249.0,8210.0,4786.0,5316.0,3920.0,3737.0,4679.0,4119.0,566.0,469.0,424.0,346.0
NDARLR030EW6,3.004,3.063,2.622,2.594,3.051,2.961,2.332,2.394,3.189,3.082,2.475,2.248,3.015,3.019,2.969,2.795,2.802,2.866,3.35,3.611,2.432,2.531,2.384,2.475,2.789,2.864,2.56,2.607,2.644,2.741,2.976,3.057,3.284,3.115,3.154,3.08,3.078,3.042,2.583,2.94,2.939,2.691,2.386,2.243,2.759,2.746,2.717,2.745,3.07,3.152,3.007,2.868,2.696,2.921,2.604,2.518,3.099,3.125,2.691,2.597,3.031,3.064,2.893,2.917,3.17,2.922,3.025,2.917,899.0,1111.0,796.0,900.0,2950.0,2910.0,1575.0,1572.0,369.0,438.0,407.0,332.0,3994.0,4176.0,4824.0,5876.0,3817.0,4498.0,2798.0,2410.0,1386.0,1273.0,6278.0,5491.0,3622.0,3388.0,4083.0,3413.0,2298.0,2285.0,4350.0,3180.0,1630.0,2192.0,642.0,750.0,1664.0,2188.0,1112.0,1150.0,1606.0,1534.0,1758.0,1540.0,5122.0,5045.0,1505.0,1895.0,7171.0,6823.0,4768.0,5086.0,583.0,664.0,7401.0,7056.0,9413.0,9665.0,6086.0,5602.0,5060.0,5255.0,6876.0,4922.0,571.0,638.0,658.0,543.0
NDARLR083PKF,2.623,2.727,2.531,2.555,2.998,2.925,2.119,2.215,2.981,2.95,2.457,2.694,2.724,2.624,2.678,2.658,2.747,2.666,3.301,3.127,2.307,2.337,2.377,2.442,2.832,2.81,2.214,2.208,2.536,2.652,3.0,3.092,2.78,2.716,2.559,2.638,2.824,2.952,3.074,2.717,2.906,2.914,1.914,2.082,2.243,2.36,2.615,2.722,2.867,2.868,2.686,2.72,2.965,3.19,2.535,2.718,3.183,2.999,2.414,2.516,3.199,3.203,2.798,2.751,3.125,3.167,3.02,2.956,882.0,819.0,607.0,577.0,1960.0,1798.0,1232.0,1486.0,414.0,444.0,423.0,368.0,2805.0,2584.0,4447.0,4511.0,2719.0,2378.0,2346.0,2369.0,808.0,815.0,4534.0,4584.0,2406.0,2387.0,2137.0,2130.0,1942.0,1885.0,3083.0,2776.0,1438.0,1434.0,563.0,634.0,1132.0,1511.0,601.0,848.0,1312.0,1314.0,1181.0,912.0,3772.0,4192.0,1174.0,1277.0,4439.0,4641.0,3646.0,3754.0,362.0,488.0,5234.0,4535.0,7238.0,7025.0,4896.0,5388.0,3535.0,3984.0,4048.0,3617.0,733.0,682.0,602.0,423.0
NDARLR586MPX,2.962,3.158,3.236,3.027,3.31,3.311,2.517,2.437,2.922,3.095,3.185,2.997,3.041,3.114,2.952,3.083,2.998,2.825,3.321,3.351,2.653,2.546,2.614,2.787,3.24,3.145,2.621,2.55,2.736,2.965,3.276,3.344,3.161,2.946,2.973,3.176,3.318,3.377,3.032,3.353,3.133,3.014,2.165,2.255,2.624,2.484,2.432,2.96,3.073,3.151,3.014,2.809,3.273,3.313,3.12,3.011,3.514,3.399,2.67,2.795,3.371,3.2,3.027,3.06,2.865,3.381,3.041,2.952,1077.0,1160.0,498.0,504.0,2265.0,1970.0,1580.0,1736.0,547.0,471.0,438.0,419.0,3055.0,3087.0,3536.0,5471.0,2638.0,2120.0,2409.0,2106.0,814.0,670.0,4926.0,5604.0,2063.0,1919.0,3916.0,3532.0,2032.0,1965.0,3408.0,2909.0,1507.0,1602.0,611.0,677.0,1316.0,1393.0,620.0,872.0,1295.0,1150.0,1822.0,1560.0,4468.0,4382.0,1074.0,1007.0,4544.0,4888.0,4300.0,4471.0,309.0,639.0,6538.0,5651.0,7020.0,6756.0,5777.0,7029.0,3862.0,4270.0,5096.0,3875.0,608.0,758.0,654.0,462.0
NDARLT314TWP,2.83,3.159,3.403,3.091,3.206,3.214,2.364,2.267,3.876,3.894,3.248,3.51,3.127,3.091,2.979,3.063,3.222,3.345,3.266,3.314,2.62,2.8,2.573,2.615,3.108,3.139,2.459,2.452,2.955,2.885,3.322,3.51,3.033,2.83,3.15,3.556,3.308,3.2,3.403,3.276,3.209,3.212,2.143,2.257,2.57,2.507,2.92,2.891,3.114,3.234,2.985,2.963,3.218,3.256,2.932,3.026,3.464,3.434,2.625,2.73,3.463,3.328,3.165,3.063,4.215,4.125,2.924,3.131,996.0,852.0,616.0,721.0,1895.0,1453.0,1244.0,1344.0,336.0,333.0,279.0,235.0,2563.0,2610.0,4551.0,4902.0,2755.0,2810.0,2344.0,2415.0,915.0,668.0,3784.0,3867.0,2293.0,2206.0,2562.0,2347.0,1547.0,1701.0,3042.0,2650.0,1261.0,1492.0,636.0,655.0,1064.0,1521.0,588.0,882.0,1722.0,1402.0,1254.0,1185.0,3537.0,3286.0,937.0,1191.0,3920.0,4081.0,3128.0,3423.0,469.0,623.0,5754.0,5008.0,6464.0,6396.0,4925.0,5147.0,3092.0,3609.0,3498.0,3101.0,384.0,419.0,356.0,275.0
NDARLT365LHK,2.972,2.988,2.578,2.13,3.065,3.077,2.118,2.277,3.449,3.484,2.978,3.149,3.183,3.138,3.0,2.944,3.166,2.912,3.003,3.089,2.762,2.327,2.638,2.578,2.866,3.001,2.259,2.395,2.39,2.579,3.315,3.168,2.932,3.049,3.031,3.351,3.178,3.03,2.936,3.272,2.901,2.762,2.189,1.932,2.63,2.67,2.618,2.698,3.158,3.105,2.816,2.888,2.812,3.024,2.758,2.619,3.28,3.267,2.745,2.822,3.262,3.207,3.159,3.133,4.005,4.607,2.923,2.798,1091.0,1218.0,755.0,795.0,2322.0,2358.0,1313.0,1454.0,520.0,384.0,293.0,264.0,2669.0,3367.0,4801.0,5344.0,3139.0,3876.0,2724.0,2584.0,910.0,1039.0,4170.0,4755.0,2625.0,2515.0,2892.0,2864.0,1773.0,2103.0,3986.0,3754.0,1426.0,1680.0,682.0,655.0,1286.0,1522.0,634.0,865.0,1448.0,1557.0,1439.0,1291.0,3921.0,3437.0,1421.0,1419.0,5059.0,4855.0,3790.0,3575.0,633.0,918.0,6396.0,6037.0,7701.0,7526.0,5401.0,4941.0,3835.0,3993.0,3505.0,3833.0,439.0,368.0,443.0,350.0
NDARLV387GP4,2.902,2.866,3.067,2.884,3.042,3.033,2.428,2.452,3.57,3.356,2.505,2.849,3.025,3.175,3.094,3.019,3.024,2.861,3.45,3.534,2.591,2.762,2.604,2.62,3.154,2.78,2.583,2.653,2.699,2.762,3.265,3.547,3.056,3.057,3.288,3.379,3.308,3.133,3.132,2.95,3.235,2.941,2.309,2.359,2.574,2.469,3.001,2.957,2.95,2.956,2.86,2.884,3.619,3.047,2.809,2.709,3.274,3.202,2.606,2.808,3.324,3.213,2.914,3.192,3.5,3.363,3.22,2.911,1230.0,954.0,541.0,466.0,1995.0,1758.0,1756.0,1772.0,421.0,475.0,689.0,420.0,3045.0,2975.0,5092.0,5778.0,3246.0,3429.0,2392.0,1944.0,1021.0,875.0,6903.0,6609.0,2354.0,2415.0,3933.0,3606.0,2137.0,2171.0,3601.0,3642.0,1496.0,1519.0,445.0,656.0,1590.0,2256.0,723.0,924.0,1806.0,1693.0,1775.0,1758.0,5007.0,4441.0,980.0,1246.0,5119.0,5093.0,4787.0,4988.0,323.0,454.0,5675.0,5687.0,6704.0,6129.0,6076.0,5483.0,4157.0,4656.0,4028.0,3943.0,628.0,693.0,637.0,392.0
NDARLV708XXF,2.706,2.863,3.029,2.841,3.265,3.28,2.357,2.313,3.952,4.012,3.35,3.339,3.165,3.253,3.109,3.061,3.326,3.24,3.558,3.526,2.738,2.958,2.56,2.612,3.087,3.155,2.457,2.595,2.861,2.688,3.519,3.397,3.19,3.1,3.132,3.264,3.373,3.232,3.39,3.28,3.398,3.103,2.227,1.931,2.812,2.717,2.886,2.921,3.11,3.092,3.032,2.985,2.978,3.453,2.961,3.049,3.381,3.238,2.884,2.968,3.431,3.412,3.335,3.152,3.811,4.355,3.118,3.103,1161.0,963.0,714.0,478.0,2415.0,2618.0,2090.0,1971.0,370.0,442.0,324.0,286.0,3796.0,3647.0,6000.0,7638.0,3674.0,4033.0,2300.0,2050.0,1112.0,1011.0,6483.0,6245.0,3098.0,3192.0,4232.0,3269.0,1937.0,1869.0,4445.0,4043.0,1443.0,1716.0,727.0,696.0,1466.0,2124.0,800.0,888.0,1739.0,1618.0,1912.0,1707.0,4761.0,4291.0,792.0,1326.0,5132.0,5179.0,4823.0,4580.0,676.0,920.0,6585.0,6407.0,8240.0,9183.0,6720.0,6089.0,3954.0,4946.0,3810.0,3294.0,484.0,472.0,516.0,351.0
NDARLV812JXX,2.715,3.026,3.034,2.945,3.101,3.139,2.513,2.443,3.757,3.599,3.321,3.589,3.128,3.176,3.002,2.811,2.977,3.025,3.589,3.726,2.742,2.647,2.655,2.675,3.339,2.943,2.657,2.424,3.08,3.18,3.169,3.269,3.244,3.176,3.391,3.472,3.235,3.126,3.179,3.271,3.245,2.736,2.263,2.195,2.715,2.761,2.854,2.912,3.196,3.134,3.053,2.941,3.661,3.454,2.963,3.0,3.509,3.526,2.841,2.899,3.295,3.21,3.113,2.992,3.539,3.876,3.078,3.522,1197.0,1225.0,668.0,695.0,2665.0,2702.0,1505.0,1743.0,668.0,415.0,349.0,290.0,4225.0,4588.0,5760.0,7335.0,4503.0,4111.0,2603.0,2433.0,1299.0,1137.0,6080.0,6217.0,3092.0,3311.0,3830.0,3078.0,1837.0,1712.0,4815.0,4497.0,1423.0,1653.0,824.0,898.0,1681.0,1718.0,882.0,1062.0,1820.0,2184.0,1635.0,1528.0,5163.0,4652.0,1266.0,1232.0,6120.0,5866.0,4373.0,4930.0,619.0,716.0,7709.0,8989.0,9095.0,10055.0,6581.0,7884.0,4784.0,5468.0,4168.0,4642.0,533.0,519.0,520.0,349.0
NDARLY125HMB,3.353,3.006,2.644,2.646,3.319,3.314,2.596,2.421,3.664,3.194,3.716,3.625,3.296,3.353,3.279,3.223,3.11,3.284,3.561,3.405,2.473,2.659,2.831,2.766,3.37,3.228,2.792,2.865,3.011,3.33,3.475,3.652,3.246,3.053,3.226,3.778,3.018,3.201,3.627,3.323,3.125,3.144,2.54,2.355,2.769,2.683,2.852,2.746,3.295,3.168,3.095,3.123,2.84,3.232,3.283,3.12,3.624,3.638,2.92,2.987,3.553,3.438,3.548,3.303,4.142,3.561,3.421,3.23,909.0,903.0,393.0,480.0,2054.0,2070.0,1272.0,1379.0,348.0,262.0,275.0,242.0,2378.0,2515.0,4168.0,4975.0,2581.0,2464.0,2310.0,2108.0,1009.0,859.0,4547.0,4148.0,2681.0,2459.0,2853.0,2447.0,1605.0,1577.0,3286.0,2805.0,1153.0,1418.0,561.0,599.0,1471.0,1952.0,731.0,827.0,1966.0,1407.0,1658.0,1494.0,3751.0,3613.0,1057.0,1160.0,4215.0,4366.0,3812.0,3942.0,303.0,388.0,5226.0,5785.0,6903.0,6363.0,5374.0,5743.0,3644.0,3651.0,3264.0,3883.0,420.0,317.0,464.0,350.0
NDARLY483UNZ,2.88,3.229,2.453,2.393,3.301,3.221,2.542,2.489,2.882,3.188,2.404,3.152,2.934,3.082,2.999,3.098,3.163,2.977,3.178,3.09,2.247,2.097,2.731,2.683,3.099,2.9,2.566,2.584,2.581,2.78,3.261,3.212,3.314,3.201,3.029,3.181,3.037,3.06,3.123,3.005,2.986,3.225,2.395,2.342,2.832,2.743,2.481,2.784,3.122,3.19,2.993,3.017,2.538,2.782,2.79,2.971,3.411,3.273,2.857,2.869,3.206,3.124,3.01,3.162,2.837,2.928,3.362,3.187,946.0,867.0,487.0,600.0,1809.0,1992.0,1590.0,1247.0,518.0,488.0,510.0,474.0,2353.0,2816.0,3996.0,4385.0,3183.0,3457.0,2526.0,2356.0,1035.0,1110.0,3989.0,3965.0,1994.0,1878.0,2760.0,2944.0,1626.0,1686.0,3098.0,3144.0,1140.0,1228.0,419.0,444.0,1624.0,1703.0,688.0,700.0,1131.0,1260.0,1106.0,1365.0,3721.0,3735.0,1027.0,993.0,4284.0,4009.0,3373.0,3531.0,354.0,455.0,5152.0,4154.0,7170.0,6234.0,4439.0,4872.0,3173.0,3083.0,3160.0,3382.0,623.0,565.0,529.0,386.0
NDARLZ228PCB,2.739,2.762,2.763,2.786,2.895,2.917,2.044,1.999,3.793,3.703,2.865,2.949,2.868,2.909,2.757,2.78,3.056,3.096,3.162,3.127,2.453,2.393,2.431,2.488,2.902,2.823,2.063,2.025,2.534,2.731,3.261,3.104,2.903,2.72,2.856,2.821,2.956,2.796,2.959,2.955,2.834,2.666,1.553,1.791,2.323,2.496,2.628,2.573,2.952,2.891,2.677,2.722,2.941,2.956,2.546,2.582,2.924,2.962,2.59,2.557,3.224,3.198,2.845,2.911,3.959,4.064,3.023,2.829,935.0,1142.0,656.0,1118.0,3421.0,2928.0,1822.0,2367.0,432.0,410.0,400.0,364.0,3760.0,4075.0,6122.0,4937.0,4252.0,4569.0,3083.0,3154.0,1596.0,1392.0,5998.0,6532.0,3528.0,3417.0,3479.0,3124.0,2554.0,2598.0,4979.0,4079.0,1705.0,1955.0,704.0,796.0,1940.0,2174.0,1017.0,1137.0,1853.0,1827.0,2328.0,1726.0,4732.0,5165.0,1495.0,1339.0,5583.0,5623.0,5307.0,5941.0,781.0,1143.0,9300.0,8273.0,10197.0,9247.0,6772.0,7958.0,4499.0,4901.0,5150.0,5305.0,544.0,578.0,579.0,412.0
NDARMA390CHB,2.993,3.084,2.769,2.964,3.133,3.124,2.65,2.291,3.722,3.799,3.199,3.528,3.312,3.364,3.036,3.19,3.426,3.378,3.21,3.647,2.805,2.715,2.603,2.604,3.245,3.24,2.699,2.501,2.899,3.004,3.476,3.5,2.871,2.816,3.293,3.428,3.028,3.16,3.357,3.063,3.073,3.119,2.071,2.408,2.514,2.536,2.707,2.617,3.03,3.009,2.922,2.832,3.402,3.223,2.872,2.92,3.335,3.191,2.711,2.753,3.5,3.42,3.229,3.121,4.352,4.044,2.939,2.876,1118.0,904.0,715.0,926.0,1973.0,2607.0,1176.0,1424.0,531.0,476.0,363.0,299.0,3719.0,3503.0,4814.0,5164.0,4507.0,3676.0,2909.0,2457.0,1496.0,1235.0,5192.0,5395.0,3296.0,3217.0,2557.0,2709.0,1775.0,2298.0,4001.0,3661.0,1342.0,1585.0,644.0,696.0,1364.0,1787.0,820.0,912.0,1931.0,1927.0,1168.0,1270.0,4252.0,4538.0,1604.0,1403.0,5897.0,4346.0,3941.0,4738.0,623.0,1034.0,7077.0,9052.0,9035.0,7975.0,5702.0,4994.0,4272.0,4889.0,5705.0,4623.0,472.0,469.0,513.0,378.0
NDARMA449YB6,3.311,3.192,2.487,2.548,3.112,3.132,2.425,2.307,3.862,3.697,3.62,3.429,3.214,3.201,3.091,2.998,3.196,3.354,3.387,3.632,2.843,2.714,2.59,2.514,3.274,3.288,2.456,2.531,2.938,2.938,3.366,3.452,3.019,2.858,3.575,3.438,3.117,3.102,3.478,3.261,2.923,3.044,2.017,2.256,2.607,2.596,2.763,2.799,3.049,3.207,2.98,2.893,3.507,3.79,2.947,2.928,3.411,3.35,2.696,2.774,3.494,3.381,3.061,3.068,4.442,4.343,2.968,3.098,1162.0,973.0,446.0,728.0,2150.0,1879.0,1652.0,1591.0,451.0,372.0,246.0,207.0,2951.0,3166.0,4431.0,5880.0,3334.0,3382.0,2338.0,1933.0,809.0,808.0,4874.0,4957.0,2544.0,2191.0,3394.0,3311.0,1708.0,1710.0,3619.0,3293.0,1254.0,1655.0,600.0,666.0,1097.0,1514.0,718.0,837.0,1709.0,1590.0,1967.0,1706.0,3686.0,3168.0,1019.0,1045.0,4532.0,4442.0,3596.0,3767.0,637.0,476.0,6005.0,5949.0,7066.0,6936.0,5669.0,5869.0,3371.0,3723.0,3836.0,3335.0,417.0,378.0,438.0,305.0
NDARMA584EM0,3.111,3.063,3.11,3.085,3.383,3.429,2.393,2.373,3.936,4.244,3.998,3.593,3.07,3.0,3.114,3.133,3.313,3.203,3.547,3.468,2.736,2.883,2.582,2.611,3.264,3.299,2.612,2.574,3.008,3.239,3.482,3.431,3.281,3.197,3.207,3.056,3.247,3.647,3.686,3.641,3.361,3.382,2.159,2.201,2.869,2.68,2.975,2.928,3.261,3.316,3.147,3.14,3.555,3.447,3.223,3.124,3.557,3.526,2.876,2.888,3.532,3.472,3.326,3.247,4.233,4.409,3.205,3.261,724.0,1031.0,618.0,785.0,1971.0,1951.0,1554.0,1878.0,684.0,422.0,338.0,248.0,3582.0,3370.0,4011.0,5541.0,3014.0,3634.0,2521.0,2589.0,1230.0,946.0,4807.0,6063.0,2854.0,2610.0,3030.0,3258.0,1918.0,1800.0,3105.0,2717.0,1608.0,1614.0,550.0,701.0,1154.0,1393.0,781.0,1047.0,1909.0,1358.0,1629.0,1449.0,4204.0,3714.0,1251.0,1390.0,5222.0,5173.0,4284.0,4362.0,666.0,684.0,6031.0,6299.0,8325.0,7480.0,5478.0,6025.0,3738.0,4017.0,4883.0,4060.0,534.0,536.0,555.0,309.0
NDARMA598JTX,3.295,2.959,2.728,2.453,3.206,3.124,2.567,2.828,3.867,4.402,3.563,3.398,3.195,3.212,3.033,3.153,3.278,3.25,3.423,3.57,2.539,2.451,2.684,2.795,3.41,3.335,2.553,2.674,3.029,2.8,3.308,3.039,3.266,3.214,3.159,3.454,3.144,3.171,3.365,3.196,3.04,3.031,2.457,2.239,2.806,2.639,2.775,2.927,3.129,3.287,3.125,3.021,2.939,3.418,2.859,3.052,3.508,3.45,2.872,2.901,3.3,3.227,3.111,3.148,4.12,3.908,3.094,3.104,893.0,955.0,459.0,578.0,1790.0,1827.0,1376.0,1463.0,386.0,301.0,268.0,218.0,2747.0,3047.0,4524.0,5548.0,2902.0,2835.0,2360.0,2152.0,1176.0,1013.0,4886.0,4589.0,2626.0,2596.0,3070.0,2974.0,1310.0,1803.0,3541.0,2828.0,1216.0,1322.0,644.0,639.0,1402.0,1910.0,835.0,948.0,1721.0,1645.0,1505.0,1337.0,3679.0,3716.0,1152.0,1252.0,4644.0,4203.0,3924.0,3798.0,455.0,649.0,5588.0,6224.0,6616.0,6415.0,5128.0,4966.0,3374.0,4015.0,5479.0,3572.0,387.0,408.0,430.0,334.0
NDARMA875ARE,2.457,2.485,2.394,2.63,2.613,2.467,1.756,1.702,3.064,2.986,2.731,2.413,2.494,2.533,2.263,2.465,2.635,2.635,2.715,2.892,2.101,2.076,2.017,2.024,2.505,2.471,1.911,1.952,2.382,2.262,2.762,2.661,2.376,2.349,2.487,2.437,2.536,2.547,2.897,2.676,2.575,2.454,1.897,1.818,2.294,2.166,2.358,2.408,2.41,2.471,2.343,2.346,2.736,2.444,2.286,2.336,2.636,2.596,2.103,2.1,2.723,2.616,2.506,2.521,3.128,3.32,2.254,2.318,816.0,942.0,503.0,1056.0,2491.0,3117.0,1485.0,1592.0,368.0,333.0,240.0,233.0,3064.0,3393.0,4732.0,5038.0,3534.0,3708.0,2300.0,2356.0,1100.0,981.0,5182.0,4292.0,3043.0,2937.0,3404.0,2498.0,2244.0,1913.0,3444.0,3470.0,1262.0,1732.0,684.0,676.0,1425.0,1531.0,794.0,869.0,1777.0,1335.0,1870.0,1612.0,4154.0,3759.0,1512.0,1015.0,5324.0,4862.0,3986.0,3701.0,950.0,774.0,6497.0,6187.0,9246.0,7770.0,4862.0,4679.0,3816.0,4317.0,3482.0,3602.0,476.0,474.0,552.0,349.0
NDARMB216LA6,2.902,2.764,2.579,2.5,3.179,3.073,2.51,2.596,3.372,4.156,3.204,3.01,3.254,3.272,2.995,2.979,3.06,3.035,3.375,3.556,2.345,2.276,2.684,2.887,3.071,3.057,2.487,2.482,2.752,3.127,3.284,3.265,2.738,2.796,3.13,2.808,3.391,3.216,3.103,3.402,2.99,3.15,2.151,2.219,2.515,2.501,2.736,2.668,2.941,2.996,2.857,2.878,2.431,2.92,2.844,2.969,3.382,3.325,2.744,2.728,3.274,3.281,3.115,3.076,4.298,4.176,3.303,3.299,1140.0,1171.0,651.0,712.0,1976.0,1599.0,1860.0,1550.0,311.0,269.0,330.0,269.0,3420.0,3392.0,4355.0,6089.0,3445.0,3590.0,2289.0,2303.0,1003.0,978.0,5690.0,5250.0,2577.0,2541.0,2417.0,2812.0,1923.0,1628.0,4303.0,4175.0,1419.0,1612.0,745.0,591.0,1294.0,1689.0,738.0,997.0,1680.0,1675.0,1443.0,1435.0,4507.0,4080.0,1286.0,1374.0,4611.0,4856.0,3372.0,4203.0,609.0,855.0,7085.0,6710.0,7783.0,7177.0,4862.0,4794.0,3868.0,4488.0,3477.0,3980.0,407.0,350.0,519.0,389.0
NDARMB273TED,2.629,3.144,3.071,2.67,3.19,3.28,2.316,2.348,3.663,3.691,3.325,3.316,2.904,2.984,2.987,2.949,3.122,3.182,3.403,3.499,2.551,2.633,2.66,2.598,3.224,3.155,2.46,2.268,3.038,2.876,3.291,3.269,2.875,2.944,3.066,3.258,3.161,3.169,3.277,3.152,3.132,3.011,2.078,2.118,2.584,2.608,2.786,2.828,3.1,3.148,2.844,2.894,3.176,3.134,2.973,2.982,3.433,3.359,2.678,2.683,3.258,3.264,2.964,2.995,4.018,4.278,3.009,2.997,1509.0,1083.0,695.0,662.0,2308.0,2192.0,1767.0,1791.0,478.0,493.0,300.0,243.0,3633.0,3353.0,5413.0,5768.0,4182.0,3859.0,2874.0,2721.0,1089.0,831.0,6594.0,5636.0,3029.0,2824.0,2721.0,2819.0,1914.0,2006.0,4413.0,4022.0,1635.0,1758.0,722.0,764.0,1562.0,1826.0,765.0,1002.0,1873.0,1576.0,1655.0,1341.0,4221.0,4248.0,1299.0,1502.0,5322.0,5063.0,4317.0,4032.0,715.0,802.0,6836.0,6704.0,8805.0,8683.0,5211.0,5227.0,4221.0,4234.0,4187.0,4096.0,445.0,547.0,503.0,405.0
NDARMB857WG7,2.777,2.966,2.629,2.561,2.941,2.968,2.563,2.513,4.037,4.012,3.362,3.266,3.102,3.138,2.937,3.083,3.032,3.021,3.552,3.394,2.583,2.558,2.727,2.678,3.104,3.039,2.501,2.572,2.729,2.845,3.442,3.328,2.884,2.819,3.055,3.577,3.014,2.985,3.148,3.118,3.069,2.721,2.217,2.196,2.612,2.596,2.623,2.774,2.769,2.835,2.885,2.976,3.04,3.16,2.746,2.765,3.077,3.074,2.784,2.758,3.296,3.154,3.038,3.003,4.025,4.189,3.053,2.637,1075.0,1098.0,701.0,842.0,1972.0,2311.0,1530.0,1581.0,478.0,362.0,314.0,236.0,3190.0,3005.0,4527.0,5765.0,2971.0,3345.0,2253.0,2301.0,1227.0,1043.0,6061.0,6405.0,2746.0,2631.0,3059.0,3560.0,1867.0,1695.0,3608.0,3357.0,1530.0,1779.0,571.0,524.0,1653.0,2136.0,718.0,941.0,1678.0,1555.0,1345.0,1368.0,4315.0,4114.0,1426.0,1320.0,5420.0,5075.0,4285.0,4150.0,656.0,819.0,5886.0,6328.0,8808.0,7642.0,6089.0,5704.0,3830.0,4363.0,3797.0,3518.0,450.0,393.0,432.0,400.0
NDARMC412BCK,2.787,2.862,2.907,2.661,2.932,2.826,2.359,2.619,3.159,3.643,3.277,3.157,2.849,2.808,2.806,2.841,3.193,2.996,3.238,3.242,2.387,2.475,2.457,2.655,3.209,3.096,2.457,2.578,2.939,2.965,3.056,2.94,2.914,2.845,2.826,2.936,2.957,3.118,3.119,3.146,2.83,2.942,2.116,2.09,2.603,2.647,2.688,2.796,2.787,2.803,2.706,2.809,3.288,3.168,2.853,2.857,3.132,3.111,2.586,2.651,3.107,3.172,2.809,3.011,3.781,4.022,2.731,3.057,977.0,1020.0,858.0,670.0,2140.0,2048.0,1280.0,1447.0,429.0,399.0,306.0,243.0,2667.0,3203.0,4577.0,5110.0,3456.0,3073.0,2305.0,2369.0,1091.0,903.0,4271.0,4409.0,2687.0,2442.0,2766.0,2482.0,1876.0,2053.0,3657.0,2966.0,1189.0,1401.0,617.0,623.0,1230.0,1648.0,654.0,881.0,1510.0,1356.0,1256.0,1028.0,4209.0,4082.0,1281.0,1543.0,5058.0,4973.0,4145.0,4166.0,483.0,998.0,6305.0,5935.0,7366.0,7699.0,5770.0,5759.0,4904.0,4722.0,5435.0,3963.0,322.0,411.0,653.0,389.0
NDARMC473UHD,2.918,3.362,2.743,2.622,3.108,3.167,2.708,2.458,4.331,4.429,3.583,3.51,3.336,3.379,2.938,3.102,3.435,3.442,3.568,3.74,2.69,2.786,2.654,2.552,3.314,3.296,2.637,2.695,2.944,2.776,3.594,3.196,3.1,3.216,3.463,3.534,3.212,3.24,3.574,3.385,3.261,3.147,2.359,2.316,2.697,2.725,2.725,2.949,3.091,3.119,3.134,3.039,3.26,3.15,3.123,3.032,3.43,3.434,2.861,2.898,3.492,3.269,3.013,3.142,4.215,4.334,2.842,3.211,1048.0,1116.0,566.0,790.0,2528.0,3132.0,1539.0,1623.0,489.0,610.0,361.0,303.0,3754.0,3611.0,5145.0,5769.0,3500.0,3534.0,2715.0,2955.0,1188.0,1249.0,5862.0,4541.0,3483.0,3183.0,3339.0,3148.0,1889.0,2064.0,3475.0,3623.0,1582.0,1675.0,806.0,813.0,1382.0,1834.0,1033.0,1222.0,1475.0,1767.0,1517.0,1512.0,5056.0,4474.0,1506.0,1317.0,6190.0,5770.0,4985.0,4530.0,792.0,863.0,7000.0,7668.0,8349.0,7181.0,6395.0,5692.0,3790.0,4276.0,4649.0,5187.0,502.0,446.0,522.0,370.0
NDARME100GK1,2.771,3.02,2.622,2.222,3.097,3.172,2.419,2.193,3.596,3.344,2.881,3.041,3.097,3.191,2.904,3.191,3.11,3.095,3.328,3.516,2.553,2.523,2.492,2.708,3.535,3.273,2.462,2.484,3.02,3.145,3.428,3.338,3.093,3.239,3.204,3.248,3.322,3.177,3.463,3.264,3.065,3.295,2.132,2.284,2.556,2.504,2.765,2.881,3.135,2.99,2.945,2.883,3.151,3.253,2.875,3.046,3.514,3.47,2.659,2.661,3.369,3.191,3.028,2.977,3.815,3.46,2.711,3.015,880.0,910.0,452.0,642.0,2182.0,2244.0,1067.0,1124.0,239.0,326.0,373.0,378.0,2824.0,2772.0,3494.0,4589.0,2586.0,2889.0,2306.0,2046.0,918.0,772.0,4321.0,3639.0,2343.0,2387.0,2795.0,2565.0,1874.0,1792.0,3157.0,2742.0,1442.0,1471.0,543.0,690.0,1452.0,1575.0,531.0,764.0,1930.0,1350.0,1361.0,1104.0,3862.0,3711.0,974.0,989.0,4746.0,4688.0,3378.0,4089.0,559.0,334.0,4656.0,5252.0,6963.0,6274.0,5392.0,4907.0,3508.0,3868.0,4302.0,3951.0,527.0,541.0,514.0,386.0
NDARME689TAF,2.783,2.832,2.435,2.467,3.06,3.212,2.502,2.324,3.697,3.645,3.434,3.526,3.02,3.171,2.877,2.823,3.03,3.114,3.496,3.457,2.456,2.719,2.488,2.526,3.218,3.15,2.469,2.426,2.642,2.868,3.103,3.152,3.043,2.969,2.972,3.566,3.272,2.928,3.114,3.242,3.05,3.102,2.391,2.318,2.654,2.742,2.686,2.683,2.99,3.139,3.005,2.906,2.988,3.188,2.875,2.796,3.351,3.334,2.828,2.792,3.349,3.334,3.001,2.999,4.067,4.036,2.932,3.154,1067.0,1038.0,694.0,685.0,2415.0,2958.0,1574.0,1547.0,515.0,470.0,278.0,275.0,3294.0,3399.0,4725.0,5973.0,3648.0,3184.0,2346.0,2185.0,998.0,884.0,5096.0,4782.0,2531.0,2508.0,2929.0,2934.0,1869.0,1896.0,3762.0,3049.0,1319.0,1814.0,628.0,628.0,1258.0,1595.0,754.0,828.0,1658.0,1391.0,1379.0,1470.0,4853.0,4162.0,1364.0,1372.0,5066.0,5156.0,5070.0,4715.0,728.0,974.0,6682.0,7006.0,7876.0,7778.0,7076.0,6579.0,3736.0,3627.0,4662.0,3570.0,481.0,449.0,442.0,331.0
NDARME736MN8,2.754,3.007,1.676,2.377,2.835,3.025,2.651,2.59,2.977,2.989,2.543,2.745,3.004,2.97,2.739,2.733,2.784,2.726,3.043,2.999,2.419,2.47,2.42,2.49,2.975,2.711,2.528,2.594,2.683,2.738,3.024,2.968,3.143,3.029,3.258,3.368,3.038,2.826,3.015,2.932,2.728,3.007,2.145,2.354,2.431,2.369,2.642,2.601,2.73,2.852,2.968,3.028,2.761,2.606,2.57,2.615,2.995,2.848,2.53,2.632,3.238,3.097,2.787,2.86,2.612,2.694,3.132,3.382,1487.0,919.0,573.0,787.0,2260.0,1815.0,1389.0,1784.0,485.0,460.0,490.0,392.0,2779.0,3523.0,5205.0,6379.0,2973.0,2943.0,2380.0,2293.0,1022.0,885.0,5768.0,5771.0,2893.0,3118.0,4062.0,3096.0,2067.0,2160.0,3275.0,2920.0,1554.0,1762.0,504.0,602.0,1621.0,1841.0,904.0,994.0,1715.0,1491.0,2080.0,1337.0,4214.0,3790.0,1293.0,1198.0,4956.0,4722.0,4238.0,4031.0,547.0,599.0,5517.0,5922.0,7495.0,7129.0,5370.0,5441.0,4007.0,4122.0,4818.0,3921.0,619.0,649.0,534.0,461.0
NDARME789TD2,2.926,3.131,2.946,3.11,3.105,3.097,2.602,2.49,3.786,3.655,3.221,3.445,3.126,3.205,3.214,3.028,3.311,3.088,3.441,3.535,2.594,2.612,2.676,2.796,3.16,3.231,2.554,2.504,2.58,2.883,3.23,2.948,3.12,3.142,3.118,3.199,3.203,2.867,2.899,3.504,3.23,2.849,2.376,2.289,2.606,2.71,2.801,2.885,3.047,2.797,3.024,2.963,3.27,3.321,2.911,2.883,3.373,3.405,2.999,2.868,3.157,3.306,3.1,3.171,3.752,3.812,3.223,3.283,1291.0,1354.0,720.0,607.0,2493.0,2276.0,1301.0,1447.0,366.0,717.0,337.0,234.0,3495.0,3634.0,4881.0,6730.0,4340.0,4681.0,2823.0,2932.0,1074.0,997.0,5037.0,5861.0,2994.0,2638.0,3160.0,3028.0,1749.0,1607.0,4926.0,4231.0,1376.0,1605.0,700.0,825.0,1498.0,1738.0,719.0,1031.0,1972.0,1923.0,1272.0,1083.0,5894.0,4796.0,1535.0,1581.0,5873.0,5762.0,4062.0,4316.0,508.0,926.0,6980.0,7706.0,8660.0,8833.0,6814.0,6098.0,4626.0,5042.0,6503.0,4958.0,418.0,421.0,733.0,407.0
NDARME930DE7,2.59,2.584,2.54,2.642,2.889,2.786,1.894,2.055,2.741,3.354,2.886,3.143,2.859,2.827,2.555,2.711,2.985,3.139,3.154,3.183,2.39,2.459,2.186,2.258,2.927,3.073,2.188,2.285,2.709,2.809,2.946,2.95,2.841,2.714,3.13,2.719,2.877,2.945,3.362,3.373,2.858,2.957,1.833,2.032,2.179,2.261,2.381,2.369,2.693,2.781,2.595,2.772,3.174,3.234,2.614,2.629,2.91,3.0,2.29,2.229,3.034,2.818,2.695,2.701,3.635,3.996,2.735,2.678,1001.0,1001.0,683.0,802.0,2269.0,2437.0,1243.0,1457.0,412.0,436.0,319.0,240.0,2863.0,3002.0,5360.0,5951.0,3340.0,3639.0,2113.0,2245.0,1165.0,896.0,4356.0,4363.0,2800.0,2478.0,2601.0,2322.0,1879.0,1983.0,3234.0,3175.0,1334.0,1735.0,591.0,597.0,1088.0,2313.0,634.0,712.0,1287.0,1638.0,1513.0,1043.0,3679.0,3574.0,1360.0,1375.0,4923.0,4666.0,4158.0,3861.0,506.0,915.0,6462.0,5757.0,6882.0,6924.0,5452.0,5257.0,3796.0,3620.0,3453.0,3554.0,446.0,488.0,405.0,373.0
NDARMF116AFR,2.298,2.924,2.675,2.73,3.237,3.103,2.426,2.541,2.661,2.856,2.795,2.779,2.953,2.821,2.879,2.912,2.874,2.898,3.287,3.399,2.402,2.363,2.352,2.546,2.872,3.003,2.336,2.292,2.67,2.772,2.826,2.897,3.079,3.077,3.134,2.969,2.847,2.854,2.863,2.786,2.387,3.026,2.176,2.362,2.548,2.459,2.938,2.917,2.956,2.99,2.872,2.926,2.801,3.064,2.683,2.7,3.146,3.214,2.659,2.722,2.983,2.836,2.912,2.761,3.259,3.311,2.586,2.868,970.0,761.0,497.0,717.0,1567.0,2329.0,1299.0,1288.0,430.0,402.0,580.0,560.0,2200.0,2451.0,3833.0,4334.0,2912.0,2524.0,2308.0,1942.0,702.0,680.0,4199.0,4359.0,2242.0,2069.0,2619.0,2378.0,1817.0,1758.0,2672.0,2695.0,1298.0,1489.0,423.0,502.0,1139.0,1254.0,725.0,878.0,1413.0,1295.0,1370.0,1160.0,3924.0,3789.0,932.0,921.0,4635.0,5004.0,3439.0,3429.0,511.0,750.0,5664.0,4856.0,8055.0,6635.0,5196.0,5145.0,3293.0,3526.0,2645.0,2918.0,486.0,539.0,453.0,308.0
NDARMG263JRX,2.737,3.013,2.562,2.451,2.896,2.813,2.272,2.319,3.067,2.976,2.499,2.651,2.73,2.771,2.723,2.746,2.674,2.778,3.242,3.402,2.371,2.466,2.389,2.378,2.902,2.558,2.386,2.165,2.781,2.775,3.056,3.034,2.771,2.493,3.091,2.666,2.767,3.022,2.609,2.694,2.853,2.887,2.127,2.001,2.261,2.68,2.49,2.804,2.29,2.749,2.797,2.703,2.972,3.186,2.424,2.571,3.014,2.935,2.439,2.481,3.012,2.892,2.65,2.851,2.939,2.926,2.792,2.745,1200.0,1234.0,513.0,670.0,2303.0,3032.0,1786.0,1710.0,604.0,650.0,613.0,467.0,3795.0,4237.0,5696.0,6227.0,3896.0,4500.0,2957.0,2812.0,1146.0,1016.0,5918.0,6188.0,2694.0,2785.0,3063.0,3258.0,1824.0,2199.0,3685.0,3635.0,1675.0,1331.0,666.0,624.0,1576.0,1431.0,858.0,932.0,1601.0,1198.0,1440.0,1247.0,4489.0,2928.0,1505.0,1315.0,5825.0,5088.0,4435.0,5020.0,509.0,736.0,7257.0,6577.0,8962.0,10136.0,5694.0,6268.0,4399.0,4494.0,5804.0,4327.0,785.0,756.0,673.0,621.0
NDARMG675JB4,2.884,2.987,2.541,2.433,3.288,3.228,2.511,2.403,3.454,3.732,3.016,3.393,3.053,3.188,2.958,3.018,3.264,3.122,3.452,3.381,2.354,2.639,2.501,2.56,3.207,3.098,2.442,2.431,2.985,2.906,3.044,3.084,2.954,2.907,3.169,3.157,3.019,3.186,3.125,3.347,3.086,3.05,2.176,2.224,2.388,2.477,2.623,2.824,2.978,3.029,3.009,2.956,2.943,3.149,2.89,2.899,3.325,3.256,2.712,2.704,3.201,3.281,3.068,3.096,4.161,4.213,3.204,2.909,1687.0,1066.0,794.0,1121.0,3067.0,2616.0,2013.0,1984.0,602.0,544.0,392.0,285.0,3445.0,3863.0,5039.0,6432.0,4350.0,4487.0,2671.0,2505.0,1280.0,1111.0,6202.0,6124.0,3136.0,3318.0,3557.0,3625.0,2214.0,2303.0,4759.0,4104.0,1726.0,1970.0,820.0,926.0,1700.0,2287.0,819.0,998.0,1956.0,1769.0,2009.0,1800.0,4798.0,4675.0,1529.0,1621.0,5555.0,5416.0,4178.0,4331.0,874.0,1108.0,8608.0,7629.0,9390.0,8243.0,5910.0,6304.0,4312.0,4652.0,4609.0,4280.0,588.0,531.0,491.0,384.0
NDARMH763YZD,2.583,2.689,2.798,2.537,2.781,2.798,2.031,2.021,3.575,3.486,3.124,3.292,2.838,2.771,2.59,2.621,3.064,2.787,3.121,3.28,2.534,2.519,2.275,2.2,2.918,2.88,2.195,2.261,2.691,2.625,3.091,3.039,2.676,2.62,2.884,2.994,2.854,2.878,3.012,2.861,2.831,2.727,1.842,1.921,2.205,2.251,2.601,2.515,2.749,2.792,2.545,2.545,3.112,2.923,2.573,2.617,3.026,2.997,2.33,2.34,3.02,3.09,2.679,2.705,3.269,3.451,2.457,2.423,1474.0,1099.0,901.0,842.0,2870.0,2976.0,1871.0,2059.0,632.0,459.0,348.0,264.0,3883.0,3850.0,5214.0,6637.0,4104.0,4078.0,2582.0,2506.0,1316.0,1193.0,5891.0,5221.0,3320.0,2927.0,4311.0,4059.0,2209.0,2345.0,4446.0,4146.0,1495.0,1575.0,587.0,773.0,1863.0,1962.0,887.0,932.0,2200.0,2018.0,2208.0,1964.0,5025.0,4083.0,1539.0,1556.0,5270.0,5184.0,5316.0,5319.0,780.0,1011.0,7384.0,7689.0,7513.0,8460.0,5758.0,5615.0,4950.0,5386.0,4807.0,4608.0,505.0,505.0,575.0,483.0
NDARMJ219AKU,2.929,2.91,2.57,2.754,2.927,2.437,2.217,2.059,3.145,3.237,2.364,2.606,2.88,3.061,2.984,2.974,2.911,3.213,3.223,3.27,2.555,2.749,2.403,2.553,2.916,2.7,2.285,2.369,2.438,2.85,3.172,3.226,2.505,2.326,3.178,3.501,3.01,3.184,2.909,3.222,2.957,2.943,2.22,2.131,2.376,2.279,2.358,2.851,2.769,2.763,2.623,2.632,3.073,3.132,2.655,2.87,3.207,2.878,2.524,2.553,3.093,2.998,2.905,2.937,3.438,3.439,2.76,3.197,784.0,877.0,412.0,476.0,1908.0,1369.0,1416.0,1332.0,317.0,236.0,580.0,441.0,2319.0,2661.0,3248.0,4239.0,2287.0,2064.0,1886.0,1746.0,973.0,864.0,5609.0,5424.0,1779.0,1669.0,3158.0,3205.0,1571.0,1564.0,2707.0,2533.0,1216.0,1251.0,639.0,552.0,913.0,1187.0,602.0,663.0,1258.0,1151.0,1569.0,1448.0,3371.0,3346.0,890.0,849.0,4073.0,4294.0,3516.0,3657.0,271.0,293.0,4715.0,4899.0,6804.0,6435.0,5058.0,5301.0,2934.0,3186.0,3174.0,3027.0,487.0,534.0,541.0,365.0
NDARMK046ZRK,2.859,3.004,2.657,2.305,3.068,2.999,2.211,2.197,3.559,3.608,3.127,3.562,3.136,3.061,3.061,2.991,3.156,3.256,3.533,3.466,2.628,3.183,2.389,2.489,3.199,3.012,2.265,2.114,2.59,2.782,3.254,3.001,3.011,3.194,3.58,3.564,3.108,2.895,3.369,3.423,2.943,2.893,1.848,1.833,2.515,2.521,3.132,2.855,2.852,2.969,2.908,2.841,3.226,3.368,2.839,2.811,3.522,3.508,2.604,2.695,3.18,3.092,2.941,2.919,3.916,3.848,2.982,2.907,1092.0,1017.0,666.0,715.0,1982.0,1937.0,1919.0,1953.0,606.0,505.0,278.0,275.0,2840.0,3230.0,5262.0,6166.0,3238.0,3785.0,2642.0,2927.0,1145.0,865.0,5139.0,5349.0,3049.0,2580.0,3411.0,3027.0,1894.0,1897.0,3395.0,3584.0,1457.0,1857.0,683.0,810.0,1321.0,1605.0,837.0,895.0,1698.0,1617.0,2196.0,2075.0,4690.0,4326.0,1101.0,1393.0,5287.0,5450.0,4242.0,4579.0,647.0,843.0,6578.0,5657.0,7029.0,6705.0,6615.0,7228.0,4062.0,4680.0,5335.0,4432.0,468.0,443.0,547.0,416.0
NDARMK100DJR,3.115,3.21,3.281,3.12,3.207,3.36,2.565,2.273,3.611,3.574,2.992,3.259,3.26,3.043,3.063,3.119,3.381,3.425,3.403,3.551,3.071,2.528,2.696,2.69,3.309,3.254,2.518,2.756,2.964,2.991,3.443,3.232,3.174,3.114,3.113,3.32,3.258,3.111,3.312,3.438,3.183,3.166,2.31,2.32,2.769,2.742,2.849,2.556,3.201,3.036,3.013,3.081,3.426,3.705,2.907,2.756,3.403,3.334,2.815,2.941,3.421,3.378,3.192,3.004,3.918,4.218,2.957,2.947,1870.0,1152.0,1092.0,1184.0,3217.0,2577.0,1819.0,1944.0,676.0,721.0,452.0,327.0,3865.0,3904.0,5880.0,7621.0,4778.0,4193.0,2645.0,2371.0,1373.0,832.0,6442.0,6762.0,3419.0,3387.0,4448.0,4285.0,2301.0,2622.0,4631.0,4611.0,1615.0,1692.0,662.0,813.0,1677.0,1573.0,941.0,1068.0,2052.0,1395.0,2332.0,1982.0,6037.0,4605.0,2105.0,2142.0,6242.0,6860.0,5078.0,5157.0,865.0,1294.0,8016.0,8102.0,10644.0,9806.0,8071.0,5511.0,4669.0,5552.0,5083.0,6276.0,536.0,496.0,661.0,459.0
NDARMK825WAX,2.705,2.935,2.801,2.415,3.167,3.168,2.332,2.284,3.928,4.433,3.201,3.183,3.223,3.242,2.998,3.007,3.335,3.166,3.34,3.304,2.872,2.9,2.555,2.63,3.093,3.036,2.502,2.44,2.835,3.003,3.351,3.329,3.03,3.094,3.077,3.133,3.11,3.122,3.369,3.287,3.047,3.005,2.14,2.189,2.742,2.68,2.853,2.787,3.227,3.201,2.936,2.817,3.267,3.318,2.732,2.822,3.4,3.277,2.775,2.757,3.493,3.348,3.043,3.156,3.602,3.647,3.391,3.056,1504.0,1167.0,1080.0,710.0,3277.0,3293.0,1856.0,2121.0,412.0,377.0,291.0,271.0,3685.0,3724.0,5095.0,6557.0,4240.0,4589.0,3168.0,2650.0,996.0,899.0,6333.0,6490.0,3353.0,3927.0,4139.0,4120.0,2063.0,2427.0,4826.0,4441.0,1538.0,1775.0,726.0,868.0,2028.0,2314.0,785.0,933.0,1936.0,1826.0,2256.0,1966.0,5359.0,4680.0,1525.0,1492.0,5613.0,5008.0,4590.0,4958.0,703.0,927.0,7571.0,7600.0,8423.0,9174.0,6690.0,6485.0,4813.0,4361.0,5882.0,4516.0,489.0,499.0,448.0,407.0
NDARMM486AJU,3.029,3.38,2.644,2.722,3.233,3.274,2.309,2.506,3.284,3.186,2.332,3.043,3.158,3.093,3.065,2.999,3.142,3.041,3.535,3.578,2.358,2.468,2.401,2.575,3.099,2.945,2.553,2.561,2.984,3.069,3.243,3.167,3.02,3.173,3.178,3.252,3.092,3.223,3.381,3.14,3.268,3.289,2.199,2.292,2.591,2.644,2.683,2.951,3.086,3.097,3.112,3.123,2.835,3.564,2.959,2.856,3.304,3.182,2.782,2.829,3.23,3.119,3.044,3.019,3.356,3.593,3.247,3.242,883.0,838.0,457.0,742.0,2004.0,1650.0,1442.0,1394.0,490.0,441.0,583.0,467.0,2935.0,3094.0,5130.0,5794.0,3202.0,3854.0,2346.0,2278.0,1058.0,939.0,4349.0,5007.0,2825.0,2896.0,2813.0,2948.0,2288.0,2084.0,3260.0,3246.0,1445.0,1746.0,516.0,571.0,1215.0,1255.0,783.0,869.0,1328.0,1359.0,1227.0,1270.0,3921.0,4012.0,1395.0,1196.0,4397.0,4582.0,4287.0,4308.0,509.0,400.0,6368.0,6127.0,8053.0,7433.0,5921.0,6425.0,3735.0,4458.0,4808.0,4581.0,789.0,658.0,502.0,455.0
NDARMM990URX,2.612,2.816,2.658,2.546,2.582,2.607,1.798,1.864,3.566,3.373,2.535,2.974,2.65,2.654,2.452,2.513,2.934,2.924,3.065,2.977,2.071,2.213,2.171,2.156,2.739,2.6,2.041,1.949,2.416,2.418,2.979,2.936,2.628,2.527,2.43,2.346,2.631,2.657,2.827,2.749,2.614,2.573,1.803,1.757,2.225,2.203,2.376,2.359,2.607,2.739,2.415,2.495,2.764,2.77,2.438,2.416,2.797,2.736,2.278,2.267,2.972,2.968,2.633,2.585,3.547,3.611,2.46,2.542,1007.0,1119.0,752.0,842.0,2202.0,2501.0,1315.0,1413.0,352.0,346.0,318.0,270.0,2803.0,3117.0,5406.0,5650.0,3724.0,4434.0,2887.0,2823.0,1180.0,943.0,5352.0,4655.0,3164.0,3188.0,2689.0,2402.0,1977.0,1921.0,4115.0,4088.0,1122.0,1155.0,585.0,551.0,1520.0,1506.0,868.0,913.0,1476.0,1442.0,1231.0,1179.0,4308.0,4665.0,1277.0,1346.0,4895.0,4524.0,4195.0,3934.0,720.0,883.0,6378.0,6468.0,7716.0,7851.0,5716.0,5856.0,4076.0,4302.0,3940.0,4786.0,430.0,502.0,464.0,333.0
NDARMN043YKC,3.102,2.862,2.681,2.854,3.17,3.114,2.266,2.244,3.904,4.003,3.002,3.171,3.134,3.291,2.982,2.887,3.042,3.206,3.55,3.549,2.38,2.427,2.468,2.561,2.992,2.917,2.414,2.506,2.885,2.926,3.096,3.225,3.226,3.211,3.326,3.071,2.954,3.175,3.189,3.253,3.082,3.055,2.146,2.122,2.599,2.541,2.793,2.685,3.058,3.157,2.865,2.875,3.037,3.103,2.911,2.643,3.23,3.295,2.681,2.749,3.316,3.323,2.98,2.918,3.922,4.367,3.24,3.331,978.0,1071.0,627.0,696.0,2377.0,3020.0,1241.0,1253.0,392.0,399.0,361.0,311.0,3070.0,3031.0,5756.0,6054.0,3533.0,3758.0,2506.0,2201.0,1014.0,743.0,4074.0,4064.0,2877.0,3191.0,2108.0,2053.0,2002.0,2076.0,3941.0,3693.0,1200.0,1502.0,626.0,661.0,1486.0,1770.0,766.0,886.0,1612.0,1786.0,1070.0,996.0,4189.0,3582.0,1023.0,1292.0,4562.0,5007.0,3839.0,4341.0,580.0,927.0,7434.0,7287.0,8039.0,7550.0,6010.0,5596.0,3791.0,4039.0,4413.0,4806.0,475.0,402.0,464.0,326.0
NDARMN376BMF,3.176,3.09,3.207,2.681,3.049,3.029,2.243,2.357,2.644,3.243,2.924,3.275,3.072,2.974,2.825,2.792,2.641,2.976,3.323,3.563,2.406,2.529,2.361,2.592,3.014,2.937,2.481,2.375,2.868,2.975,2.884,3.117,2.96,3.025,3.073,2.998,3.231,3.272,2.962,2.655,2.964,3.144,2.404,2.296,2.581,2.461,2.885,2.897,2.924,3.02,2.812,2.803,3.068,3.159,2.774,2.723,3.164,3.203,2.736,2.697,3.041,3.061,3.051,2.681,3.25,3.017,2.878,2.582,841.0,797.0,691.0,979.0,2784.0,2029.0,1635.0,1802.0,570.0,620.0,587.0,428.0,3110.0,3073.0,4229.0,5582.0,3366.0,2939.0,2449.0,2189.0,1246.0,800.0,5502.0,5796.0,2595.0,2686.0,3089.0,3162.0,2465.0,2464.0,3594.0,2843.0,1407.0,1854.0,620.0,643.0,1326.0,1511.0,810.0,989.0,1351.0,1424.0,1442.0,1368.0,4084.0,3910.0,1285.0,1433.0,5243.0,5423.0,4403.0,4630.0,614.0,705.0,6992.0,6375.0,8807.0,9096.0,5173.0,5408.0,3580.0,4323.0,5117.0,3453.0,615.0,713.0,658.0,401.0
NDARMN695VFH,2.645,2.813,2.855,2.641,2.838,2.899,2.187,2.244,3.372,3.528,3.118,2.836,2.961,2.929,2.64,2.676,2.896,3.005,3.425,3.15,2.538,2.777,2.294,2.282,2.827,2.836,2.469,2.328,2.703,2.657,3.218,3.026,2.733,2.809,2.737,2.6,2.894,2.943,2.821,2.897,2.734,2.753,2.149,2.114,2.204,2.312,2.688,2.831,2.784,2.889,2.737,2.771,3.361,2.912,2.629,2.553,3.129,3.071,2.394,2.447,3.036,2.979,2.69,2.752,3.495,3.737,2.661,2.742,899.0,861.0,437.0,915.0,1979.0,1967.0,1520.0,1585.0,478.0,392.0,297.0,377.0,3055.0,3272.0,4278.0,5004.0,3076.0,2865.0,2306.0,2570.0,964.0,825.0,5200.0,5032.0,2725.0,2368.0,3316.0,2996.0,1943.0,1929.0,3167.0,3098.0,1386.0,1390.0,605.0,610.0,1616.0,1547.0,701.0,670.0,1415.0,1466.0,1794.0,1660.0,3897.0,3818.0,1156.0,993.0,4367.0,4072.0,3965.0,3659.0,512.0,690.0,5318.0,5544.0,6765.0,5822.0,5178.0,5532.0,3712.0,3863.0,3627.0,3585.0,661.0,510.0,540.0,355.0
NDARMN802MG9,2.811,2.814,2.616,2.444,2.907,3.188,2.22,2.412,3.484,3.328,3.109,3.514,3.228,3.166,3.036,3.007,3.067,2.989,3.308,3.333,2.57,2.44,2.515,2.489,3.078,2.87,2.44,2.45,2.564,2.86,3.172,3.205,2.989,2.707,3.322,3.201,3.199,3.024,3.171,3.282,2.991,3.147,2.052,2.346,2.282,2.405,2.731,2.903,3.052,2.889,2.893,2.784,3.128,3.059,2.947,2.79,3.221,3.212,2.769,2.738,3.38,2.997,2.885,2.925,4.062,4.316,3.035,2.919,1090.0,1123.0,525.0,772.0,1906.0,1709.0,1595.0,1622.0,423.0,398.0,338.0,247.0,2879.0,2752.0,6355.0,6862.0,3046.0,3611.0,2083.0,2040.0,917.0,887.0,5898.0,6106.0,2584.0,2842.0,2998.0,2895.0,1740.0,1859.0,3469.0,3639.0,1265.0,1465.0,631.0,579.0,1264.0,1344.0,697.0,905.0,1429.0,1370.0,1705.0,1373.0,3931.0,3751.0,1316.0,1207.0,4249.0,4073.0,4215.0,4747.0,776.0,772.0,6490.0,6844.0,7286.0,6655.0,5500.0,5632.0,3715.0,3663.0,4223.0,4176.0,408.0,380.0,382.0,321.0
NDARMT661WCR,2.928,3.346,2.842,2.544,3.338,3.261,2.482,2.35,3.652,3.685,3.325,3.669,3.301,3.272,3.038,3.149,3.359,3.211,3.514,3.374,2.793,3.032,2.645,2.559,3.167,3.185,2.68,2.656,2.925,2.648,3.364,3.221,3.053,3.137,3.412,3.389,3.419,3.045,3.434,3.337,3.026,3.01,2.336,2.414,2.714,2.744,2.685,2.861,3.172,3.133,2.921,2.982,3.306,3.255,2.934,3.004,3.447,3.468,2.871,2.878,3.373,3.229,3.094,3.351,4.071,4.248,3.665,3.351,1200.0,1125.0,846.0,825.0,2697.0,2633.0,2193.0,2291.0,421.0,350.0,270.0,245.0,3273.0,3472.0,4829.0,6061.0,3595.0,3393.0,2925.0,2789.0,1191.0,1101.0,5740.0,6024.0,3040.0,2625.0,4076.0,3717.0,1528.0,1864.0,3949.0,4076.0,1498.0,1836.0,641.0,717.0,1565.0,1761.0,789.0,1008.0,1921.0,1831.0,2485.0,2184.0,4690.0,4737.0,1327.0,1507.0,5065.0,4836.0,4487.0,4407.0,696.0,947.0,7488.0,7085.0,7944.0,7647.0,5443.0,5862.0,4384.0,4922.0,4698.0,4065.0,409.0,415.0,398.0,410.0
NDARMT882AWE,2.899,2.8,1.967,2.429,3.102,3.037,2.252,2.317,3.756,3.286,3.189,2.633,3.002,3.119,2.799,2.843,2.895,2.98,3.354,3.281,2.408,2.682,2.438,2.512,2.738,2.727,2.382,2.346,2.417,2.751,3.011,2.957,3.073,3.039,3.236,3.39,2.805,3.021,2.929,3.043,2.874,2.832,2.13,2.056,2.437,2.507,2.98,2.995,3.036,3.041,2.766,2.727,2.271,2.497,2.612,2.625,3.113,3.163,2.551,2.566,3.085,3.061,2.862,2.947,3.237,3.582,2.986,3.109,853.0,766.0,473.0,613.0,1727.0,1898.0,1378.0,1689.0,517.0,417.0,353.0,385.0,2593.0,2676.0,3951.0,5110.0,3480.0,3291.0,2096.0,2037.0,752.0,649.0,3902.0,4322.0,2399.0,2495.0,2746.0,3012.0,1985.0,2156.0,3130.0,2761.0,1379.0,1702.0,515.0,559.0,1198.0,1484.0,711.0,774.0,1220.0,1365.0,1482.0,1231.0,3962.0,3865.0,1160.0,979.0,4434.0,4305.0,4609.0,4048.0,425.0,682.0,5766.0,4690.0,7863.0,7112.0,5423.0,5644.0,3301.0,3448.0,4042.0,3855.0,581.0,603.0,502.0,318.0
NDARMT939UCK,3.106,2.733,2.988,2.525,3.021,2.925,2.441,2.405,4.354,4.16,3.137,3.226,3.147,3.292,3.006,2.958,3.362,3.307,3.637,3.636,2.379,2.621,2.745,2.857,3.184,3.098,2.646,2.619,2.992,2.85,3.512,3.395,2.879,2.981,3.591,3.297,3.006,3.208,3.286,3.185,3.051,3.066,2.197,2.213,2.848,2.779,2.852,2.723,2.979,3.067,2.813,2.93,3.329,3.415,2.796,2.861,3.271,3.166,2.914,2.899,3.576,3.429,3.096,3.198,4.095,3.906,3.229,3.249,1426.0,1135.0,1102.0,788.0,3665.0,3104.0,1489.0,1975.0,560.0,576.0,428.0,334.0,3321.0,3675.0,4112.0,5417.0,4098.0,4467.0,2557.0,2452.0,1122.0,1034.0,6099.0,6102.0,3457.0,3484.0,3324.0,3124.0,2159.0,2176.0,4038.0,3877.0,1411.0,1460.0,753.0,640.0,1708.0,2095.0,963.0,1230.0,2540.0,1868.0,1691.0,1376.0,5079.0,4226.0,1115.0,1493.0,5538.0,6217.0,3902.0,5011.0,795.0,1111.0,8983.0,7985.0,9593.0,11147.0,5857.0,5468.0,4699.0,5295.0,4401.0,3420.0,505.0,526.0,551.0,423.0
NDARMU269TFY,2.829,2.942,2.838,2.546,2.799,2.85,2.337,2.328,3.886,3.886,3.143,3.143,3.014,2.883,2.664,2.732,2.945,3.075,3.314,3.148,2.792,2.653,2.454,2.445,3.113,2.967,2.43,2.369,2.747,2.885,3.139,3.034,2.767,2.669,2.827,3.084,2.871,2.834,2.995,3.044,2.773,2.823,2.034,2.103,2.439,2.457,2.639,2.648,2.727,2.777,2.691,2.707,3.279,3.051,2.788,2.783,3.057,3.024,2.533,2.553,3.175,3.152,2.903,2.909,3.571,4.055,2.798,2.936,1090.0,951.0,553.0,761.0,2912.0,2601.0,1557.0,1863.0,333.0,311.0,343.0,255.0,3016.0,3190.0,4795.0,5267.0,3832.0,3908.0,2180.0,2215.0,1085.0,936.0,4729.0,5313.0,2586.0,2576.0,4059.0,3567.0,1798.0,1840.0,3865.0,3458.0,1405.0,1529.0,707.0,617.0,1630.0,1552.0,714.0,881.0,1915.0,1507.0,1753.0,1503.0,4398.0,4399.0,1266.0,1392.0,4709.0,5114.0,4441.0,4836.0,599.0,820.0,6207.0,6353.0,7519.0,7235.0,5588.0,6061.0,3883.0,4356.0,4783.0,3994.0,457.0,397.0,532.0,320.0
NDARMU488APK,2.746,2.893,2.581,2.89,2.737,2.851,1.819,1.873,4.143,4.092,3.156,3.019,2.887,2.871,2.73,2.729,3.072,3.0,3.233,3.251,2.626,2.519,2.196,2.162,3.077,3.042,2.198,2.108,2.891,2.893,3.137,3.235,2.678,2.657,2.978,2.533,2.998,2.867,2.992,3.141,2.831,2.707,1.807,1.858,2.193,2.16,2.762,2.711,2.688,2.809,2.525,2.559,4.185,3.016,2.632,2.658,3.055,3.043,2.297,2.296,2.968,3.015,2.818,2.902,4.307,3.936,2.703,2.728,812.0,771.0,427.0,592.0,1691.0,2135.0,1331.0,1259.0,270.0,278.0,304.0,212.0,2434.0,2811.0,3353.0,4083.0,2546.0,2483.0,2003.0,1912.0,882.0,838.0,3612.0,4077.0,2247.0,2068.0,2681.0,2666.0,1384.0,1470.0,2901.0,2501.0,1200.0,1304.0,486.0,530.0,1331.0,1642.0,501.0,646.0,1173.0,1039.0,1431.0,1393.0,3490.0,3220.0,883.0,926.0,4295.0,4285.0,3446.0,3655.0,427.0,660.0,4813.0,4614.0,6570.0,5681.0,4807.0,5113.0,3108.0,3371.0,3398.0,3232.0,434.0,385.0,383.0,358.0
NDARMU791UN7,2.792,2.692,2.63,2.471,2.702,2.744,2.187,2.326,2.867,2.992,2.463,2.832,2.87,2.778,2.688,2.672,2.682,2.814,3.137,3.181,2.407,2.714,2.294,2.453,2.745,2.66,2.367,2.325,2.423,2.508,2.904,2.969,2.866,2.68,2.828,2.887,2.79,2.782,2.454,2.54,2.657,2.635,2.112,2.062,2.242,2.174,2.532,2.558,2.719,2.735,2.708,2.733,2.626,2.488,2.507,2.496,2.664,2.645,2.487,2.569,2.923,2.953,2.656,2.648,3.053,2.924,2.858,2.769,1197.0,1181.0,680.0,849.0,2342.0,2873.0,1556.0,1628.0,506.0,500.0,597.0,439.0,3972.0,3919.0,5979.0,8356.0,3927.0,4065.0,3220.0,2484.0,1403.0,1236.0,6208.0,5902.0,2789.0,3009.0,4110.0,3612.0,2058.0,2339.0,4249.0,3694.0,1404.0,1491.0,701.0,593.0,1523.0,1950.0,821.0,838.0,1700.0,1803.0,1771.0,1541.0,5450.0,5409.0,1241.0,1287.0,5815.0,4969.0,5095.0,5350.0,592.0,776.0,6854.0,8042.0,9398.0,8664.0,6616.0,6278.0,4820.0,5177.0,6073.0,4226.0,692.0,680.0,701.0,561.0
NDARMV189NXG,3.269,3.527,2.776,2.893,3.148,3.177,2.675,2.576,3.175,4.078,3.538,3.477,3.214,3.314,3.205,3.162,3.277,3.371,3.381,3.456,2.82,2.708,2.831,2.89,3.312,3.312,2.555,2.562,3.046,3.082,3.716,3.46,3.237,3.03,3.291,3.587,3.225,3.297,3.505,3.355,3.068,3.102,2.5,2.46,2.773,2.652,2.732,2.982,3.151,3.193,3.077,3.021,3.095,3.296,3.175,3.119,3.5,3.387,3.01,2.981,3.534,3.634,3.291,3.21,4.585,4.677,3.189,3.304,1125.0,1092.0,633.0,1190.0,2548.0,2349.0,2000.0,2331.0,638.0,330.0,398.0,312.0,3940.0,3548.0,6124.0,5614.0,3480.0,3861.0,3078.0,2656.0,1151.0,944.0,6872.0,6663.0,3096.0,2805.0,3659.0,3594.0,1927.0,2154.0,3766.0,3379.0,1597.0,2229.0,726.0,728.0,1365.0,1787.0,850.0,1094.0,1595.0,1818.0,1925.0,1623.0,4740.0,4534.0,1497.0,1205.0,5349.0,5325.0,4892.0,4827.0,705.0,826.0,7412.0,7942.0,9146.0,9024.0,6422.0,5857.0,4170.0,4228.0,4646.0,4557.0,437.0,452.0,448.0,378.0
NDARMV247HRA,2.574,2.759,2.486,2.322,2.812,2.838,1.944,1.928,3.433,3.66,3.009,2.979,2.664,2.676,2.561,2.691,2.963,2.779,3.028,3.212,2.371,2.48,2.174,2.22,2.81,2.77,2.121,2.168,2.711,2.701,3.121,3.042,2.484,2.692,2.665,2.968,2.641,2.604,2.821,2.689,2.536,2.594,1.799,1.769,2.247,2.232,2.389,2.549,2.586,2.632,2.408,2.512,2.881,2.715,2.631,2.635,2.95,2.919,2.409,2.415,2.938,2.774,2.754,2.812,3.55,3.888,2.423,2.724,1158.0,821.0,430.0,691.0,2455.0,2177.0,1396.0,1361.0,396.0,391.0,314.0,288.0,2655.0,3065.0,4973.0,5729.0,3163.0,3301.0,1901.0,1920.0,893.0,977.0,4486.0,5646.0,2691.0,2290.0,3039.0,2709.0,1867.0,1981.0,3735.0,3114.0,1355.0,1472.0,507.0,500.0,1359.0,1630.0,614.0,764.0,1332.0,1183.0,1460.0,1382.0,4149.0,4100.0,1472.0,1158.0,4955.0,5024.0,4486.0,4249.0,646.0,785.0,5106.0,4967.0,7546.0,7252.0,5418.0,5883.0,3158.0,4389.0,4427.0,3403.0,415.0,379.0,424.0,266.0
NDARMV319CAT,2.682,3.03,2.783,2.628,2.858,2.804,2.201,2.2,3.949,3.696,3.293,3.095,3.103,3.02,2.806,2.819,2.954,2.932,3.203,3.197,2.508,2.538,2.407,2.481,3.117,3.169,2.509,2.527,2.853,2.961,3.169,2.892,2.578,2.364,3.335,3.501,3.001,2.883,3.145,3.098,2.824,2.742,2.08,2.213,2.528,2.519,2.474,2.485,2.813,2.765,2.611,2.59,3.112,3.1,2.709,2.646,2.999,2.954,2.458,2.511,3.273,2.927,2.867,2.816,3.661,4.291,2.776,2.934,927.0,987.0,705.0,709.0,2941.0,2187.0,1463.0,1490.0,496.0,423.0,329.0,253.0,3399.0,3144.0,4305.0,5600.0,4214.0,4229.0,2695.0,2527.0,1227.0,940.0,5333.0,4982.0,2864.0,2451.0,3635.0,3261.0,1790.0,1953.0,4129.0,4145.0,1285.0,1464.0,680.0,662.0,1398.0,1938.0,709.0,951.0,1527.0,1126.0,1587.0,1279.0,4250.0,4219.0,1245.0,1190.0,4921.0,4518.0,3887.0,4237.0,557.0,859.0,6695.0,5817.0,8033.0,7306.0,5864.0,5918.0,3966.0,4411.0,4953.0,3637.0,493.0,538.0,495.0,325.0
NDARMV605LGH,2.863,2.802,3.325,2.884,3.292,3.147,2.422,2.211,3.561,3.925,3.11,3.158,3.147,3.062,2.954,3.013,3.084,3.128,3.399,3.565,2.637,2.606,2.525,2.645,3.252,2.972,2.27,2.425,2.758,2.839,3.406,3.092,2.981,2.925,2.947,3.243,3.089,3.191,3.555,3.236,2.927,3.056,2.031,2.195,2.727,2.612,2.746,2.819,3.09,3.07,2.918,2.933,3.343,3.249,2.779,2.854,3.402,3.312,2.643,2.737,3.385,3.27,3.015,3.075,4.155,4.087,3.102,2.898,1000.0,1041.0,633.0,727.0,2282.0,2324.0,1672.0,1648.0,473.0,394.0,376.0,239.0,3461.0,3324.0,4748.0,6406.0,3483.0,3481.0,2693.0,2559.0,1132.0,1101.0,5204.0,5250.0,2795.0,2845.0,3427.0,3583.0,1931.0,2261.0,4039.0,3616.0,1560.0,1633.0,745.0,656.0,1963.0,2654.0,684.0,1005.0,2018.0,1878.0,1975.0,1885.0,4649.0,4006.0,1426.0,1117.0,6176.0,5616.0,3931.0,3866.0,440.0,906.0,6399.0,6496.0,8165.0,7392.0,5712.0,4729.0,4185.0,4467.0,5295.0,3567.0,447.0,457.0,569.0,396.0
NDARMV718DYL,2.726,3.072,2.433,2.451,2.674,2.795,2.374,2.264,3.39,3.131,2.841,3.055,2.859,2.877,2.794,2.849,2.939,2.999,3.409,3.15,2.445,2.457,2.351,2.378,3.077,2.726,2.364,2.304,2.768,2.757,3.213,3.039,2.639,2.557,3.199,3.345,2.863,2.969,2.776,2.792,2.862,2.992,1.899,2.011,2.31,2.3,2.49,2.401,2.566,2.696,2.752,2.735,3.064,2.935,2.677,2.7,2.876,2.9,2.619,2.551,3.093,3.073,2.942,2.852,3.437,3.498,2.872,2.836,1166.0,856.0,513.0,678.0,2484.0,2204.0,1780.0,1826.0,405.0,367.0,559.0,370.0,3632.0,3281.0,3795.0,4199.0,2942.0,2940.0,2168.0,2238.0,1412.0,1084.0,5986.0,6059.0,2407.0,2844.0,2845.0,3077.0,2004.0,2039.0,3262.0,2962.0,1324.0,1331.0,519.0,500.0,1748.0,1550.0,963.0,996.0,1718.0,1501.0,1549.0,1350.0,4059.0,3778.0,1012.0,935.0,4379.0,5358.0,4146.0,3980.0,543.0,450.0,6133.0,6043.0,7552.0,7086.0,5337.0,5403.0,3674.0,4115.0,4424.0,4157.0,671.0,640.0,500.0,431.0
NDARMW178UDD,3.089,3.035,2.936,2.499,3.226,3.288,2.544,2.42,3.08,3.33,3.215,3.093,2.961,2.939,2.906,2.973,2.942,3.123,3.331,3.438,2.493,2.458,2.569,2.624,3.016,2.931,2.455,2.4,3.008,2.876,3.115,3.244,3.314,3.146,3.442,3.312,3.061,3.231,3.099,3.236,3.04,3.042,2.316,2.271,2.604,2.588,2.949,2.959,2.994,3.158,3.081,3.04,2.842,3.069,2.932,3.044,3.311,3.289,2.904,2.848,3.259,3.249,3.156,3.022,3.211,3.704,2.694,3.394,1090.0,1028.0,705.0,521.0,2437.0,2270.0,1825.0,1761.0,527.0,455.0,388.0,328.0,3254.0,3482.0,4746.0,6737.0,4029.0,3414.0,2511.0,2212.0,789.0,717.0,5721.0,5380.0,2590.0,2707.0,3392.0,3205.0,1931.0,2038.0,3757.0,3125.0,1268.0,1336.0,512.0,760.0,1224.0,1255.0,658.0,769.0,1186.0,1077.0,1834.0,1725.0,4409.0,4204.0,1060.0,1207.0,4529.0,4650.0,4059.0,3946.0,432.0,790.0,6104.0,5963.0,6790.0,7165.0,5927.0,5539.0,3529.0,4167.0,4953.0,4034.0,608.0,575.0,458.0,307.0
NDARMW863HW5,3.194,2.996,2.93,2.689,3.098,3.08,2.318,2.416,3.615,3.474,2.952,3.637,3.088,3.179,2.957,3.004,3.031,3.124,3.407,3.392,2.662,2.366,2.665,2.678,3.079,3.123,2.464,2.474,2.845,2.694,3.339,3.359,3.029,2.904,3.027,3.592,3.056,3.122,3.298,3.175,2.917,2.983,2.164,2.282,2.531,2.552,2.681,2.838,3.012,3.002,2.895,2.763,3.03,3.105,2.877,2.953,3.284,3.247,2.715,2.69,3.391,3.168,2.984,3.041,4.01,3.972,3.039,2.954,1121.0,1200.0,686.0,743.0,2661.0,1997.0,1626.0,1629.0,410.0,459.0,350.0,285.0,3586.0,3544.0,4987.0,5513.0,4105.0,4051.0,2801.0,2419.0,1235.0,904.0,5412.0,5112.0,3174.0,3034.0,2938.0,3063.0,1630.0,1795.0,4360.0,3872.0,1402.0,1601.0,718.0,638.0,1640.0,1755.0,907.0,1036.0,1805.0,1465.0,1771.0,1562.0,4133.0,4210.0,1517.0,1244.0,4732.0,4999.0,4333.0,4360.0,542.0,828.0,7294.0,7310.0,7918.0,8344.0,5626.0,5439.0,4077.0,4507.0,4686.0,3917.0,437.0,484.0,593.0,391.0
NDARMX032AU3,2.459,2.41,2.709,2.512,2.758,2.785,1.72,1.824,3.08,3.18,3.063,2.877,2.897,2.819,2.54,2.535,3.082,2.853,3.127,3.02,2.405,2.646,2.152,2.279,2.942,2.742,2.027,2.11,2.691,2.68,2.989,2.938,2.505,2.454,2.759,2.631,2.658,2.653,2.893,2.846,2.589,2.581,1.622,1.512,2.014,2.067,2.729,2.724,2.572,2.55,2.518,2.435,3.095,2.884,2.509,2.605,2.973,2.874,2.274,2.317,2.932,2.902,2.547,2.629,3.865,4.183,2.317,2.463,1676.0,967.0,466.0,639.0,2283.0,1910.0,1348.0,1311.0,325.0,269.0,239.0,221.0,2529.0,3098.0,4289.0,5955.0,2757.0,3075.0,2000.0,2023.0,947.0,780.0,4077.0,4079.0,2553.0,2584.0,2660.0,2363.0,1648.0,1828.0,3409.0,2804.0,1515.0,1674.0,712.0,643.0,1256.0,1546.0,763.0,846.0,1764.0,1392.0,1305.0,1051.0,3627.0,3414.0,1077.0,1016.0,4449.0,4531.0,3450.0,3847.0,512.0,762.0,6051.0,5970.0,7128.0,6557.0,4364.0,4760.0,3487.0,3630.0,4076.0,3069.0,431.0,386.0,473.0,318.0
NDARMX482GWR,3.006,3.398,2.244,2.607,3.318,3.232,2.669,2.602,3.207,3.598,3.229,3.235,3.136,2.987,3.079,3.214,3.234,3.1,3.378,3.388,2.297,2.608,2.636,2.64,3.203,3.04,2.69,2.575,2.917,3.162,3.503,3.396,3.214,3.354,3.28,3.464,3.281,3.243,2.643,3.283,3.08,3.026,2.247,2.481,2.844,2.687,2.933,2.775,3.125,3.174,3.189,3.165,3.179,2.957,2.848,2.926,3.289,3.271,2.875,2.821,3.496,3.244,3.099,3.165,3.236,3.686,2.953,3.01,824.0,950.0,495.0,651.0,2170.0,2372.0,1495.0,1445.0,466.0,397.0,641.0,402.0,3026.0,2709.0,4072.0,4902.0,3001.0,3270.0,2603.0,2351.0,934.0,924.0,5258.0,5806.0,2599.0,2474.0,3153.0,2760.0,1903.0,2024.0,3604.0,2937.0,1337.0,1429.0,555.0,481.0,1559.0,1819.0,717.0,818.0,1922.0,1531.0,1358.0,1275.0,4263.0,4162.0,1238.0,1076.0,4746.0,5230.0,3853.0,3859.0,626.0,836.0,5606.0,5235.0,8304.0,7329.0,5726.0,5760.0,3390.0,4407.0,3911.0,3100.0,608.0,674.0,517.0,431.0
NDARMY456WML,2.742,2.997,2.386,2.34,3.166,3.349,2.435,2.367,3.393,3.314,3.15,3.233,3.01,3.141,2.782,2.943,2.9,3.023,3.37,3.38,2.171,2.381,2.596,2.643,3.182,2.897,2.515,2.479,3.025,3.064,3.322,3.165,3.051,2.925,3.144,3.011,3.106,3.152,2.964,3.345,3.103,3.006,2.088,2.185,2.489,2.568,2.603,2.707,3.149,3.132,2.73,2.828,2.844,3.227,2.951,2.911,3.394,3.36,2.649,2.609,3.329,2.871,2.998,2.883,3.255,3.69,3.137,2.797,1241.0,1129.0,555.0,563.0,2521.0,1921.0,1577.0,1608.0,403.0,377.0,500.0,320.0,2817.0,3151.0,4291.0,5163.0,3091.0,3369.0,2258.0,1940.0,1233.0,915.0,5225.0,5416.0,2702.0,2865.0,2673.0,3055.0,1709.0,2084.0,3946.0,3196.0,1507.0,1638.0,576.0,610.0,1558.0,1664.0,782.0,987.0,1790.0,1620.0,1514.0,1500.0,3693.0,3707.0,1202.0,1065.0,4641.0,5150.0,4176.0,4370.0,400.0,727.0,6869.0,6374.0,7741.0,7182.0,6414.0,6068.0,3668.0,4424.0,4397.0,3933.0,538.0,651.0,562.0,508.0
NDARMZ119VPH,2.804,2.544,2.626,2.943,2.728,2.788,2.025,2.225,2.986,2.88,2.462,2.597,2.95,2.973,2.935,2.577,2.926,2.87,3.678,3.447,2.04,2.212,2.27,2.282,2.976,3.141,2.308,2.51,2.996,2.783,3.113,2.95,2.985,2.924,2.835,3.151,3.105,2.71,2.827,2.981,2.53,2.777,2.073,1.924,2.315,2.367,2.901,2.721,2.758,2.773,2.849,2.727,3.209,2.906,2.751,2.741,3.009,2.899,2.476,2.423,3.185,3.026,2.887,2.803,3.197,3.208,2.919,3.141,878.0,707.0,377.0,574.0,1519.0,1398.0,1213.0,1355.0,374.0,397.0,503.0,403.0,2476.0,2636.0,3952.0,4770.0,2604.0,3187.0,2114.0,2010.0,865.0,640.0,4523.0,4841.0,2312.0,2121.0,2685.0,2546.0,1559.0,1885.0,2872.0,2569.0,1157.0,1563.0,529.0,465.0,1218.0,1286.0,680.0,781.0,1542.0,1371.0,1200.0,1183.0,3570.0,3682.0,982.0,1145.0,4610.0,4086.0,3175.0,3528.0,389.0,376.0,4988.0,4409.0,5855.0,6321.0,4715.0,4974.0,3229.0,3180.0,3483.0,3139.0,650.0,549.0,446.0,356.0
NDARMZ477MNH,2.982,2.902,3.328,2.721,3.092,3.02,2.497,2.341,3.511,3.811,3.114,3.313,3.041,3.117,2.992,2.864,3.219,3.282,3.383,3.418,2.801,2.502,2.666,2.606,3.176,3.198,2.624,2.595,2.954,2.963,3.544,3.326,2.812,2.846,3.034,3.325,3.194,2.966,3.38,3.432,2.913,2.898,2.221,2.118,2.742,2.499,2.791,2.976,3.038,3.125,3.068,2.877,3.157,3.475,2.962,2.949,3.493,3.371,2.829,2.993,3.418,3.337,3.194,2.94,3.623,4.344,3.256,3.066,1122.0,1039.0,650.0,726.0,2416.0,2155.0,1519.0,1373.0,315.0,294.0,294.0,281.0,3053.0,3270.0,4567.0,6322.0,2983.0,3494.0,2411.0,2075.0,1110.0,1074.0,4684.0,4722.0,2525.0,2640.0,2841.0,2926.0,1511.0,1698.0,3839.0,3474.0,1530.0,1688.0,518.0,526.0,1347.0,1708.0,728.0,978.0,1606.0,1372.0,1271.0,1456.0,4695.0,4012.0,1435.0,1430.0,4491.0,4605.0,4000.0,4090.0,556.0,858.0,6430.0,6702.0,6735.0,7196.0,5988.0,5451.0,3707.0,3737.0,3954.0,3925.0,375.0,481.0,426.0,333.0
NDARMZ687XRR,2.455,2.558,2.55,2.342,2.621,2.647,1.984,2.092,2.65,2.125,1.836,1.934,2.615,2.731,2.729,2.677,2.545,2.483,3.037,2.881,2.229,2.12,2.257,2.239,2.536,2.385,2.207,2.308,2.183,1.994,2.83,2.74,2.614,2.686,2.623,3.286,2.63,2.594,2.432,2.537,2.626,2.604,2.12,2.021,2.226,2.226,2.513,2.548,2.729,2.744,2.512,2.555,2.445,2.819,2.155,2.363,2.655,2.577,2.411,2.501,2.82,2.825,2.681,2.668,2.929,2.439,2.706,2.897,759.0,1026.0,721.0,880.0,2413.0,2720.0,1488.0,1589.0,518.0,615.0,372.0,497.0,3106.0,3757.0,4501.0,5978.0,3628.0,3825.0,2764.0,2599.0,1109.0,861.0,5671.0,5135.0,2680.0,2637.0,3537.0,3014.0,2278.0,2106.0,3824.0,3261.0,1650.0,1997.0,594.0,522.0,1481.0,1486.0,868.0,892.0,1751.0,1718.0,1699.0,1595.0,4536.0,4634.0,1420.0,1259.0,4851.0,5428.0,4613.0,4576.0,583.0,799.0,6036.0,6611.0,8197.0,8551.0,5819.0,6614.0,4366.0,4118.0,4396.0,4324.0,722.0,583.0,692.0,424.0
NDARMZ908DUR,2.574,2.855,2.941,2.753,2.885,2.82,2.164,2.175,3.398,3.701,3.301,2.988,2.898,2.89,2.607,2.691,2.988,3.01,3.079,3.103,2.459,2.471,2.405,2.507,2.946,2.837,2.282,2.237,2.818,2.647,3.04,2.946,2.712,2.642,3.171,3.405,2.976,2.944,2.843,2.868,2.696,2.757,1.961,1.972,2.357,2.326,2.564,2.771,2.797,2.881,2.596,2.599,2.7,3.151,2.508,2.598,2.862,2.86,2.432,2.434,3.099,2.933,2.855,2.87,3.572,3.874,2.694,2.83,1102.0,1050.0,820.0,669.0,2190.0,2650.0,1607.0,1749.0,630.0,482.0,299.0,276.0,3812.0,3992.0,5681.0,6979.0,3696.0,3935.0,2380.0,2238.0,1314.0,1184.0,6435.0,5191.0,3169.0,3343.0,3681.0,3435.0,2151.0,2204.0,3908.0,3541.0,1859.0,1967.0,648.0,730.0,1718.0,1882.0,820.0,1056.0,1646.0,1583.0,2092.0,1691.0,4209.0,4567.0,1633.0,1448.0,5280.0,5127.0,4881.0,4752.0,691.0,1015.0,6841.0,7599.0,8737.0,9520.0,6147.0,7077.0,4556.0,4599.0,4761.0,3990.0,562.0,548.0,568.0,364.0
NDARMZ981YUK,2.785,2.825,2.662,2.535,3.337,3.178,2.608,2.469,3.409,3.762,3.374,3.485,3.287,3.167,3.044,3.041,3.403,3.185,3.382,3.442,2.68,2.842,2.715,2.741,3.273,3.172,2.7,2.657,3.14,3.084,3.063,3.186,2.941,3.056,3.176,3.286,3.14,3.03,3.271,3.177,3.107,3.004,2.328,2.299,2.536,2.591,2.821,2.52,3.003,3.064,2.936,3.022,3.502,3.057,3.04,2.857,3.361,3.409,2.84,2.833,3.221,3.161,3.026,2.919,3.715,4.228,2.894,3.038,1044.0,1127.0,722.0,773.0,2524.0,2420.0,1460.0,1569.0,452.0,476.0,334.0,310.0,2976.0,3515.0,5108.0,7079.0,4017.0,3723.0,2638.0,2569.0,1644.0,1075.0,6905.0,6260.0,2888.0,2594.0,3882.0,3463.0,1740.0,2071.0,4423.0,3833.0,1292.0,1713.0,608.0,635.0,1137.0,1790.0,699.0,947.0,1304.0,1546.0,1564.0,1523.0,4464.0,4565.0,1391.0,1409.0,5241.0,5211.0,4558.0,4187.0,536.0,946.0,7364.0,6612.0,7261.0,7175.0,5431.0,5724.0,3800.0,4174.0,4662.0,4624.0,483.0,494.0,403.0,311.0
NDARNB427ARE,2.846,3.048,2.564,2.413,2.96,2.991,2.406,2.234,3.627,3.869,3.118,3.267,3.122,3.01,2.961,2.971,3.024,3.119,3.113,3.242,2.477,2.623,2.504,2.532,3.123,2.963,2.41,2.447,2.686,2.777,3.314,3.27,3.102,2.774,2.978,3.224,2.94,2.929,3.147,3.099,2.937,2.762,2.218,2.248,2.57,2.441,2.634,2.676,2.958,2.954,2.773,2.705,2.97,2.943,2.715,2.67,3.107,3.111,2.623,2.669,3.286,3.115,3.054,3.006,4.077,4.14,2.982,3.106,935.0,861.0,555.0,663.0,2210.0,1863.0,1395.0,1499.0,366.0,287.0,268.0,253.0,2761.0,2833.0,3851.0,4395.0,2883.0,2758.0,2401.0,1973.0,930.0,798.0,4427.0,4049.0,2215.0,2109.0,3042.0,2989.0,1363.0,1417.0,3198.0,2858.0,1066.0,1364.0,676.0,635.0,1077.0,1241.0,683.0,857.0,1313.0,941.0,1644.0,1462.0,3689.0,3405.0,1117.0,958.0,4858.0,4624.0,3392.0,3685.0,558.0,640.0,5657.0,5693.0,7501.0,7183.0,5112.0,4822.0,3050.0,3542.0,3481.0,3253.0,424.0,362.0,438.0,317.0
NDARNB440UE4,2.482,2.494,2.727,2.388,2.608,2.51,1.927,1.959,3.129,3.277,2.258,2.382,2.595,2.607,2.417,2.374,2.75,2.725,2.843,2.86,2.323,2.205,2.039,2.166,2.65,2.415,2.001,2.022,2.446,2.354,2.75,2.749,2.506,2.366,2.423,2.397,2.62,2.48,2.909,2.547,2.415,2.48,1.92,1.738,2.211,2.122,2.317,2.491,2.556,2.553,2.392,2.344,2.754,2.673,2.292,2.374,2.721,2.575,2.212,2.247,2.642,2.682,2.527,2.507,3.389,3.71,2.425,2.493,699.0,875.0,480.0,726.0,2551.0,1941.0,1272.0,1290.0,377.0,333.0,304.0,189.0,2919.0,2862.0,3599.0,5211.0,3073.0,3525.0,2368.0,2103.0,771.0,813.0,4222.0,3933.0,2725.0,2647.0,2429.0,2042.0,1489.0,1830.0,3595.0,3012.0,1245.0,1379.0,636.0,636.0,1526.0,1887.0,717.0,1007.0,1884.0,1368.0,1179.0,1042.0,4134.0,3609.0,1302.0,999.0,4542.0,4760.0,3482.0,3263.0,539.0,773.0,6161.0,5899.0,7297.0,6413.0,4793.0,4982.0,3517.0,3965.0,3981.0,3220.0,458.0,417.0,423.0,313.0
NDARND085WZK,2.56,2.946,3.136,2.999,3.115,3.085,2.388,2.368,3.955,3.745,3.092,3.089,2.706,2.866,3.025,2.986,2.909,2.839,3.342,3.368,2.531,2.43,2.532,2.637,3.041,2.919,2.361,2.335,2.932,2.718,3.089,3.014,2.979,2.823,3.137,2.9,2.899,3.034,3.211,3.095,2.957,3.095,1.863,2.12,2.596,2.557,2.769,2.807,2.825,2.979,2.872,2.777,3.262,3.263,2.873,3.018,3.2,3.171,2.646,2.708,3.105,2.985,2.901,3.0,3.812,3.708,2.854,2.804,1979.0,1344.0,656.0,674.0,2343.0,2606.0,1815.0,2066.0,435.0,370.0,302.0,271.0,3574.0,3432.0,5941.0,6483.0,3792.0,2944.0,3010.0,2831.0,1204.0,960.0,5734.0,5792.0,3215.0,2817.0,3224.0,3125.0,1620.0,1930.0,3929.0,4211.0,1492.0,1801.0,633.0,723.0,1367.0,1644.0,820.0,993.0,1520.0,1169.0,1721.0,1461.0,4587.0,3910.0,1502.0,1311.0,5445.0,4529.0,4103.0,4346.0,795.0,876.0,6291.0,6115.0,9897.0,8873.0,6352.0,5964.0,4585.0,5289.0,4768.0,5052.0,437.0,476.0,701.0,485.0
NDARND348HB3,2.739,3.097,2.849,2.272,2.912,2.759,2.505,2.536,3.012,2.306,2.515,2.736,3.088,3.124,2.746,2.94,2.889,3.068,3.488,3.212,2.537,2.646,2.439,2.542,3.088,2.99,2.443,2.563,2.725,2.692,3.283,2.941,3.334,3.053,2.847,3.231,3.011,3.29,3.031,2.785,2.789,3.17,2.337,2.302,2.533,2.398,2.814,2.862,2.815,3.07,3.077,2.929,2.83,2.851,2.659,2.827,3.126,2.956,2.631,2.677,3.216,3.104,2.835,2.939,3.505,2.979,3.26,2.823,872.0,817.0,600.0,475.0,2112.0,2255.0,1516.0,1622.0,372.0,398.0,596.0,477.0,2592.0,3071.0,3176.0,4184.0,2518.0,2685.0,2114.0,2134.0,849.0,744.0,4327.0,4735.0,2710.0,2255.0,2554.0,2509.0,1961.0,1850.0,2985.0,2458.0,1454.0,1485.0,488.0,564.0,1474.0,1454.0,700.0,843.0,1539.0,1197.0,1501.0,1474.0,3925.0,3323.0,888.0,1178.0,4767.0,4613.0,3381.0,3873.0,418.0,658.0,5791.0,5607.0,7610.0,7885.0,4425.0,4347.0,3740.0,3679.0,4223.0,3287.0,607.0,556.0,526.0,361.0
NDARNE511XHU,2.669,2.669,2.485,2.28,2.556,2.511,1.932,1.935,3.176,3.444,2.413,2.676,2.726,2.662,2.462,2.469,2.846,2.822,2.862,2.827,2.253,2.294,2.144,2.21,2.641,2.546,2.041,2.146,2.46,2.413,2.801,2.957,2.507,2.582,2.698,2.803,2.68,2.596,2.815,2.856,2.459,2.591,1.838,1.907,2.221,2.241,2.312,2.348,2.752,2.683,2.404,2.348,2.822,2.8,2.438,2.501,2.704,2.737,2.171,2.209,2.962,3.002,2.562,2.697,3.55,3.809,2.835,2.518,1074.0,827.0,746.0,699.0,2197.0,1897.0,1366.0,1421.0,590.0,500.0,346.0,230.0,2852.0,2954.0,4053.0,4672.0,3200.0,3323.0,2551.0,2083.0,909.0,852.0,4179.0,4340.0,2971.0,2888.0,3042.0,2891.0,1910.0,2138.0,3375.0,2800.0,1423.0,1509.0,675.0,693.0,1128.0,1292.0,662.0,879.0,1150.0,1070.0,1766.0,1498.0,3861.0,4130.0,1178.0,1221.0,4179.0,4617.0,4077.0,4275.0,661.0,842.0,6380.0,5980.0,7483.0,7490.0,5419.0,5880.0,3423.0,3490.0,4115.0,3685.0,464.0,519.0,356.0,310.0
NDARNE800DCT,2.782,3.258,2.652,2.463,3.07,2.991,2.57,2.462,3.263,3.468,2.661,3.404,3.177,3.054,3.005,3.036,3.277,3.216,3.388,3.632,2.687,2.814,2.628,2.703,3.268,3.181,2.555,2.536,2.819,2.539,3.477,3.196,2.976,2.792,3.485,3.266,3.092,3.045,3.518,3.382,3.054,3.06,2.18,2.07,2.566,2.712,2.482,2.716,2.943,2.881,2.882,2.95,3.068,3.246,2.857,2.881,3.299,3.19,2.802,2.835,3.342,3.128,3.065,3.184,4.183,3.786,2.71,3.244,1575.0,1446.0,907.0,1053.0,2731.0,2691.0,1457.0,1845.0,538.0,404.0,320.0,272.0,3798.0,3456.0,6018.0,7447.0,4085.0,3977.0,2813.0,2296.0,1804.0,1288.0,7324.0,6708.0,2774.0,3005.0,3410.0,3385.0,1675.0,1999.0,4800.0,4620.0,1524.0,1363.0,770.0,782.0,1539.0,1856.0,920.0,918.0,1558.0,1484.0,1793.0,1520.0,4938.0,4629.0,1301.0,1841.0,5876.0,6086.0,5037.0,6034.0,763.0,831.0,8043.0,7410.0,8590.0,8056.0,6652.0,6664.0,4581.0,5202.0,5418.0,4659.0,440.0,424.0,545.0,408.0
NDARNF341BNN,2.654,2.959,2.503,2.208,2.954,3.092,2.444,2.205,3.377,3.288,3.441,2.876,2.89,3.015,2.944,2.861,2.698,2.927,3.658,3.395,2.338,2.322,2.328,2.476,3.105,2.97,2.493,2.529,3.154,3.145,3.105,3.004,3.039,3.039,2.826,3.194,2.947,3.015,3.081,3.06,2.979,2.94,2.238,2.34,2.444,2.4,2.744,2.719,2.879,2.919,2.844,2.737,3.123,3.063,2.74,2.751,3.222,3.157,2.675,2.715,3.216,3.1,2.894,2.785,3.552,3.149,2.666,2.941,986.0,915.0,451.0,485.0,2230.0,1898.0,1525.0,1860.0,612.0,406.0,423.0,431.0,2544.0,2845.0,3775.0,4393.0,2599.0,2610.0,1871.0,1914.0,883.0,900.0,6020.0,5061.0,2024.0,1943.0,3883.0,3421.0,1699.0,1521.0,2872.0,2773.0,1300.0,1595.0,481.0,452.0,1162.0,1654.0,618.0,842.0,1315.0,1350.0,1892.0,1376.0,3951.0,3812.0,1123.0,1144.0,4616.0,4398.0,3882.0,4017.0,354.0,320.0,5018.0,4888.0,6173.0,5967.0,5460.0,5045.0,3511.0,3666.0,3373.0,3392.0,659.0,538.0,483.0,478.0
NDARNG309KZ8,2.451,2.718,3.158,2.681,2.738,2.808,2.17,2.17,3.295,3.542,2.619,2.929,2.685,2.873,2.725,2.633,2.999,3.091,3.032,3.253,2.307,2.518,2.255,2.333,2.937,2.84,2.278,2.203,2.64,2.665,3.054,3.145,2.775,2.765,2.787,2.694,2.886,3.007,2.968,3.208,2.721,2.692,1.915,1.948,2.22,2.254,2.581,2.786,2.716,2.728,2.676,2.599,3.154,3.063,2.625,2.643,3.001,2.941,2.403,2.463,2.917,2.901,2.784,2.763,3.703,3.857,2.953,2.828,978.0,806.0,815.0,690.0,2227.0,1953.0,1555.0,1536.0,347.0,335.0,331.0,236.0,2484.0,3117.0,4689.0,5254.0,3076.0,3121.0,2201.0,2133.0,992.0,895.0,5231.0,5024.0,2698.0,2540.0,3409.0,3181.0,1765.0,1819.0,3902.0,3434.0,1400.0,1438.0,603.0,758.0,1297.0,1336.0,654.0,721.0,1603.0,1367.0,1717.0,1548.0,3882.0,4018.0,1314.0,1196.0,4245.0,4276.0,3477.0,3435.0,624.0,787.0,6880.0,6163.0,7519.0,7066.0,4871.0,5104.0,3644.0,4021.0,4305.0,4065.0,391.0,483.0,459.0,376.0
NDARNG689AAP,2.641,2.665,2.66,2.549,2.726,2.755,1.946,1.997,3.315,2.928,2.824,2.961,2.783,2.772,2.566,2.599,3.027,2.911,3.156,3.088,2.285,2.567,2.252,2.134,2.926,2.905,2.166,2.166,2.711,2.564,2.985,2.946,2.577,2.667,2.848,3.238,2.695,2.785,3.03,3.039,2.498,2.632,1.947,1.781,2.253,2.204,2.473,2.474,2.738,2.699,2.576,2.602,3.0,2.977,2.532,2.636,3.078,2.95,2.376,2.369,2.939,2.945,2.706,2.678,3.868,3.688,2.456,2.431,932.0,825.0,637.0,682.0,1984.0,2022.0,1435.0,1533.0,530.0,380.0,299.0,237.0,2771.0,3321.0,3407.0,5052.0,3227.0,3080.0,2105.0,1951.0,877.0,740.0,4214.0,4769.0,2384.0,2175.0,2805.0,2576.0,1611.0,1791.0,3045.0,2410.0,1347.0,1251.0,567.0,643.0,1027.0,1501.0,689.0,784.0,1170.0,1039.0,1404.0,1548.0,3896.0,3301.0,1086.0,1053.0,4308.0,4473.0,3434.0,3229.0,450.0,703.0,5294.0,5227.0,6632.0,6751.0,4899.0,4855.0,3301.0,3489.0,4417.0,3181.0,418.0,422.0,340.0,271.0
NDARNG968RB9,3.186,2.517,2.938,2.597,3.242,3.219,2.399,2.4,3.543,3.965,3.404,3.621,3.162,3.198,3.047,2.932,3.051,3.061,3.728,3.584,2.564,2.792,2.491,2.446,3.341,3.26,2.681,2.501,2.857,2.942,3.102,2.877,3.046,3.083,3.13,3.181,3.156,3.145,3.557,3.391,3.127,3.099,2.215,2.142,2.573,2.626,2.745,2.913,2.912,3.053,2.991,2.977,3.245,3.529,3.075,3.006,3.361,3.393,2.733,2.733,3.081,3.334,3.148,2.894,3.763,4.098,2.823,2.983,1475.0,1176.0,608.0,726.0,3713.0,2478.0,1884.0,1769.0,456.0,475.0,407.0,234.0,4019.0,4023.0,5983.0,6601.0,3474.0,4088.0,2477.0,2747.0,997.0,1126.0,5953.0,5927.0,2788.0,2648.0,3623.0,3799.0,1973.0,2070.0,4194.0,4442.0,1589.0,1408.0,700.0,733.0,1719.0,1756.0,683.0,843.0,2191.0,1868.0,1906.0,1838.0,5204.0,4840.0,1179.0,1592.0,5464.0,5698.0,4290.0,5448.0,670.0,904.0,8217.0,7955.0,8838.0,8395.0,7421.0,5857.0,5312.0,4979.0,5816.0,6468.0,424.0,549.0,522.0,450.0
NDARNH170TJU,3.208,3.364,3.137,2.626,3.274,3.22,2.486,2.522,3.859,4.02,3.517,3.755,3.296,3.321,3.214,3.205,3.26,3.283,3.574,3.632,2.517,2.878,2.725,2.726,3.29,3.183,2.531,2.644,3.044,3.192,3.489,3.535,3.085,2.936,3.329,3.523,3.284,3.271,3.567,3.428,2.864,3.189,2.39,2.58,2.863,2.75,2.964,2.755,3.208,3.228,3.154,3.031,3.329,3.24,3.179,3.11,3.565,3.515,2.937,2.923,3.416,3.488,3.261,3.265,4.291,4.709,3.259,3.087,1144.0,1089.0,746.0,759.0,2144.0,2966.0,1585.0,1730.0,546.0,452.0,278.0,282.0,3569.0,3310.0,5745.0,6108.0,3369.0,3421.0,2236.0,2186.0,1217.0,1110.0,5070.0,4815.0,2868.0,3131.0,3854.0,3486.0,2137.0,1766.0,3580.0,3494.0,1555.0,1555.0,620.0,651.0,1323.0,2319.0,866.0,926.0,1377.0,1792.0,1842.0,1744.0,4481.0,4537.0,1336.0,1521.0,4932.0,4887.0,4011.0,4331.0,513.0,938.0,6618.0,6722.0,7595.0,7970.0,5711.0,6044.0,3794.0,3765.0,3782.0,4277.0,467.0,480.0,451.0,346.0
NDARNH200DA6,2.707,2.771,2.717,2.31,3.139,3.076,2.137,2.051,3.142,3.197,2.438,2.854,2.822,2.89,2.76,2.831,2.783,2.837,3.365,3.231,2.315,2.329,2.393,2.321,3.0,2.802,2.182,2.374,2.758,2.641,2.84,3.002,3.048,3.103,3.086,2.916,2.949,2.845,2.909,2.675,2.571,2.762,2.105,2.088,2.592,2.482,2.52,2.996,3.013,3.107,2.788,2.728,2.823,2.741,2.517,2.551,3.235,3.201,2.522,2.628,2.9,2.94,2.838,2.862,3.613,3.43,2.92,2.847,766.0,859.0,459.0,449.0,1342.0,1374.0,1354.0,1485.0,351.0,335.0,450.0,388.0,2389.0,2426.0,3598.0,4375.0,1994.0,2334.0,1990.0,1946.0,781.0,722.0,4194.0,4127.0,2171.0,2112.0,3018.0,2802.0,1549.0,1651.0,2700.0,2545.0,1217.0,1177.0,459.0,509.0,1033.0,1318.0,516.0,652.0,1339.0,1225.0,1874.0,1635.0,3102.0,3000.0,831.0,839.0,4071.0,3904.0,3088.0,3203.0,247.0,403.0,3779.0,3882.0,6309.0,5369.0,4694.0,4885.0,2927.0,2984.0,2823.0,2859.0,508.0,445.0,496.0,358.0
NDARNH342XLK,2.513,2.575,2.431,2.548,2.657,2.657,1.84,1.958,3.226,3.029,2.583,2.929,2.743,2.683,2.491,2.566,2.933,3.017,3.107,3.109,2.279,2.106,2.238,2.256,2.829,2.633,2.116,2.145,2.648,2.644,2.991,2.958,2.515,2.518,2.587,2.701,2.627,2.706,2.754,3.013,2.502,2.522,1.846,1.987,2.154,2.196,2.364,2.438,2.578,2.617,2.372,2.452,2.85,2.811,2.438,2.47,2.714,2.681,2.233,2.221,3.062,2.993,2.652,2.65,4.013,3.634,2.54,2.603,1169.0,1078.0,953.0,1613.0,3628.0,2805.0,1731.0,2158.0,452.0,456.0,463.0,300.0,4009.0,3844.0,5597.0,6838.0,4395.0,4564.0,2591.0,2637.0,1359.0,1339.0,6071.0,6316.0,3330.0,3536.0,3748.0,3623.0,2523.0,2543.0,4668.0,4527.0,1790.0,2185.0,660.0,753.0,1583.0,1724.0,939.0,1151.0,1571.0,1598.0,1907.0,1775.0,5586.0,5748.0,1812.0,1838.0,5814.0,5528.0,6090.0,5795.0,911.0,1377.0,9271.0,8558.0,10189.0,9962.0,6628.0,7403.0,4563.0,4779.0,5853.0,5218.0,578.0,503.0,462.0,409.0
NDARNJ633HHX,2.585,3.075,2.837,2.58,2.845,3.188,2.456,2.339,3.667,3.724,3.273,3.138,3.208,3.039,2.872,3.002,3.209,3.22,3.448,3.401,2.6,2.789,2.616,2.496,3.152,3.049,2.426,2.478,2.751,2.915,3.282,3.045,2.91,2.954,3.32,3.282,2.928,2.944,3.213,3.288,2.859,2.947,2.249,2.202,2.598,2.7,2.754,2.738,3.089,3.09,2.861,2.859,3.466,3.453,2.781,2.812,3.307,3.297,2.623,2.74,3.128,3.051,3.029,3.014,4.145,3.944,3.048,2.984,691.0,890.0,517.0,704.0,1977.0,2061.0,2019.0,2118.0,516.0,476.0,286.0,264.0,2863.0,2927.0,4952.0,5737.0,3416.0,3511.0,2269.0,2214.0,1094.0,953.0,5283.0,5631.0,2547.0,2706.0,3644.0,3493.0,1624.0,1638.0,3343.0,2867.0,1420.0,1263.0,596.0,694.0,1530.0,1483.0,812.0,880.0,1658.0,1256.0,2045.0,2142.0,4712.0,4208.0,1188.0,1280.0,4423.0,4759.0,3841.0,3649.0,573.0,591.0,6890.0,6342.0,7283.0,6227.0,5711.0,5862.0,3317.0,3692.0,3746.0,3246.0,447.0,385.0,401.0,292.0
NDARNJ687DMC,2.705,2.933,3.156,2.703,2.803,2.779,2.067,2.086,3.929,3.785,2.727,3.247,2.794,2.674,2.931,2.865,3.046,2.784,3.194,3.101,2.378,2.468,2.217,2.283,2.957,2.892,2.241,2.238,2.751,2.707,3.141,2.955,2.715,2.645,2.766,2.641,2.964,2.87,2.81,3.019,2.86,2.757,1.831,1.815,2.366,2.376,2.553,2.613,2.635,2.704,2.655,2.572,3.126,3.3,2.691,2.698,2.971,2.932,2.585,2.528,2.837,2.832,2.865,2.793,3.209,3.697,2.552,2.67,1332.0,1012.0,752.0,600.0,2367.0,2111.0,1344.0,1649.0,308.0,338.0,299.0,293.0,3236.0,3518.0,4473.0,5936.0,3314.0,3565.0,2435.0,2729.0,1398.0,1157.0,4772.0,5244.0,3232.0,2835.0,3746.0,3209.0,1839.0,1701.0,3449.0,3815.0,1293.0,1777.0,725.0,600.0,1468.0,1654.0,888.0,875.0,2082.0,1486.0,1919.0,1496.0,4282.0,4128.0,1401.0,1426.0,5157.0,4707.0,4155.0,3891.0,621.0,939.0,6601.0,6477.0,7805.0,8651.0,5709.0,5602.0,4149.0,4357.0,5013.0,4252.0,434.0,575.0,412.0,291.0
NDARNJ715JPV,2.715,2.765,2.75,2.568,2.667,2.762,2.013,2.029,3.786,3.612,2.63,2.489,2.818,2.781,2.688,2.703,2.935,2.863,3.104,2.911,2.502,2.412,2.299,2.351,2.655,2.583,2.165,2.199,2.582,2.525,2.943,2.988,2.706,2.67,2.675,2.441,2.626,2.677,2.71,2.788,2.531,2.595,1.949,1.833,2.414,2.309,2.607,2.511,2.712,2.779,2.586,2.645,2.883,2.781,2.535,2.584,2.879,2.905,2.421,2.415,2.849,2.747,2.727,2.754,3.459,3.459,2.783,2.797,919.0,985.0,635.0,764.0,2745.0,2174.0,1509.0,1600.0,268.0,288.0,292.0,230.0,2784.0,2731.0,4086.0,5429.0,3377.0,3782.0,2202.0,2229.0,1067.0,877.0,4476.0,4390.0,2579.0,2677.0,2722.0,2708.0,1750.0,1919.0,3667.0,3368.0,1472.0,1614.0,594.0,570.0,1522.0,1842.0,732.0,947.0,1908.0,1672.0,1589.0,1525.0,4129.0,3415.0,1267.0,1304.0,5001.0,4829.0,4227.0,3708.0,658.0,702.0,7090.0,6202.0,7580.0,7134.0,5347.0,5279.0,3280.0,3685.0,3453.0,3223.0,404.0,405.0,400.0,308.0
NDARNJ894VH2,2.742,2.705,2.87,2.682,2.816,2.907,2.109,2.042,3.523,3.007,3.156,3.164,2.827,2.846,2.721,2.726,2.988,2.901,3.077,3.118,2.348,2.539,2.354,2.428,2.854,2.881,2.282,2.268,2.706,2.795,3.034,3.031,2.749,2.69,3.008,3.067,2.833,3.011,2.822,3.056,2.737,2.765,1.889,1.87,2.308,2.289,2.571,2.594,2.799,2.761,2.631,2.659,3.173,3.016,2.612,2.627,2.926,2.969,2.511,2.433,3.048,3.025,2.908,2.848,3.755,4.067,2.509,2.839,1165.0,898.0,751.0,640.0,2241.0,2045.0,1685.0,1648.0,538.0,505.0,308.0,246.0,3043.0,3032.0,4725.0,5614.0,3583.0,3462.0,2250.0,2739.0,1181.0,1062.0,5003.0,5841.0,2808.0,2577.0,3250.0,2765.0,1668.0,2049.0,3847.0,2973.0,1392.0,1588.0,568.0,658.0,1509.0,1815.0,799.0,1055.0,2174.0,1543.0,1591.0,1438.0,3758.0,3841.0,1563.0,1534.0,4312.0,4613.0,3769.0,3879.0,440.0,920.0,7499.0,6443.0,8194.0,7592.0,5594.0,5388.0,3337.0,4263.0,4300.0,3764.0,521.0,493.0,503.0,328.0
NDARNK322PHW,2.421,2.543,2.719,2.742,3.002,2.927,2.198,2.05,3.112,2.708,2.38,2.829,2.891,2.857,2.782,2.639,2.705,2.694,3.245,3.249,2.289,2.343,2.472,2.521,2.825,2.739,2.294,2.402,2.716,2.491,2.859,2.751,2.944,2.701,3.092,3.387,2.827,2.931,2.821,2.47,2.718,2.883,1.899,2.013,2.387,2.393,2.616,2.726,2.954,2.89,2.709,2.698,2.799,3.065,2.415,2.699,3.202,2.985,2.41,2.613,2.904,2.837,2.79,2.766,2.724,2.923,2.686,2.599,772.0,909.0,587.0,626.0,1759.0,1716.0,1223.0,1346.0,403.0,222.0,487.0,436.0,2548.0,2896.0,3815.0,4509.0,2250.0,2716.0,2214.0,2012.0,887.0,802.0,3706.0,3588.0,1768.0,2213.0,2296.0,2332.0,1904.0,2019.0,2870.0,2454.0,1207.0,1272.0,542.0,553.0,1443.0,1518.0,590.0,711.0,1285.0,1050.0,1136.0,973.0,4015.0,3699.0,915.0,939.0,4499.0,4541.0,3244.0,3586.0,380.0,683.0,4010.0,4209.0,7004.0,7280.0,4665.0,4964.0,3754.0,3521.0,3972.0,4008.0,459.0,437.0,523.0,541.0
NDARNK329VC3,3.052,3.342,2.807,2.771,3.098,3.153,2.447,2.378,3.162,3.324,3.028,3.353,2.996,3.185,3.078,2.831,3.05,3.085,3.345,3.45,2.197,2.415,2.575,2.608,3.102,3.081,2.5,2.625,2.866,2.976,3.381,3.101,3.284,3.021,3.008,2.928,3.215,3.323,3.422,3.193,3.029,3.134,2.328,2.231,2.828,2.709,2.945,3.206,3.163,3.067,2.933,2.863,2.944,3.402,2.809,2.911,3.35,3.296,2.645,2.787,3.39,3.063,3.319,3.222,3.031,3.256,3.125,3.722,966.0,775.0,503.0,543.0,1866.0,1551.0,1256.0,1225.0,348.0,308.0,530.0,367.0,2567.0,2500.0,4877.0,5140.0,2751.0,2827.0,2322.0,2090.0,758.0,759.0,4000.0,4350.0,2207.0,2148.0,2822.0,2492.0,1691.0,2088.0,2929.0,2790.0,1299.0,1215.0,437.0,519.0,1408.0,1496.0,573.0,788.0,1877.0,1472.0,1252.0,1163.0,3743.0,3435.0,1003.0,1024.0,3931.0,4103.0,4014.0,4278.0,487.0,534.0,5000.0,4814.0,6760.0,6153.0,6007.0,5689.0,3319.0,3781.0,3336.0,3325.0,479.0,549.0,525.0,371.0
NDARNK768THB,2.568,2.68,2.531,2.757,2.751,2.986,1.93,1.921,2.93,3.095,2.779,2.486,3.027,2.968,2.362,2.48,2.768,2.817,3.361,3.447,2.403,2.49,1.976,2.15,2.911,2.711,2.317,2.368,2.432,2.645,2.982,2.819,2.452,2.354,3.013,2.798,3.072,2.89,3.084,2.883,2.817,2.713,1.893,2.027,2.08,2.064,2.346,2.69,2.571,2.688,2.629,2.662,2.378,2.713,2.407,2.515,2.672,2.841,2.194,2.142,3.034,2.929,2.645,2.635,3.067,3.52,2.902,3.1,998.0,832.0,826.0,866.0,2742.0,2767.0,1524.0,1678.0,570.0,585.0,510.0,380.0,3721.0,4347.0,5169.0,6215.0,4796.0,3911.0,2947.0,2676.0,1229.0,1207.0,6655.0,6484.0,3127.0,3420.0,3753.0,2918.0,2293.0,2720.0,4710.0,4151.0,1463.0,1605.0,719.0,762.0,1534.0,2135.0,736.0,1136.0,1745.0,1466.0,1697.0,1258.0,5032.0,4745.0,1499.0,1604.0,5202.0,5573.0,4429.0,4412.0,641.0,900.0,6065.0,6101.0,9841.0,9731.0,6884.0,5993.0,4100.0,5152.0,7009.0,5739.0,556.0,649.0,832.0,498.0
NDARNL587LVL,2.903,2.739,2.966,2.628,2.996,2.963,2.297,2.159,3.642,3.593,3.625,3.218,3.057,3.044,2.91,2.843,2.843,2.933,3.229,3.206,2.456,2.489,2.416,2.482,3.007,2.779,2.321,2.498,2.786,2.803,3.064,3.144,2.932,2.879,3.058,3.262,2.924,3.208,3.248,3.073,2.825,2.824,1.975,2.133,2.469,2.534,2.768,2.878,3.137,3.111,2.879,2.682,3.221,3.503,2.866,2.88,3.311,3.25,2.618,2.65,3.022,3.022,2.922,2.864,3.699,2.994,2.932,2.867,905.0,1023.0,451.0,682.0,1980.0,2324.0,1514.0,1622.0,295.0,378.0,284.0,226.0,2727.0,2862.0,4660.0,4574.0,2479.0,3439.0,2479.0,2198.0,980.0,795.0,4256.0,4739.0,2667.0,2573.0,3173.0,2897.0,1573.0,1516.0,3443.0,2817.0,1237.0,1354.0,591.0,543.0,1502.0,1441.0,643.0,702.0,1403.0,1327.0,1502.0,1333.0,3851.0,3769.0,1012.0,1093.0,4089.0,4150.0,3814.0,4320.0,512.0,461.0,5580.0,5474.0,6585.0,6062.0,5610.0,4731.0,3407.0,3549.0,3930.0,3833.0,476.0,427.0,427.0,316.0
NDARNL599TMZ,2.585,2.82,2.855,2.75,3.0,2.886,2.075,2.107,3.205,3.65,2.963,3.033,2.828,2.787,2.751,2.704,3.099,3.003,3.095,3.124,2.36,2.382,2.304,2.267,3.006,2.764,2.186,2.116,2.722,2.672,3.134,3.004,2.783,2.683,2.85,2.695,2.814,2.955,2.941,2.756,2.687,2.824,1.894,1.878,2.369,2.21,2.626,2.841,2.888,2.891,2.599,2.577,3.155,2.933,2.622,2.621,3.106,2.958,2.454,2.566,3.054,3.007,2.918,2.93,3.466,3.85,2.857,2.536,987.0,982.0,446.0,742.0,2523.0,2323.0,1448.0,1571.0,523.0,419.0,321.0,272.0,2783.0,2819.0,4478.0,5235.0,3524.0,4127.0,2392.0,2577.0,888.0,755.0,5287.0,4856.0,2783.0,2778.0,2819.0,2674.0,1741.0,2096.0,3708.0,3612.0,1524.0,1661.0,647.0,666.0,1485.0,1460.0,690.0,839.0,1363.0,1105.0,1612.0,1499.0,4434.0,3964.0,1243.0,1188.0,4815.0,4940.0,3706.0,4012.0,550.0,985.0,5508.0,5704.0,7625.0,7286.0,5712.0,5686.0,3849.0,3715.0,3580.0,3645.0,485.0,479.0,363.0,347.0
NDARNL807DKC,2.651,3.19,2.728,3.105,3.208,3.128,2.314,2.368,3.165,3.339,2.85,3.062,2.906,2.948,2.93,2.836,3.06,3.086,3.195,3.27,2.47,2.507,2.445,2.524,3.089,2.885,2.441,2.53,2.78,2.8,3.133,3.074,2.999,3.109,2.752,3.139,3.064,2.923,2.877,3.088,2.898,2.884,2.398,2.297,2.517,2.491,3.048,2.803,3.155,3.1,2.795,2.893,3.165,2.885,2.725,2.674,3.269,3.222,2.759,2.775,3.117,3.126,2.979,2.823,3.31,3.077,3.175,3.027,1175.0,1020.0,619.0,777.0,2918.0,2586.0,1680.0,2142.0,511.0,550.0,458.0,314.0,4122.0,4530.0,4946.0,7039.0,3527.0,4428.0,3524.0,3361.0,1769.0,1583.0,6074.0,6782.0,3424.0,3290.0,4495.0,3971.0,1871.0,2599.0,4591.0,4573.0,1500.0,1774.0,768.0,772.0,2285.0,2917.0,920.0,1222.0,2924.0,2186.0,2300.0,1802.0,5216.0,4991.0,1372.0,1935.0,5691.0,6582.0,6334.0,5542.0,539.0,1116.0,7370.0,6649.0,8402.0,8456.0,7998.0,8888.0,4531.0,5006.0,6059.0,5413.0,614.0,638.0,479.0,517.0
NDARNM708YTF,3.342,3.076,2.349,2.106,3.12,3.156,2.629,2.549,3.614,3.262,2.985,3.175,3.046,3.181,3.015,3.076,3.074,3.19,3.461,3.264,2.598,2.698,2.676,2.702,3.297,3.064,2.782,2.712,3.118,3.02,3.146,3.524,3.195,3.092,2.965,3.429,3.046,2.94,3.086,3.255,3.234,3.224,2.451,2.354,2.561,2.497,2.661,2.774,2.98,3.068,2.973,3.034,2.871,3.24,3.015,2.95,3.354,3.243,2.906,2.936,3.478,3.435,3.233,3.163,3.774,3.573,3.027,3.076,1255.0,1106.0,594.0,534.0,3055.0,2658.0,1514.0,1697.0,743.0,590.0,666.0,501.0,3342.0,3221.0,3974.0,5321.0,3272.0,2657.0,2497.0,2473.0,1068.0,951.0,5707.0,5960.0,2575.0,2448.0,3141.0,3677.0,1947.0,2404.0,3736.0,2816.0,1525.0,1631.0,659.0,687.0,1599.0,1410.0,762.0,785.0,1975.0,1438.0,1558.0,1426.0,4980.0,4232.0,1254.0,1268.0,4851.0,5437.0,4633.0,4679.0,327.0,571.0,6442.0,5985.0,8694.0,9227.0,6284.0,5854.0,4010.0,4307.0,5086.0,4523.0,644.0,639.0,529.0,400.0
NDARNM783ZVV,2.889,3.374,2.818,2.573,3.095,3.268,2.53,2.475,2.905,2.774,2.709,2.881,3.138,3.161,2.965,3.073,3.059,3.035,3.348,3.348,2.342,2.156,2.502,2.696,3.191,2.924,2.597,2.693,3.095,2.866,3.248,3.116,3.06,3.115,2.836,2.773,3.3,3.312,3.173,3.057,3.155,3.247,2.455,2.188,2.574,2.576,2.7,2.78,2.901,2.861,2.927,2.971,2.669,2.775,2.979,2.864,3.244,3.179,2.721,2.819,3.323,3.164,3.03,3.053,3.27,3.113,3.223,3.383,990.0,1015.0,368.0,522.0,2424.0,2024.0,1784.0,1818.0,495.0,478.0,581.0,486.0,3381.0,3152.0,4380.0,4958.0,3034.0,3379.0,2371.0,2049.0,1098.0,1027.0,6101.0,5457.0,2235.0,2549.0,2651.0,3024.0,1919.0,2037.0,3319.0,2633.0,1607.0,1748.0,580.0,567.0,1433.0,1557.0,644.0,866.0,1421.0,1117.0,1297.0,1202.0,4617.0,4186.0,1081.0,1151.0,5505.0,5045.0,4114.0,4421.0,527.0,388.0,5312.0,5427.0,7642.0,7185.0,5724.0,5661.0,3617.0,3480.0,4961.0,4314.0,696.0,633.0,670.0,385.0
NDARNN218UGY,3.362,3.346,2.706,2.617,3.02,3.328,2.434,2.33,3.306,3.614,2.903,2.967,3.248,3.251,3.089,3.125,2.997,2.955,3.497,3.456,2.265,2.341,2.484,2.66,3.119,3.056,2.684,2.416,2.869,2.734,3.224,3.222,3.193,3.0,3.323,3.361,3.271,3.247,3.138,3.179,2.996,3.183,2.221,2.334,2.707,2.582,2.873,2.752,3.192,3.096,3.097,3.011,3.015,2.923,3.011,2.739,3.327,3.33,2.961,2.909,3.362,3.532,3.204,3.084,3.757,3.794,3.167,3.139,855.0,770.0,486.0,588.0,1871.0,1750.0,1099.0,1372.0,480.0,452.0,356.0,377.0,2608.0,2578.0,3984.0,5057.0,2934.0,2475.0,2275.0,2107.0,830.0,900.0,4273.0,3944.0,2543.0,2345.0,2627.0,2476.0,1801.0,2040.0,2696.0,2145.0,1288.0,1433.0,577.0,668.0,1281.0,1476.0,603.0,760.0,1644.0,1331.0,1195.0,992.0,4106.0,3686.0,951.0,1192.0,4333.0,4705.0,3568.0,3826.0,540.0,696.0,4381.0,4458.0,7021.0,6808.0,4918.0,4762.0,3060.0,3300.0,3690.0,3481.0,559.0,565.0,542.0,370.0
NDARNN745ZEK,2.771,3.055,2.988,2.531,3.199,3.142,2.495,2.227,3.573,3.35,2.888,3.428,3.156,3.122,2.995,2.924,3.179,3.206,3.56,3.425,2.573,2.653,2.611,2.602,3.155,3.006,2.505,2.514,2.825,2.85,3.234,3.245,2.915,2.81,3.517,3.296,3.101,3.112,3.465,3.304,2.846,2.843,2.154,2.345,2.595,2.716,2.628,2.761,2.997,3.142,2.944,2.813,3.255,3.428,2.8,2.874,3.307,3.248,2.593,2.729,3.391,3.366,3.049,2.988,4.26,4.182,2.995,2.993,973.0,943.0,772.0,871.0,2652.0,2344.0,1593.0,1659.0,503.0,593.0,341.0,260.0,3200.0,3637.0,4991.0,5981.0,4049.0,4732.0,2171.0,2178.0,1274.0,1110.0,5036.0,5644.0,2876.0,3151.0,3397.0,3445.0,1731.0,1833.0,4095.0,4099.0,1515.0,1457.0,620.0,595.0,1428.0,1544.0,689.0,938.0,1431.0,1053.0,1883.0,1677.0,3825.0,4779.0,1565.0,1459.0,4481.0,4835.0,4310.0,4578.0,843.0,1161.0,6868.0,6387.0,8158.0,7757.0,6345.0,7169.0,4022.0,4349.0,4771.0,4230.0,406.0,490.0,431.0,369.0
NDARNP643KZH,2.906,2.783,2.902,2.707,3.081,3.244,2.403,2.294,3.796,3.716,3.577,3.679,3.236,3.246,3.074,3.03,3.183,3.143,3.645,3.338,3.003,2.747,2.421,2.495,3.246,3.186,2.331,2.457,2.958,2.956,3.344,3.202,3.07,2.928,2.624,2.911,3.243,3.097,3.154,3.384,3.077,2.905,2.083,2.195,2.476,2.591,2.948,3.12,3.069,3.113,2.987,2.778,3.473,3.184,2.964,2.867,3.309,3.284,2.772,2.792,3.148,3.311,3.134,3.011,4.266,4.098,3.44,3.238,1275.0,1133.0,586.0,822.0,3144.0,2563.0,1506.0,1575.0,490.0,365.0,307.0,228.0,3658.0,3265.0,6170.0,7096.0,2797.0,3819.0,2650.0,3075.0,1066.0,1128.0,5474.0,5741.0,3256.0,3376.0,3135.0,3781.0,2033.0,1887.0,4041.0,4157.0,1789.0,1594.0,807.0,736.0,1330.0,2094.0,964.0,1124.0,1579.0,1579.0,1724.0,1662.0,4521.0,4837.0,1723.0,1434.0,5030.0,4519.0,4116.0,4451.0,660.0,891.0,7087.0,6800.0,8549.0,7963.0,5744.0,6272.0,4352.0,4654.0,4764.0,5071.0,454.0,446.0,461.0,401.0
NDARNP812WAQ,3.201,3.16,3.024,2.764,3.081,2.948,2.592,2.42,3.287,3.293,2.879,3.422,3.148,3.082,2.887,2.825,2.717,2.925,3.502,3.388,2.614,2.67,2.346,2.535,3.294,2.96,2.643,2.644,3.075,3.09,2.961,3.274,2.854,2.897,3.21,3.239,3.069,3.272,3.298,3.042,3.025,3.172,2.315,2.381,3.022,2.469,2.896,3.12,2.822,2.806,3.014,3.038,3.671,3.571,2.765,3.101,3.262,3.084,2.706,2.866,3.205,3.408,3.096,2.609,3.47,3.392,3.301,3.26,1287.0,1247.0,706.0,701.0,2790.0,1899.0,1875.0,1778.0,622.0,536.0,488.0,489.0,3239.0,3612.0,5399.0,6769.0,3392.0,3940.0,2554.0,2278.0,963.0,838.0,6535.0,6396.0,2872.0,3005.0,3883.0,3632.0,2624.0,2104.0,3610.0,3272.0,1289.0,1916.0,595.0,679.0,1329.0,1465.0,765.0,936.0,1468.0,1220.0,1841.0,1711.0,3480.0,4403.0,1212.0,1125.0,4834.0,6668.0,4069.0,4001.0,450.0,611.0,6273.0,6160.0,9078.0,7388.0,6697.0,4348.0,4252.0,4187.0,3313.0,5021.0,760.0,661.0,582.0,403.0
NDARNT151UN1,3.15,3.354,3.271,3.023,3.232,3.213,2.592,2.558,3.301,3.534,3.256,3.485,3.024,2.945,3.138,3.228,3.329,3.255,3.354,3.328,2.947,2.896,2.696,2.566,3.159,3.268,2.7,2.532,2.771,3.101,3.512,3.428,3.313,2.974,3.284,3.528,3.15,3.186,3.353,3.479,3.175,3.091,2.294,2.4,2.805,2.684,2.63,2.667,3.165,3.13,3.029,3.119,3.55,3.488,3.121,3.101,3.576,3.472,2.908,2.836,3.516,3.475,3.212,3.359,4.311,4.151,3.474,3.276,962.0,990.0,823.0,844.0,2516.0,2517.0,1986.0,1848.0,533.0,500.0,322.0,287.0,3042.0,3422.0,4813.0,5448.0,3865.0,3321.0,2587.0,2555.0,1083.0,1080.0,5009.0,5005.0,3098.0,2681.0,3409.0,3118.0,1917.0,1939.0,3982.0,3467.0,1459.0,1576.0,641.0,577.0,1345.0,1852.0,775.0,1008.0,1566.0,1483.0,1876.0,1678.0,3835.0,3784.0,1406.0,1428.0,4806.0,4628.0,4085.0,4343.0,715.0,1041.0,6779.0,7024.0,7477.0,7580.0,6173.0,6595.0,3902.0,3838.0,4216.0,3792.0,450.0,423.0,437.0,373.0
NDARNT205ZKP,2.735,3.064,2.642,2.446,3.055,3.274,2.604,2.599,3.234,3.683,3.01,3.134,3.101,3.171,2.87,2.775,2.915,2.821,3.498,3.784,2.494,2.526,2.494,2.566,3.178,3.222,2.527,2.738,3.174,3.136,3.15,2.78,3.092,3.081,2.75,2.906,3.269,3.06,3.198,3.044,2.947,2.943,2.216,2.432,2.39,2.651,2.929,2.976,3.071,3.03,3.033,2.982,3.435,3.262,2.763,2.734,3.44,3.328,2.751,2.797,3.196,3.175,2.9,2.91,3.292,3.478,3.001,3.122,1008.0,1022.0,498.0,599.0,2421.0,1946.0,1468.0,1603.0,463.0,421.0,616.0,503.0,3198.0,3634.0,5433.0,5423.0,3173.0,4174.0,2572.0,2378.0,1099.0,846.0,6327.0,5917.0,2860.0,2880.0,3433.0,2831.0,2145.0,2031.0,3899.0,3598.0,1378.0,1642.0,612.0,725.0,1719.0,2203.0,927.0,970.0,2090.0,1627.0,1712.0,1393.0,4326.0,4144.0,1123.0,1356.0,5220.0,5093.0,5045.0,5107.0,587.0,500.0,6546.0,6028.0,7915.0,7357.0,7420.0,6736.0,4968.0,4095.0,4775.0,4962.0,750.0,826.0,668.0,611.0
NDARNT225UVD,2.549,2.84,2.592,2.6,2.721,2.782,2.1,2.099,2.89,3.257,2.594,2.626,2.607,2.671,2.795,2.707,2.527,2.676,3.327,3.312,2.216,2.297,2.179,2.383,2.685,2.581,2.238,2.217,2.59,2.61,2.9,2.848,2.658,2.768,2.776,2.851,2.918,2.88,2.845,2.835,2.545,2.707,2.034,2.057,2.124,2.111,2.517,2.59,2.69,2.724,2.535,2.643,3.127,3.191,2.495,2.573,2.87,2.844,2.32,2.39,2.858,2.669,2.793,2.646,2.869,3.074,2.714,2.682,885.0,872.0,453.0,675.0,2341.0,1959.0,1272.0,1440.0,472.0,399.0,538.0,460.0,2906.0,2881.0,4866.0,5132.0,2758.0,2974.0,2342.0,2121.0,1052.0,757.0,5724.0,4790.0,2625.0,2442.0,3076.0,2772.0,2120.0,2178.0,3238.0,3226.0,1339.0,1430.0,519.0,537.0,1182.0,1509.0,776.0,817.0,1472.0,1521.0,1337.0,1307.0,3796.0,3695.0,1366.0,1207.0,4720.0,4523.0,4243.0,3581.0,531.0,352.0,5627.0,5912.0,7847.0,7675.0,6126.0,5493.0,3521.0,3963.0,3647.0,4356.0,628.0,630.0,470.0,406.0
NDARNT541VT2,2.826,2.769,2.931,2.869,2.848,3.208,2.321,2.318,3.043,2.826,2.851,2.755,2.873,2.818,2.777,2.946,2.88,2.836,3.275,3.37,2.287,2.407,2.388,2.478,2.941,2.875,2.24,2.109,2.658,2.786,3.171,2.978,2.92,3.118,2.779,3.14,2.92,2.921,2.848,3.187,2.977,2.94,2.052,2.099,2.452,2.44,2.662,2.883,3.149,2.96,2.849,2.884,3.33,3.017,2.689,2.912,3.31,3.184,2.76,2.705,3.14,3.099,2.877,2.859,3.255,3.699,3.018,2.69,935.0,822.0,666.0,819.0,2061.0,2140.0,1911.0,1947.0,935.0,590.0,426.0,329.0,3490.0,3531.0,5032.0,5297.0,3964.0,2912.0,2622.0,2329.0,1319.0,1177.0,4992.0,5522.0,3202.0,3390.0,2872.0,2514.0,2488.0,2279.0,3977.0,3147.0,1505.0,1279.0,579.0,613.0,1471.0,1634.0,1017.0,1005.0,1498.0,1518.0,2068.0,1480.0,5489.0,4291.0,1198.0,1358.0,4957.0,4871.0,4852.0,5441.0,656.0,823.0,7731.0,8218.0,8275.0,8637.0,5616.0,6147.0,3761.0,4667.0,4569.0,3929.0,555.0,610.0,683.0,386.0
NDARNT572CMD,2.676,2.965,2.269,2.548,2.753,2.898,2.448,2.379,2.744,3.708,2.559,2.902,3.034,2.956,2.627,2.679,3.138,2.903,3.234,3.294,2.624,2.958,2.103,2.372,2.973,2.993,2.635,2.508,2.818,2.888,3.085,2.936,2.7,2.768,2.753,2.588,3.045,2.802,3.093,3.387,3.046,2.641,2.155,2.272,2.307,2.187,2.637,2.659,2.791,2.69,2.576,2.746,3.358,3.407,2.768,2.629,3.06,3.174,2.548,2.394,3.266,3.014,2.753,2.811,3.78,4.347,2.782,2.811,1085.0,1065.0,460.0,755.0,2299.0,2371.0,870.0,1261.0,381.0,301.0,373.0,289.0,2313.0,2482.0,5792.0,6330.0,2677.0,3425.0,1932.0,2011.0,1026.0,924.0,4281.0,4146.0,2212.0,2347.0,2002.0,1719.0,1379.0,1616.0,3499.0,3677.0,1336.0,1576.0,658.0,723.0,1119.0,1618.0,605.0,785.0,1136.0,1528.0,979.0,641.0,4112.0,3683.0,1187.0,1145.0,4662.0,4465.0,3462.0,3768.0,601.0,564.0,5426.0,5844.0,7422.0,7086.0,5143.0,4664.0,3935.0,4013.0,3636.0,3686.0,453.0,376.0,425.0,368.0
NDARNT898ZPF,2.9,3.3,2.743,2.633,2.906,3.056,2.602,2.595,3.794,3.575,3.405,3.227,3.162,3.223,3.028,3.034,3.347,3.17,3.431,3.518,2.637,2.702,2.566,2.669,3.141,2.987,2.575,2.684,2.788,2.907,3.365,3.263,3.093,2.958,3.417,3.829,3.093,3.035,3.32,3.318,3.1,3.01,2.272,2.352,2.63,2.69,2.426,2.681,3.031,3.052,2.94,2.96,2.9,3.06,2.983,2.904,3.274,3.26,2.746,2.722,3.452,3.267,3.021,3.204,3.745,4.436,3.137,3.139,910.0,1028.0,765.0,626.0,2388.0,2494.0,1566.0,1948.0,487.0,421.0,313.0,267.0,2874.0,2843.0,4100.0,6269.0,3298.0,3530.0,2347.0,2124.0,1154.0,1129.0,4954.0,6041.0,2991.0,2987.0,3843.0,3541.0,1970.0,2001.0,3427.0,2970.0,1359.0,1345.0,688.0,620.0,1269.0,1647.0,751.0,890.0,1387.0,1139.0,2043.0,1803.0,4105.0,4145.0,1456.0,1252.0,4438.0,4525.0,3969.0,4275.0,675.0,853.0,6203.0,5601.0,7452.0,7177.0,4824.0,5205.0,3566.0,4012.0,6139.0,3273.0,447.0,410.0,501.0,338.0
NDARNT939YMG,2.785,2.842,2.894,3.021,2.961,2.849,2.126,2.071,3.559,3.455,2.637,3.115,2.812,2.799,2.64,2.652,2.97,2.981,3.229,3.187,2.275,2.259,2.374,2.456,2.94,2.84,2.272,2.194,2.778,2.657,3.122,3.049,2.73,2.735,3.027,2.949,2.718,2.804,2.884,2.948,2.718,2.691,1.907,1.848,2.368,2.355,2.469,2.579,2.784,2.866,2.529,2.67,2.763,3.031,2.616,2.682,3.046,3.008,2.371,2.401,2.996,3.119,2.766,2.778,3.551,3.677,2.764,2.618,1012.0,1015.0,527.0,861.0,2181.0,2126.0,1573.0,1551.0,330.0,333.0,324.0,241.0,3017.0,3439.0,4545.0,5274.0,3087.0,3297.0,2376.0,2440.0,1108.0,948.0,5179.0,4904.0,2921.0,3110.0,3257.0,3046.0,1749.0,1968.0,3495.0,3037.0,1435.0,1708.0,637.0,640.0,1498.0,1800.0,788.0,1011.0,1863.0,1325.0,1422.0,1329.0,3811.0,3778.0,1340.0,1211.0,4908.0,4818.0,4486.0,4290.0,721.0,830.0,5724.0,6430.0,7782.0,6875.0,6029.0,5785.0,3941.0,4341.0,4642.0,4203.0,416.0,440.0,536.0,343.0
NDARNV375KEK,3.005,3.151,2.668,2.811,3.202,3.097,2.388,2.426,3.418,3.727,3.208,3.426,3.193,3.087,3.016,3.074,3.276,3.229,3.168,3.513,2.66,2.834,2.545,2.543,3.045,2.978,2.634,2.561,2.662,2.58,3.231,3.204,3.066,2.969,3.184,3.329,3.221,3.119,3.051,3.429,3.093,3.088,2.323,2.258,2.71,2.729,2.643,2.558,3.107,3.038,2.915,2.967,3.137,3.18,2.898,2.81,3.296,3.286,2.835,2.783,3.369,3.142,3.012,3.044,3.863,4.512,2.923,3.097,1226.0,884.0,612.0,753.0,2498.0,3077.0,1903.0,1692.0,511.0,481.0,324.0,205.0,4021.0,3695.0,4941.0,8123.0,3954.0,4717.0,3147.0,2605.0,1284.0,1185.0,5675.0,5507.0,3347.0,3761.0,4048.0,3459.0,1685.0,1940.0,4401.0,3932.0,1573.0,1714.0,792.0,846.0,1378.0,2544.0,879.0,1049.0,1598.0,1618.0,1563.0,1569.0,4566.0,4269.0,1533.0,1462.0,5500.0,5088.0,4400.0,4616.0,891.0,972.0,6722.0,7911.0,8794.0,8478.0,6559.0,6495.0,4420.0,5699.0,5510.0,4133.0,477.0,420.0,583.0,427.0
NDARNV694EMG,3.119,3.313,2.221,2.182,3.137,3.095,2.315,2.141,2.903,2.729,2.475,2.77,2.985,2.863,2.966,3.065,2.79,2.692,3.361,3.159,2.465,2.593,2.522,2.422,2.861,2.902,2.277,2.44,2.789,2.486,3.139,2.87,3.066,2.942,2.938,3.537,2.994,3.003,2.568,2.903,2.839,3.048,2.14,2.216,2.558,2.443,2.786,2.712,2.966,3.099,2.889,2.729,2.68,2.357,2.546,2.648,3.25,3.082,2.677,2.755,2.97,2.982,3.042,2.982,2.674,2.767,2.828,2.724,1144.0,981.0,571.0,565.0,2329.0,2566.0,2256.0,2008.0,460.0,372.0,524.0,445.0,2931.0,2839.0,3529.0,5654.0,3053.0,3395.0,2552.0,2604.0,927.0,782.0,5687.0,5910.0,2960.0,2637.0,3733.0,3644.0,2011.0,2043.0,3574.0,3389.0,1546.0,1915.0,691.0,646.0,1664.0,1951.0,896.0,882.0,1778.0,1840.0,2303.0,2248.0,4139.0,4059.0,998.0,1230.0,5418.0,4801.0,4908.0,5399.0,408.0,787.0,5736.0,6344.0,8177.0,8399.0,5762.0,5764.0,4124.0,4268.0,4961.0,4519.0,651.0,641.0,655.0,542.0
NDARNW218ZBU,2.707,2.753,2.909,2.889,2.607,2.748,2.105,2.256,2.828,2.46,2.648,3.463,2.767,2.819,2.524,2.688,2.867,2.871,2.963,3.209,2.333,2.577,2.274,2.375,2.755,2.602,2.354,2.227,2.7,2.663,3.027,3.148,2.674,2.521,2.846,2.684,2.651,2.643,3.017,2.956,2.469,2.61,1.935,1.671,2.188,2.119,2.624,2.8,2.576,2.609,2.619,2.716,2.772,3.169,2.601,2.611,2.873,2.973,2.476,2.458,2.964,2.975,2.814,2.722,3.795,3.995,2.418,2.485,1154.0,986.0,692.0,554.0,2098.0,2023.0,1608.0,1739.0,351.0,459.0,420.0,248.0,2951.0,3025.0,4633.0,5724.0,3100.0,3267.0,2389.0,2157.0,1160.0,996.0,4904.0,5087.0,2722.0,2471.0,2937.0,2920.0,1887.0,2261.0,3675.0,3360.0,1313.0,1318.0,600.0,651.0,1278.0,1839.0,666.0,843.0,1440.0,1636.0,1502.0,1327.0,3403.0,3781.0,1135.0,1251.0,4521.0,4039.0,3786.0,3828.0,415.0,718.0,7124.0,7397.0,6957.0,6828.0,5831.0,5497.0,3692.0,4794.0,4029.0,3272.0,453.0,434.0,508.0,318.0
NDARNX223DY3,3.125,3.12,2.268,2.068,2.766,3.006,2.239,2.172,3.033,2.998,2.238,1.667,3.211,3.118,2.631,2.878,3.04,3.087,3.374,3.455,2.719,2.884,2.391,2.399,2.474,2.161,2.544,2.573,2.092,2.135,3.208,3.29,2.914,2.839,2.971,3.383,2.777,2.856,2.876,2.498,2.391,2.472,1.973,1.918,2.449,2.476,2.736,2.457,2.897,2.891,3.022,2.947,2.457,2.52,1.898,1.972,2.58,2.583,2.521,2.55,3.206,3.344,2.985,2.833,3.588,3.614,3.187,3.075,1068.0,1036.0,686.0,717.0,2355.0,2074.0,1210.0,1209.0,522.0,533.0,484.0,449.0,2765.0,3309.0,4963.0,5400.0,3449.0,3465.0,2461.0,2404.0,964.0,735.0,5203.0,5222.0,2839.0,2569.0,3045.0,2537.0,2032.0,2091.0,3515.0,3108.0,1366.0,1675.0,695.0,647.0,1336.0,1464.0,755.0,792.0,1835.0,1449.0,1285.0,1078.0,4699.0,4473.0,1052.0,1092.0,4990.0,5797.0,3433.0,3534.0,671.0,869.0,6862.0,6311.0,7780.0,8195.0,6296.0,6014.0,3917.0,4221.0,4378.0,4413.0,716.0,686.0,613.0,408.0
NDARNX477HZ4,2.548,2.961,2.871,2.695,3.268,3.169,2.411,2.286,3.635,3.986,2.73,3.012,3.191,3.241,3.014,3.068,3.261,3.181,3.473,3.632,2.63,2.593,2.727,2.724,3.25,3.206,2.466,2.55,2.883,2.874,3.13,3.109,3.084,3.159,3.429,3.79,3.327,3.168,3.142,3.252,3.152,2.975,2.006,2.255,2.671,2.779,2.812,2.918,3.249,3.212,3.017,2.972,3.136,3.299,2.96,2.874,3.368,3.3,2.903,2.932,3.354,3.325,3.076,3.129,4.276,4.183,3.408,3.364,1481.0,1103.0,771.0,630.0,2964.0,2479.0,1492.0,1689.0,473.0,524.0,330.0,265.0,3542.0,3330.0,4949.0,5420.0,3559.0,3426.0,2471.0,2400.0,1283.0,1204.0,5667.0,5691.0,2800.0,2625.0,3403.0,3153.0,1976.0,1744.0,4026.0,3274.0,1386.0,1728.0,688.0,702.0,1492.0,2065.0,765.0,892.0,1818.0,1602.0,1818.0,1559.0,4631.0,4144.0,1245.0,1439.0,5129.0,5512.0,4040.0,4580.0,744.0,896.0,7588.0,7149.0,7409.0,8422.0,6130.0,6501.0,4122.0,4350.0,5002.0,4364.0,391.0,406.0,493.0,306.0
NDARNY205RK8,2.915,2.767,2.629,2.751,2.829,2.614,2.193,2.016,3.05,3.404,2.93,2.567,2.856,2.83,2.602,2.623,2.821,2.707,3.382,3.252,2.692,2.375,2.011,2.157,3.007,2.684,2.227,2.352,2.615,2.807,2.862,2.939,3.057,3.002,2.487,3.217,2.808,3.019,3.144,3.067,3.073,2.985,2.079,2.121,2.105,2.217,2.715,2.693,2.581,2.749,2.709,2.699,2.949,2.769,2.446,2.714,2.772,2.872,2.35,2.331,2.778,2.916,2.595,2.784,2.773,2.893,2.896,3.04,1013.0,944.0,614.0,660.0,2508.0,2199.0,1144.0,1381.0,627.0,601.0,661.0,331.0,2990.0,3057.0,4773.0,5477.0,3403.0,3287.0,2366.0,2173.0,1072.0,903.0,4993.0,4429.0,2565.0,2688.0,3257.0,2832.0,1936.0,2110.0,3558.0,3126.0,1284.0,1608.0,546.0,600.0,1203.0,1580.0,718.0,743.0,1585.0,1388.0,1363.0,1073.0,3924.0,3672.0,1030.0,1068.0,4778.0,4578.0,3551.0,3842.0,414.0,801.0,5964.0,5898.0,8441.0,7405.0,6267.0,5559.0,3949.0,4142.0,4592.0,3918.0,663.0,705.0,578.0,461.0
NDARNY419GR2,2.826,2.803,2.914,2.786,3.091,2.979,2.299,2.356,3.429,3.227,3.154,3.249,2.864,2.969,2.973,2.944,3.171,3.155,3.222,3.526,2.472,2.658,2.607,2.777,3.253,2.852,2.532,2.434,2.897,2.874,3.167,3.327,2.821,2.851,2.976,3.242,3.093,3.13,3.174,3.325,2.994,3.064,2.208,2.368,2.481,2.454,2.781,2.856,2.993,3.005,2.948,2.824,3.222,3.226,2.714,2.775,3.251,3.228,2.673,2.83,3.178,3.29,2.967,2.991,4.134,4.278,2.913,2.666,918.0,920.0,564.0,633.0,2327.0,2393.0,1144.0,1401.0,595.0,598.0,287.0,241.0,2863.0,3008.0,4499.0,5726.0,3887.0,3599.0,2583.0,2081.0,962.0,754.0,4584.0,4703.0,2264.0,2286.0,2413.0,2335.0,1424.0,1880.0,3559.0,3283.0,1332.0,1606.0,558.0,701.0,1306.0,1615.0,589.0,778.0,1500.0,1239.0,1124.0,986.0,3871.0,3889.0,1250.0,1299.0,4434.0,5145.0,3682.0,3980.0,515.0,557.0,5991.0,4918.0,7590.0,6641.0,4317.0,5074.0,3330.0,3835.0,4200.0,3148.0,402.0,436.0,381.0,269.0
NDARNZ043VH0,2.443,3.322,2.647,2.91,2.882,3.031,2.56,2.631,3.653,3.438,2.584,2.922,3.203,3.102,2.744,2.977,2.934,2.989,3.181,3.496,2.416,2.815,2.498,2.6,3.205,3.01,2.547,2.608,2.849,2.8,3.296,2.934,3.112,3.305,3.282,3.397,3.088,2.992,3.195,3.091,3.01,2.981,2.405,2.162,2.513,2.594,2.853,2.73,3.078,3.112,3.018,3.098,2.809,2.867,2.694,2.715,3.032,3.041,2.714,2.662,3.263,3.021,2.828,2.951,3.165,3.26,3.153,3.407,1600.0,1113.0,621.0,699.0,2712.0,3292.0,1889.0,1639.0,747.0,658.0,487.0,466.0,3955.0,3754.0,6539.0,6130.0,3839.0,3463.0,3198.0,2423.0,1223.0,1160.0,6334.0,6375.0,3353.0,3402.0,3733.0,3564.0,2371.0,2678.0,4509.0,3544.0,1794.0,1887.0,726.0,1003.0,1670.0,2108.0,979.0,1067.0,1572.0,1376.0,1893.0,1765.0,5737.0,5274.0,1390.0,1630.0,6191.0,6343.0,5186.0,5225.0,485.0,1033.0,7272.0,6772.0,10258.0,9670.0,6775.0,6119.0,5328.0,6077.0,6447.0,6249.0,817.0,721.0,723.0,424.0
NDARNZ141GNH,3.112,3.132,2.737,2.835,3.004,3.203,2.449,2.341,3.709,3.833,3.517,3.633,3.166,3.192,3.137,3.129,3.224,3.226,3.411,3.604,2.699,2.718,2.621,2.597,3.207,3.14,2.481,2.5,2.95,3.017,3.241,3.275,3.12,2.992,3.279,3.273,3.183,3.195,3.317,3.117,3.121,3.271,2.002,2.08,2.626,2.592,3.097,2.656,3.014,3.218,3.029,2.932,3.183,3.503,2.973,3.072,3.444,3.304,2.819,2.815,3.468,3.554,3.03,3.193,4.031,4.216,3.076,3.032,1166.0,1054.0,735.0,712.0,2837.0,2376.0,1776.0,1677.0,551.0,450.0,339.0,264.0,2401.0,2914.0,4237.0,5307.0,2911.0,3027.0,2411.0,2162.0,994.0,866.0,4659.0,5157.0,2528.0,2566.0,3174.0,2923.0,1808.0,1893.0,3171.0,2864.0,1483.0,1698.0,558.0,628.0,1266.0,1536.0,717.0,962.0,1325.0,1550.0,1757.0,1844.0,3599.0,3648.0,1260.0,1252.0,5024.0,4807.0,3810.0,3963.0,647.0,895.0,7210.0,6830.0,7866.0,7936.0,5290.0,5568.0,3679.0,3762.0,3650.0,2964.0,489.0,434.0,363.0,347.0
NDARNZ610KZY,2.871,2.98,2.08,2.722,3.223,3.082,2.546,2.476,3.484,3.526,2.986,3.229,3.143,3.262,3.165,3.029,3.026,3.167,3.475,3.403,2.681,2.849,2.719,2.724,3.332,3.059,2.671,2.559,3.021,2.921,3.168,3.185,3.337,3.348,2.969,3.125,3.172,3.131,3.423,3.068,2.999,3.062,2.264,2.245,2.771,2.73,2.971,2.938,3.091,3.086,3.096,3.044,3.034,2.978,2.791,3.008,3.404,3.396,2.802,2.988,3.023,2.981,2.867,3.005,3.516,3.914,3.044,3.12,907.0,1118.0,459.0,832.0,2608.0,1893.0,1476.0,1596.0,434.0,340.0,462.0,314.0,3197.0,3468.0,5107.0,5839.0,3233.0,3177.0,2937.0,2714.0,1035.0,906.0,5887.0,4778.0,2652.0,2615.0,3484.0,2961.0,2120.0,2481.0,3524.0,3273.0,1650.0,1957.0,582.0,607.0,1422.0,1825.0,816.0,959.0,1959.0,1685.0,1722.0,1619.0,4350.0,3927.0,1370.0,1155.0,4844.0,4917.0,4324.0,4732.0,552.0,792.0,7280.0,6283.0,8422.0,7328.0,5553.0,5782.0,4212.0,4460.0,4496.0,4692.0,563.0,567.0,500.0,422.0
NDARNZ615UEU,3.157,2.961,2.472,2.647,2.943,3.138,2.352,2.207,3.16,3.339,2.539,2.736,3.051,2.958,2.951,3.052,2.901,2.566,3.25,3.15,2.299,2.72,2.378,2.443,2.985,2.943,2.517,2.681,2.58,2.646,3.136,2.756,3.015,2.892,2.951,2.76,2.964,2.748,2.778,3.248,2.963,2.796,2.223,2.426,2.25,2.531,2.66,2.616,2.877,2.779,2.932,2.888,2.727,2.93,2.924,2.663,2.979,3.177,2.774,2.778,2.925,2.74,2.781,2.995,3.129,3.463,2.869,2.812,1039.0,946.0,605.0,684.0,2400.0,2682.0,1596.0,1399.0,483.0,444.0,525.0,577.0,3172.0,2978.0,4184.0,5356.0,3396.0,3443.0,2350.0,2185.0,933.0,909.0,5467.0,5204.0,2897.0,2977.0,2862.0,3494.0,2263.0,2114.0,3491.0,3252.0,1436.0,1545.0,689.0,650.0,1297.0,1686.0,1005.0,1007.0,1793.0,1898.0,1296.0,1304.0,4321.0,4350.0,1103.0,1083.0,4893.0,4837.0,4821.0,4715.0,530.0,752.0,7085.0,5931.0,8420.0,7815.0,6449.0,6691.0,3652.0,4448.0,4375.0,3773.0,682.0,501.0,591.0,393.0
NDARPA005VVK,3.165,3.171,2.151,2.608,2.95,2.918,2.322,2.336,3.431,2.895,2.886,3.234,3.038,3.212,2.97,3.068,3.167,3.105,3.285,3.435,2.548,2.62,2.53,2.486,3.239,3.077,2.361,2.565,2.852,2.834,3.238,3.243,3.033,2.955,3.281,3.673,3.087,3.04,3.022,2.968,2.995,3.12,2.129,2.325,2.461,2.511,2.661,2.646,2.865,2.863,2.783,2.84,3.245,2.954,2.82,2.877,3.129,3.124,2.684,2.637,3.552,3.19,2.963,3.082,2.906,3.053,3.169,3.502,915.0,783.0,471.0,755.0,1962.0,2856.0,1760.0,1759.0,449.0,512.0,589.0,482.0,3071.0,3065.0,4147.0,5259.0,3477.0,3349.0,2709.0,2297.0,1108.0,1076.0,4248.0,4832.0,2621.0,2445.0,3530.0,3591.0,1742.0,2022.0,3441.0,3130.0,1555.0,1422.0,530.0,491.0,1659.0,1711.0,819.0,882.0,1866.0,1587.0,1832.0,1806.0,4864.0,5000.0,1184.0,1098.0,4893.0,5215.0,5078.0,5167.0,590.0,491.0,5440.0,6123.0,8630.0,7765.0,6672.0,6974.0,3742.0,4551.0,4883.0,3927.0,701.0,659.0,628.0,466.0
NDARPB044UXA,2.87,2.897,2.739,2.839,2.886,2.812,2.196,2.155,2.614,2.433,2.265,2.416,2.679,2.717,2.593,2.624,2.495,2.377,3.047,2.976,2.152,2.273,2.337,2.391,2.547,2.398,2.341,2.434,2.242,2.276,2.981,2.991,2.655,2.732,2.811,3.172,2.735,2.729,2.473,2.62,2.626,2.68,2.078,2.17,2.374,2.292,2.597,2.406,2.804,2.925,2.523,2.595,2.867,2.82,2.416,2.554,2.901,2.891,2.438,2.4,2.894,2.902,2.738,2.705,2.856,2.397,2.777,2.597,1080.0,763.0,851.0,649.0,1972.0,1836.0,1636.0,1724.0,492.0,451.0,535.0,293.0,2995.0,2970.0,4229.0,4376.0,3041.0,3147.0,2329.0,2358.0,1155.0,1074.0,5287.0,6534.0,2602.0,2382.0,3570.0,3207.0,2038.0,1914.0,3389.0,2951.0,1415.0,1415.0,574.0,663.0,1416.0,1643.0,873.0,1069.0,1923.0,1583.0,1690.0,1706.0,4136.0,4000.0,932.0,1328.0,4169.0,5118.0,3871.0,4592.0,514.0,669.0,6438.0,5365.0,7604.0,7588.0,5395.0,5766.0,3573.0,3457.0,3699.0,3333.0,415.0,639.0,462.0,364.0
NDARPC745LTD,2.774,3.072,2.652,2.79,2.783,2.814,2.386,2.308,2.879,2.985,2.729,2.874,2.941,2.873,2.74,2.713,2.67,2.917,3.264,3.174,2.269,2.205,2.313,2.493,2.831,2.754,2.447,2.323,2.607,2.527,3.099,3.052,2.759,2.737,3.267,3.424,3.18,2.991,2.966,2.68,2.668,2.758,2.08,2.001,2.543,2.411,2.641,2.602,2.757,2.86,2.767,2.748,3.233,3.191,2.535,2.713,2.925,2.89,2.485,2.456,3.205,3.182,2.845,2.845,3.179,2.953,2.854,3.072,1014.0,930.0,554.0,770.0,2121.0,2057.0,1529.0,1643.0,472.0,428.0,383.0,431.0,3252.0,3248.0,4316.0,5648.0,3566.0,3679.0,2764.0,2608.0,788.0,842.0,6232.0,6058.0,2792.0,2483.0,3504.0,3194.0,2070.0,2109.0,3522.0,3326.0,1551.0,1507.0,494.0,492.0,1636.0,1630.0,782.0,910.0,1885.0,1738.0,1547.0,1635.0,4305.0,4242.0,1434.0,1230.0,5020.0,4740.0,3951.0,4338.0,369.0,618.0,5742.0,5454.0,8111.0,7774.0,6170.0,7646.0,4274.0,4153.0,4980.0,4099.0,692.0,575.0,545.0,394.0
NDARPC817XZ5,2.829,2.838,2.861,2.534,3.122,3.19,2.194,2.124,3.243,3.497,2.699,2.905,2.874,2.979,2.789,2.821,2.637,2.892,3.07,3.371,2.327,2.464,2.309,2.356,3.032,2.638,2.336,2.417,2.743,2.611,2.839,2.898,3.158,2.91,3.03,3.031,3.104,3.028,3.033,2.794,2.641,2.755,2.108,2.123,2.567,2.517,2.703,2.734,2.863,3.009,2.749,2.763,3.102,3.362,2.445,2.85,3.346,3.134,2.512,2.592,2.923,2.949,2.805,2.836,3.428,3.235,3.135,2.7,1279.0,1012.0,747.0,1027.0,3043.0,2483.0,1624.0,1805.0,499.0,489.0,377.0,344.0,3079.0,3203.0,5246.0,4977.0,3902.0,3522.0,2643.0,2121.0,1059.0,1011.0,5422.0,5061.0,2634.0,2944.0,4283.0,4147.0,1912.0,2072.0,3696.0,3510.0,1628.0,1949.0,536.0,647.0,1314.0,2100.0,857.0,972.0,1650.0,1350.0,2101.0,1936.0,4227.0,4520.0,1687.0,1375.0,5955.0,5738.0,4503.0,4122.0,753.0,791.0,7299.0,6082.0,7292.0,6743.0,6200.0,5937.0,4010.0,4343.0,3919.0,4079.0,588.0,539.0,542.0,427.0
NDARPD568LHV,2.815,2.892,2.482,2.38,3.051,2.858,2.345,2.361,3.473,3.403,2.891,2.978,3.111,3.006,2.872,2.916,2.937,3.047,3.138,3.297,2.369,2.464,2.332,2.399,3.2,2.788,2.396,2.449,2.692,2.84,3.124,2.988,3.134,2.993,3.239,3.259,2.736,3.009,3.238,3.055,2.981,2.893,1.952,1.931,2.251,2.418,2.786,2.86,2.966,2.854,2.859,2.901,3.005,2.79,2.552,2.764,3.227,3.189,2.626,2.65,3.105,3.106,2.905,2.911,3.624,3.58,3.013,2.951,1031.0,1028.0,432.0,490.0,2017.0,1977.0,1790.0,1829.0,485.0,431.0,494.0,453.0,2575.0,3091.0,4256.0,4942.0,2783.0,3127.0,2227.0,1999.0,1103.0,1058.0,5351.0,5235.0,2452.0,2537.0,3860.0,3666.0,1651.0,1962.0,3258.0,2938.0,1377.0,1307.0,485.0,561.0,1039.0,1354.0,767.0,866.0,1078.0,1126.0,2097.0,1770.0,3893.0,3756.0,1196.0,1041.0,4681.0,4754.0,4228.0,3822.0,403.0,611.0,5780.0,5731.0,6871.0,6638.0,5564.0,6005.0,3898.0,3776.0,4354.0,4250.0,718.0,683.0,455.0,359.0
NDARPD977VX2,2.537,2.807,3.241,2.873,2.844,2.738,2.093,2.153,3.183,3.165,2.837,2.872,2.872,2.76,2.51,2.642,2.937,2.792,3.203,2.872,2.79,2.267,2.249,2.299,2.922,2.832,2.393,2.34,2.788,2.729,2.981,2.852,2.661,2.725,2.936,2.453,2.892,2.65,2.699,2.664,2.766,2.722,2.197,1.902,2.207,2.2,2.587,3.013,2.572,2.553,2.693,2.705,3.138,2.948,2.558,2.64,2.975,2.909,2.426,2.447,2.989,2.764,2.588,2.728,3.345,3.755,2.84,2.748,1516.0,1270.0,768.0,753.0,2659.0,2544.0,1609.0,1673.0,387.0,395.0,373.0,280.0,3516.0,3454.0,5773.0,6778.0,4568.0,4074.0,1876.0,1948.0,1005.0,1140.0,6168.0,5732.0,3064.0,3014.0,3199.0,3282.0,2015.0,2175.0,4960.0,4461.0,1635.0,1839.0,624.0,770.0,1438.0,1917.0,855.0,1075.0,1709.0,1343.0,1590.0,1370.0,6034.0,5571.0,1482.0,1378.0,6429.0,5748.0,4866.0,5117.0,695.0,1142.0,7362.0,7085.0,8111.0,7746.0,6902.0,6425.0,4172.0,4970.0,5434.0,4469.0,492.0,506.0,474.0,346.0
NDARPE752VYE,2.896,2.878,2.783,2.636,3.107,3.072,2.508,2.419,3.694,3.805,3.028,3.223,3.197,3.251,3.163,2.847,3.103,3.127,3.326,3.332,2.567,2.32,2.62,2.709,3.218,3.225,2.53,2.737,2.944,3.117,3.331,3.188,3.173,2.995,3.148,3.153,2.872,3.025,3.488,3.377,2.928,2.888,2.235,2.418,2.755,2.602,2.668,2.952,2.916,3.105,2.976,3.011,3.315,3.497,2.941,2.885,3.374,3.374,2.658,2.85,3.344,3.275,3.243,2.854,3.55,4.306,3.118,3.159,1042.0,1063.0,580.0,732.0,3151.0,2974.0,1471.0,1855.0,358.0,258.0,270.0,223.0,3334.0,3666.0,4427.0,5623.0,3153.0,3522.0,2851.0,2396.0,1087.0,1016.0,5878.0,5231.0,3165.0,2866.0,3019.0,2650.0,1840.0,1740.0,3930.0,3634.0,1454.0,1654.0,594.0,599.0,1460.0,1974.0,817.0,1009.0,1704.0,1318.0,1428.0,1176.0,4778.0,4541.0,1398.0,1178.0,5689.0,5034.0,4632.0,4572.0,751.0,906.0,6594.0,6301.0,8324.0,7400.0,6886.0,6526.0,4705.0,4473.0,4195.0,4621.0,397.0,351.0,491.0,463.0
NDARPF118ABV,2.587,2.719,2.895,2.71,2.739,2.777,2.09,2.016,3.188,3.025,2.917,3.155,2.773,2.701,2.532,2.654,2.754,2.803,2.999,2.904,2.466,2.238,2.175,2.324,2.737,2.703,2.136,2.212,2.55,2.576,2.884,2.928,2.737,2.643,2.785,2.403,2.764,2.761,2.835,2.762,2.452,2.684,1.919,2.05,2.317,2.219,2.536,2.731,2.705,2.691,2.607,2.54,3.144,3.004,2.478,2.512,2.986,2.888,2.369,2.452,2.879,2.863,2.727,2.714,3.528,3.574,2.541,2.521,891.0,674.0,494.0,521.0,2064.0,1890.0,1111.0,1237.0,358.0,354.0,252.0,234.0,2481.0,2681.0,3208.0,4251.0,2378.0,2717.0,1923.0,2151.0,729.0,765.0,4257.0,3522.0,2274.0,2274.0,2283.0,2099.0,1571.0,1805.0,2792.0,2484.0,1306.0,1298.0,555.0,638.0,1452.0,1187.0,554.0,722.0,1523.0,1216.0,1212.0,851.0,3533.0,3222.0,1061.0,1016.0,4140.0,4359.0,2772.0,3078.0,444.0,586.0,4967.0,4760.0,6258.0,5936.0,3963.0,3506.0,3300.0,3511.0,3506.0,3234.0,386.0,356.0,426.0,297.0
NDARPF319WV2,2.865,3.187,2.736,3.139,3.079,2.994,2.537,2.247,3.936,3.945,3.446,3.442,3.126,3.088,2.83,2.918,3.168,3.065,3.508,3.8,2.789,2.869,2.493,2.667,3.277,3.166,2.662,2.541,3.102,3.213,3.278,3.096,2.921,2.94,3.119,3.497,3.053,3.176,3.265,3.205,3.088,3.226,2.239,2.218,2.886,2.753,2.802,2.888,3.112,3.068,2.858,2.913,3.348,3.26,2.929,2.972,3.296,3.286,2.808,2.839,3.304,3.247,2.968,2.813,4.116,3.962,3.208,3.134,1027.0,897.0,937.0,670.0,2557.0,2326.0,1622.0,1597.0,371.0,475.0,390.0,378.0,4059.0,4246.0,5763.0,7807.0,4261.0,4290.0,2930.0,2353.0,1200.0,1071.0,6256.0,5692.0,3175.0,3580.0,2985.0,3476.0,2072.0,2318.0,4575.0,4445.0,1830.0,1928.0,845.0,732.0,1666.0,1725.0,986.0,1116.0,1890.0,1806.0,1249.0,1255.0,5181.0,5214.0,1353.0,1496.0,5283.0,5583.0,4703.0,5700.0,767.0,1055.0,8907.0,8234.0,8784.0,8434.0,7843.0,6862.0,4216.0,4742.0,5165.0,4699.0,469.0,530.0,536.0,454.0
NDARPF395NV5,2.705,2.86,2.221,2.533,3.058,3.08,2.539,2.432,3.309,3.675,2.694,2.719,3.124,2.996,2.946,3.001,3.073,3.08,3.44,3.331,2.536,2.601,2.389,2.585,2.956,2.897,2.562,2.552,2.559,2.407,3.321,2.975,3.018,3.04,2.742,2.671,2.811,2.984,3.146,2.785,2.827,2.772,2.077,2.24,2.666,2.671,2.472,2.751,3.034,3.086,2.969,2.972,2.783,2.877,2.512,2.665,3.181,3.165,2.78,2.753,3.348,3.152,2.946,2.993,3.557,3.833,2.852,2.699,1178.0,1105.0,531.0,1038.0,3135.0,2044.0,1649.0,1917.0,449.0,418.0,366.0,303.0,3984.0,3861.0,5741.0,6838.0,4242.0,4299.0,2937.0,2577.0,1237.0,1112.0,6392.0,5855.0,3645.0,3388.0,3605.0,3206.0,2234.0,2301.0,4376.0,3970.0,1476.0,2263.0,753.0,761.0,1534.0,1325.0,821.0,1114.0,2261.0,1628.0,1906.0,1560.0,5425.0,5315.0,1278.0,941.0,6245.0,6210.0,4660.0,4444.0,916.0,982.0,8709.0,8382.0,9491.0,9277.0,6130.0,6366.0,4734.0,5441.0,5227.0,4352.0,556.0,509.0,583.0,419.0
NDARPF459CME,3.118,2.929,2.93,2.813,3.43,3.067,2.241,2.384,3.508,3.392,3.216,3.454,3.038,3.062,2.957,3.104,3.042,3.098,3.217,3.247,2.692,2.715,2.343,2.443,3.363,3.395,2.474,2.486,2.726,2.954,3.159,3.308,3.15,2.939,2.66,2.98,3.17,3.037,3.179,3.269,3.197,3.127,2.264,2.12,2.472,2.628,2.803,2.859,2.974,2.781,3.002,3.097,2.841,3.258,2.977,2.9,3.345,3.446,2.842,2.882,3.218,3.227,3.039,2.849,3.471,4.19,3.135,2.905,1240.0,1604.0,675.0,756.0,2839.0,1926.0,1776.0,1684.0,468.0,517.0,298.0,234.0,3619.0,4254.0,7196.0,8138.0,4556.0,4247.0,2869.0,2759.0,1218.0,1008.0,5662.0,5581.0,2894.0,2920.0,4039.0,3801.0,1755.0,2066.0,5398.0,4188.0,1601.0,1582.0,898.0,889.0,1325.0,1876.0,824.0,1169.0,1674.0,1619.0,1880.0,1712.0,5069.0,4050.0,1330.0,1386.0,5031.0,5224.0,4663.0,4312.0,541.0,891.0,7964.0,7099.0,8462.0,8105.0,6476.0,6164.0,4042.0,4441.0,4037.0,4022.0,509.0,549.0,470.0,365.0
NDARPG873DJP,2.998,3.027,2.906,2.579,3.244,3.376,2.508,2.425,3.373,3.418,3.522,3.077,3.158,3.064,3.081,3.11,3.135,3.207,3.462,3.506,2.77,2.862,2.571,2.804,3.381,3.194,2.568,2.571,3.112,3.012,3.218,3.163,3.042,2.935,3.068,3.477,3.287,3.259,3.265,3.526,3.123,3.051,2.087,2.134,2.547,2.696,2.771,2.939,3.104,3.046,3.103,3.084,3.151,3.334,2.905,2.985,3.483,3.429,2.938,2.988,3.322,3.339,3.1,3.045,3.963,3.977,3.159,2.901,1047.0,926.0,465.0,573.0,2325.0,2513.0,1463.0,1533.0,467.0,450.0,294.0,256.0,3176.0,2983.0,5066.0,6431.0,3511.0,3828.0,2684.0,2770.0,929.0,971.0,4779.0,4709.0,2850.0,2691.0,3067.0,2866.0,2139.0,2010.0,3981.0,3466.0,1484.0,1729.0,522.0,572.0,1510.0,2024.0,856.0,964.0,1732.0,1971.0,1575.0,1380.0,4706.0,5121.0,1243.0,1454.0,5278.0,5062.0,4404.0,5248.0,496.0,631.0,6692.0,7109.0,9100.0,7804.0,6484.0,6330.0,4185.0,4495.0,5638.0,4374.0,464.0,483.0,497.0,374.0
NDARPH022TRY,2.692,2.935,2.36,1.909,3.063,3.108,2.213,2.144,3.334,3.516,2.921,3.218,3.035,2.963,2.846,2.851,3.0,3.109,3.342,3.317,2.394,2.187,2.647,2.615,3.006,2.922,2.446,2.458,2.576,2.671,3.175,3.251,2.857,2.897,2.467,2.677,3.024,2.967,3.127,3.045,2.942,2.8,1.94,1.974,2.674,2.602,2.347,2.489,3.096,3.083,2.694,2.587,2.931,3.009,2.816,2.705,3.243,3.206,2.719,2.695,3.217,3.14,2.966,2.97,3.799,4.249,2.885,2.992,1432.0,1159.0,820.0,774.0,3429.0,3612.0,1782.0,1650.0,476.0,538.0,500.0,398.0,4492.0,4768.0,4807.0,7446.0,5733.0,4726.0,3616.0,3387.0,1539.0,1299.0,6674.0,7564.0,3592.0,3543.0,3342.0,3464.0,2068.0,2298.0,5271.0,4296.0,1486.0,1891.0,870.0,830.0,2351.0,2934.0,1071.0,1295.0,2589.0,2125.0,1298.0,1513.0,6035.0,5367.0,1862.0,1760.0,6877.0,6564.0,5375.0,5106.0,928.0,1149.0,9103.0,9426.0,12336.0,12044.0,6574.0,7253.0,4697.0,6068.0,6414.0,4728.0,444.0,570.0,670.0,453.0
NDARPH105ZFF,3.018,2.742,2.64,2.828,3.192,3.104,2.46,2.244,3.591,3.446,3.155,2.962,2.95,3.055,2.978,3.037,2.825,3.004,3.452,3.399,2.723,2.537,2.535,2.441,3.064,3.107,2.272,2.552,2.595,2.844,3.006,3.039,3.035,2.905,2.854,3.143,3.142,3.35,2.941,3.117,2.81,3.211,2.38,2.303,2.531,2.485,2.699,2.778,3.021,3.142,2.865,2.852,3.278,2.842,2.812,2.915,3.312,3.249,2.644,2.663,3.045,3.058,2.997,2.89,3.356,3.214,2.941,2.639,1092.0,1090.0,647.0,923.0,2419.0,2683.0,1802.0,1872.0,510.0,577.0,371.0,399.0,3849.0,3607.0,4451.0,6701.0,4039.0,3710.0,2983.0,3032.0,1238.0,1370.0,5092.0,5737.0,3380.0,3211.0,3864.0,3806.0,2303.0,2603.0,4347.0,3514.0,1823.0,1996.0,710.0,582.0,1369.0,1866.0,990.0,1161.0,1538.0,1571.0,2250.0,2028.0,5008.0,5106.0,1467.0,1264.0,7032.0,5475.0,4989.0,4656.0,767.0,1061.0,7488.0,8495.0,9644.0,8506.0,5471.0,6343.0,4512.0,4802.0,6380.0,4551.0,735.0,537.0,623.0,428.0
NDARPH513LP3,2.83,2.743,3.152,2.739,3.216,3.134,2.361,2.263,3.841,3.865,3.342,3.444,3.088,3.106,3.057,3.099,3.043,3.269,3.214,3.56,2.552,2.613,2.652,2.635,3.132,3.15,2.5,2.619,2.892,2.729,3.077,3.115,2.869,2.952,3.264,3.622,3.226,2.99,3.169,3.286,3.113,3.064,2.367,2.516,2.503,2.376,2.906,2.924,3.108,3.104,2.749,2.756,3.327,3.229,3.029,2.897,3.385,3.568,2.699,2.714,3.332,3.266,3.002,3.066,4.275,4.009,2.725,2.915,848.0,962.0,680.0,830.0,2565.0,2132.0,1618.0,1627.0,682.0,456.0,319.0,277.0,2707.0,3282.0,3733.0,4285.0,3118.0,2956.0,2488.0,2349.0,1076.0,924.0,4104.0,4162.0,2641.0,2821.0,3277.0,3288.0,1690.0,1782.0,3314.0,2984.0,1411.0,1414.0,620.0,640.0,1392.0,1705.0,672.0,1089.0,2121.0,1683.0,1840.0,1788.0,3665.0,3295.0,1120.0,989.0,4217.0,4861.0,3843.0,4395.0,600.0,843.0,6654.0,5989.0,7040.0,6525.0,5273.0,5982.0,3919.0,3961.0,3777.0,3832.0,480.0,554.0,445.0,349.0
NDARPH542LMH,2.739,3.279,2.989,2.646,2.981,3.131,2.512,2.46,3.685,4.017,3.125,3.05,3.267,3.114,2.966,3.064,3.226,3.203,3.445,3.288,2.398,2.485,2.617,2.597,3.144,3.029,2.599,2.626,2.452,2.743,3.585,3.189,2.772,2.866,3.319,3.432,3.175,2.995,3.148,3.123,3.062,2.957,2.479,2.345,2.655,2.737,2.688,2.507,3.015,3.014,2.841,2.911,2.949,2.944,2.878,2.892,3.156,3.195,2.796,2.831,3.346,3.146,3.051,3.109,4.185,4.396,3.291,2.829,1504.0,1189.0,981.0,1206.0,2466.0,3028.0,1816.0,1748.0,628.0,387.0,314.0,326.0,3960.0,4029.0,6139.0,6629.0,4093.0,3846.0,2783.0,3091.0,1223.0,966.0,6063.0,5415.0,3318.0,3262.0,3253.0,3290.0,2228.0,2368.0,4539.0,3850.0,1549.0,1844.0,755.0,768.0,1942.0,2265.0,1046.0,1210.0,2110.0,2189.0,1518.0,1452.0,4835.0,4791.0,1304.0,1479.0,6483.0,4916.0,4156.0,4990.0,919.0,1065.0,8919.0,10238.0,9092.0,8590.0,5789.0,5903.0,5033.0,4875.0,4804.0,4953.0,471.0,473.0,583.0,500.0
NDARPH567WUB,3.036,3.175,3.13,3.011,3.124,3.089,2.449,2.365,3.426,3.56,3.488,3.445,3.022,3.099,2.974,2.933,3.062,3.082,3.259,3.281,2.731,2.414,2.58,2.552,3.187,3.025,2.39,2.505,2.749,2.86,3.22,3.173,2.891,2.956,2.905,2.759,2.972,3.19,3.529,3.079,2.982,3.089,2.098,2.122,2.685,2.679,2.654,2.733,3.094,3.104,2.868,2.78,3.066,3.278,2.901,2.926,3.346,3.321,2.718,2.789,3.392,3.375,2.963,3.026,4.034,3.926,3.042,3.042,1191.0,1097.0,793.0,525.0,2209.0,2172.0,1635.0,1546.0,292.0,337.0,304.0,195.0,3502.0,3216.0,5263.0,5535.0,3365.0,3719.0,2667.0,2492.0,805.0,806.0,4985.0,4233.0,2537.0,2310.0,3192.0,2692.0,1600.0,1733.0,3847.0,3824.0,1312.0,1276.0,601.0,623.0,1415.0,1571.0,659.0,776.0,1658.0,1144.0,1491.0,1371.0,4242.0,4351.0,1154.0,1067.0,4624.0,4783.0,3641.0,4237.0,385.0,739.0,6367.0,5714.0,6798.0,6767.0,5006.0,5105.0,4070.0,4092.0,4723.0,4109.0,380.0,477.0,416.0,330.0
NDARPJ151ERK,3.012,3.19,3.023,2.62,3.211,3.101,2.467,2.308,4.095,4.004,3.369,3.379,3.016,3.06,2.934,2.946,3.152,3.162,3.409,3.358,2.323,2.653,2.629,2.566,3.199,3.159,2.494,2.512,2.904,2.973,3.219,3.194,2.968,2.956,2.999,3.129,3.142,3.072,3.207,3.496,3.055,2.966,2.326,2.224,2.661,2.597,2.833,2.617,3.178,3.217,2.861,2.847,3.096,3.149,2.899,2.919,3.447,3.285,2.71,2.737,3.317,3.375,3.069,3.045,3.834,3.972,2.884,3.124,1217.0,955.0,632.0,536.0,1922.0,2043.0,1467.0,1694.0,414.0,467.0,311.0,245.0,3197.0,3146.0,4962.0,6201.0,3637.0,4088.0,2646.0,2746.0,1037.0,858.0,5455.0,5501.0,2371.0,2413.0,3246.0,2592.0,1695.0,1822.0,3693.0,3465.0,1373.0,1627.0,699.0,635.0,1405.0,1710.0,771.0,829.0,1359.0,1155.0,1595.0,1438.0,3887.0,3637.0,1254.0,1281.0,4245.0,4692.0,3907.0,3667.0,550.0,681.0,5473.0,5176.0,6122.0,6734.0,5016.0,4921.0,3363.0,4169.0,4302.0,3691.0,509.0,547.0,525.0,333.0
NDARPJ691NEU,2.944,2.707,2.885,2.055,2.955,3.029,2.339,2.207,3.081,3.088,2.543,2.178,3.025,2.979,2.827,2.708,2.843,2.831,3.254,3.276,2.59,2.607,2.342,2.417,2.877,2.772,2.454,2.516,2.599,2.532,2.91,2.968,2.805,2.947,2.907,2.942,3.085,3.04,3.038,3.105,2.724,2.821,2.191,2.239,2.48,2.368,2.691,2.712,3.077,3.103,2.709,2.706,2.717,2.934,2.593,2.609,3.086,3.14,2.443,2.521,3.1,3.05,2.927,2.868,3.163,3.312,2.763,3.201,1142.0,829.0,819.0,624.0,1886.0,2271.0,1627.0,1930.0,479.0,371.0,432.0,340.0,3214.0,4145.0,5605.0,6280.0,4356.0,4004.0,3094.0,3046.0,1377.0,1100.0,6823.0,7487.0,3004.0,2948.0,3765.0,3442.0,1832.0,2254.0,4098.0,3874.0,1626.0,1972.0,624.0,657.0,1568.0,1961.0,962.0,1211.0,2375.0,2179.0,2020.0,1869.0,4756.0,4547.0,1301.0,1483.0,6071.0,5871.0,5012.0,5298.0,816.0,1095.0,8390.0,7722.0,9739.0,8666.0,6673.0,5874.0,4352.0,4610.0,4190.0,3937.0,546.0,500.0,606.0,382.0
NDARPK300HMV,3.032,3.179,2.195,2.309,3.01,2.924,2.283,2.339,3.105,3.062,3.077,3.018,2.96,2.913,2.91,3.047,2.822,2.808,3.215,3.212,2.079,2.316,2.409,2.486,2.979,2.844,2.295,2.273,2.759,3.009,3.222,3.019,3.124,3.009,2.695,2.663,3.096,3.048,3.263,3.233,3.022,2.885,2.258,2.299,2.596,2.557,2.549,2.805,2.971,2.88,2.862,2.859,2.975,3.2,2.851,2.679,3.13,3.137,2.698,2.656,3.271,3.0,2.936,3.02,3.246,3.361,2.866,2.937,978.0,954.0,387.0,582.0,1889.0,1855.0,1531.0,1414.0,331.0,392.0,456.0,359.0,2675.0,2737.0,4543.0,5006.0,2846.0,2782.0,2220.0,2016.0,736.0,905.0,4625.0,5102.0,2533.0,2564.0,2839.0,2831.0,1821.0,1760.0,3392.0,2838.0,1391.0,1321.0,552.0,590.0,1467.0,1625.0,757.0,860.0,1888.0,1295.0,1121.0,1202.0,4146.0,3794.0,1268.0,925.0,4688.0,4703.0,3709.0,3694.0,398.0,538.0,4789.0,4738.0,7206.0,6268.0,5137.0,5304.0,3205.0,3268.0,3989.0,3135.0,489.0,466.0,480.0,296.0
NDARPK522DVQ,2.998,3.01,3.11,2.579,3.294,3.354,2.769,2.836,3.192,3.743,3.127,3.182,3.305,3.312,3.155,3.133,2.922,3.37,3.736,3.665,2.85,2.755,2.845,2.856,3.28,3.07,2.752,2.772,2.813,2.883,3.371,3.485,3.288,3.258,3.206,3.321,3.366,3.43,3.599,3.07,3.209,3.325,2.402,2.523,2.676,2.688,2.717,2.983,3.149,3.214,3.102,3.179,2.984,3.334,2.873,2.919,3.369,3.244,2.887,2.979,3.511,3.46,3.093,3.148,3.539,3.821,3.096,3.144,1129.0,865.0,742.0,681.0,1883.0,2111.0,1399.0,1577.0,429.0,383.0,762.0,453.0,2719.0,3139.0,5284.0,5537.0,3370.0,3182.0,2446.0,2249.0,982.0,778.0,5592.0,6012.0,2992.0,3235.0,3293.0,3373.0,2179.0,2266.0,4046.0,3458.0,1401.0,1710.0,670.0,665.0,1296.0,1539.0,837.0,1021.0,1540.0,1501.0,1883.0,1634.0,4077.0,4191.0,1047.0,1001.0,4733.0,4430.0,4064.0,3947.0,479.0,850.0,7814.0,7105.0,8312.0,8584.0,5318.0,5924.0,3903.0,3989.0,3761.0,3724.0,647.0,807.0,558.0,453.0
NDARPK597XH0,2.678,3.277,3.123,3.408,3.11,3.099,2.483,2.376,3.221,3.188,3.127,3.023,3.174,3.114,3.035,3.161,2.951,3.186,3.323,3.364,2.751,2.705,2.493,2.624,3.222,3.136,2.564,2.449,2.743,2.99,3.327,3.145,3.398,3.216,3.276,3.343,3.184,3.023,3.529,3.122,2.985,3.129,2.257,2.462,2.504,2.491,2.827,2.992,2.917,3.024,2.98,2.913,3.497,3.155,2.854,3.015,3.557,3.306,2.807,2.751,3.301,3.205,2.91,3.146,3.523,3.501,3.251,3.296,834.0,805.0,445.0,464.0,1987.0,1718.0,1500.0,1428.0,489.0,447.0,594.0,475.0,2702.0,2833.0,4642.0,4157.0,2793.0,2843.0,2218.0,1841.0,895.0,841.0,5574.0,5444.0,2598.0,2121.0,3676.0,3436.0,1891.0,2271.0,2862.0,2805.0,1276.0,1443.0,546.0,641.0,1300.0,1449.0,664.0,847.0,1715.0,1191.0,1785.0,1685.0,3948.0,4487.0,977.0,882.0,4678.0,4712.0,4096.0,4195.0,396.0,508.0,5659.0,5249.0,6744.0,5884.0,4890.0,5211.0,3130.0,3229.0,3541.0,3364.0,634.0,543.0,461.0,329.0
NDARPL194XDX,3.111,3.076,3.034,3.024,3.012,3.023,2.42,2.429,3.646,3.547,3.18,3.631,3.18,3.069,3.015,2.827,2.902,3.119,3.404,3.526,2.452,2.601,2.456,2.469,3.204,2.926,2.6,2.472,2.875,2.943,3.154,3.176,2.744,2.871,3.331,3.564,3.012,3.133,3.193,3.452,2.909,3.036,2.341,2.26,2.471,2.68,2.755,2.804,2.99,2.946,2.86,2.784,3.328,3.221,3.093,2.865,3.377,3.377,2.762,2.774,3.221,3.421,3.072,2.967,3.598,3.756,2.945,3.306,1090.0,1301.0,719.0,987.0,2543.0,2713.0,1567.0,1713.0,489.0,367.0,314.0,276.0,2975.0,3007.0,5649.0,6196.0,3050.0,3882.0,2573.0,2318.0,1248.0,922.0,5394.0,4727.0,2714.0,2852.0,3352.0,2970.0,1709.0,1674.0,3891.0,3752.0,1360.0,1645.0,679.0,727.0,1551.0,1322.0,864.0,792.0,1546.0,1337.0,1730.0,1449.0,4618.0,5002.0,1280.0,1530.0,5365.0,5518.0,3875.0,4584.0,671.0,862.0,6940.0,6815.0,7605.0,7163.0,6293.0,5979.0,4966.0,4335.0,3958.0,3713.0,502.0,435.0,522.0,334.0
NDARPL215MTH,2.881,3.161,2.649,2.539,3.042,2.868,2.342,2.222,3.198,3.548,3.366,3.183,3.269,3.114,2.952,2.924,3.276,3.119,3.358,3.479,2.857,2.608,2.595,2.539,3.1,3.027,2.329,2.42,2.991,3.049,3.243,3.18,2.664,2.804,3.539,3.454,2.719,2.913,3.215,3.084,3.092,2.805,2.112,2.309,2.395,2.443,2.68,2.784,2.88,2.831,2.885,2.829,3.192,3.248,2.853,2.829,3.302,3.199,2.806,2.797,3.222,3.205,2.957,2.929,4.379,4.39,2.735,2.927,1170.0,898.0,477.0,625.0,2688.0,2112.0,1327.0,1379.0,503.0,378.0,329.0,227.0,3095.0,3108.0,4271.0,5277.0,3304.0,2985.0,2358.0,2243.0,903.0,875.0,4223.0,4294.0,2385.0,2390.0,2943.0,2428.0,1636.0,1782.0,3175.0,3371.0,1271.0,1403.0,580.0,585.0,1121.0,1455.0,648.0,809.0,1488.0,1593.0,1405.0,1387.0,3759.0,3554.0,1215.0,1107.0,5111.0,4779.0,3326.0,3987.0,645.0,569.0,6701.0,6496.0,8111.0,7134.0,5389.0,5201.0,3699.0,4290.0,3898.0,3523.0,417.0,434.0,501.0,366.0
NDARPL306LC6,3.164,2.997,2.474,2.583,2.664,2.833,1.98,1.759,2.896,2.755,2.529,2.688,2.617,2.812,2.572,2.536,2.988,2.655,3.396,3.059,2.517,2.541,1.708,2.08,2.948,2.958,2.262,2.396,2.38,2.539,3.118,2.77,2.737,2.667,2.965,3.081,3.069,3.011,2.729,2.657,2.755,2.66,1.958,2.128,1.979,1.945,2.725,2.852,2.614,2.531,2.628,2.648,2.809,2.582,2.341,2.369,2.689,2.671,2.246,2.225,3.109,2.859,2.515,2.636,2.655,3.379,3.005,3.252,1002.0,963.0,686.0,803.0,2220.0,1999.0,1472.0,1747.0,505.0,460.0,344.0,472.0,3517.0,3413.0,4410.0,5692.0,3017.0,3431.0,2582.0,2867.0,1173.0,961.0,5511.0,5617.0,3140.0,2427.0,3535.0,3242.0,2269.0,2043.0,3238.0,3099.0,1552.0,1684.0,627.0,592.0,1622.0,2046.0,942.0,967.0,1946.0,1849.0,1851.0,1438.0,3808.0,4122.0,1494.0,1425.0,6251.0,5746.0,4231.0,4459.0,611.0,862.0,6323.0,5975.0,8129.0,7953.0,5847.0,5556.0,3913.0,4029.0,4556.0,3511.0,846.0,582.0,486.0,369.0
NDARPL440BX5,2.856,3.118,3.453,3.452,3.221,3.116,2.171,2.579,4.02,3.66,3.195,3.456,3.09,3.04,2.92,3.142,3.25,3.13,3.485,3.642,2.735,2.38,2.539,2.606,3.253,3.214,2.376,2.529,3.275,2.995,3.171,3.044,2.988,2.98,3.197,3.087,3.259,3.098,3.222,3.293,2.986,2.944,2.296,2.173,2.506,2.548,2.937,3.079,3.092,3.041,2.802,2.82,3.643,3.382,2.972,3.139,3.547,3.399,2.728,2.902,3.4,3.347,3.11,3.067,4.211,4.153,3.0,3.027,1166.0,737.0,628.0,983.0,2254.0,2540.0,1265.0,2158.0,458.0,441.0,323.0,305.0,2472.0,2836.0,3546.0,3488.0,2349.0,2841.0,2393.0,2173.0,1349.0,1050.0,4835.0,5040.0,2811.0,2959.0,3663.0,3122.0,1968.0,2004.0,3285.0,3123.0,1535.0,1710.0,1042.0,760.0,1381.0,1613.0,762.0,966.0,1584.0,1386.0,1854.0,1369.0,3954.0,3904.0,1576.0,1311.0,4791.0,4835.0,4375.0,3947.0,708.0,877.0,6334.0,6462.0,8446.0,7971.0,5925.0,5146.0,4060.0,4523.0,4369.0,3727.0,429.0,450.0,519.0,434.0
NDARPL479LHN,2.939,3.425,3.103,2.732,3.225,3.323,2.557,2.516,3.176,3.264,3.13,3.407,3.152,3.221,3.057,3.062,3.26,3.005,3.361,3.393,2.64,2.731,2.677,2.585,3.247,3.052,2.456,2.632,3.009,3.087,3.492,3.451,3.257,3.127,3.314,3.37,3.288,3.318,3.317,3.13,3.281,3.128,2.3,2.39,2.618,2.611,2.785,2.894,3.09,3.13,2.905,3.024,3.278,3.232,3.117,3.054,3.4,3.323,2.688,2.817,3.471,3.299,3.097,3.238,3.786,3.846,3.203,3.167,1236.0,1049.0,499.0,587.0,2161.0,2065.0,1343.0,1434.0,478.0,428.0,519.0,465.0,3206.0,2815.0,4611.0,5762.0,3332.0,2915.0,2642.0,2651.0,1202.0,919.0,4402.0,4518.0,2487.0,2195.0,2841.0,2666.0,1830.0,1884.0,3688.0,3251.0,1476.0,1716.0,592.0,577.0,1738.0,2197.0,783.0,808.0,1787.0,1622.0,1451.0,1318.0,3977.0,3795.0,1277.0,1078.0,4707.0,4912.0,3997.0,3693.0,370.0,805.0,5371.0,5163.0,7051.0,6845.0,5810.0,6235.0,4141.0,4592.0,5424.0,4072.0,530.0,617.0,612.0,410.0
NDARPL501ZUU,2.772,3.191,2.355,2.475,3.078,3.145,2.412,2.32,4.09,3.767,3.106,2.991,3.282,3.06,2.798,2.911,3.205,3.023,3.409,3.549,2.925,2.914,2.503,2.647,3.18,3.075,2.45,2.555,2.53,2.637,3.266,3.223,2.852,2.83,2.983,2.969,3.134,3.157,3.278,3.101,2.888,2.812,2.252,2.338,2.448,2.58,2.735,2.429,3.139,3.061,2.846,2.798,2.901,3.006,2.742,2.695,3.11,3.151,2.487,2.525,3.397,3.363,2.864,2.978,3.872,4.269,2.983,2.969,1258.0,1137.0,677.0,784.0,2647.0,1879.0,1564.0,1714.0,371.0,419.0,381.0,223.0,3611.0,3345.0,6050.0,6347.0,3920.0,4154.0,2522.0,2296.0,1077.0,1094.0,6210.0,5519.0,2853.0,2983.0,3567.0,3231.0,1746.0,2080.0,4087.0,4270.0,1471.0,1509.0,715.0,697.0,1395.0,1540.0,823.0,1048.0,1739.0,1245.0,1880.0,1672.0,4107.0,4140.0,1313.0,1236.0,4774.0,5136.0,4003.0,4323.0,674.0,804.0,7048.0,6326.0,7814.0,6841.0,5623.0,4961.0,4241.0,4311.0,5391.0,4569.0,464.0,500.0,399.0,312.0
NDARPL596YTD,2.9,3.079,2.35,2.577,3.17,3.148,2.458,2.365,3.217,3.067,2.837,3.053,3.025,3.069,2.946,2.87,2.83,2.882,3.491,3.335,2.357,2.307,2.416,2.473,3.266,2.939,2.492,2.532,2.834,2.943,3.183,3.117,3.149,3.058,3.035,3.398,2.91,3.236,3.021,3.243,3.089,3.082,2.178,2.305,2.44,2.48,2.716,2.685,2.997,2.964,2.792,2.856,2.803,2.825,2.89,2.811,3.265,3.22,2.519,2.588,3.125,3.219,2.847,2.932,3.359,2.951,2.895,3.177,958.0,879.0,439.0,523.0,2264.0,2323.0,1584.0,1654.0,350.0,362.0,505.0,409.0,2671.0,2499.0,3901.0,4758.0,3032.0,2495.0,1840.0,1925.0,1090.0,878.0,5663.0,5443.0,2047.0,2311.0,3718.0,3244.0,1841.0,1772.0,3290.0,2926.0,1155.0,1237.0,464.0,445.0,1420.0,1465.0,681.0,739.0,1444.0,1219.0,1822.0,1586.0,3756.0,3633.0,954.0,896.0,4109.0,4375.0,3895.0,4101.0,398.0,513.0,4471.0,4522.0,6491.0,6212.0,5346.0,5075.0,3377.0,3882.0,4481.0,3604.0,660.0,655.0,437.0,359.0
NDARPL598MVU,2.862,2.946,2.624,2.58,3.038,3.092,2.26,2.272,4.354,4.341,3.159,3.548,3.167,3.13,3.007,2.911,3.265,3.332,3.512,3.678,2.399,2.642,2.593,2.496,3.201,3.132,2.543,2.557,2.985,2.872,3.338,3.135,2.995,2.86,3.198,3.203,3.162,3.16,3.308,3.356,3.274,3.043,2.089,2.11,2.476,2.583,2.823,2.651,2.944,2.798,3.02,2.921,3.348,3.235,2.884,2.933,3.379,3.271,2.636,2.632,3.317,3.341,2.872,2.871,3.777,4.382,3.043,3.173,1026.0,829.0,656.0,705.0,2972.0,2308.0,1275.0,1265.0,370.0,295.0,312.0,252.0,2664.0,2670.0,4616.0,5438.0,3434.0,3389.0,2222.0,2034.0,975.0,887.0,4229.0,4528.0,2657.0,2394.0,2867.0,2386.0,1720.0,1937.0,3677.0,3298.0,1435.0,1531.0,611.0,614.0,1213.0,1359.0,712.0,814.0,1507.0,1320.0,1460.0,1160.0,4316.0,4125.0,1225.0,1250.0,5133.0,4898.0,3702.0,3639.0,566.0,942.0,5798.0,6554.0,7644.0,7933.0,5104.0,4962.0,3528.0,4041.0,3760.0,2932.0,430.0,412.0,416.0,346.0
NDARPL721WTD,3.029,3.033,3.009,2.927,2.917,2.788,2.243,2.289,3.9,4.138,3.488,3.404,3.134,3.154,2.838,2.818,3.249,3.189,3.238,3.129,2.687,2.595,2.53,2.573,3.209,3.04,2.469,2.454,2.949,3.071,3.406,3.253,2.825,2.816,3.056,3.105,3.063,3.02,3.154,2.939,2.811,2.818,1.908,1.909,2.267,2.189,2.776,2.76,2.697,2.687,2.841,2.941,3.345,3.368,2.846,2.759,3.121,3.063,2.549,2.578,3.114,3.204,2.891,2.888,3.771,3.876,2.797,2.524,1056.0,960.0,647.0,877.0,2994.0,2063.0,1821.0,1778.0,341.0,310.0,335.0,283.0,2848.0,3181.0,4747.0,6089.0,3020.0,3990.0,2267.0,2291.0,1228.0,1147.0,6675.0,6050.0,2708.0,2716.0,3518.0,3120.0,1761.0,2118.0,3716.0,3465.0,1374.0,1554.0,650.0,554.0,1455.0,1819.0,689.0,1009.0,2088.0,1638.0,1614.0,1566.0,4420.0,4032.0,1488.0,1389.0,4855.0,5037.0,4537.0,4773.0,619.0,897.0,8091.0,7340.0,7961.0,7809.0,6389.0,5366.0,3945.0,3980.0,4080.0,3265.0,525.0,481.0,460.0,342.0
NDARPM105MKA,2.821,3.077,3.009,3.076,2.96,3.016,2.34,2.343,3.072,3.175,3.216,3.234,3.191,3.091,2.875,2.847,2.685,2.699,3.362,3.545,2.247,2.602,2.311,2.536,3.222,3.021,2.443,2.392,3.014,3.006,3.229,2.993,3.0,2.774,2.823,2.73,3.43,3.036,3.042,2.996,3.171,3.021,2.132,2.148,2.54,2.515,2.775,3.057,3.047,3.098,2.823,2.834,3.114,2.963,2.929,2.887,3.236,3.226,2.53,2.594,3.485,3.368,3.014,2.93,2.981,3.455,3.018,3.118,1108.0,1156.0,619.0,700.0,1833.0,1832.0,1386.0,1540.0,407.0,348.0,349.0,375.0,2726.0,3336.0,4330.0,4938.0,3019.0,3259.0,2324.0,1956.0,834.0,684.0,5061.0,4650.0,2453.0,2372.0,2577.0,2785.0,1774.0,1877.0,3835.0,3339.0,1389.0,1552.0,665.0,662.0,1105.0,1443.0,692.0,993.0,1214.0,1306.0,1279.0,1264.0,4031.0,4345.0,1108.0,1094.0,4362.0,3902.0,3527.0,3374.0,646.0,786.0,6337.0,6018.0,7136.0,6859.0,5749.0,5357.0,3381.0,3231.0,3487.0,4410.0,608.0,496.0,440.0,350.0
NDARPN886HH9,2.586,2.777,2.722,2.745,3.035,3.116,2.384,2.298,3.411,2.753,3.073,3.129,2.815,2.884,2.734,2.773,2.84,2.796,3.314,3.249,2.738,2.572,2.388,2.452,2.802,2.827,2.452,2.441,2.686,2.652,2.856,3.025,2.833,2.872,3.043,3.211,3.016,2.845,3.188,3.17,2.735,2.664,2.316,2.28,2.443,2.492,2.755,2.782,3.039,2.997,2.727,2.658,3.001,3.048,2.661,2.694,3.186,3.221,2.588,2.539,2.895,2.963,2.891,2.837,3.173,3.318,2.612,2.837,1053.0,809.0,537.0,709.0,2401.0,1781.0,1451.0,1547.0,328.0,324.0,307.0,212.0,2748.0,2719.0,4451.0,5133.0,2979.0,2958.0,2313.0,2424.0,831.0,794.0,4610.0,4550.0,2557.0,2475.0,2925.0,2638.0,1559.0,1498.0,3408.0,3179.0,1405.0,1436.0,534.0,661.0,1351.0,1434.0,788.0,758.0,1445.0,1473.0,1526.0,1239.0,3763.0,3723.0,1247.0,987.0,4114.0,4440.0,3298.0,3262.0,518.0,596.0,6775.0,6473.0,6895.0,6681.0,4487.0,4297.0,3468.0,4100.0,3963.0,3474.0,408.0,400.0,472.0,347.0
NDARPP337KUQ,2.449,2.644,2.584,2.671,2.509,2.61,1.773,1.839,3.145,3.274,2.615,2.653,2.645,2.714,2.372,2.455,2.724,2.696,2.883,2.966,2.239,2.252,2.119,2.097,2.515,2.534,2.026,1.986,2.626,2.333,2.763,2.773,2.308,2.29,2.667,2.758,2.575,2.625,2.563,2.578,2.512,2.494,1.677,1.628,2.04,2.097,2.312,2.435,2.574,2.561,2.204,2.275,2.698,2.526,2.327,2.355,2.586,2.619,2.126,2.063,2.743,2.696,2.406,2.512,3.504,3.328,2.354,2.482,1518.0,1280.0,905.0,1033.0,2847.0,3098.0,1615.0,1764.0,543.0,458.0,331.0,262.0,4101.0,4010.0,6843.0,7431.0,4547.0,4576.0,2860.0,2626.0,1304.0,979.0,5476.0,6230.0,3897.0,3860.0,3240.0,3074.0,2564.0,2484.0,5204.0,4958.0,1526.0,1783.0,697.0,785.0,1704.0,1670.0,978.0,954.0,1938.0,1539.0,1698.0,1327.0,4751.0,4730.0,1944.0,1459.0,6077.0,6028.0,5364.0,4855.0,808.0,1471.0,7490.0,7033.0,9943.0,9898.0,5986.0,6925.0,4844.0,5319.0,4999.0,4557.0,554.0,595.0,600.0,510.0
NDARPP622WV4,2.835,3.19,2.967,3.316,2.972,2.83,2.51,2.381,3.333,3.349,2.619,2.927,3.076,2.92,2.716,2.973,2.844,2.755,3.282,3.386,2.452,2.658,2.552,2.629,3.182,2.747,2.397,2.352,2.742,3.058,3.161,2.963,2.875,2.964,2.775,2.84,3.011,3.169,2.645,3.031,2.915,2.793,2.301,2.325,2.2,2.436,2.896,3.027,3.067,2.818,2.904,3.011,3.544,3.438,2.85,2.698,2.941,2.925,2.686,2.488,3.092,3.115,2.698,2.734,2.934,3.457,2.978,2.838,987.0,1006.0,544.0,634.0,1936.0,2079.0,1434.0,1661.0,525.0,453.0,494.0,430.0,3242.0,3136.0,5531.0,6412.0,2724.0,3342.0,2326.0,2192.0,869.0,910.0,5050.0,5564.0,2547.0,2740.0,3459.0,3155.0,2160.0,1934.0,3222.0,2839.0,1569.0,1715.0,666.0,651.0,1407.0,1574.0,674.0,761.0,1787.0,1698.0,1899.0,1545.0,4821.0,4438.0,1161.0,1154.0,4209.0,4586.0,4060.0,4381.0,455.0,573.0,6232.0,5659.0,8088.0,8269.0,5326.0,6000.0,3662.0,3851.0,4541.0,3799.0,692.0,719.0,540.0,412.0
NDARPP726XBF,2.901,3.134,1.851,2.564,3.24,3.135,2.565,2.455,3.128,3.158,3.089,2.967,3.127,3.227,2.885,3.12,3.02,3.071,3.554,3.275,3.002,2.694,2.58,2.527,3.183,3.161,2.594,2.699,3.008,3.157,3.403,3.174,3.159,3.313,3.392,3.192,3.447,3.267,3.415,3.148,3.191,3.439,2.315,2.436,2.607,2.644,2.53,2.756,2.982,3.165,2.911,3.024,2.203,2.949,2.951,2.929,3.484,3.305,2.696,2.858,3.549,3.315,2.958,3.016,3.53,3.281,3.239,3.313,612.0,753.0,438.0,557.0,2035.0,2145.0,1368.0,1324.0,459.0,373.0,480.0,500.0,2333.0,2969.0,3263.0,4107.0,2509.0,2825.0,2323.0,2388.0,984.0,793.0,4619.0,5336.0,1815.0,1896.0,3184.0,3088.0,1790.0,1792.0,2932.0,2546.0,1267.0,1371.0,607.0,729.0,1430.0,1681.0,520.0,662.0,1689.0,1506.0,1591.0,1666.0,4024.0,3716.0,1145.0,876.0,4273.0,4434.0,3617.0,3582.0,272.0,391.0,5131.0,4627.0,7423.0,6314.0,5179.0,4648.0,3503.0,4095.0,4797.0,3232.0,675.0,678.0,560.0,525.0
NDARPR768KT4,2.54,2.731,2.45,2.484,2.743,2.682,1.906,1.826,3.042,3.375,2.494,2.545,2.718,2.765,2.56,2.531,3.055,2.954,2.988,3.015,2.309,2.292,2.137,2.179,2.694,2.746,2.15,2.191,2.584,2.571,3.067,2.965,2.477,2.598,2.862,2.398,2.67,2.74,2.835,2.696,2.493,2.508,1.674,1.717,2.177,2.158,2.45,2.427,2.556,2.647,2.416,2.456,2.935,2.561,2.458,2.499,2.863,2.846,2.256,2.323,2.891,2.888,2.726,2.676,3.982,3.906,2.573,2.509,1157.0,1106.0,635.0,837.0,2141.0,2135.0,1438.0,1829.0,454.0,382.0,307.0,313.0,3267.0,3269.0,5611.0,6110.0,3593.0,4039.0,2527.0,2554.0,997.0,958.0,5662.0,5055.0,3058.0,2802.0,3390.0,2980.0,1982.0,2105.0,3808.0,3815.0,1472.0,1851.0,665.0,810.0,1538.0,1677.0,774.0,966.0,1811.0,1543.0,1606.0,1176.0,4549.0,3969.0,1308.0,1594.0,5009.0,4956.0,4040.0,4073.0,584.0,869.0,6036.0,6432.0,7973.0,7732.0,5524.0,5418.0,4224.0,4133.0,3761.0,3662.0,489.0,450.0,413.0,362.0
NDARPT417LW6,2.561,2.666,2.65,2.689,2.674,2.731,2.028,1.997,3.421,3.487,2.556,2.839,2.906,2.918,2.653,2.74,2.989,2.917,3.037,3.133,2.328,2.423,2.254,2.396,2.818,2.717,2.192,2.212,2.522,2.52,3.139,3.193,2.596,2.57,2.824,2.799,2.785,2.809,2.86,2.819,2.473,2.723,1.865,1.838,2.272,2.175,2.593,2.459,2.71,2.734,2.491,2.537,2.8,3.075,2.446,2.542,2.836,2.78,2.388,2.397,2.963,2.978,2.752,2.694,3.898,3.943,2.74,2.798,1073.0,1144.0,721.0,924.0,2347.0,2384.0,1683.0,1595.0,516.0,437.0,323.0,275.0,3583.0,3001.0,5526.0,6033.0,3582.0,4175.0,3080.0,3342.0,1255.0,1179.0,5175.0,5200.0,3336.0,3120.0,3158.0,3782.0,2055.0,2232.0,3763.0,4292.0,1413.0,1577.0,603.0,744.0,1906.0,2051.0,949.0,1046.0,1990.0,1489.0,1744.0,1825.0,4653.0,4321.0,1495.0,1557.0,5710.0,5939.0,4748.0,4828.0,761.0,812.0,6786.0,7236.0,9127.0,9295.0,6972.0,6346.0,4809.0,4441.0,5024.0,4725.0,508.0,572.0,465.0,426.0
NDARPU329MDJ,2.675,2.57,2.957,2.427,2.86,2.765,2.14,2.289,3.347,3.442,3.124,3.136,2.929,2.796,2.686,2.762,3.053,3.073,3.12,2.939,2.457,2.348,2.357,2.501,2.963,2.822,2.231,2.195,2.774,2.733,3.103,3.098,2.646,2.68,2.456,2.378,2.837,2.957,3.252,3.21,2.747,2.866,2.017,2.113,2.179,2.247,2.539,2.752,2.642,2.614,2.725,2.624,3.052,2.954,2.691,2.83,3.057,2.945,2.495,2.443,2.951,3.097,2.773,2.832,3.858,3.64,2.511,2.585,941.0,920.0,548.0,712.0,1912.0,2010.0,1357.0,1387.0,406.0,325.0,331.0,235.0,2610.0,2633.0,4435.0,6006.0,3042.0,3272.0,2181.0,2644.0,956.0,1086.0,5166.0,4981.0,2787.0,2682.0,2271.0,2250.0,1994.0,1959.0,3825.0,3326.0,1389.0,1507.0,644.0,719.0,1393.0,1728.0,714.0,808.0,1598.0,1650.0,1104.0,1036.0,3250.0,3523.0,1290.0,1324.0,4473.0,4504.0,3389.0,3698.0,587.0,792.0,6854.0,6403.0,8025.0,7499.0,4510.0,4573.0,3475.0,3976.0,3778.0,2824.0,453.0,483.0,464.0,313.0
NDARPU897CM5,2.907,2.865,2.64,2.81,2.84,2.805,2.326,2.276,3.2,3.688,2.627,2.425,2.977,2.952,2.785,2.727,2.729,2.764,3.429,3.297,2.426,2.314,2.517,2.341,2.87,2.855,2.517,2.506,2.717,2.696,2.87,3.073,3.057,3.009,3.337,3.585,3.113,2.862,3.054,3.042,2.797,2.825,2.346,2.4,2.601,2.408,2.902,2.909,2.806,2.965,2.975,2.878,3.03,2.673,2.745,2.743,3.157,3.079,2.636,2.704,3.14,3.027,2.866,2.816,2.733,3.233,2.843,2.63,685.0,797.0,494.0,675.0,2353.0,2166.0,1592.0,1781.0,651.0,439.0,480.0,423.0,3382.0,2862.0,4119.0,4758.0,3024.0,2864.0,2449.0,2537.0,968.0,709.0,5176.0,5329.0,2731.0,2416.0,3033.0,3069.0,2139.0,2195.0,3101.0,2686.0,1327.0,1486.0,561.0,537.0,1574.0,2344.0,818.0,875.0,1643.0,1532.0,1650.0,1314.0,4961.0,4408.0,1386.0,1235.0,5026.0,5667.0,3868.0,4542.0,403.0,644.0,5445.0,5162.0,8599.0,9132.0,6008.0,5729.0,3649.0,4691.0,4276.0,4314.0,721.0,726.0,621.0,490.0
NDARPV009TYX,2.798,3.108,2.438,2.864,3.097,3.041,2.631,2.616,2.875,2.813,3.177,2.874,3.156,3.131,2.989,2.961,3.083,3.094,3.545,3.232,2.512,2.675,2.517,2.654,2.891,2.686,2.733,2.841,2.834,3.065,3.269,3.24,3.171,2.855,3.435,2.899,3.052,3.067,2.254,2.932,3.098,2.68,2.389,2.429,2.536,2.757,2.831,2.778,2.94,3.119,3.153,3.179,2.895,2.912,2.968,2.757,3.012,3.048,2.979,2.888,3.262,3.167,3.283,3.128,3.545,3.581,3.215,3.347,1094.0,747.0,514.0,572.0,2418.0,1780.0,1448.0,1620.0,457.0,408.0,504.0,543.0,2626.0,2698.0,4751.0,4503.0,3308.0,3464.0,2256.0,2017.0,1041.0,906.0,6231.0,5719.0,2297.0,2269.0,3371.0,2938.0,1596.0,1615.0,3593.0,3590.0,1367.0,1570.0,487.0,651.0,1244.0,1369.0,622.0,754.0,1847.0,1491.0,1876.0,1692.0,4083.0,4306.0,1083.0,1105.0,4935.0,4716.0,4415.0,4143.0,386.0,407.0,6879.0,5947.0,7797.0,7558.0,5541.0,5965.0,3298.0,3447.0,4121.0,4726.0,646.0,641.0,397.0,471.0
NDARPV249ZRF,2.897,3.057,2.824,2.639,2.947,2.905,2.362,2.275,3.632,4.02,2.872,3.303,3.107,3.064,3.012,2.932,3.275,2.964,3.366,3.255,2.542,2.536,2.478,2.703,3.093,3.041,2.478,2.476,2.831,2.791,3.322,3.326,2.794,2.997,3.093,3.14,2.877,2.92,3.218,3.256,3.039,2.956,1.955,2.214,2.535,2.578,2.721,2.587,2.904,2.877,2.894,2.865,3.012,2.936,2.762,2.799,3.143,3.18,2.612,2.728,3.289,3.134,2.978,2.972,3.734,4.148,2.948,2.803,1011.0,1056.0,667.0,929.0,1935.0,2522.0,1314.0,1971.0,470.0,545.0,331.0,245.0,3519.0,3629.0,5660.0,6106.0,3507.0,3445.0,2428.0,2331.0,1310.0,982.0,4819.0,5036.0,2971.0,2937.0,3398.0,2463.0,1796.0,2326.0,3528.0,3439.0,1356.0,1380.0,579.0,709.0,1649.0,2188.0,691.0,765.0,1410.0,1407.0,1751.0,1068.0,4224.0,4573.0,1454.0,1253.0,5036.0,4812.0,4381.0,4818.0,608.0,963.0,6185.0,6808.0,7792.0,7478.0,5467.0,6822.0,3830.0,4095.0,4945.0,3963.0,578.0,508.0,482.0,365.0
NDARPW482TVE,2.401,2.814,2.554,2.43,2.541,2.542,1.843,1.877,3.759,3.757,2.59,2.555,2.748,2.746,2.533,2.612,2.856,2.798,3.13,2.953,2.302,2.278,2.161,2.2,2.754,2.617,2.006,2.042,2.486,2.531,2.929,2.962,2.416,2.464,2.842,2.749,2.593,2.68,2.609,2.568,2.458,2.529,1.729,1.74,2.118,2.073,2.653,2.573,2.598,2.635,2.399,2.444,2.714,2.947,2.473,2.529,2.736,2.754,2.23,2.12,2.887,2.924,2.567,2.544,3.516,3.916,2.56,2.431,1046.0,847.0,695.0,674.0,1967.0,1764.0,1258.0,1293.0,361.0,328.0,264.0,223.0,2473.0,2752.0,3792.0,4598.0,2594.0,3053.0,2207.0,2253.0,1031.0,934.0,4386.0,4170.0,2728.0,2661.0,2760.0,2735.0,1660.0,2028.0,3257.0,2898.0,1469.0,1478.0,580.0,605.0,1264.0,1285.0,775.0,895.0,1592.0,1543.0,1367.0,1331.0,4105.0,4054.0,1113.0,1356.0,4274.0,4241.0,3371.0,3548.0,650.0,707.0,6095.0,5934.0,7266.0,7096.0,4679.0,4530.0,4273.0,3918.0,4186.0,3813.0,417.0,486.0,407.0,320.0
NDARPW746FWF,3.166,3.379,2.63,2.441,3.075,3.105,2.438,2.307,3.852,3.79,3.356,3.483,3.113,3.189,3.194,3.095,3.12,3.316,3.418,3.462,2.572,2.732,2.637,2.574,3.245,3.297,2.445,2.481,2.766,3.049,3.393,3.526,2.937,3.062,3.261,3.528,3.212,3.091,3.363,3.219,2.986,2.852,2.168,2.259,2.533,2.619,2.793,2.68,3.162,3.07,2.911,2.896,3.255,3.241,2.877,2.927,3.409,3.459,2.841,2.747,3.495,3.432,3.109,3.142,4.239,4.608,2.932,3.009,1573.0,1023.0,700.0,737.0,2322.0,2422.0,1544.0,2074.0,602.0,454.0,355.0,285.0,3597.0,3922.0,4621.0,6084.0,4147.0,4065.0,2755.0,2600.0,1220.0,962.0,5513.0,5376.0,3026.0,2537.0,3664.0,3419.0,1645.0,2244.0,4393.0,3702.0,1816.0,1564.0,656.0,762.0,1837.0,2136.0,841.0,961.0,1876.0,1186.0,2128.0,1872.0,4630.0,4337.0,1500.0,1696.0,4808.0,5138.0,4498.0,4859.0,691.0,948.0,7521.0,6506.0,8729.0,7767.0,6867.0,6492.0,4375.0,4302.0,5616.0,4503.0,477.0,400.0,464.0,307.0
NDARPX219TW0,2.703,3.158,2.639,2.165,2.832,2.956,1.577,1.918,3.306,3.493,3.147,2.353,2.975,2.943,2.399,2.247,2.504,2.492,3.338,3.316,2.326,2.405,1.69,1.872,2.935,3.014,2.168,1.995,2.474,2.656,2.769,2.943,2.527,2.722,2.635,2.848,2.808,3.166,3.047,3.335,3.032,3.045,1.94,1.647,2.203,2.242,2.679,2.572,2.754,2.708,2.474,2.636,3.11,3.227,2.718,2.702,2.966,3.104,2.077,2.214,3.052,2.808,2.641,2.625,3.636,3.281,2.926,3.169,953.0,634.0,482.0,478.0,1713.0,1707.0,1149.0,1129.0,331.0,368.0,460.0,361.0,2527.0,2492.0,3212.0,3973.0,2020.0,2680.0,2334.0,2212.0,720.0,619.0,4490.0,4564.0,2528.0,2215.0,2902.0,2608.0,1999.0,1836.0,2602.0,2962.0,1135.0,1470.0,628.0,564.0,1302.0,1379.0,676.0,649.0,1189.0,1119.0,1298.0,1311.0,3379.0,3367.0,912.0,861.0,4585.0,4349.0,2740.0,2676.0,373.0,506.0,4421.0,4744.0,6875.0,6939.0,3782.0,3869.0,3335.0,3224.0,2873.0,2689.0,580.0,553.0,581.0,401.0
NDARPX244EHJ,2.498,2.464,2.511,2.295,2.686,2.623,2.032,1.942,3.496,2.856,2.583,2.694,2.693,2.591,2.547,2.536,2.864,2.768,2.958,2.972,2.18,2.266,2.252,2.273,2.594,2.641,2.075,2.067,2.521,2.461,2.943,2.875,2.61,2.35,2.733,2.632,2.718,2.66,2.697,2.871,2.64,2.637,1.731,1.831,2.198,2.467,2.28,2.324,2.271,2.718,2.47,2.465,2.583,2.713,2.51,2.478,2.961,2.797,2.35,2.342,2.903,2.995,2.632,2.681,3.672,3.923,2.307,2.617,998.0,901.0,596.0,772.0,2127.0,3424.0,1639.0,2064.0,343.0,414.0,334.0,267.0,3257.0,3456.0,5237.0,4767.0,3155.0,3362.0,2565.0,2485.0,1242.0,1001.0,5930.0,6816.0,2974.0,2818.0,3779.0,3436.0,1909.0,1888.0,3880.0,3467.0,1236.0,1292.0,890.0,806.0,1799.0,2003.0,907.0,975.0,1791.0,1805.0,2136.0,1730.0,4126.0,3105.0,1145.0,1229.0,5377.0,4920.0,4729.0,3794.0,715.0,605.0,6938.0,6023.0,6134.0,8346.0,4206.0,6375.0,4279.0,4256.0,3752.0,2409.0,503.0,495.0,422.0,296.0
NDARPX661BF1,2.839,2.896,3.082,2.561,3.15,3.221,2.615,2.497,3.088,4.223,3.074,3.703,3.33,3.067,2.936,3.079,3.252,2.989,3.269,3.493,2.446,2.51,2.62,2.615,3.166,3.356,2.725,2.613,2.811,2.95,3.399,3.1,2.931,2.788,3.278,3.358,2.941,3.217,3.169,3.297,3.066,2.885,2.21,2.431,2.456,2.54,2.897,2.711,2.95,2.98,2.853,2.935,3.034,3.263,2.976,2.878,3.344,3.395,2.784,2.79,3.419,3.186,2.926,3.198,4.064,4.41,2.916,3.173,1350.0,1107.0,828.0,756.0,2332.0,2641.0,1994.0,2249.0,471.0,374.0,357.0,398.0,4047.0,3210.0,5997.0,6057.0,4459.0,4476.0,2862.0,2615.0,1389.0,1448.0,5943.0,5797.0,3194.0,2822.0,3888.0,3568.0,1813.0,2203.0,4364.0,4622.0,1308.0,1555.0,734.0,749.0,1826.0,2079.0,962.0,1100.0,1711.0,2146.0,2070.0,1718.0,4706.0,4374.0,1497.0,1487.0,5265.0,4949.0,4740.0,4619.0,659.0,998.0,8468.0,8252.0,7699.0,8229.0,6652.0,6233.0,4911.0,5346.0,5399.0,4576.0,591.0,542.0,621.0,432.0
NDARPY302MV9,3.041,3.108,2.357,2.3,3.098,3.151,2.335,2.504,3.318,3.931,3.164,3.023,3.239,3.171,2.995,2.861,3.168,3.139,3.487,3.732,2.648,2.806,2.529,2.516,2.959,3.127,2.393,2.521,2.536,2.869,3.23,3.145,2.993,2.937,3.138,3.108,3.053,3.059,3.368,3.191,3.008,2.694,2.192,2.265,2.724,2.736,2.724,2.881,3.05,2.983,2.919,2.949,2.96,3.091,3.031,2.695,3.175,3.216,2.767,2.802,3.292,3.19,3.067,3.166,3.694,3.479,3.015,3.02,1136.0,1124.0,720.0,980.0,2824.0,3084.0,1943.0,2118.0,488.0,458.0,430.0,321.0,3832.0,3942.0,5757.0,6826.0,4444.0,4537.0,2920.0,2475.0,1319.0,1101.0,6955.0,6806.0,3232.0,2898.0,3815.0,3530.0,1908.0,2080.0,4255.0,3804.0,1615.0,1801.0,709.0,644.0,1774.0,2345.0,911.0,1066.0,1479.0,1599.0,1945.0,1791.0,5242.0,5012.0,1384.0,1404.0,6299.0,6031.0,4132.0,4227.0,822.0,1151.0,9043.0,8662.0,10082.0,8809.0,6413.0,6527.0,4025.0,4689.0,5084.0,4175.0,497.0,458.0,570.0,444.0
NDARPY458LTR,2.887,3.191,3.46,2.559,3.242,3.21,2.454,2.273,3.612,3.715,3.629,3.492,3.088,3.18,3.159,3.068,3.159,3.165,3.518,3.607,2.893,2.77,2.639,2.529,3.109,2.966,2.666,2.558,2.846,2.983,3.539,3.393,3.24,3.096,3.089,3.093,3.143,3.183,3.383,3.199,3.113,3.134,2.28,2.287,2.784,2.741,2.593,3.081,3.158,3.229,2.963,2.947,3.64,3.347,2.998,3.023,3.565,3.405,2.839,2.857,3.415,3.375,3.082,3.116,3.636,3.804,3.129,3.202,888.0,851.0,561.0,509.0,2175.0,2113.0,1487.0,1517.0,283.0,258.0,266.0,218.0,2732.0,2612.0,3825.0,4734.0,2381.0,2702.0,2419.0,2403.0,773.0,892.0,4359.0,4154.0,2463.0,2388.0,2694.0,2519.0,1791.0,1883.0,2941.0,2707.0,1381.0,1437.0,609.0,635.0,1145.0,1320.0,517.0,962.0,1494.0,1350.0,1663.0,1499.0,4016.0,4049.0,1063.0,1175.0,4521.0,4478.0,3663.0,3747.0,496.0,690.0,6016.0,6174.0,7403.0,7479.0,5117.0,5549.0,3409.0,3575.0,3433.0,4045.0,352.0,366.0,358.0,318.0
NDARPY478YM0,2.992,3.257,2.608,2.539,3.119,2.959,2.474,2.426,3.922,4.03,3.019,3.226,3.177,3.292,2.928,2.974,3.303,3.257,3.535,3.503,2.366,2.555,2.699,2.592,3.277,3.214,2.448,2.577,2.806,2.935,3.366,3.249,2.711,2.732,3.508,3.404,3.201,2.936,3.089,3.243,2.984,2.956,2.282,2.379,2.43,2.467,2.534,2.49,2.995,3.076,2.64,2.682,3.371,3.212,2.747,2.702,3.078,3.093,2.572,2.595,3.434,3.402,3.113,3.1,4.307,4.147,3.178,3.214,1066.0,915.0,878.0,911.0,2692.0,2817.0,1655.0,1792.0,409.0,365.0,317.0,244.0,3151.0,2826.0,4498.0,4726.0,3656.0,3326.0,2420.0,2126.0,1021.0,1051.0,5225.0,4709.0,2617.0,2394.0,3533.0,3172.0,1801.0,1511.0,3342.0,3483.0,1422.0,1446.0,585.0,803.0,1108.0,1534.0,738.0,888.0,1748.0,1516.0,1892.0,1434.0,3823.0,3423.0,1347.0,1238.0,4519.0,5111.0,3887.0,4564.0,758.0,830.0,6909.0,6501.0,8185.0,8011.0,5330.0,5423.0,3546.0,4220.0,3990.0,3607.0,505.0,471.0,470.0,313.0
NDARPZ621ZLE,2.67,2.921,2.747,2.792,2.857,2.821,1.969,1.984,3.338,3.791,3.055,2.759,2.893,2.9,2.607,2.718,3.098,2.969,3.139,3.065,2.566,2.352,2.267,2.352,2.958,2.78,2.14,2.107,2.701,2.637,3.139,3.112,2.634,2.734,2.751,2.773,2.709,2.753,2.87,2.917,2.742,2.764,1.785,1.705,2.319,2.254,2.662,2.621,2.823,2.724,2.583,2.675,2.845,2.889,2.545,2.625,2.944,2.931,2.477,2.442,3.015,3.0,2.745,2.846,3.721,3.544,2.683,2.691,1086.0,782.0,579.0,632.0,2334.0,2528.0,1788.0,1659.0,493.0,464.0,329.0,283.0,3402.0,3420.0,5478.0,6673.0,4070.0,4009.0,2471.0,2430.0,1199.0,1072.0,5772.0,5366.0,3063.0,3455.0,2924.0,2692.0,2055.0,2030.0,4211.0,3956.0,1403.0,1424.0,529.0,608.0,1758.0,2130.0,856.0,943.0,1660.0,1756.0,1421.0,1317.0,4541.0,4399.0,1545.0,1251.0,5030.0,4505.0,4484.0,4660.0,799.0,934.0,6752.0,7509.0,8122.0,8731.0,6243.0,6063.0,4180.0,4742.0,6495.0,4837.0,515.0,582.0,468.0,390.0
NDARPZ720WKW,2.721,2.646,2.675,2.297,2.821,3.033,2.575,2.478,3.174,3.407,2.932,3.151,3.267,3.161,2.687,2.853,3.082,3.163,3.381,3.324,2.396,2.775,2.442,2.584,3.248,3.074,2.642,2.567,3.059,3.237,3.213,3.091,3.242,3.22,2.728,2.804,3.239,3.249,2.864,3.104,3.045,3.097,2.309,2.333,2.412,2.489,2.873,2.765,2.986,3.025,2.968,3.028,3.294,2.762,2.83,2.94,3.038,2.977,2.565,2.465,3.381,3.238,2.848,3.045,3.409,3.218,2.759,3.217,1519.0,1121.0,892.0,765.0,2557.0,2725.0,1711.0,1934.0,501.0,516.0,585.0,467.0,3659.0,4109.0,6162.0,7331.0,4830.0,3722.0,2693.0,2407.0,1298.0,1175.0,6893.0,7601.0,2869.0,3038.0,4753.0,3716.0,2575.0,2393.0,4335.0,4095.0,1337.0,1724.0,981.0,1016.0,1780.0,2001.0,1094.0,1334.0,1905.0,1717.0,2522.0,1830.0,4936.0,4883.0,1256.0,1419.0,5734.0,5943.0,4402.0,5035.0,568.0,1002.0,7596.0,7669.0,8897.0,9042.0,5877.0,6321.0,3949.0,4699.0,5277.0,3535.0,778.0,725.0,781.0,391.0
NDARPZ973RK0,2.56,2.725,2.391,2.247,2.794,2.746,2.069,2.162,2.721,3.165,2.291,2.496,2.708,2.721,2.6,2.783,2.741,2.774,2.99,3.109,2.208,2.473,2.206,2.267,2.791,2.5,2.293,2.171,2.415,2.309,2.871,3.062,2.641,2.736,2.883,2.961,2.848,2.807,2.724,2.526,2.487,2.522,2.211,2.147,2.197,2.18,2.408,2.398,2.759,2.918,2.503,2.585,2.547,2.895,2.349,2.503,2.812,2.745,2.352,2.422,2.813,2.898,2.734,2.691,2.736,2.749,2.581,2.704,944.0,1182.0,896.0,649.0,2861.0,2133.0,1858.0,1953.0,613.0,559.0,405.0,298.0,3147.0,3882.0,4333.0,6559.0,4369.0,3759.0,3271.0,2915.0,1233.0,1058.0,5606.0,6050.0,3084.0,2845.0,4029.0,3829.0,1799.0,2376.0,4329.0,3146.0,1643.0,2098.0,714.0,758.0,1620.0,1452.0,978.0,1268.0,1918.0,1426.0,2294.0,2082.0,4995.0,4506.0,1399.0,1551.0,5785.0,5970.0,4694.0,4884.0,622.0,1077.0,8222.0,6893.0,9768.0,8790.0,6401.0,6810.0,4238.0,5263.0,6711.0,3787.0,646.0,562.0,461.0,387.0
NDARRA383KVQ,3.089,2.839,2.806,2.541,3.154,3.097,2.591,2.57,3.376,3.553,3.403,3.193,3.237,3.059,2.929,2.943,3.122,3.015,3.582,3.668,2.582,2.405,2.534,2.719,3.174,2.86,2.674,2.525,2.905,2.702,2.92,3.21,3.03,3.059,3.412,3.289,3.029,3.19,2.742,2.912,2.954,3.093,2.422,2.462,2.565,2.614,2.879,2.759,2.88,3.016,3.08,3.02,2.771,2.944,2.859,2.974,3.26,3.091,2.758,2.878,3.31,3.329,2.868,2.946,3.527,3.816,3.003,3.252,1399.0,1092.0,665.0,764.0,3137.0,2620.0,1403.0,1790.0,504.0,286.0,340.0,334.0,3211.0,3551.0,6446.0,7961.0,4162.0,4390.0,3014.0,2750.0,1353.0,1056.0,5051.0,7292.0,3384.0,3203.0,3654.0,3203.0,2030.0,1816.0,4544.0,4299.0,1682.0,2094.0,670.0,728.0,1881.0,2406.0,802.0,998.0,2474.0,2187.0,1385.0,1202.0,5533.0,5902.0,1543.0,1514.0,5540.0,5595.0,5083.0,5287.0,771.0,1271.0,10070.0,8650.0,10781.0,10855.0,7365.0,7210.0,4851.0,4737.0,6864.0,4904.0,487.0,510.0,464.0,473.0
NDARRA719CPH,3.024,3.158,3.797,3.053,3.598,3.294,2.55,2.501,3.89,3.971,3.458,3.656,3.281,3.138,3.127,3.001,3.382,3.139,3.516,3.583,2.878,2.93,2.59,2.842,3.495,3.323,2.583,2.593,3.28,3.184,3.59,3.448,3.076,3.337,3.104,3.065,3.341,3.433,3.584,3.634,3.291,3.553,2.312,2.388,2.76,2.723,3.203,3.184,3.216,3.223,3.153,3.223,3.537,3.74,3.294,3.226,3.779,3.624,2.943,2.8,3.346,3.469,2.908,2.952,4.211,4.446,3.248,3.073,1412.0,1199.0,664.0,755.0,2026.0,2656.0,1330.0,1419.0,395.0,374.0,264.0,262.0,2930.0,3130.0,5971.0,6914.0,3557.0,3219.0,2415.0,2354.0,1144.0,979.0,4897.0,4795.0,2905.0,2780.0,2606.0,2763.0,1820.0,1923.0,3642.0,3438.0,1414.0,1649.0,561.0,572.0,1260.0,1749.0,900.0,992.0,1453.0,1564.0,1526.0,1073.0,3572.0,3641.0,1163.0,1295.0,4666.0,4534.0,4468.0,4308.0,511.0,691.0,6531.0,6043.0,7528.0,6705.0,6332.0,6442.0,3865.0,4722.0,3973.0,3337.0,512.0,430.0,443.0,339.0
NDARRA733VWX,2.584,2.554,2.536,2.339,2.635,2.709,1.901,1.834,3.056,3.14,2.646,2.743,2.624,2.68,2.498,2.517,2.97,2.89,2.78,2.772,2.123,2.165,2.194,2.128,2.716,2.846,2.098,2.027,2.538,2.54,2.77,2.997,2.462,2.403,2.614,2.788,2.697,2.671,2.757,2.87,2.639,2.494,1.874,1.696,2.167,2.264,2.371,2.359,2.573,2.667,2.381,2.429,2.688,2.702,2.565,2.435,2.84,2.724,2.268,2.25,2.88,2.814,2.577,2.622,3.942,3.887,2.308,2.487,860.0,816.0,676.0,909.0,2935.0,2020.0,1194.0,1373.0,417.0,377.0,352.0,257.0,2555.0,2941.0,3802.0,4234.0,2704.0,2635.0,2233.0,1929.0,937.0,970.0,3909.0,3714.0,2633.0,2381.0,2851.0,2820.0,1737.0,1892.0,2865.0,2526.0,1334.0,1354.0,571.0,642.0,1076.0,1331.0,640.0,830.0,1223.0,1084.0,1239.0,1264.0,4028.0,3597.0,1113.0,1178.0,4321.0,4667.0,3444.0,3526.0,702.0,723.0,5598.0,6015.0,6852.0,6570.0,4387.0,5309.0,3356.0,3275.0,2955.0,3410.0,451.0,442.0,388.0,304.0
NDARRA767WB7,2.99,2.818,2.567,2.455,3.19,3.252,2.603,2.289,2.722,3.187,2.995,3.197,3.072,3.168,2.938,2.916,3.054,2.913,3.336,3.474,2.608,2.439,2.504,2.612,3.087,3.019,2.523,2.515,2.715,2.986,3.261,2.984,3.165,3.037,3.084,2.955,3.105,3.279,2.869,3.268,3.235,3.276,2.256,2.239,2.471,2.626,2.783,3.102,2.958,3.001,2.988,2.949,3.267,3.271,2.925,2.938,3.173,3.197,2.678,2.564,3.227,3.166,3.006,3.068,3.222,3.577,3.036,3.0,1189.0,1208.0,571.0,619.0,2254.0,2428.0,1116.0,1489.0,401.0,386.0,493.0,422.0,2900.0,2770.0,4609.0,5284.0,2548.0,3177.0,2365.0,1903.0,847.0,743.0,4416.0,4934.0,2657.0,2692.0,2668.0,2686.0,1725.0,1827.0,3451.0,3629.0,1310.0,1560.0,586.0,617.0,1327.0,1363.0,685.0,872.0,1291.0,1112.0,1439.0,1254.0,4221.0,4104.0,1197.0,1000.0,4299.0,4482.0,3620.0,3612.0,371.0,835.0,5778.0,5416.0,7507.0,7670.0,5991.0,5963.0,4083.0,4166.0,4746.0,4084.0,674.0,614.0,592.0,458.0
NDARRA981BCM,3.023,3.032,3.074,3.068,3.273,3.205,2.501,2.302,3.711,3.947,3.675,3.597,3.174,3.306,3.083,3.134,3.308,3.234,3.428,3.614,2.665,2.755,2.704,2.667,3.232,3.093,2.688,2.695,3.053,3.07,3.547,3.551,2.86,2.941,3.267,3.541,3.16,3.227,3.297,3.35,3.184,3.237,2.294,2.068,2.545,2.65,2.906,3.008,3.081,3.084,3.039,2.946,3.464,3.115,3.159,3.11,3.604,3.485,2.798,2.788,3.415,3.453,3.087,3.144,4.382,4.134,2.94,2.96,1178.0,883.0,478.0,494.0,2051.0,2350.0,1432.0,1312.0,477.0,414.0,263.0,227.0,2901.0,2836.0,4267.0,4680.0,3314.0,2913.0,2449.0,2087.0,879.0,793.0,4366.0,4082.0,2330.0,2554.0,3345.0,3199.0,1508.0,1693.0,3450.0,3021.0,1327.0,1431.0,602.0,628.0,1100.0,1929.0,636.0,746.0,1193.0,1121.0,1645.0,1547.0,3590.0,3900.0,1046.0,1035.0,4406.0,3950.0,3195.0,3906.0,443.0,649.0,4883.0,5143.0,6771.0,6546.0,5687.0,5056.0,3328.0,3643.0,4101.0,3509.0,415.0,483.0,406.0,288.0
NDARRB359CRR,2.883,3.034,3.131,2.151,2.879,3.022,2.44,2.463,3.281,3.399,2.873,2.712,3.063,3.159,2.997,2.968,2.876,3.064,3.311,3.397,2.64,2.59,2.584,2.66,3.186,3.006,2.49,2.563,2.976,2.955,3.019,3.289,3.104,3.029,3.234,3.462,3.111,3.03,3.352,3.032,2.649,3.252,2.133,2.374,2.553,2.734,2.751,2.79,2.974,2.924,3.106,3.034,2.615,3.1,2.871,2.9,3.203,3.212,2.83,2.741,3.046,3.158,3.038,3.085,3.285,3.278,2.782,2.676,1184.0,639.0,377.0,483.0,1651.0,1843.0,1422.0,1801.0,511.0,498.0,571.0,516.0,3027.0,2490.0,5494.0,3616.0,3123.0,2851.0,1964.0,1649.0,963.0,998.0,4911.0,5298.0,2350.0,2452.0,2544.0,2511.0,1969.0,1838.0,3212.0,3057.0,1273.0,1588.0,409.0,475.0,1488.0,1390.0,628.0,653.0,1494.0,1114.0,1331.0,1064.0,4091.0,3732.0,1056.0,1036.0,4721.0,4267.0,4176.0,4507.0,289.0,519.0,5208.0,5582.0,6896.0,6743.0,5070.0,5197.0,3116.0,3374.0,3849.0,4021.0,580.0,596.0,388.0,361.0
NDARRB901DWV,2.83,3.007,1.876,2.317,3.053,3.094,2.266,2.406,3.75,3.769,3.046,3.358,3.008,2.972,2.869,2.886,3.064,2.929,3.231,3.589,2.517,2.823,2.539,2.634,3.163,2.987,2.356,2.447,2.858,2.801,3.248,3.075,2.897,3.017,3.094,3.289,3.01,3.061,3.14,3.359,2.983,2.77,2.222,2.032,2.616,2.624,2.553,2.414,3.106,3.132,2.662,2.614,3.141,2.945,2.834,2.713,3.274,3.317,2.531,2.625,3.227,3.204,3.013,3.139,4.201,4.342,3.044,2.895,850.0,812.0,535.0,744.0,2234.0,2055.0,1568.0,1714.0,459.0,322.0,290.0,225.0,3261.0,3159.0,3905.0,5062.0,2926.0,3384.0,2536.0,1967.0,1100.0,908.0,5176.0,4939.0,2753.0,2824.0,3005.0,3483.0,1481.0,1744.0,3368.0,2916.0,1316.0,1255.0,624.0,657.0,1470.0,1460.0,691.0,867.0,1753.0,1227.0,1567.0,1628.0,4736.0,4244.0,1111.0,1102.0,4366.0,4839.0,4300.0,4350.0,570.0,712.0,5914.0,6093.0,6926.0,6528.0,5546.0,5374.0,3589.0,3474.0,4302.0,4085.0,454.0,417.0,436.0,295.0
NDARRB942UWU,2.871,3.015,2.531,2.418,2.967,2.916,2.41,2.373,3.193,3.218,2.612,2.883,2.918,3.024,2.806,2.862,3.057,2.99,3.259,3.122,2.575,2.553,2.494,2.476,2.96,2.964,2.383,2.359,2.578,2.937,3.097,2.982,2.937,3.011,2.687,2.884,2.922,3.033,2.999,2.96,2.881,2.9,2.352,2.602,2.601,2.607,2.883,2.78,2.982,2.991,2.724,2.87,2.889,2.661,2.622,2.788,3.068,3.077,2.596,2.645,3.177,3.129,2.853,2.886,3.106,3.253,2.992,3.147,1365.0,1345.0,684.0,767.0,2018.0,2152.0,1432.0,1611.0,674.0,570.0,413.0,355.0,2943.0,3417.0,3918.0,5772.0,3596.0,3652.0,2382.0,2612.0,1046.0,786.0,5049.0,4597.0,2540.0,2410.0,3122.0,3097.0,2209.0,1957.0,3821.0,3794.0,1345.0,1686.0,573.0,616.0,1610.0,1597.0,757.0,927.0,1684.0,1370.0,1642.0,1429.0,4428.0,4280.0,929.0,1146.0,4351.0,4793.0,4303.0,3754.0,711.0,614.0,5707.0,5351.0,7403.0,6786.0,5920.0,5439.0,3673.0,4361.0,5209.0,4167.0,618.0,551.0,589.0,380.0
NDARRC295CHW,2.84,2.971,2.351,2.47,2.827,2.998,2.432,2.501,3.649,3.758,3.127,3.464,3.006,3.005,2.992,3.08,3.269,3.01,3.222,3.275,2.476,2.642,2.662,2.613,2.952,3.031,2.533,2.358,2.615,2.696,3.339,3.178,2.913,3.109,3.234,3.327,2.895,2.981,3.159,3.183,2.977,3.172,2.189,2.201,2.687,2.629,2.603,2.597,3.059,3.089,2.866,2.93,3.067,3.208,2.933,2.92,3.279,3.249,2.891,2.907,3.495,3.211,2.968,3.114,3.987,4.438,3.192,2.959,1131.0,1230.0,604.0,925.0,1851.0,2428.0,1749.0,1676.0,590.0,551.0,323.0,286.0,3165.0,3473.0,6159.0,6538.0,3711.0,4450.0,2673.0,2655.0,1171.0,969.0,5574.0,5796.0,2963.0,2576.0,3429.0,3410.0,1702.0,2145.0,4310.0,3569.0,1162.0,1551.0,789.0,683.0,1418.0,1388.0,662.0,816.0,1451.0,1264.0,1567.0,1503.0,4214.0,4121.0,1358.0,1268.0,4687.0,4532.0,4749.0,5123.0,613.0,982.0,5487.0,7048.0,7576.0,6627.0,5514.0,6576.0,3853.0,4037.0,4177.0,3794.0,424.0,421.0,376.0,307.0
NDARRC982ZE9,2.624,3.489,2.804,2.887,3.377,3.229,2.523,2.516,3.955,3.634,3.699,3.588,3.296,3.328,3.158,3.126,3.296,3.223,3.484,3.555,2.779,2.59,2.651,2.65,3.34,3.195,2.691,2.63,3.159,3.19,3.641,3.256,3.189,3.244,3.168,3.232,2.968,3.225,3.239,3.374,3.152,3.304,2.376,2.305,2.796,2.837,2.549,2.903,3.182,3.125,3.069,3.033,3.188,3.4,2.956,3.175,3.437,3.282,2.853,2.988,3.499,3.367,3.189,3.165,3.898,4.414,3.055,3.316,1258.0,1016.0,733.0,1047.0,2607.0,2374.0,1759.0,1602.0,452.0,415.0,322.0,244.0,2996.0,3271.0,4856.0,6428.0,3413.0,3267.0,2591.0,2278.0,1028.0,1257.0,4518.0,6736.0,2798.0,2609.0,3084.0,3050.0,1962.0,1853.0,3788.0,3670.0,1278.0,1394.0,640.0,663.0,1316.0,1572.0,863.0,980.0,1659.0,1435.0,1386.0,1319.0,4173.0,3621.0,1420.0,1311.0,4786.0,5233.0,4677.0,4583.0,748.0,948.0,6677.0,6736.0,7822.0,7426.0,6147.0,6404.0,4020.0,4671.0,5317.0,3435.0,507.0,425.0,388.0,311.0
NDARRE063LG2,2.854,3.033,3.13,2.069,3.176,3.025,2.628,2.314,3.708,3.572,3.287,3.08,3.309,3.188,2.965,3.081,3.143,3.215,3.248,3.354,2.471,2.662,2.534,2.565,3.159,3.106,2.888,2.829,2.869,2.755,3.401,3.424,3.125,3.222,3.29,3.21,3.212,3.071,3.287,3.319,2.904,3.153,2.036,2.229,2.609,2.714,2.54,2.653,3.053,2.954,2.995,2.875,3.384,3.151,2.835,2.872,3.332,3.325,2.79,2.884,3.371,3.161,2.994,3.104,3.993,4.021,3.15,3.166,1054.0,1066.0,920.0,601.0,2705.0,2238.0,1736.0,2043.0,470.0,474.0,317.0,278.0,3228.0,3166.0,6025.0,8002.0,4069.0,4030.0,2906.0,2601.0,1330.0,1140.0,6252.0,5691.0,3208.0,3071.0,3010.0,2548.0,2043.0,2143.0,4056.0,3818.0,1542.0,1639.0,677.0,658.0,1513.0,1630.0,863.0,1064.0,1980.0,1215.0,1641.0,1351.0,5031.0,4667.0,1310.0,1683.0,5095.0,5945.0,4628.0,4602.0,683.0,1154.0,8232.0,6712.0,7793.0,7651.0,7337.0,8006.0,3748.0,4097.0,4429.0,3964.0,407.0,458.0,536.0,374.0
NDARRE333EKT,2.567,2.575,2.608,2.572,2.849,2.844,2.003,1.913,3.344,3.787,2.926,3.287,2.99,2.808,2.545,2.6,2.767,2.789,2.917,2.817,2.276,2.371,2.092,2.162,2.723,2.689,2.146,2.105,2.768,2.586,3.094,2.975,2.518,2.575,2.778,2.576,2.795,2.602,2.786,2.717,2.454,2.594,1.703,1.742,2.147,2.089,2.463,2.45,2.599,2.656,2.457,2.499,2.925,2.815,2.587,2.615,3.075,3.022,2.345,2.322,2.86,2.663,2.656,2.655,3.584,4.096,2.483,2.455,1285.0,771.0,568.0,673.0,2136.0,1698.0,1571.0,1756.0,422.0,320.0,272.0,254.0,2726.0,3033.0,4079.0,5089.0,2404.0,2942.0,2181.0,2405.0,1339.0,1058.0,4895.0,4756.0,2655.0,2367.0,3621.0,3238.0,1881.0,1718.0,3323.0,2882.0,1072.0,1393.0,727.0,661.0,1332.0,1766.0,730.0,917.0,1765.0,1414.0,1699.0,1779.0,3839.0,4166.0,1160.0,1117.0,4049.0,4073.0,3740.0,4016.0,568.0,777.0,6293.0,5900.0,5652.0,5781.0,4754.0,4990.0,3450.0,3648.0,4018.0,3449.0,482.0,361.0,386.0,307.0
NDARRF897HB5,3.117,2.852,2.683,2.747,3.454,3.414,2.402,2.238,2.978,2.948,2.468,2.719,3.064,3.101,2.959,2.981,2.985,3.188,3.25,3.366,2.466,2.456,2.439,2.491,3.107,2.909,2.239,2.245,2.923,3.059,3.288,3.098,3.052,3.125,2.809,3.131,3.237,3.276,2.595,3.099,3.117,3.275,1.934,2.098,2.704,2.739,2.753,2.81,3.281,3.198,2.941,3.026,2.979,3.044,2.903,2.843,3.243,3.315,2.781,2.775,3.272,3.137,2.976,2.995,2.993,3.458,3.35,3.637,1194.0,1146.0,550.0,584.0,1991.0,2281.0,1847.0,2061.0,482.0,655.0,662.0,537.0,3338.0,3633.0,4263.0,6590.0,3455.0,3541.0,3244.0,2533.0,1547.0,1283.0,7146.0,6899.0,2491.0,2911.0,3711.0,3922.0,2054.0,2488.0,3925.0,3144.0,1409.0,1390.0,787.0,708.0,1309.0,2148.0,811.0,765.0,1594.0,1445.0,1511.0,1194.0,4832.0,4077.0,1155.0,1051.0,4825.0,5165.0,4179.0,4758.0,299.0,693.0,5739.0,6175.0,9068.0,8352.0,5488.0,5835.0,3796.0,4319.0,4546.0,3959.0,716.0,752.0,580.0,419.0
NDARRG199RU4,2.683,3.02,2.967,3.026,3.002,2.61,2.341,1.898,3.104,2.602,2.548,2.845,2.752,2.783,2.631,2.286,2.417,2.789,3.257,3.197,2.395,2.347,2.065,1.833,2.976,2.811,2.35,2.218,2.477,2.165,2.369,2.858,3.208,2.778,3.118,2.819,2.783,3.33,3.141,2.544,2.364,2.953,2.037,2.094,2.267,2.047,2.808,2.844,2.753,3.002,2.702,2.818,2.834,3.057,2.339,2.86,3.227,3.123,2.389,2.514,2.652,2.919,2.709,2.546,2.967,2.711,2.831,2.916,945.0,979.0,569.0,872.0,1948.0,2301.0,1498.0,1585.0,610.0,481.0,277.0,362.0,3122.0,2883.0,4477.0,5450.0,4003.0,3358.0,2297.0,2413.0,932.0,1033.0,5504.0,5482.0,2770.0,2544.0,3058.0,2687.0,1893.0,1955.0,3545.0,3121.0,1298.0,1597.0,620.0,633.0,1747.0,1637.0,764.0,853.0,1897.0,1500.0,1173.0,1150.0,4213.0,3631.0,1458.0,1225.0,5139.0,4866.0,3697.0,3900.0,684.0,692.0,5141.0,5483.0,8228.0,7286.0,4577.0,4650.0,3692.0,4631.0,4247.0,3096.0,741.0,591.0,538.0,340.0
NDARRG269ML2,3.186,3.126,2.771,2.622,3.131,3.253,2.694,2.668,3.575,2.949,3.561,3.244,3.318,3.345,2.997,3.107,3.434,3.264,3.384,3.246,2.361,2.477,2.682,2.703,3.354,3.325,2.775,2.869,3.219,2.893,3.472,3.374,3.137,3.101,2.961,3.719,3.568,3.292,3.635,3.528,3.242,3.348,2.443,2.511,2.77,2.641,2.541,2.603,3.164,3.133,3.05,3.037,2.978,2.906,2.999,3.104,3.456,3.437,2.72,2.717,3.711,3.571,3.243,3.08,3.997,4.645,3.063,2.991,1453.0,971.0,628.0,774.0,2204.0,1592.0,1390.0,1662.0,657.0,479.0,298.0,282.0,3467.0,3645.0,4680.0,5831.0,3832.0,3472.0,2533.0,2589.0,1037.0,886.0,4760.0,5523.0,2572.0,2300.0,3055.0,2975.0,1613.0,1583.0,3841.0,3330.0,1391.0,1573.0,638.0,667.0,1374.0,1569.0,802.0,859.0,1592.0,1563.0,1757.0,1449.0,4307.0,4245.0,1227.0,1327.0,4957.0,5042.0,3768.0,4184.0,645.0,529.0,6831.0,7343.0,7404.0,8055.0,4922.0,5245.0,3556.0,4963.0,4224.0,3566.0,436.0,586.0,480.0,372.0
NDARRH725XYA,2.746,2.823,2.833,2.881,2.584,2.651,2.156,1.956,3.245,3.53,2.931,2.768,2.742,2.641,2.61,2.639,3.006,2.997,3.125,3.107,2.402,2.288,2.23,2.341,2.851,2.836,2.131,2.137,2.7,2.7,2.997,3.056,2.487,2.579,2.763,2.916,2.674,2.723,2.8,2.971,2.567,2.645,1.735,1.796,2.29,2.245,2.504,2.682,2.602,2.633,2.376,2.472,2.966,2.888,2.515,2.543,2.82,2.812,2.317,2.323,2.898,2.906,2.852,2.797,3.266,3.947,2.633,2.812,1197.0,1088.0,519.0,885.0,3059.0,2591.0,1891.0,1763.0,637.0,447.0,332.0,247.0,3520.0,3954.0,5360.0,6184.0,3516.0,2949.0,2551.0,2855.0,1443.0,1026.0,6215.0,6143.0,3001.0,2911.0,4018.0,3443.0,1962.0,2165.0,3919.0,3030.0,1602.0,1622.0,727.0,723.0,2052.0,2286.0,750.0,977.0,2133.0,1930.0,1823.0,1793.0,5109.0,4408.0,1421.0,1220.0,5171.0,4951.0,4378.0,4773.0,669.0,936.0,6617.0,6177.0,8477.0,7642.0,6809.0,5995.0,4601.0,5233.0,4313.0,4705.0,471.0,422.0,731.0,411.0
NDARRJ763GUF,2.589,2.808,2.631,2.49,2.767,2.639,2.095,1.942,3.042,2.582,3.355,3.093,2.721,2.799,2.669,2.689,2.79,2.711,3.231,3.101,2.424,2.525,2.14,2.315,2.84,2.741,2.152,2.253,2.582,2.453,3.05,2.978,2.547,2.475,2.574,2.789,2.811,2.955,2.943,3.029,2.737,2.728,1.768,1.846,2.307,2.174,2.568,2.463,2.681,2.758,2.552,2.521,2.853,2.868,2.616,2.562,2.908,2.82,2.361,2.422,2.888,2.99,2.637,2.617,3.776,3.846,2.497,2.474,1193.0,950.0,646.0,776.0,3139.0,2631.0,1413.0,1622.0,550.0,460.0,279.0,317.0,3530.0,3469.0,5590.0,5854.0,4362.0,3923.0,2997.0,2830.0,1345.0,1011.0,5462.0,5703.0,2898.0,2907.0,3630.0,3469.0,1990.0,2300.0,4706.0,4452.0,1478.0,1811.0,753.0,692.0,1438.0,1610.0,760.0,908.0,1767.0,1362.0,1940.0,1697.0,4824.0,4347.0,1427.0,1588.0,5536.0,5512.0,3916.0,4267.0,799.0,1073.0,7393.0,7072.0,8816.0,8079.0,5738.0,5539.0,4325.0,4614.0,4884.0,4786.0,574.0,453.0,546.0,351.0
NDARRK135YAZ,3.07,2.948,2.622,2.456,3.36,3.237,2.345,2.374,3.436,3.494,3.291,3.55,3.129,3.124,2.907,3.006,3.182,3.238,3.337,3.569,2.717,2.4,2.595,2.737,3.219,3.036,2.491,2.546,2.811,2.839,3.199,3.218,2.737,2.797,3.35,3.413,3.192,3.004,3.36,3.38,2.944,2.918,2.321,2.522,2.525,2.518,2.609,2.659,3.147,3.115,2.779,2.74,2.989,3.052,2.924,2.87,3.211,3.273,2.6,2.558,3.305,3.28,3.055,2.985,4.037,4.353,3.027,3.018,1291.0,1200.0,714.0,776.0,2817.0,2558.0,1291.0,1547.0,560.0,424.0,323.0,261.0,3270.0,4058.0,5529.0,6730.0,3752.0,3987.0,2457.0,2308.0,1066.0,980.0,5666.0,5602.0,2942.0,2952.0,3757.0,2993.0,1722.0,1906.0,3944.0,3833.0,1435.0,1627.0,583.0,721.0,2002.0,2069.0,837.0,950.0,1864.0,1447.0,1574.0,1376.0,4680.0,4472.0,1561.0,1298.0,6460.0,6196.0,4281.0,4696.0,737.0,1140.0,6422.0,6034.0,7758.0,7421.0,6208.0,6391.0,4337.0,4416.0,5328.0,4206.0,462.0,419.0,498.0,396.0
NDARRK163VY8,3.182,3.192,3.366,2.927,3.17,3.011,2.573,2.386,3.814,3.526,3.272,3.167,3.379,3.213,3.041,3.108,3.289,3.112,3.338,3.453,2.937,2.988,2.607,2.676,3.293,3.271,2.589,2.54,3.022,3.145,3.242,3.212,3.169,3.1,3.353,3.361,3.131,3.109,3.344,3.192,3.015,3.053,2.147,2.182,2.545,2.618,2.999,3.2,3.129,3.046,2.886,2.917,3.511,3.102,2.89,2.904,3.403,3.34,2.804,2.846,3.316,3.157,2.946,2.99,3.965,4.16,2.956,2.996,1447.0,989.0,777.0,542.0,3084.0,2936.0,1698.0,1472.0,522.0,508.0,300.0,213.0,3014.0,3125.0,6264.0,6111.0,3559.0,3445.0,2700.0,2299.0,1113.0,1097.0,4743.0,5321.0,2671.0,2568.0,2819.0,3268.0,1572.0,1872.0,3983.0,3485.0,1596.0,1699.0,749.0,771.0,1567.0,1870.0,694.0,800.0,1632.0,1409.0,1365.0,1440.0,4293.0,4603.0,1632.0,1414.0,5056.0,5443.0,4711.0,4777.0,464.0,934.0,5325.0,5584.0,7808.0,7542.0,6499.0,6609.0,3886.0,4086.0,4349.0,5008.0,444.0,437.0,438.0,362.0
NDARRK213WCF,3.052,3.013,2.811,2.6,2.851,2.853,2.312,2.28,3.374,3.345,2.574,2.828,3.084,3.125,2.834,2.864,2.8,2.969,3.284,3.298,2.252,2.489,2.432,2.38,2.783,2.655,2.463,2.489,2.733,2.644,3.065,3.071,2.973,2.884,3.079,2.727,2.984,3.008,3.194,2.762,2.802,2.865,1.977,2.102,2.585,2.453,2.526,2.743,2.878,3.032,2.777,2.74,3.198,3.247,2.698,2.661,3.078,3.032,2.555,2.647,3.194,3.271,2.978,3.041,3.389,3.313,2.92,2.969,1093.0,946.0,657.0,504.0,1906.0,1271.0,1389.0,1494.0,437.0,383.0,331.0,374.0,2760.0,2884.0,4258.0,5388.0,3188.0,2966.0,2269.0,2260.0,732.0,956.0,4891.0,4368.0,2657.0,2237.0,2989.0,2604.0,2009.0,1884.0,3113.0,3006.0,1653.0,1612.0,563.0,650.0,1345.0,1508.0,725.0,814.0,1801.0,1378.0,1464.0,1230.0,3954.0,3735.0,978.0,1233.0,4796.0,4554.0,3331.0,3811.0,402.0,644.0,6144.0,4965.0,8387.0,8206.0,4451.0,4221.0,3439.0,3695.0,3240.0,3549.0,653.0,651.0,470.0,372.0
NDARRK457MBX,2.631,2.78,2.631,2.681,2.68,2.811,2.166,2.195,3.393,3.285,2.816,2.858,2.942,2.786,2.68,2.728,2.964,2.949,3.162,3.079,2.386,2.411,2.335,2.363,2.941,2.79,2.32,2.236,2.668,2.824,3.105,3.02,2.644,2.642,2.77,2.855,2.773,2.756,2.996,2.814,2.68,2.826,1.885,1.918,2.253,2.289,2.517,2.482,2.782,2.769,2.692,2.682,3.181,2.857,2.536,2.575,2.945,3.016,2.51,2.536,2.952,2.877,2.707,2.679,3.365,3.67,2.506,2.547,1204.0,748.0,716.0,570.0,2950.0,2324.0,1602.0,1902.0,639.0,420.0,339.0,267.0,3478.0,3295.0,4693.0,5526.0,3618.0,4040.0,2494.0,2462.0,1079.0,937.0,5883.0,5529.0,3210.0,2924.0,3155.0,2986.0,2209.0,2122.0,3819.0,3740.0,1600.0,1752.0,616.0,768.0,1509.0,1804.0,900.0,1088.0,2384.0,1755.0,1802.0,1558.0,4327.0,4455.0,1330.0,1349.0,5553.0,5925.0,3827.0,4182.0,641.0,819.0,8507.0,8050.0,8841.0,9083.0,5762.0,5193.0,4635.0,4838.0,4840.0,4286.0,530.0,526.0,502.0,388.0
NDARRL030XD8,2.716,2.855,2.626,2.704,2.733,2.738,2.244,2.326,2.879,3.075,2.467,2.478,2.829,2.819,2.658,2.764,2.783,2.741,3.104,3.148,2.181,2.364,2.275,2.343,2.825,2.565,2.286,2.332,2.542,2.351,3.076,2.961,2.87,2.843,2.951,2.953,2.87,2.951,2.564,2.561,2.675,2.874,2.062,2.151,2.338,2.391,2.631,2.644,2.669,2.697,2.678,2.638,2.876,2.948,2.383,2.525,2.923,2.836,2.441,2.513,3.118,2.936,2.852,2.688,2.902,2.947,2.938,3.12,1241.0,1227.0,533.0,952.0,2141.0,2576.0,1870.0,1946.0,460.0,413.0,600.0,503.0,3190.0,3093.0,4207.0,5245.0,3664.0,3231.0,2761.0,2428.0,1142.0,849.0,6667.0,6469.0,2446.0,2332.0,3797.0,3618.0,2107.0,2277.0,4030.0,3807.0,1619.0,1996.0,565.0,567.0,1561.0,1831.0,765.0,915.0,1597.0,1565.0,2185.0,1755.0,4211.0,4001.0,1318.0,1379.0,5038.0,4890.0,4171.0,3984.0,838.0,626.0,5972.0,6232.0,9226.0,8300.0,5653.0,5566.0,4477.0,4690.0,4533.0,4029.0,837.0,644.0,565.0,467.0
NDARRL218DJ5,2.911,2.946,2.798,2.792,2.695,2.814,2.225,2.3,3.152,3.149,2.908,2.964,2.7,2.894,2.694,2.764,3.1,2.95,3.123,3.182,2.341,2.274,2.359,2.449,2.857,2.754,2.224,2.262,2.52,2.588,3.161,3.095,2.752,2.78,2.8,2.773,2.885,3.006,2.957,2.72,2.77,2.814,2.02,2.043,2.54,2.468,2.556,2.674,2.854,2.855,2.474,2.62,3.01,2.98,2.604,2.705,3.001,2.975,2.474,2.47,3.278,3.117,2.969,3.009,3.463,3.778,2.861,3.119,1116.0,993.0,700.0,890.0,2487.0,2343.0,1681.0,1885.0,390.0,506.0,330.0,295.0,3264.0,3242.0,5308.0,5161.0,4220.0,4256.0,3165.0,3292.0,1354.0,965.0,6088.0,5571.0,3246.0,3467.0,2665.0,3099.0,1884.0,2521.0,4676.0,3813.0,1305.0,1711.0,785.0,831.0,1975.0,1424.0,720.0,1171.0,1818.0,1645.0,1302.0,1227.0,4362.0,4293.0,1375.0,1247.0,4772.0,4906.0,3766.0,4031.0,937.0,1113.0,6973.0,7407.0,9346.0,8274.0,6082.0,6704.0,4318.0,4773.0,3481.0,3860.0,506.0,521.0,552.0,363.0
NDARRL315KV3,2.957,2.843,2.434,2.327,2.979,3.066,2.514,2.331,3.814,3.747,2.721,3.25,3.193,3.063,3.048,2.945,3.107,3.109,3.27,3.277,2.85,2.821,2.56,2.573,3.085,3.037,2.559,2.515,2.813,2.925,3.264,3.233,3.054,2.919,2.98,3.413,3.29,3.069,2.964,3.114,3.047,3.027,2.456,2.602,2.673,2.989,2.787,2.562,2.65,3.22,2.893,2.896,3.144,3.198,2.873,2.785,3.25,3.227,2.731,2.824,3.314,3.241,3.046,3.075,3.82,4.366,3.073,3.069,953.0,854.0,607.0,930.0,2709.0,3219.0,1970.0,1907.0,468.0,341.0,311.0,248.0,3631.0,4021.0,4932.0,4929.0,4499.0,4187.0,3011.0,2986.0,1496.0,921.0,5315.0,5832.0,3240.0,3091.0,3901.0,4007.0,1899.0,2141.0,4749.0,3908.0,1264.0,1496.0,639.0,627.0,2098.0,1477.0,921.0,1154.0,2127.0,1418.0,2121.0,2020.0,4614.0,3886.0,1102.0,1273.0,4785.0,5023.0,4154.0,3319.0,872.0,648.0,8437.0,5766.0,8135.0,9654.0,3480.0,5473.0,4201.0,4530.0,5681.0,3255.0,502.0,561.0,529.0,381.0
NDARRL379BET,2.902,3.054,2.281,2.23,3.168,3.204,2.471,2.393,3.843,3.725,3.396,3.426,3.207,3.267,3.11,3.134,3.297,3.223,3.513,3.537,2.43,2.467,2.669,2.647,3.557,3.369,2.565,2.687,3.064,3.01,3.236,3.283,2.91,3.039,3.325,3.416,3.316,3.481,3.526,3.498,3.166,3.22,2.126,2.303,2.844,2.795,2.68,2.638,3.294,3.312,2.962,2.886,3.172,3.237,3.074,3.009,3.409,3.411,2.842,2.95,3.607,3.39,3.251,3.233,4.157,4.027,3.198,2.906,1235.0,992.0,533.0,616.0,2216.0,1907.0,1214.0,1470.0,363.0,409.0,242.0,263.0,2885.0,3139.0,4083.0,4979.0,3136.0,2741.0,2136.0,2287.0,1018.0,843.0,4133.0,4158.0,2476.0,2643.0,3203.0,2708.0,1717.0,1712.0,3354.0,2617.0,1157.0,1247.0,747.0,671.0,1244.0,1322.0,743.0,978.0,1481.0,1491.0,1624.0,1211.0,3773.0,3418.0,1055.0,1035.0,4288.0,4287.0,3850.0,4313.0,693.0,509.0,6382.0,6103.0,6381.0,6542.0,5322.0,5142.0,3420.0,4273.0,4348.0,3457.0,476.0,407.0,423.0,307.0
NDARRM725BRV,3.074,2.909,3.031,2.572,2.796,2.774,2.581,2.413,3.725,3.588,3.437,3.237,3.037,3.11,2.989,2.919,3.097,3.22,3.381,3.479,2.383,2.748,2.62,2.67,3.378,3.184,2.479,2.539,3.008,3.13,3.331,3.402,2.553,2.871,3.207,3.395,3.094,3.17,3.348,3.244,3.143,3.058,2.256,2.252,2.961,3.054,2.563,2.771,2.651,2.512,2.921,2.939,3.065,3.094,3.052,2.98,3.112,3.074,2.893,2.905,3.389,3.355,3.046,3.174,4.083,4.202,3.149,2.842,1368.0,1215.0,898.0,1000.0,1869.0,1566.0,1859.0,2004.0,420.0,387.0,404.0,274.0,3610.0,3169.0,5375.0,6209.0,4048.0,4013.0,2451.0,2664.0,1332.0,843.0,5583.0,5780.0,3119.0,2775.0,3318.0,3350.0,1691.0,2083.0,4567.0,3814.0,1680.0,1944.0,636.0,671.0,1709.0,2496.0,826.0,1103.0,3106.0,1925.0,1900.0,1742.0,2867.0,3509.0,1491.0,1537.0,5122.0,5168.0,4582.0,3607.0,811.0,926.0,11578.0,10603.0,9675.0,9893.0,3747.0,4584.0,4254.0,4455.0,3413.0,2594.0,427.0,470.0,623.0,363.0
NDARRP163YRC,3.396,3.138,2.832,2.766,2.948,3.105,2.363,2.54,3.389,3.123,2.479,3.119,2.991,3.121,3.144,2.846,2.85,3.127,3.325,3.54,2.34,2.401,2.675,2.513,3.189,2.926,2.363,2.583,2.891,3.007,2.994,3.197,2.95,3.044,3.235,3.538,3.142,3.039,3.151,3.076,2.877,2.911,2.412,2.559,2.631,2.56,2.559,2.836,2.957,2.978,2.939,3.086,2.956,2.851,2.688,2.9,3.021,3.053,2.704,2.778,3.24,3.394,3.1,2.958,3.347,3.306,3.17,3.026,1178.0,1168.0,856.0,916.0,2678.0,2399.0,1464.0,1668.0,842.0,595.0,520.0,522.0,3174.0,2977.0,5079.0,5407.0,3543.0,3643.0,2734.0,2210.0,854.0,983.0,5163.0,4753.0,2670.0,2703.0,2678.0,2848.0,2160.0,2303.0,3669.0,3254.0,1770.0,1757.0,567.0,558.0,1524.0,1657.0,700.0,865.0,1758.0,1469.0,1268.0,1293.0,5269.0,4600.0,1497.0,1386.0,5014.0,5254.0,4489.0,5039.0,424.0,851.0,6342.0,6017.0,10516.0,9666.0,6193.0,6393.0,4619.0,4433.0,4693.0,5659.0,757.0,633.0,566.0,446.0
NDARRP384BVX,2.957,2.717,2.574,2.779,3.241,3.177,2.537,2.354,3.116,2.535,2.868,2.774,3.25,3.135,2.923,3.003,3.131,2.896,3.305,3.336,2.464,2.543,2.635,2.691,3.38,3.154,2.621,2.655,2.702,3.043,3.185,3.245,2.951,3.163,3.206,3.021,3.093,3.058,3.156,3.417,3.058,3.137,2.18,2.207,2.525,2.41,2.658,2.556,3.172,3.041,2.866,2.996,2.45,2.715,2.966,2.955,3.285,3.411,2.827,2.9,3.495,3.208,3.052,3.063,3.717,3.583,3.222,3.216,871.0,651.0,634.0,665.0,2049.0,1551.0,1386.0,1905.0,487.0,293.0,540.0,460.0,2537.0,2987.0,4302.0,5589.0,3280.0,3481.0,2179.0,2035.0,1322.0,920.0,5718.0,5364.0,2049.0,2058.0,3663.0,3229.0,1762.0,1571.0,3014.0,3279.0,1341.0,1386.0,444.0,506.0,1136.0,1297.0,656.0,856.0,1816.0,1495.0,1850.0,1581.0,4592.0,3939.0,1196.0,1460.0,5075.0,5031.0,3999.0,3742.0,436.0,640.0,5591.0,4973.0,6614.0,6381.0,5985.0,5627.0,3259.0,3624.0,2826.0,3067.0,585.0,489.0,486.0,383.0
NDARRP592GHK,2.538,2.551,2.656,2.374,2.539,2.716,1.763,1.771,3.035,3.272,2.79,2.771,2.899,2.693,2.3,2.367,2.808,2.724,3.107,3.079,2.636,2.206,1.958,2.051,2.852,2.63,1.94,1.889,2.524,2.49,2.851,2.835,2.125,2.244,2.919,2.338,2.669,2.572,2.652,2.607,2.431,2.522,1.622,1.53,2.005,1.953,2.167,2.413,2.472,2.405,2.43,2.242,2.667,2.83,2.414,2.425,2.779,2.749,2.073,2.141,2.725,2.78,2.404,2.538,4.046,3.477,2.255,2.639,978.0,832.0,619.0,1033.0,2710.0,2711.0,1939.0,1959.0,355.0,337.0,291.0,255.0,3157.0,3418.0,4529.0,5900.0,3520.0,3749.0,2611.0,2526.0,1139.0,1366.0,6005.0,5960.0,2971.0,3092.0,3578.0,3424.0,2138.0,2032.0,3496.0,3374.0,1877.0,1810.0,656.0,726.0,2021.0,1996.0,826.0,1063.0,1903.0,1826.0,1881.0,1726.0,4886.0,4347.0,1371.0,1224.0,6181.0,6364.0,4106.0,4856.0,732.0,936.0,6316.0,6648.0,10101.0,8889.0,5168.0,5588.0,3767.0,4561.0,4735.0,3585.0,482.0,539.0,537.0,371.0
NDARRP801AX1,2.937,2.705,2.008,1.831,3.014,2.916,2.449,2.395,3.456,3.34,2.847,2.823,2.867,3.055,2.7,2.626,3.016,3.121,3.273,3.407,2.453,2.571,2.585,2.565,3.222,2.93,2.461,2.427,3.191,2.947,3.109,3.21,2.871,2.947,2.958,3.104,3.125,3.125,3.318,3.099,2.971,2.905,2.338,2.317,2.337,2.305,2.556,2.637,2.904,3.127,2.741,2.683,2.077,2.86,2.77,2.802,3.259,3.209,2.379,2.455,2.959,3.19,2.764,2.781,3.557,3.566,2.833,2.788,616.0,839.0,534.0,523.0,2046.0,1618.0,2029.0,1807.0,637.0,694.0,468.0,354.0,2777.0,3410.0,3915.0,5025.0,3346.0,3189.0,2818.0,2529.0,1031.0,947.0,5976.0,6355.0,2404.0,2583.0,3789.0,3402.0,1902.0,2077.0,3373.0,2644.0,1267.0,1342.0,631.0,695.0,1826.0,1526.0,779.0,814.0,1805.0,1500.0,1907.0,1725.0,3945.0,4021.0,1310.0,1211.0,4508.0,5855.0,3386.0,3601.0,300.0,724.0,5792.0,5119.0,7937.0,7925.0,4505.0,5430.0,3616.0,4042.0,4841.0,3610.0,656.0,748.0,660.0,390.0
NDARRP818DWL,2.818,2.794,2.597,2.559,3.036,2.969,2.549,2.327,3.126,3.364,2.757,2.654,2.955,2.931,2.839,2.846,2.891,3.003,3.39,3.412,2.397,2.65,2.455,2.469,2.861,3.012,2.439,2.336,2.429,2.644,3.138,3.167,2.871,3.037,3.013,3.118,3.058,2.975,2.814,2.936,2.713,2.845,2.349,2.166,2.569,2.551,2.58,2.645,2.979,3.028,2.713,2.785,2.785,2.758,2.516,2.561,3.068,3.078,2.608,2.576,3.213,3.072,2.882,2.964,3.522,3.468,3.072,2.878,1271.0,1054.0,960.0,519.0,2760.0,2952.0,1832.0,1784.0,425.0,413.0,426.0,397.0,3108.0,3298.0,5308.0,6197.0,3502.0,3274.0,2438.0,2362.0,916.0,1087.0,5842.0,6480.0,2840.0,2417.0,3608.0,3349.0,1785.0,2205.0,3851.0,3142.0,1948.0,1447.0,648.0,606.0,1451.0,1840.0,815.0,982.0,1677.0,1752.0,1814.0,1700.0,4373.0,4194.0,1023.0,1256.0,4871.0,5115.0,3652.0,4869.0,446.0,1062.0,7017.0,7283.0,8251.0,8466.0,4936.0,5814.0,3948.0,4947.0,4301.0,3884.0,549.0,504.0,580.0,415.0
NDARRR595LRJ,2.932,3.061,3.077,2.734,3.12,3.088,2.213,2.392,3.672,3.835,3.192,3.254,2.948,3.109,2.999,2.944,3.087,3.269,3.426,3.461,2.775,2.453,2.549,2.613,3.008,2.957,2.284,2.441,2.514,2.84,3.242,3.209,2.935,2.831,3.02,3.307,2.946,3.049,3.322,3.295,3.073,2.964,1.989,1.985,2.588,2.546,2.81,2.78,3.056,3.061,2.879,2.816,2.944,3.169,2.928,2.801,3.294,3.273,2.681,2.648,3.295,3.235,3.03,3.082,3.937,4.045,2.849,2.94,1041.0,1005.0,511.0,679.0,2456.0,2990.0,1412.0,1643.0,534.0,420.0,312.0,261.0,3447.0,3542.0,4789.0,5424.0,3478.0,3183.0,2349.0,2347.0,1083.0,1028.0,5781.0,5728.0,3107.0,2932.0,3751.0,3033.0,1900.0,1786.0,3847.0,2851.0,1462.0,1565.0,534.0,656.0,1284.0,1633.0,810.0,898.0,1294.0,1095.0,1887.0,1537.0,4454.0,4486.0,1432.0,1280.0,5232.0,5215.0,4582.0,4544.0,564.0,649.0,6658.0,6374.0,7992.0,7395.0,5952.0,6068.0,3717.0,3668.0,4544.0,4599.0,397.0,373.0,512.0,342.0
NDARRR813CY6,2.92,3.109,2.964,2.871,3.173,3.247,2.406,2.495,3.546,3.457,3.316,3.384,3.227,3.094,3.132,3.092,3.35,3.311,3.444,3.515,2.222,2.517,2.485,2.622,3.138,3.14,2.392,2.362,3.088,3.191,2.95,3.204,2.965,2.778,3.233,3.35,3.311,3.055,3.394,3.515,3.009,2.96,2.125,2.175,2.515,2.561,2.619,2.631,3.01,3.081,3.031,2.982,3.547,3.521,2.958,2.859,3.369,3.451,2.846,2.838,3.022,3.275,3.206,3.12,4.05,4.184,3.157,3.054,883.0,1014.0,533.0,817.0,2514.0,1852.0,1489.0,1436.0,405.0,405.0,308.0,236.0,2725.0,2604.0,4679.0,5476.0,2913.0,3330.0,2397.0,2096.0,1035.0,856.0,4943.0,4700.0,2440.0,2653.0,2971.0,2312.0,1569.0,1841.0,3086.0,3128.0,1267.0,1373.0,565.0,682.0,1628.0,1619.0,625.0,838.0,1584.0,1159.0,1518.0,1198.0,4238.0,3630.0,1364.0,1269.0,4132.0,4499.0,3309.0,3128.0,640.0,685.0,6640.0,5396.0,8086.0,6739.0,4971.0,4785.0,3562.0,3528.0,3037.0,3586.0,436.0,443.0,393.0,296.0
NDARRU290EZV,2.907,2.801,2.776,2.385,2.781,2.859,2.273,2.153,3.258,3.929,2.881,2.997,3.045,3.169,2.898,2.868,3.121,3.017,3.212,3.309,2.574,2.716,2.481,2.419,3.14,3.139,2.393,2.352,2.866,2.832,3.212,3.16,2.985,2.859,2.812,3.043,3.093,3.202,3.481,3.288,2.984,3.017,2.036,2.204,2.912,2.827,2.675,2.577,2.537,2.452,2.82,2.782,3.387,3.177,3.005,2.967,3.143,3.12,2.636,2.74,3.336,3.094,2.927,2.944,3.919,4.023,2.91,2.997,1167.0,992.0,856.0,736.0,2045.0,2608.0,1247.0,1365.0,477.0,353.0,297.0,280.0,2852.0,3473.0,4506.0,5753.0,3522.0,3960.0,2584.0,2352.0,854.0,963.0,4648.0,5171.0,2561.0,2410.0,3160.0,2484.0,1763.0,1698.0,3979.0,3909.0,1369.0,1183.0,661.0,648.0,1649.0,1752.0,650.0,887.0,1849.0,1629.0,1409.0,1072.0,3320.0,3398.0,1219.0,1194.0,5999.0,4522.0,2901.0,3663.0,717.0,887.0,7060.0,8973.0,7869.0,7657.0,4124.0,3905.0,3768.0,4361.0,3276.0,2687.0,478.0,523.0,395.0,312.0
NDARRU729XRU,3.041,3.152,2.364,2.612,3.158,3.096,2.636,2.413,3.747,3.911,3.241,3.137,3.24,3.297,3.109,3.1,2.992,3.101,3.495,3.547,2.607,2.687,2.548,2.555,3.242,3.103,2.666,2.751,3.074,3.167,3.498,3.458,3.169,3.09,3.226,3.356,3.366,3.565,3.219,3.432,3.354,3.416,2.246,2.252,2.702,2.648,2.668,2.826,3.096,3.314,2.989,3.011,3.486,2.985,3.048,3.036,3.49,3.386,2.733,2.872,3.313,3.397,3.192,3.217,3.441,3.62,3.092,3.58,1067.0,863.0,509.0,508.0,1332.0,1800.0,1753.0,1596.0,393.0,363.0,485.0,472.0,3043.0,2758.0,4795.0,5136.0,3550.0,3414.0,2293.0,2252.0,1114.0,852.0,5823.0,5935.0,2644.0,2754.0,2740.0,2554.0,2104.0,1866.0,3473.0,3237.0,1353.0,1735.0,599.0,569.0,1293.0,1516.0,718.0,758.0,1579.0,1408.0,1250.0,1303.0,4073.0,3996.0,1319.0,1121.0,4412.0,4450.0,3983.0,4129.0,431.0,436.0,4767.0,4637.0,7429.0,7125.0,5197.0,4750.0,3478.0,3693.0,4595.0,4264.0,554.0,539.0,553.0,484.0
NDARRU979UBW,2.759,2.827,3.061,2.542,2.971,3.083,2.359,2.237,3.673,3.793,3.472,3.125,3.218,3.096,2.9,2.918,3.148,3.285,3.413,3.266,2.12,2.426,2.61,2.548,3.031,3.052,2.252,2.356,2.637,2.756,3.138,3.097,3.088,2.875,3.087,3.438,2.945,2.914,3.221,3.079,2.894,2.926,1.892,2.056,2.53,2.611,2.725,2.67,2.996,2.999,2.889,2.82,3.064,3.067,2.692,2.653,3.228,3.202,2.694,2.778,3.242,3.029,2.95,2.875,3.767,4.124,2.923,2.854,1264.0,929.0,1045.0,827.0,2673.0,2348.0,1600.0,1667.0,640.0,523.0,338.0,254.0,3889.0,3521.0,4891.0,6181.0,4083.0,4185.0,2906.0,2886.0,1092.0,905.0,5365.0,5572.0,3200.0,3017.0,2762.0,2725.0,1503.0,1815.0,3699.0,3337.0,1301.0,1719.0,613.0,566.0,1515.0,1956.0,883.0,1084.0,1800.0,1886.0,1285.0,1185.0,4262.0,4188.0,1437.0,1735.0,5281.0,5694.0,4058.0,4184.0,798.0,931.0,6778.0,6780.0,8007.0,8922.0,5537.0,5983.0,4156.0,4355.0,5284.0,4076.0,479.0,519.0,497.0,437.0
NDARRV002MA8,3.222,3.135,2.593,2.624,2.89,3.053,2.328,2.329,3.065,2.947,2.878,2.75,3.15,2.951,2.961,3.075,2.91,3.078,3.199,3.472,2.429,2.493,2.493,2.552,3.079,2.826,2.365,2.342,2.793,2.924,3.253,3.126,2.856,2.908,3.188,2.896,3.186,3.183,2.857,3.029,3.061,3.176,2.106,2.088,2.357,2.547,2.731,2.901,3.085,3.119,2.834,2.82,3.087,3.181,2.71,2.788,3.249,3.226,2.667,2.634,3.251,3.249,3.109,3.139,3.247,3.275,2.967,2.97,1051.0,945.0,520.0,539.0,2071.0,1809.0,1475.0,1646.0,487.0,412.0,509.0,355.0,2795.0,3012.0,4890.0,5084.0,3640.0,3873.0,2833.0,2425.0,789.0,788.0,5542.0,5640.0,2301.0,2492.0,3184.0,2763.0,1821.0,1933.0,3343.0,3121.0,1461.0,1846.0,554.0,681.0,1351.0,1402.0,698.0,690.0,1670.0,1495.0,1349.0,1404.0,4352.0,4252.0,1188.0,1104.0,4848.0,4616.0,3715.0,3989.0,398.0,566.0,4727.0,5618.0,7713.0,7780.0,5639.0,5813.0,3605.0,4220.0,3963.0,3920.0,674.0,620.0,437.0,397.0
NDARRV217VTA,2.763,2.883,2.871,2.298,3.141,3.162,2.444,2.327,3.894,3.539,3.322,3.273,3.12,3.241,3.031,3.065,3.218,3.13,3.415,3.069,2.685,2.669,2.602,2.453,3.194,2.991,2.477,2.597,2.845,3.0,3.326,3.265,2.984,3.067,3.453,3.464,2.975,3.16,3.177,3.054,2.919,2.906,2.068,2.059,2.53,2.518,2.659,2.748,3.062,3.096,2.978,2.81,3.103,3.176,2.804,3.002,3.349,3.276,2.736,2.912,3.215,3.25,3.017,3.007,3.938,4.001,2.917,2.929,1127.0,1103.0,655.0,627.0,2587.0,2205.0,1840.0,1705.0,536.0,574.0,305.0,316.0,3915.0,3799.0,5655.0,6335.0,4285.0,3832.0,2622.0,3143.0,1165.0,1450.0,6291.0,6562.0,3414.0,3120.0,3751.0,3560.0,2171.0,2352.0,3863.0,3743.0,1264.0,1436.0,603.0,742.0,1617.0,1691.0,871.0,1058.0,2345.0,1623.0,1965.0,1573.0,4335.0,4121.0,1585.0,1335.0,5105.0,5546.0,4993.0,5066.0,566.0,1056.0,7502.0,7593.0,8491.0,8361.0,7414.0,7485.0,4500.0,5023.0,5067.0,3879.0,548.0,508.0,571.0,424.0
NDARRV688GUX,3.052,2.855,2.417,2.289,2.983,3.033,2.299,2.297,3.632,3.675,3.127,3.27,3.025,3.028,2.887,2.975,3.191,3.215,3.382,3.435,2.518,2.493,2.562,2.616,3.292,3.177,2.352,2.384,2.921,2.709,3.17,3.36,2.598,2.572,3.33,3.503,2.866,2.943,3.128,3.031,2.962,3.042,2.103,2.094,2.444,2.428,2.646,2.69,2.942,2.891,2.717,2.676,3.039,2.849,2.895,2.841,3.105,3.135,2.471,2.584,3.244,3.227,2.904,3.008,4.162,4.271,3.169,3.019,1024.0,997.0,816.0,748.0,2723.0,2659.0,1636.0,1820.0,475.0,498.0,435.0,266.0,3386.0,2950.0,4371.0,5119.0,3942.0,3770.0,2867.0,2432.0,1076.0,947.0,5339.0,5575.0,2667.0,2489.0,3224.0,3190.0,1506.0,1842.0,4008.0,4106.0,1616.0,1809.0,664.0,620.0,1648.0,2254.0,791.0,1030.0,1633.0,1910.0,1650.0,1606.0,5648.0,4688.0,1489.0,1414.0,5942.0,5472.0,4585.0,4712.0,754.0,1031.0,7656.0,7697.0,9279.0,8673.0,7037.0,5767.0,4203.0,4802.0,4012.0,4009.0,452.0,424.0,592.0,377.0
NDARRV837BZQ,2.353,3.106,2.176,2.468,2.524,2.157,2.033,1.945,2.604,2.836,2.254,1.967,2.764,2.793,2.427,2.561,2.432,2.452,2.997,2.612,2.353,2.463,1.902,2.039,2.706,2.57,2.405,2.215,2.332,2.53,2.634,2.535,2.506,2.542,2.712,2.531,2.721,2.697,2.649,2.352,2.24,2.669,2.031,2.062,1.778,1.847,2.184,2.358,2.138,2.264,2.538,2.835,2.744,2.652,2.232,2.434,2.366,2.505,2.124,2.016,2.675,2.665,2.398,2.466,2.25,2.348,2.813,2.154,1061.0,1088.0,592.0,692.0,2121.0,2145.0,1498.0,1697.0,572.0,500.0,322.0,271.0,3786.0,3436.0,4804.0,5787.0,4316.0,3882.0,2791.0,2766.0,1016.0,1099.0,5648.0,5628.0,3094.0,2995.0,3467.0,2594.0,2012.0,2415.0,4462.0,3978.0,1298.0,1208.0,633.0,729.0,1268.0,1505.0,863.0,876.0,1490.0,1377.0,1655.0,1394.0,3885.0,4283.0,1370.0,1386.0,4649.0,4791.0,4533.0,4465.0,732.0,1098.0,6418.0,6211.0,7400.0,6603.0,6587.0,6521.0,3992.0,4725.0,4725.0,4064.0,622.0,538.0,497.0,318.0
NDARRW475MPT,2.496,2.804,2.978,2.707,3.091,3.157,2.345,2.329,3.412,3.763,3.661,4.108,2.978,3.134,2.958,2.816,3.226,3.132,3.538,3.492,2.264,2.514,2.678,2.554,3.296,3.175,2.367,2.5,3.334,3.274,3.17,3.118,2.886,2.914,3.424,3.325,3.168,3.098,3.492,3.345,3.143,2.963,2.108,2.15,2.415,2.496,2.85,2.731,3.21,3.12,2.923,2.831,3.455,3.415,2.936,2.967,3.418,3.448,2.69,2.703,3.171,3.149,2.94,2.932,4.099,4.287,3.098,3.057,970.0,928.0,808.0,633.0,2083.0,2070.0,1343.0,1556.0,470.0,512.0,264.0,242.0,3068.0,2690.0,4493.0,6305.0,3477.0,3603.0,2151.0,2238.0,1019.0,903.0,5076.0,5040.0,2573.0,2381.0,2956.0,2989.0,1646.0,1475.0,3618.0,3184.0,1316.0,1463.0,653.0,697.0,1161.0,1443.0,720.0,927.0,1369.0,1344.0,1487.0,1279.0,3992.0,4044.0,1259.0,1242.0,4966.0,4961.0,4087.0,3715.0,481.0,833.0,6342.0,6131.0,6914.0,7103.0,5450.0,5472.0,3882.0,3915.0,4270.0,4224.0,438.0,517.0,488.0,310.0
NDARRW536ZM2,2.896,3.224,2.905,2.398,3.27,3.32,2.444,2.277,3.885,3.841,3.491,3.481,3.042,3.176,2.917,3.002,3.079,3.043,3.433,3.403,2.666,2.57,2.526,2.596,3.208,3.127,2.325,2.487,2.856,2.754,3.356,3.419,2.65,2.846,2.737,3.041,3.094,3.118,3.228,3.257,3.053,3.082,2.265,2.474,2.528,2.538,2.784,2.827,3.227,3.116,2.767,2.766,3.151,3.413,3.046,3.16,3.383,3.258,2.546,2.686,3.4,3.459,3.04,3.041,3.967,4.419,2.994,3.167,1503.0,810.0,1087.0,931.0,2537.0,2956.0,1901.0,1648.0,368.0,435.0,333.0,282.0,3915.0,3794.0,5881.0,7797.0,4113.0,4274.0,2805.0,2953.0,1505.0,1140.0,5184.0,5859.0,3068.0,2944.0,3432.0,3506.0,2251.0,2098.0,4633.0,4505.0,1471.0,1814.0,806.0,762.0,1606.0,1877.0,770.0,1106.0,1817.0,1576.0,1819.0,1515.0,4457.0,4390.0,1898.0,1428.0,5821.0,5396.0,4258.0,4018.0,951.0,1051.0,7733.0,8254.0,8860.0,8945.0,5651.0,5914.0,4082.0,4720.0,5443.0,4017.0,536.0,515.0,485.0,337.0
NDARRW643DHJ,2.844,3.687,3.08,3.104,3.403,3.437,2.671,2.799,3.433,3.909,3.495,3.667,3.229,3.239,3.222,3.19,3.417,3.091,3.56,3.613,2.593,2.869,2.702,2.891,3.229,3.364,2.868,2.859,3.382,3.15,3.492,3.304,3.183,3.318,3.24,3.143,3.386,3.359,3.4,3.655,3.201,3.087,2.515,2.465,2.887,2.967,3.242,2.915,3.287,3.269,3.231,3.216,3.508,3.477,3.192,3.232,3.612,3.553,3.024,3.037,3.462,3.364,3.334,3.31,4.119,4.457,3.14,3.182,1267.0,986.0,530.0,686.0,2100.0,1878.0,1389.0,1477.0,403.0,371.0,323.0,263.0,2841.0,2682.0,5480.0,5225.0,2973.0,3224.0,2105.0,2328.0,1088.0,1014.0,4846.0,4719.0,2849.0,2386.0,2779.0,2940.0,1917.0,2050.0,3480.0,3289.0,1414.0,1587.0,535.0,610.0,1707.0,1657.0,745.0,867.0,2017.0,1396.0,1627.0,1247.0,3888.0,3720.0,1108.0,1132.0,4533.0,4198.0,4116.0,4465.0,584.0,800.0,6284.0,5737.0,7634.0,6778.0,6125.0,6492.0,3954.0,4141.0,3411.0,3766.0,413.0,477.0,393.0,331.0
NDARRW940BL6,2.781,3.005,3.043,2.823,2.96,3.043,2.482,2.369,2.915,3.06,3.062,2.836,3.062,3.12,3.098,2.995,2.864,2.838,3.38,3.341,2.494,2.542,2.539,2.579,2.948,2.787,2.462,2.452,2.884,3.065,3.168,3.103,3.114,3.12,2.835,3.042,3.093,3.117,3.031,3.056,3.052,2.892,2.182,2.347,2.493,2.554,3.045,2.95,2.916,3.072,2.992,2.912,3.62,3.101,2.921,2.863,3.122,3.114,2.684,2.742,3.196,3.174,3.125,3.001,2.84,2.843,2.812,3.304,1289.0,1209.0,756.0,672.0,1928.0,1902.0,1372.0,1622.0,498.0,365.0,508.0,452.0,2893.0,2786.0,4088.0,5916.0,3301.0,2916.0,2650.0,2177.0,1131.0,953.0,4894.0,4989.0,2851.0,2790.0,3026.0,3227.0,1803.0,1728.0,3876.0,3366.0,1753.0,2150.0,625.0,552.0,1353.0,1544.0,751.0,903.0,1819.0,1561.0,1863.0,1633.0,4779.0,4490.0,1378.0,1362.0,4227.0,4717.0,4420.0,4950.0,381.0,838.0,7083.0,7257.0,7254.0,7743.0,5632.0,6121.0,4694.0,4348.0,5752.0,4706.0,783.0,586.0,539.0,515.0
NDARRX897XV1,2.791,2.866,2.537,2.224,3.179,3.056,2.444,2.215,3.232,3.529,3.154,3.329,3.153,3.159,2.941,2.883,3.145,3.148,3.393,3.512,2.719,2.517,2.535,2.494,3.111,3.091,2.416,2.448,2.926,2.746,3.234,3.098,2.817,2.803,3.201,3.405,3.221,3.116,3.084,3.102,3.039,2.872,2.187,2.433,2.488,2.567,2.796,2.886,3.048,3.115,2.997,2.807,2.913,3.094,2.8,2.73,3.451,3.32,2.546,2.726,3.31,3.152,2.949,2.982,3.855,3.896,2.887,2.923,1276.0,1128.0,795.0,617.0,2056.0,1966.0,1573.0,1566.0,494.0,420.0,299.0,272.0,3089.0,3285.0,5117.0,5454.0,3542.0,3747.0,2363.0,2295.0,990.0,882.0,4839.0,4432.0,2691.0,2874.0,2672.0,3045.0,1876.0,1726.0,4110.0,3512.0,1390.0,1564.0,549.0,689.0,1336.0,1865.0,750.0,1127.0,1742.0,1635.0,1634.0,1642.0,4457.0,4446.0,1300.0,1479.0,4841.0,5249.0,3971.0,4581.0,431.0,799.0,6691.0,7938.0,6742.0,7923.0,6029.0,5715.0,4092.0,3891.0,3763.0,4710.0,496.0,488.0,426.0,371.0
NDARRY126FA5,2.99,3.03,2.435,2.478,2.951,2.922,2.24,2.434,3.751,4.145,3.389,3.255,2.976,2.981,2.903,2.939,3.04,2.951,3.431,3.407,2.329,2.477,2.634,2.669,2.972,2.966,2.471,2.334,1.974,2.215,3.255,3.053,3.087,3.052,2.974,3.077,3.061,2.959,3.194,3.133,3.015,2.81,2.148,2.124,2.56,2.731,2.518,2.38,3.045,3.029,2.703,2.72,2.823,2.71,2.578,2.565,3.059,3.183,2.701,2.655,3.155,3.041,3.0,3.063,4.26,4.171,3.092,2.957,1033.0,991.0,603.0,813.0,2262.0,2415.0,1483.0,1657.0,417.0,297.0,299.0,234.0,2954.0,3518.0,4655.0,5920.0,3377.0,3516.0,2573.0,2272.0,1031.0,944.0,4485.0,4773.0,2663.0,2650.0,2627.0,2643.0,1945.0,1884.0,4187.0,3482.0,1274.0,1343.0,679.0,710.0,1207.0,1554.0,582.0,724.0,1464.0,1019.0,1486.0,1410.0,4181.0,4052.0,1162.0,1161.0,5370.0,4988.0,4098.0,4186.0,683.0,757.0,5821.0,5799.0,6872.0,6571.0,5221.0,5493.0,3578.0,3616.0,4534.0,3689.0,419.0,471.0,404.0,328.0
NDARRY280KNW,3.141,3.372,3.301,2.915,2.955,2.929,2.547,2.467,2.999,3.376,2.875,3.092,3.03,3.139,3.036,3.063,2.945,2.99,3.059,3.272,2.127,2.268,2.51,2.506,3.043,3.109,2.443,2.507,2.788,2.715,3.324,3.338,3.151,3.017,2.821,3.023,3.212,2.862,3.164,3.249,2.986,2.934,2.223,2.302,2.464,2.499,2.842,3.091,3.032,2.931,3.0,2.98,3.056,3.101,2.87,2.763,3.138,3.188,2.716,2.719,3.244,3.361,2.802,3.039,3.628,3.844,2.996,3.098,1131.0,873.0,457.0,515.0,1938.0,2138.0,1325.0,1307.0,420.0,450.0,297.0,308.0,2880.0,3041.0,4526.0,5760.0,2966.0,2985.0,2203.0,1746.0,933.0,896.0,4012.0,4481.0,2145.0,1930.0,2982.0,2612.0,1425.0,1721.0,3372.0,2749.0,1255.0,1510.0,661.0,635.0,1350.0,1332.0,650.0,673.0,1303.0,975.0,1139.0,1109.0,3745.0,3910.0,1045.0,1007.0,4513.0,4522.0,3425.0,3538.0,484.0,601.0,5246.0,4933.0,6623.0,6442.0,5390.0,5158.0,3265.0,3450.0,4512.0,3706.0,496.0,547.0,454.0,308.0
NDARRZ145TFN,3.081,3.337,2.421,2.589,3.117,3.023,2.621,2.512,4.003,4.04,3.132,3.13,3.325,3.13,3.058,3.13,3.141,3.111,3.47,3.373,2.624,2.772,2.635,2.747,3.119,3.113,2.714,2.687,2.937,3.142,3.497,3.33,2.98,2.796,3.468,3.147,3.185,3.139,3.305,3.501,3.006,3.136,2.346,2.348,2.674,2.666,2.691,2.602,2.969,2.982,2.97,2.921,3.359,3.407,2.906,2.846,3.21,3.162,2.848,2.818,3.445,3.285,3.041,3.123,4.018,4.185,3.164,3.512,1123.0,1026.0,741.0,832.0,2911.0,2468.0,1353.0,1582.0,383.0,322.0,315.0,253.0,3335.0,3088.0,4784.0,6039.0,3303.0,4154.0,2675.0,2537.0,1207.0,942.0,5365.0,5320.0,3036.0,2957.0,3416.0,2928.0,2161.0,2231.0,4242.0,4671.0,1368.0,1599.0,638.0,649.0,1405.0,1591.0,749.0,943.0,1412.0,1205.0,1643.0,1374.0,4459.0,4173.0,1409.0,1296.0,5343.0,4986.0,4368.0,4608.0,681.0,850.0,7265.0,6788.0,8341.0,7806.0,6648.0,6568.0,4405.0,4661.0,5158.0,3888.0,444.0,438.0,469.0,335.0
NDARRZ199KNG,2.41,2.67,2.776,2.5,2.686,2.634,1.742,1.835,3.114,3.063,2.775,2.812,2.787,2.659,2.551,2.526,2.918,2.863,3.023,2.86,2.056,2.344,2.137,2.19,2.875,2.703,2.07,2.058,2.533,2.563,3.047,3.075,2.391,2.503,2.394,2.31,2.652,2.649,2.845,2.827,2.436,2.499,1.849,1.738,2.134,2.079,2.38,2.477,2.705,2.736,2.357,2.421,2.768,2.875,2.558,2.598,2.94,2.851,2.294,2.283,2.84,2.752,2.634,2.649,4.16,3.909,2.686,2.444,1063.0,847.0,421.0,705.0,1927.0,1847.0,1262.0,1379.0,299.0,327.0,274.0,212.0,3126.0,2852.0,4778.0,4786.0,2848.0,2930.0,2093.0,2157.0,1054.0,938.0,4355.0,4598.0,2261.0,2137.0,3055.0,2775.0,1510.0,1717.0,3258.0,3433.0,1159.0,1313.0,599.0,510.0,1327.0,1694.0,594.0,768.0,1464.0,1346.0,1527.0,1344.0,3304.0,3311.0,1231.0,997.0,4021.0,3894.0,3454.0,3399.0,528.0,641.0,4980.0,4821.0,6376.0,5677.0,4700.0,4947.0,3473.0,3621.0,3693.0,3204.0,348.0,385.0,347.0,302.0
NDARRZ653HKY,2.568,2.729,2.541,2.847,2.924,2.654,1.998,2.224,3.457,3.814,2.782,2.777,2.927,2.761,2.675,2.64,2.879,2.884,3.263,3.092,2.376,2.415,2.342,2.416,2.897,2.937,2.402,2.274,2.903,2.735,2.843,3.058,2.534,2.633,2.831,2.551,2.743,2.69,2.773,2.807,2.634,2.679,2.006,1.98,2.178,2.158,2.525,2.596,2.636,2.697,2.472,2.562,3.299,2.959,2.57,2.669,3.041,2.934,2.43,2.428,2.981,2.734,2.878,2.694,3.369,3.489,2.692,2.799,810.0,837.0,498.0,641.0,1780.0,2020.0,1749.0,1917.0,361.0,277.0,330.0,251.0,2627.0,2864.0,4839.0,5667.0,3052.0,3187.0,2028.0,2248.0,1098.0,1091.0,5485.0,5677.0,2578.0,2398.0,3363.0,3324.0,1862.0,1999.0,2789.0,2842.0,1349.0,1436.0,535.0,566.0,1355.0,1843.0,759.0,834.0,1721.0,1560.0,1975.0,1837.0,4050.0,3993.0,1229.0,1320.0,4519.0,4577.0,4360.0,4459.0,495.0,911.0,5510.0,5020.0,6269.0,5707.0,5579.0,6695.0,3504.0,3430.0,3373.0,3584.0,423.0,407.0,447.0,360.0
NDARRZ927VC3,3.029,3.32,2.339,2.364,3.026,3.011,2.391,2.435,3.256,3.144,2.799,2.77,3.106,3.142,3.011,2.892,2.879,2.932,3.659,3.728,2.386,2.431,2.42,2.374,3.207,3.027,2.331,2.44,3.036,2.786,3.17,3.27,3.149,3.007,3.117,3.707,3.292,3.325,3.346,3.086,2.928,2.954,2.178,2.194,2.494,2.384,2.525,2.687,2.978,3.072,2.962,2.893,2.947,3.225,2.748,2.801,3.269,3.132,2.6,2.659,3.103,3.35,3.035,2.949,3.447,2.918,3.307,2.793,1237.0,811.0,449.0,731.0,1855.0,1668.0,1550.0,1573.0,526.0,356.0,478.0,434.0,2506.0,2771.0,4731.0,5466.0,2641.0,3084.0,1961.0,1644.0,907.0,863.0,4394.0,5087.0,2045.0,1973.0,3423.0,2944.0,1734.0,1549.0,3302.0,2907.0,1354.0,1341.0,609.0,565.0,1034.0,1197.0,565.0,823.0,1219.0,1087.0,1412.0,1366.0,3810.0,3480.0,989.0,1028.0,4818.0,4747.0,3440.0,3652.0,429.0,480.0,4822.0,5046.0,6632.0,6372.0,4740.0,4900.0,3004.0,2903.0,3612.0,3105.0,592.0,478.0,383.0,344.0
NDARRZ940HX6,2.79,3.261,2.666,2.663,3.199,3.172,2.532,2.473,3.517,3.983,3.426,2.974,3.209,3.035,2.98,3.177,3.139,3.155,3.543,3.422,2.664,2.606,2.623,2.757,3.116,3.132,2.583,2.45,2.792,3.076,3.278,3.326,2.969,2.972,3.506,3.43,3.148,3.096,3.346,3.423,3.147,2.948,2.196,2.278,2.529,2.502,2.749,2.8,2.977,3.016,2.959,3.022,3.445,3.287,3.057,2.812,3.3,3.348,2.936,2.851,3.49,3.381,3.079,3.21,3.715,4.182,2.945,3.253,1034.0,892.0,608.0,727.0,1966.0,2615.0,1400.0,1638.0,457.0,462.0,317.0,212.0,2907.0,2969.0,4393.0,5275.0,3303.0,2966.0,2233.0,2284.0,1016.0,920.0,4387.0,4611.0,2716.0,2687.0,2853.0,2688.0,1606.0,1946.0,3253.0,3004.0,1539.0,1838.0,642.0,667.0,1301.0,1539.0,837.0,917.0,1595.0,1541.0,1678.0,1378.0,4108.0,3784.0,1481.0,1417.0,4857.0,5223.0,3609.0,3517.0,617.0,813.0,5720.0,6179.0,7801.0,7614.0,5029.0,5002.0,3634.0,4444.0,4626.0,3716.0,485.0,435.0,473.0,350.0
NDARTB203DU7,2.8,3.259,2.575,2.701,2.81,2.883,2.392,2.388,3.503,3.933,3.644,3.474,3.109,3.101,3.002,2.929,3.14,3.085,3.446,3.373,2.407,2.443,2.424,2.447,3.179,3.183,2.367,2.726,3.016,2.892,3.235,3.173,3.237,3.057,3.13,3.354,3.042,3.121,3.136,3.484,3.248,3.241,2.191,2.318,2.553,2.476,2.59,2.811,2.925,2.958,3.074,2.893,3.419,3.361,2.955,3.005,3.387,3.244,2.659,2.728,3.249,3.282,3.054,2.993,4.164,4.356,3.161,3.159,1190.0,994.0,477.0,741.0,2085.0,1791.0,1235.0,1291.0,462.0,385.0,257.0,247.0,2724.0,2926.0,4492.0,5566.0,3019.0,3458.0,2190.0,2203.0,1133.0,959.0,4470.0,4304.0,2525.0,2696.0,2464.0,2385.0,1701.0,1669.0,3393.0,2997.0,1189.0,1238.0,652.0,636.0,1224.0,1422.0,632.0,681.0,1290.0,1163.0,1180.0,1028.0,3931.0,3687.0,1108.0,1155.0,4331.0,4335.0,3775.0,4141.0,520.0,705.0,5486.0,5368.0,6576.0,6015.0,5792.0,5554.0,3552.0,3952.0,3898.0,3915.0,473.0,422.0,444.0,304.0
NDARTB661TVR,3.012,3.156,2.833,2.655,3.049,2.948,2.256,2.212,3.652,3.625,2.926,3.116,3.083,3.095,2.955,2.903,3.027,2.887,3.236,3.31,2.412,2.53,2.55,2.639,3.061,3.042,2.474,2.627,3.012,2.687,3.287,3.214,2.844,2.804,3.378,3.479,3.173,2.925,3.141,3.12,2.963,2.957,2.026,2.088,2.416,2.494,2.617,2.776,3.011,2.911,2.827,2.733,3.317,3.578,2.779,2.729,3.227,3.166,2.537,2.614,3.317,3.236,2.973,2.987,4.241,3.869,3.205,3.079,1183.0,789.0,630.0,777.0,2340.0,2189.0,1323.0,1325.0,412.0,424.0,324.0,255.0,3220.0,3178.0,4113.0,5107.0,3532.0,3539.0,2530.0,2286.0,1057.0,982.0,4348.0,4631.0,2819.0,2917.0,2844.0,2742.0,1663.0,1771.0,3346.0,3033.0,1356.0,1349.0,695.0,759.0,1206.0,1610.0,678.0,867.0,1473.0,1304.0,1241.0,1179.0,3597.0,4125.0,1163.0,1069.0,4664.0,5122.0,4173.0,4629.0,667.0,765.0,6332.0,5865.0,7265.0,6802.0,5578.0,5837.0,3269.0,3790.0,4711.0,3732.0,408.0,450.0,394.0,316.0
NDARTB755MF5,2.739,3.004,2.502,2.462,2.962,2.889,2.461,2.383,3.439,3.218,2.818,3.299,2.912,2.973,2.86,2.815,2.997,2.965,3.106,3.28,2.331,2.571,2.569,2.55,2.922,2.919,2.488,2.516,2.743,2.744,3.071,3.21,3.098,3.046,2.726,3.411,3.151,3.076,3.136,2.829,3.072,2.936,2.112,2.097,2.697,2.517,2.764,2.766,2.878,3.078,2.918,2.847,3.101,3.185,2.832,2.91,3.15,3.127,2.519,2.528,3.246,3.108,2.976,2.923,3.597,3.54,3.015,2.907,1148.0,1230.0,636.0,713.0,2332.0,2445.0,1647.0,1893.0,477.0,462.0,436.0,331.0,2978.0,3420.0,5105.0,6276.0,3569.0,3565.0,2533.0,2476.0,1127.0,892.0,6048.0,5815.0,2622.0,2490.0,3572.0,2991.0,2024.0,2126.0,3886.0,3085.0,1405.0,1740.0,625.0,470.0,1285.0,1899.0,821.0,970.0,1393.0,1726.0,1727.0,1488.0,5235.0,3983.0,1288.0,1244.0,5654.0,5039.0,4440.0,4423.0,578.0,841.0,7047.0,6795.0,7618.0,8061.0,6692.0,6434.0,4031.0,4547.0,4435.0,4313.0,585.0,500.0,544.0,405.0
NDARTC177RN5,3.034,3.26,2.942,2.658,3.205,2.94,2.459,2.424,3.778,3.786,3.417,3.42,2.976,3.249,2.961,2.831,3.207,3.181,3.419,3.46,2.823,2.516,2.563,2.634,3.305,3.288,2.512,2.722,3.21,3.15,3.245,3.505,3.067,2.987,2.904,3.01,3.079,3.117,3.624,3.353,3.027,3.178,2.401,2.354,2.595,2.445,2.86,2.634,2.904,2.987,3.022,2.939,3.245,3.331,3.053,3.022,3.471,3.363,2.554,2.757,3.237,3.256,3.115,2.915,3.81,4.167,3.199,2.69,1109.0,1002.0,808.0,742.0,2697.0,2196.0,1392.0,1579.0,436.0,404.0,329.0,273.0,3421.0,2683.0,4258.0,5683.0,3454.0,3648.0,2682.0,2318.0,1030.0,900.0,5241.0,5197.0,2730.0,2590.0,3377.0,3067.0,1721.0,2064.0,4202.0,3664.0,1467.0,1634.0,555.0,521.0,1714.0,1953.0,722.0,1021.0,1716.0,1700.0,1454.0,1082.0,4378.0,3840.0,1301.0,1256.0,4214.0,4925.0,3996.0,4169.0,601.0,910.0,6446.0,6196.0,7432.0,8171.0,5935.0,5350.0,4030.0,4336.0,4709.0,4438.0,499.0,420.0,462.0,372.0
NDARTC227AXA,2.99,2.622,3.155,2.931,3.054,3.046,2.95,2.486,3.533,3.621,3.409,3.455,3.175,3.208,3.101,3.093,3.28,3.311,3.356,3.352,2.434,2.551,2.724,2.675,3.275,3.189,2.672,2.673,2.93,3.104,3.101,3.472,3.097,2.988,3.2,3.384,3.389,3.332,3.466,3.549,3.057,3.371,2.278,2.527,2.819,2.719,2.804,2.824,3.05,3.096,3.143,3.062,3.514,3.341,3.054,3.01,3.396,3.368,2.901,2.963,3.431,3.356,3.292,3.19,3.761,4.075,2.963,3.114,1194.0,819.0,947.0,990.0,2397.0,2536.0,1791.0,1950.0,724.0,647.0,377.0,293.0,4407.0,3901.0,5161.0,5910.0,4967.0,4231.0,3276.0,3114.0,1311.0,1315.0,6437.0,7422.0,3409.0,3508.0,3031.0,3378.0,1942.0,2257.0,4365.0,3554.0,1800.0,1711.0,751.0,723.0,1599.0,2063.0,1011.0,1312.0,2209.0,1844.0,1576.0,1785.0,4641.0,4758.0,1925.0,1530.0,5645.0,5743.0,5299.0,5396.0,682.0,1166.0,9156.0,8716.0,9462.0,8602.0,7279.0,7670.0,4836.0,5031.0,6089.0,5358.0,500.0,649.0,522.0,447.0
NDARTD290AY0,2.883,3.141,3.24,2.684,3.149,3.231,2.475,2.259,3.717,3.886,3.305,3.796,3.273,3.227,3.015,2.808,3.142,3.09,3.201,3.291,2.485,2.553,2.624,2.567,3.102,3.055,2.586,2.621,3.02,2.949,3.217,3.312,2.816,2.924,3.406,3.711,3.152,3.112,3.567,3.394,3.156,3.111,2.048,2.182,2.384,2.329,2.604,2.737,3.022,2.972,2.841,2.775,3.112,3.557,2.936,2.98,3.41,3.431,2.641,2.641,3.207,3.259,2.863,2.714,4.161,4.138,3.067,3.182,1373.0,1263.0,638.0,713.0,2590.0,2586.0,1696.0,1665.0,521.0,388.0,279.0,316.0,3331.0,3471.0,5373.0,5707.0,3079.0,3453.0,2661.0,2508.0,902.0,882.0,5327.0,5615.0,2925.0,2690.0,2936.0,2685.0,1683.0,2072.0,3857.0,3545.0,1436.0,1624.0,567.0,643.0,1255.0,1869.0,685.0,922.0,1613.0,1347.0,1518.0,1396.0,4402.0,4559.0,1494.0,1250.0,4826.0,4956.0,4252.0,4313.0,558.0,844.0,5953.0,6262.0,6752.0,7055.0,4793.0,5265.0,4271.0,4306.0,3508.0,3278.0,440.0,400.0,464.0,344.0
NDARTE424BUF,2.935,3.069,2.546,2.758,3.073,2.866,2.524,2.443,3.143,3.146,2.699,2.843,2.911,3.04,3.032,2.872,2.942,2.941,3.333,3.353,2.515,2.577,2.531,2.511,3.099,2.704,2.463,2.549,3.022,2.855,3.213,3.047,3.234,3.056,2.8,2.795,2.802,3.212,3.113,3.028,2.829,3.08,2.22,2.443,2.442,2.464,2.697,2.971,2.942,2.975,2.998,2.867,3.04,3.071,2.634,2.873,3.082,3.066,2.698,2.81,3.038,3.118,3.061,2.813,3.26,3.258,3.109,2.833,1088.0,1060.0,562.0,843.0,2855.0,3359.0,1701.0,1705.0,567.0,495.0,544.0,452.0,2466.0,2942.0,4611.0,5308.0,3573.0,3175.0,2645.0,2468.0,1052.0,885.0,5989.0,6081.0,2929.0,3112.0,3728.0,3694.0,2135.0,2403.0,3571.0,3443.0,1660.0,1807.0,555.0,613.0,2074.0,2485.0,718.0,979.0,1744.0,1429.0,1720.0,1660.0,4797.0,4582.0,1258.0,1453.0,5212.0,5213.0,4666.0,4871.0,652.0,924.0,6407.0,6048.0,10153.0,8673.0,6150.0,6041.0,4204.0,4367.0,4632.0,4497.0,600.0,512.0,535.0,478.0
NDARTE432ZRH,2.939,2.971,2.578,2.857,3.268,3.281,2.491,2.483,3.389,3.362,3.308,3.348,3.186,3.092,2.977,3.102,3.102,3.098,3.402,3.497,2.534,2.332,2.614,2.625,3.252,3.127,2.434,2.4,2.949,3.005,3.396,3.321,3.259,2.897,3.246,3.412,3.281,3.233,3.683,3.343,3.346,3.305,2.22,2.363,2.555,2.527,2.782,2.929,3.131,3.336,2.866,2.955,3.045,2.77,2.93,3.052,3.508,3.248,2.639,2.742,3.26,3.289,3.069,3.137,3.358,3.793,3.319,2.757,1102.0,742.0,492.0,678.0,2083.0,2205.0,2085.0,1779.0,536.0,566.0,518.0,441.0,2873.0,2794.0,5032.0,5425.0,3589.0,3891.0,2477.0,2152.0,1100.0,929.0,5141.0,6478.0,2315.0,2437.0,2868.0,2610.0,2210.0,2050.0,3642.0,3621.0,1357.0,1729.0,500.0,568.0,1194.0,1357.0,656.0,827.0,1397.0,1396.0,2068.0,1790.0,3822.0,4065.0,1342.0,1139.0,4685.0,4485.0,4715.0,4371.0,553.0,515.0,6397.0,6635.0,7868.0,7563.0,5330.0,6030.0,3600.0,4419.0,3858.0,3309.0,684.0,853.0,557.0,453.0
NDARTE553VC1,2.744,2.694,2.654,2.383,2.912,2.922,2.569,2.421,3.485,3.97,2.971,3.332,3.125,3.087,2.815,2.819,2.942,3.06,3.394,3.147,2.603,2.663,2.511,2.432,3.259,2.871,2.455,2.62,2.597,2.441,3.079,3.036,2.843,2.9,2.879,3.1,2.871,2.987,3.082,3.021,2.899,2.733,2.085,2.229,2.566,2.587,2.804,2.788,2.783,2.961,2.844,2.854,3.117,2.946,2.677,2.695,3.113,2.989,2.587,2.655,3.241,3.208,3.007,2.991,3.796,3.976,3.043,2.795,1136.0,1096.0,1048.0,884.0,2818.0,2670.0,1588.0,1851.0,618.0,394.0,318.0,290.0,3601.0,3622.0,5282.0,5800.0,4724.0,4598.0,3371.0,3092.0,1432.0,1240.0,5568.0,6712.0,3359.0,3457.0,3430.0,2938.0,1826.0,2052.0,4935.0,4273.0,1544.0,1996.0,873.0,803.0,1846.0,2755.0,995.0,1072.0,1775.0,2050.0,1895.0,1633.0,4472.0,4803.0,1376.0,1655.0,6078.0,5919.0,4573.0,4593.0,803.0,1153.0,8246.0,8356.0,8503.0,10518.0,6085.0,6654.0,5083.0,5038.0,5632.0,5082.0,542.0,529.0,489.0,446.0
NDARTF566PYH,3.034,2.955,2.989,2.88,2.951,3.085,2.337,2.48,2.764,3.535,2.559,2.865,3.109,3.065,2.896,2.938,2.77,2.881,3.266,3.231,2.672,2.417,2.475,2.623,3.003,2.786,2.528,2.465,2.891,2.95,3.271,3.235,3.215,3.162,2.64,2.774,3.081,3.056,3.361,3.043,3.192,3.137,2.166,2.265,2.595,2.584,3.231,2.902,2.914,2.847,2.929,2.937,3.304,3.452,2.873,2.84,3.09,3.123,2.778,2.851,3.227,3.148,2.906,3.064,3.226,3.499,2.901,3.064,1206.0,999.0,574.0,699.0,2343.0,2119.0,1503.0,1833.0,413.0,395.0,472.0,391.0,3440.0,3470.0,4695.0,6475.0,3599.0,3414.0,2687.0,2583.0,1124.0,1020.0,5012.0,5416.0,2674.0,2929.0,3460.0,3058.0,1944.0,2175.0,3573.0,3333.0,1294.0,1578.0,665.0,614.0,1641.0,1624.0,862.0,1013.0,1844.0,1526.0,1928.0,1570.0,4423.0,4062.0,1008.0,1143.0,5932.0,5251.0,4573.0,4554.0,578.0,636.0,5738.0,6113.0,8623.0,7995.0,4991.0,5168.0,4090.0,4606.0,4803.0,3423.0,563.0,509.0,566.0,416.0
NDARTF776EYR,2.873,3.363,3.22,2.825,3.263,3.301,2.529,2.569,3.976,4.039,3.316,3.231,3.189,3.165,3.066,3.111,3.355,3.392,3.635,3.431,2.579,2.597,2.552,2.693,3.322,3.245,2.686,2.488,3.014,2.98,3.429,3.52,3.285,3.19,3.205,3.4,3.401,3.254,3.533,3.507,3.327,3.28,2.21,2.289,2.745,2.805,2.86,3.28,3.079,3.046,3.045,3.014,3.417,3.495,3.088,3.205,3.594,3.488,2.9,2.822,3.2,3.27,3.15,3.181,4.017,4.288,3.057,3.034,781.0,860.0,559.0,719.0,2434.0,2711.0,1454.0,1615.0,446.0,313.0,301.0,288.0,3023.0,2787.0,4472.0,5179.0,2866.0,3067.0,2260.0,2444.0,1076.0,1000.0,5500.0,4972.0,2344.0,2211.0,2696.0,2971.0,1564.0,1743.0,3177.0,3020.0,1605.0,1591.0,652.0,667.0,1392.0,1829.0,644.0,625.0,1753.0,1371.0,1449.0,1240.0,4712.0,4883.0,1324.0,1321.0,4682.0,4850.0,4576.0,4727.0,635.0,780.0,5425.0,5218.0,7631.0,7013.0,6341.0,6327.0,3812.0,3702.0,4115.0,4662.0,500.0,363.0,406.0,412.0
NDARTF781TM8,2.991,3.018,2.671,2.763,3.315,3.456,2.672,2.59,3.623,3.94,3.45,3.779,3.299,3.09,2.939,3.014,3.365,3.267,3.653,3.883,2.427,2.515,2.775,2.859,3.191,3.227,2.529,2.512,3.052,3.209,3.573,3.183,2.91,3.042,3.261,3.1,3.423,3.399,3.216,3.49,3.324,3.489,2.366,2.49,2.564,2.716,2.728,2.719,3.294,3.122,2.903,2.878,3.333,3.469,3.217,3.211,3.611,3.557,2.824,2.74,3.548,3.377,3.078,3.283,3.658,4.551,3.079,3.122,1340.0,762.0,826.0,880.0,2405.0,2403.0,1407.0,1537.0,426.0,334.0,295.0,306.0,3135.0,3857.0,4820.0,5142.0,3632.0,3416.0,2751.0,2351.0,1111.0,1025.0,5144.0,5381.0,3240.0,3278.0,3239.0,2702.0,2400.0,2253.0,3930.0,3337.0,1731.0,1977.0,741.0,854.0,1449.0,2023.0,847.0,1023.0,1718.0,1712.0,1654.0,1193.0,4602.0,5603.0,1511.0,1339.0,5729.0,5210.0,5141.0,5627.0,882.0,864.0,6952.0,8195.0,9414.0,9357.0,6247.0,6530.0,4516.0,4637.0,6024.0,5100.0,402.0,483.0,630.0,471.0
NDARTF833WXB,2.842,3.254,2.711,2.725,2.973,2.915,2.386,2.347,3.423,3.501,3.018,3.338,2.945,2.916,2.826,2.862,3.084,3.079,3.379,3.362,2.35,2.636,2.439,2.576,2.996,3.05,2.365,2.406,2.683,2.889,3.336,3.097,2.605,2.713,2.872,2.96,3.05,3.091,3.051,3.025,2.91,2.866,1.926,2.023,2.391,2.606,2.648,2.581,2.886,2.778,2.78,2.768,3.002,3.17,2.784,2.843,3.088,3.088,2.641,2.625,3.292,3.16,2.809,3.041,3.873,4.182,2.79,3.025,1099.0,835.0,1039.0,716.0,2570.0,2872.0,1562.0,1920.0,462.0,376.0,327.0,285.0,3272.0,3365.0,4926.0,5670.0,2946.0,3687.0,2385.0,2263.0,1432.0,986.0,5396.0,5793.0,2832.0,2636.0,3024.0,3258.0,1832.0,2011.0,3962.0,3501.0,1416.0,1684.0,558.0,633.0,1713.0,1817.0,782.0,902.0,2263.0,1858.0,1653.0,1438.0,3762.0,3935.0,1105.0,1585.0,4665.0,4941.0,4386.0,5070.0,758.0,836.0,7450.0,7561.0,8804.0,8811.0,5665.0,6335.0,4319.0,4593.0,4907.0,3607.0,489.0,455.0,519.0,429.0
NDARTG937LDA,3.38,3.076,2.436,2.612,3.253,3.103,2.34,2.336,3.03,2.927,2.867,3.004,3.09,3.047,3.009,3.063,2.886,2.883,3.555,3.481,2.913,2.923,2.573,2.611,3.15,2.845,2.638,2.654,2.744,2.803,3.202,3.312,2.891,2.917,3.397,3.275,3.28,3.248,3.233,3.207,2.829,2.993,2.197,2.219,2.451,2.563,2.838,2.847,2.996,2.918,2.753,2.839,2.686,3.036,2.827,2.834,3.223,3.165,2.517,2.535,3.447,3.197,2.884,2.936,2.856,3.878,2.834,2.785,1032.0,819.0,445.0,472.0,1687.0,1725.0,1219.0,1427.0,554.0,392.0,497.0,427.0,3298.0,3538.0,4447.0,5108.0,3527.0,2952.0,1913.0,1835.0,793.0,793.0,5138.0,4514.0,2022.0,2305.0,2749.0,2615.0,1960.0,1752.0,3092.0,2369.0,1373.0,1433.0,480.0,654.0,1422.0,1273.0,608.0,743.0,1248.0,943.0,1348.0,1089.0,4210.0,4007.0,982.0,924.0,4293.0,4610.0,4302.0,4548.0,320.0,624.0,5142.0,4989.0,6941.0,6346.0,6066.0,5781.0,3261.0,3438.0,4117.0,3918.0,536.0,620.0,590.0,365.0
NDARTH610GMK,2.949,3.023,3.214,3.09,2.894,2.903,2.248,2.282,3.361,3.746,2.942,3.271,2.952,3.121,2.871,2.933,3.172,3.191,3.303,3.2,2.761,2.542,2.454,2.567,3.007,2.939,2.148,2.191,2.769,2.903,3.246,3.174,2.818,2.879,3.008,2.839,2.784,2.935,3.039,3.061,2.764,2.866,1.655,1.686,2.364,2.406,2.611,2.908,2.764,2.752,2.814,2.808,3.275,3.352,2.683,2.793,3.104,3.041,2.524,2.496,3.131,2.986,2.86,2.991,3.768,3.828,2.666,2.851,1072.0,784.0,662.0,635.0,1940.0,1962.0,1274.0,1574.0,476.0,487.0,348.0,328.0,3377.0,3228.0,5216.0,5774.0,3702.0,3671.0,2322.0,2322.0,920.0,812.0,4555.0,5087.0,2894.0,2688.0,2472.0,2628.0,1972.0,2095.0,3979.0,3681.0,1311.0,1575.0,712.0,773.0,1308.0,1388.0,790.0,859.0,1619.0,1406.0,1200.0,1258.0,4127.0,3957.0,1073.0,1097.0,4854.0,4738.0,3542.0,3636.0,479.0,850.0,6394.0,6586.0,7609.0,7808.0,4730.0,4972.0,3755.0,4049.0,3627.0,3767.0,498.0,494.0,430.0,332.0
NDARTJ433TB5,3.138,3.272,3.334,2.734,3.106,3.155,2.331,2.256,3.818,3.568,3.619,3.332,3.181,3.214,3.151,3.16,3.207,3.212,3.524,3.137,2.714,2.846,2.708,2.665,3.125,3.198,2.549,2.59,3.045,3.158,3.371,3.333,3.178,3.01,3.478,3.741,3.25,3.127,3.602,3.357,3.091,3.081,2.256,2.343,2.786,2.667,2.971,3.012,3.15,3.131,3.035,2.976,3.525,3.087,2.936,2.942,3.316,3.246,2.746,2.852,3.507,3.436,3.103,3.078,4.652,4.332,3.243,3.025,1088.0,913.0,589.0,568.0,2047.0,1760.0,1387.0,1386.0,424.0,406.0,301.0,241.0,3290.0,3080.0,4825.0,6031.0,2819.0,2922.0,2206.0,2659.0,946.0,849.0,4956.0,4496.0,2424.0,2221.0,2605.0,2497.0,1660.0,1802.0,3282.0,3261.0,1370.0,1555.0,595.0,593.0,1083.0,1293.0,665.0,757.0,1259.0,1038.0,1325.0,1273.0,4000.0,3437.0,1034.0,1297.0,4385.0,5095.0,3389.0,3669.0,443.0,846.0,6440.0,6070.0,7879.0,7858.0,5343.0,4935.0,4093.0,4223.0,3597.0,3356.0,376.0,380.0,469.0,313.0
NDARTJ522CPQ,2.689,2.891,2.773,2.659,2.956,2.795,2.113,2.401,3.064,2.886,2.858,2.564,2.962,3.022,2.717,2.812,2.93,2.856,3.179,3.317,2.63,2.508,2.25,2.404,2.949,2.821,2.257,2.267,2.831,2.825,2.983,2.954,2.788,2.793,3.28,3.262,2.931,3.128,2.562,2.628,2.7,2.657,2.108,1.978,2.481,2.639,2.736,2.946,2.425,3.013,2.754,2.727,3.179,3.2,2.678,2.773,3.175,2.913,2.524,2.566,2.99,3.038,2.868,2.911,2.85,2.912,2.595,2.717,1152.0,592.0,672.0,875.0,1440.0,3133.0,1936.0,1914.0,752.0,542.0,595.0,503.0,4258.0,3469.0,5234.0,6192.0,4378.0,4001.0,3214.0,2656.0,1209.0,1048.0,5825.0,6319.0,2937.0,3290.0,4103.0,3998.0,2422.0,2492.0,3541.0,3650.0,1540.0,1367.0,740.0,729.0,1846.0,1658.0,891.0,891.0,1438.0,1565.0,2320.0,1956.0,6135.0,3260.0,1325.0,1360.0,6943.0,5720.0,5608.0,4810.0,473.0,713.0,6801.0,6179.0,7992.0,9529.0,5737.0,7177.0,4029.0,4642.0,5307.0,3214.0,764.0,793.0,721.0,524.0
NDARTJ862ENU,2.695,2.755,2.551,2.396,2.998,2.995,2.434,2.389,4.194,3.988,3.046,3.206,3.18,3.092,2.88,2.787,3.234,3.172,3.363,3.346,2.463,2.433,2.628,2.681,3.113,3.047,2.325,2.435,2.731,2.336,3.171,3.106,2.656,2.7,3.108,3.223,2.868,2.941,2.994,3.102,2.865,2.981,2.084,2.145,2.466,2.37,2.524,2.622,2.933,3.017,2.609,2.62,3.007,3.286,2.591,2.723,3.069,2.979,2.497,2.663,3.297,3.214,2.875,2.876,3.997,3.744,3.161,3.262,925.0,906.0,680.0,818.0,2537.0,2050.0,2011.0,2044.0,367.0,371.0,292.0,282.0,3255.0,3200.0,4065.0,5729.0,4108.0,4489.0,2625.0,2465.0,1113.0,883.0,4821.0,5300.0,3161.0,2965.0,3441.0,3379.0,2054.0,2048.0,4066.0,3647.0,1419.0,1511.0,696.0,871.0,1356.0,1615.0,738.0,897.0,1600.0,1691.0,2303.0,1933.0,4443.0,4038.0,1113.0,1335.0,5604.0,5783.0,4620.0,4774.0,750.0,952.0,7536.0,6411.0,8083.0,8363.0,6314.0,6139.0,4245.0,4819.0,4721.0,4263.0,511.0,530.0,513.0,373.0
NDARTK185PBH,2.807,3.261,3.034,2.57,2.936,2.982,2.31,2.184,3.119,2.947,3.26,2.758,2.975,2.908,2.812,2.861,3.258,3.1,3.13,3.179,2.414,2.531,2.451,2.529,2.956,3.036,2.404,2.317,2.827,2.672,3.314,3.137,2.649,2.717,2.763,3.068,3.085,3.028,3.109,3.121,2.906,2.853,2.0,1.883,2.478,2.424,2.748,2.791,2.855,2.831,2.61,2.674,2.895,2.939,2.794,2.79,3.049,3.068,2.52,2.485,3.227,3.114,2.86,2.993,3.591,3.741,3.032,2.98,1243.0,1348.0,1005.0,886.0,2643.0,2420.0,1617.0,1864.0,620.0,478.0,392.0,276.0,3768.0,3829.0,6087.0,6736.0,4090.0,4169.0,2598.0,2456.0,1487.0,1237.0,6260.0,5701.0,3169.0,3033.0,4084.0,4115.0,1963.0,2228.0,4442.0,4313.0,1806.0,1752.0,762.0,781.0,1424.0,1696.0,735.0,1050.0,1921.0,1268.0,1907.0,1757.0,4861.0,4213.0,1429.0,1381.0,4675.0,5618.0,4271.0,4356.0,723.0,1077.0,7715.0,5998.0,8497.0,8540.0,6706.0,6467.0,4673.0,4874.0,4872.0,4775.0,476.0,509.0,510.0,380.0
NDARTK507RJW,2.794,3.032,2.982,3.016,2.852,2.787,2.546,2.468,3.114,3.024,2.816,2.467,2.969,2.863,2.925,2.894,2.981,2.808,3.38,3.227,2.389,2.523,2.497,2.574,3.038,2.938,2.528,2.458,2.881,2.854,3.199,2.812,2.945,2.911,3.054,2.974,3.064,2.913,2.986,3.132,2.883,2.927,2.236,2.283,2.547,2.62,2.702,2.815,2.764,2.821,2.944,2.863,3.496,2.876,2.826,2.758,3.211,3.075,2.605,2.735,2.975,2.983,3.069,3.068,3.142,3.138,2.822,2.668,1007.0,841.0,459.0,657.0,2177.0,2291.0,1450.0,1485.0,462.0,434.0,571.0,384.0,2849.0,2932.0,4426.0,5656.0,2903.0,2830.0,2363.0,2397.0,991.0,1010.0,5335.0,4850.0,2734.0,2473.0,3213.0,3269.0,1811.0,2036.0,3249.0,2370.0,1243.0,1209.0,518.0,649.0,1534.0,1590.0,838.0,1045.0,1831.0,1696.0,1519.0,1588.0,4278.0,3675.0,1056.0,1069.0,4591.0,4717.0,3408.0,4049.0,543.0,759.0,4687.0,5790.0,7587.0,6606.0,5849.0,5069.0,3552.0,3985.0,3625.0,3563.0,560.0,562.0,665.0,481.0
NDARTK834FT9,2.528,3.217,2.916,2.531,3.093,3.097,2.337,2.249,3.063,3.087,2.638,2.847,3.046,2.954,2.91,2.993,2.745,2.954,3.444,3.233,2.575,2.521,2.57,2.542,2.917,2.972,2.479,2.512,2.785,2.832,3.123,3.152,3.007,2.9,3.202,3.141,3.135,2.659,2.806,2.884,2.912,2.759,2.054,2.234,2.534,2.512,2.746,2.87,2.934,2.855,2.928,2.815,2.676,2.87,2.557,2.613,3.146,3.153,2.764,2.864,3.129,3.051,2.786,2.953,3.244,3.164,2.793,2.82,860.0,975.0,708.0,694.0,2416.0,2274.0,1909.0,1903.0,311.0,358.0,598.0,441.0,3290.0,2766.0,4721.0,6015.0,2764.0,3646.0,2433.0,2233.0,1104.0,920.0,5617.0,5587.0,2649.0,2419.0,2770.0,2757.0,1884.0,2096.0,3445.0,3844.0,1745.0,1666.0,533.0,623.0,1244.0,1644.0,630.0,874.0,1527.0,1153.0,1448.0,1166.0,4509.0,4396.0,1285.0,1125.0,4888.0,4743.0,3879.0,4469.0,561.0,753.0,6050.0,6208.0,8004.0,8023.0,5191.0,5591.0,3772.0,4119.0,4476.0,3786.0,635.0,589.0,538.0,427.0
NDARTN173MXV,3.103,3.105,2.595,2.612,2.967,3.095,2.478,2.356,2.777,3.213,2.674,2.825,2.996,3.03,2.873,3.052,2.982,3.094,3.347,3.694,2.364,2.296,2.537,2.643,3.067,3.032,2.449,2.618,3.081,3.142,3.317,3.308,3.191,3.032,3.391,3.701,3.005,3.215,3.037,3.004,3.061,3.021,2.162,2.142,2.45,2.569,2.722,2.807,3.001,2.895,2.872,2.785,3.213,3.091,2.869,2.919,3.12,3.194,2.6,2.585,3.407,3.045,2.877,3.083,3.317,3.257,3.064,3.161,1040.0,952.0,477.0,608.0,2397.0,2615.0,1697.0,1651.0,556.0,472.0,402.0,453.0,3029.0,2856.0,5637.0,6161.0,2672.0,2777.0,2440.0,2170.0,1069.0,889.0,5337.0,5216.0,2435.0,2275.0,3442.0,3018.0,1882.0,1566.0,3478.0,3012.0,1318.0,1494.0,575.0,610.0,2078.0,1922.0,704.0,752.0,2009.0,1533.0,1547.0,1411.0,4441.0,3757.0,1157.0,952.0,4746.0,5099.0,4391.0,4019.0,596.0,427.0,5532.0,5538.0,8621.0,7846.0,6001.0,5860.0,4045.0,5031.0,4541.0,4038.0,691.0,512.0,585.0,404.0
NDARTN760YH8,2.453,2.534,2.59,2.294,3.003,3.04,2.177,2.008,3.056,3.237,2.535,2.527,2.834,2.771,2.596,2.591,2.778,2.825,3.086,3.16,2.426,2.51,2.307,2.345,2.939,2.826,2.216,2.259,2.554,2.602,2.752,2.593,2.715,2.741,2.922,2.797,2.982,2.809,2.935,3.02,2.694,2.693,1.872,2.081,2.219,2.269,2.582,2.533,2.918,2.893,2.578,2.427,2.702,2.928,2.452,2.527,3.118,3.148,2.266,2.27,2.806,2.774,2.699,2.664,3.652,3.667,2.766,2.759,899.0,828.0,600.0,558.0,2339.0,2225.0,1449.0,1573.0,504.0,474.0,317.0,219.0,2909.0,3057.0,3855.0,4968.0,3105.0,3304.0,2285.0,2132.0,849.0,772.0,5100.0,4349.0,2480.0,2487.0,3174.0,2453.0,1522.0,1813.0,2911.0,2703.0,1292.0,1187.0,618.0,663.0,1594.0,1721.0,798.0,891.0,1345.0,1045.0,1470.0,1343.0,3941.0,3750.0,1240.0,1126.0,4509.0,4905.0,3340.0,3946.0,370.0,682.0,5128.0,5101.0,6835.0,6523.0,5260.0,4975.0,3048.0,3312.0,3880.0,3039.0,463.0,507.0,452.0,361.0
NDARTP022VL6,2.72,2.962,2.491,2.079,3.261,3.246,2.365,2.185,3.335,3.016,3.084,2.901,2.966,3.082,2.877,2.939,2.813,3.006,3.249,3.44,2.449,2.396,2.471,2.532,2.991,2.814,2.494,2.551,2.788,2.842,3.177,3.343,3.14,3.032,3.237,2.98,3.034,3.158,3.211,3.079,2.966,2.876,2.283,2.32,2.554,2.489,2.698,2.716,3.08,3.112,2.829,2.793,2.92,2.566,2.663,2.664,3.282,3.309,2.678,2.68,3.17,3.168,2.885,3.055,3.721,3.881,2.84,2.757,860.0,788.0,606.0,560.0,2022.0,2218.0,1615.0,1550.0,480.0,379.0,340.0,282.0,2661.0,2735.0,3671.0,4248.0,2746.0,2857.0,2420.0,2000.0,919.0,957.0,4332.0,5205.0,2502.0,2629.0,3583.0,3169.0,1633.0,1724.0,2876.0,2564.0,1185.0,1370.0,610.0,632.0,1062.0,1348.0,668.0,812.0,1241.0,1092.0,1470.0,1504.0,4015.0,3785.0,1191.0,1127.0,4933.0,4794.0,3933.0,3769.0,587.0,498.0,5782.0,6043.0,6808.0,6591.0,5241.0,5612.0,3419.0,3636.0,3676.0,3607.0,477.0,536.0,401.0,384.0
NDARTP270UAV,2.464,2.988,2.017,2.226,2.165,2.568,1.752,1.665,3.147,2.881,1.688,1.459,2.687,2.779,2.183,2.483,2.495,2.648,2.632,2.836,2.191,2.239,2.044,2.167,2.751,2.74,2.389,2.305,2.284,2.422,2.701,2.546,2.47,2.498,2.489,2.531,2.624,2.539,2.475,2.299,2.52,2.52,1.883,1.959,2.365,2.422,2.331,2.753,2.49,2.557,2.463,2.502,2.532,2.502,2.01,1.972,2.054,2.238,2.145,2.174,2.933,2.754,2.349,2.53,2.841,3.077,2.701,2.911,1208.0,953.0,487.0,636.0,1565.0,1444.0,929.0,1309.0,331.0,302.0,580.0,443.0,2298.0,2362.0,3473.0,4634.0,2405.0,2665.0,2063.0,1996.0,813.0,784.0,3268.0,3941.0,2307.0,2081.0,2591.0,2279.0,2066.0,2038.0,3250.0,2703.0,1303.0,1402.0,528.0,550.0,999.0,1091.0,676.0,833.0,1316.0,1258.0,937.0,639.0,3687.0,3300.0,1108.0,1194.0,3709.0,3706.0,3264.0,3589.0,398.0,561.0,4032.0,4032.0,5136.0,5457.0,4037.0,3785.0,3372.0,3473.0,3935.0,3498.0,523.0,517.0,468.0,391.0
NDARTP313AGH,2.585,2.904,2.784,2.902,2.349,2.419,2.094,1.888,3.037,2.926,2.514,2.621,2.782,2.799,2.476,2.4,2.671,2.591,3.38,3.404,2.402,2.175,1.973,1.981,2.972,2.675,2.29,2.227,2.448,2.632,2.596,2.681,2.803,2.763,2.73,2.37,2.793,2.791,2.814,2.855,2.884,2.831,1.989,2.04,2.114,2.163,2.638,2.618,2.691,2.576,2.563,2.51,3.328,2.387,2.615,2.625,2.616,2.684,2.244,2.277,3.08,2.895,2.392,2.681,3.031,3.22,3.183,2.906,1182.0,865.0,616.0,484.0,2421.0,2263.0,1353.0,1446.0,667.0,537.0,520.0,413.0,3634.0,3115.0,4278.0,6026.0,4448.0,3437.0,2176.0,2268.0,816.0,705.0,5270.0,4887.0,2562.0,2502.0,2907.0,2641.0,2469.0,1939.0,3370.0,3306.0,1695.0,1706.0,412.0,900.0,1643.0,1574.0,789.0,938.0,1418.0,1459.0,1176.0,1248.0,4417.0,4323.0,1178.0,1324.0,4610.0,4516.0,5105.0,6034.0,304.0,585.0,5681.0,6142.0,8213.0,8292.0,6351.0,6483.0,3664.0,4287.0,6064.0,4321.0,661.0,763.0,514.0,519.0
NDARTR365NCY,2.67,2.996,2.629,2.511,2.813,2.869,2.182,2.209,3.489,3.649,3.156,2.953,2.959,2.875,2.671,2.682,2.933,2.933,3.189,3.18,2.556,2.394,2.328,2.435,2.917,2.913,2.303,2.231,2.88,2.821,3.237,3.159,2.706,2.59,2.866,2.909,2.883,2.863,2.891,2.918,2.759,2.776,2.069,1.966,2.502,2.446,2.441,2.49,2.778,2.856,2.636,2.659,3.108,3.1,2.783,2.804,3.135,3.032,2.458,2.489,3.132,3.112,2.768,2.857,4.009,3.782,2.813,2.688,1153.0,1021.0,471.0,845.0,2484.0,2416.0,1470.0,1820.0,340.0,322.0,307.0,234.0,3189.0,3743.0,4983.0,5524.0,3559.0,3894.0,2242.0,2106.0,1259.0,921.0,5806.0,6227.0,2544.0,2495.0,4175.0,4087.0,1690.0,2067.0,4048.0,3555.0,1263.0,1431.0,665.0,716.0,1528.0,1960.0,777.0,1010.0,1931.0,1523.0,2007.0,1772.0,4338.0,3969.0,1214.0,1124.0,4775.0,4940.0,4188.0,4081.0,611.0,782.0,7043.0,6990.0,7104.0,6701.0,5476.0,5357.0,3905.0,4194.0,4374.0,3684.0,405.0,526.0,530.0,340.0
NDARTR840XP1,2.51,2.711,2.555,2.687,2.71,2.764,1.977,1.932,3.599,3.417,2.813,2.714,2.736,2.834,2.564,2.572,2.883,2.83,3.081,3.047,2.369,2.406,2.313,2.268,2.858,2.734,2.297,2.069,2.596,2.522,2.933,2.95,2.518,2.523,2.766,3.178,2.736,2.646,2.641,2.696,2.57,2.497,1.88,1.744,2.039,2.061,2.431,2.495,2.744,2.74,2.481,2.431,3.503,3.156,2.446,2.493,2.904,2.874,2.261,2.267,3.042,2.946,2.529,2.63,4.085,4.256,2.537,2.407,911.0,775.0,618.0,681.0,2034.0,1787.0,1721.0,1574.0,418.0,465.0,311.0,291.0,2973.0,2788.0,4357.0,4126.0,2754.0,2713.0,2312.0,2189.0,929.0,862.0,4309.0,4588.0,2370.0,2868.0,3405.0,3075.0,1698.0,1832.0,3079.0,2903.0,1304.0,1567.0,546.0,589.0,1301.0,1524.0,677.0,876.0,1800.0,1519.0,1659.0,1442.0,3828.0,3612.0,1324.0,1244.0,4498.0,4471.0,3794.0,3494.0,487.0,753.0,6813.0,6474.0,7454.0,7259.0,4726.0,4936.0,3340.0,3602.0,2975.0,3265.0,478.0,504.0,398.0,300.0
NDARTT383DPY,3.071,3.112,3.198,2.445,2.975,3.138,2.288,2.267,3.791,3.513,3.185,3.302,3.073,2.961,2.944,2.97,2.872,2.939,3.391,3.579,2.571,2.81,2.523,2.521,3.023,2.951,2.493,2.439,3.059,2.984,3.175,3.02,2.785,2.672,2.869,2.894,3.113,2.958,3.304,3.477,3.132,2.89,2.133,2.099,2.311,2.298,2.791,2.783,2.757,2.683,2.797,2.86,2.859,3.749,3.037,2.824,3.256,3.324,2.528,2.595,3.266,2.897,2.83,3.086,3.85,3.696,2.855,3.022,1037.0,948.0,536.0,548.0,2336.0,1881.0,1442.0,1610.0,395.0,240.0,294.0,260.0,2794.0,2844.0,5107.0,5155.0,2153.0,3617.0,2168.0,2470.0,1101.0,987.0,4853.0,5040.0,2766.0,2559.0,3445.0,3160.0,1396.0,1442.0,3424.0,3259.0,1297.0,1546.0,609.0,634.0,1454.0,2258.0,745.0,833.0,1628.0,1751.0,1821.0,1703.0,3710.0,3708.0,1207.0,1387.0,5229.0,5355.0,4055.0,3884.0,360.0,484.0,7166.0,6058.0,6624.0,6664.0,5081.0,5195.0,3648.0,4063.0,3997.0,3405.0,411.0,278.0,478.0,394.0
NDARTT979FDD,2.474,2.856,2.722,2.358,3.177,3.063,2.462,2.404,3.292,3.498,4.005,3.914,3.204,3.052,3.018,3.207,3.196,3.38,3.441,3.176,2.787,2.604,2.529,2.708,3.343,3.178,2.714,2.87,3.068,3.051,3.429,3.355,3.174,3.317,3.045,3.477,3.418,3.282,3.379,3.409,3.271,3.139,2.382,2.375,2.878,2.873,2.877,2.8,3.082,3.225,3.046,3.201,3.185,3.053,3.121,3.228,3.548,3.529,2.953,2.956,3.298,3.26,3.249,3.301,3.46,4.211,2.944,3.032,1220.0,883.0,710.0,615.0,2729.0,2646.0,1659.0,1540.0,649.0,488.0,337.0,214.0,3209.0,3105.0,4398.0,6295.0,3207.0,3138.0,2345.0,2642.0,1281.0,1042.0,4743.0,5516.0,3204.0,3205.0,2985.0,2943.0,1755.0,1894.0,3594.0,3107.0,1543.0,2005.0,568.0,943.0,1700.0,1693.0,896.0,1213.0,2066.0,1191.0,1510.0,1585.0,5596.0,5039.0,1244.0,1452.0,5896.0,6010.0,4940.0,4823.0,604.0,1095.0,6908.0,6346.0,8175.0,8371.0,6360.0,5988.0,3713.0,4776.0,4776.0,4521.0,442.0,565.0,551.0,408.0
NDARTU407HDD,2.778,3.068,2.779,2.707,3.293,3.206,2.632,2.377,3.494,3.945,3.603,3.333,3.201,3.187,3.114,3.116,3.174,3.331,3.62,3.695,2.576,2.518,2.595,2.68,3.132,3.162,2.485,2.437,2.755,2.815,3.23,3.246,3.134,3.224,2.971,3.191,3.283,3.314,3.545,3.368,2.913,3.003,2.139,2.256,2.649,2.685,2.711,2.86,3.085,3.17,3.058,3.014,3.305,3.455,2.937,2.941,3.525,3.507,2.999,2.92,3.28,3.272,3.122,3.237,4.332,4.691,3.061,3.215,1124.0,1012.0,456.0,873.0,2277.0,2570.0,1489.0,1580.0,481.0,293.0,256.0,247.0,3262.0,3284.0,5090.0,6216.0,3415.0,4150.0,2277.0,1994.0,973.0,871.0,5041.0,5138.0,2557.0,2422.0,2626.0,2437.0,1706.0,1687.0,3927.0,3644.0,1302.0,1412.0,694.0,728.0,1455.0,1784.0,756.0,857.0,1555.0,1616.0,1259.0,1109.0,3581.0,3634.0,1273.0,1159.0,5093.0,4789.0,3604.0,3908.0,748.0,801.0,6338.0,6841.0,7766.0,7449.0,5039.0,5076.0,4614.0,3946.0,4277.0,3284.0,536.0,425.0,551.0,367.0
NDARTU768MY1,2.696,2.81,2.695,2.583,2.837,2.742,2.217,2.159,3.407,3.491,2.723,2.766,2.944,2.844,2.758,2.844,3.095,3.103,3.277,3.292,2.33,2.447,2.431,2.468,2.933,3.077,2.247,2.1,2.73,2.705,3.089,3.045,2.724,2.59,2.683,2.556,2.764,2.888,2.97,2.94,2.661,2.523,1.677,1.818,2.109,2.176,2.824,2.564,2.719,2.677,2.682,2.592,3.046,3.293,2.625,2.627,2.9,2.857,2.503,2.518,3.054,2.935,2.763,2.828,4.153,4.205,2.503,2.734,1166.0,1019.0,705.0,848.0,2792.0,2379.0,1362.0,1588.0,258.0,307.0,387.0,311.0,3031.0,3829.0,4597.0,5137.0,3226.0,3658.0,2384.0,2254.0,1404.0,952.0,5009.0,5055.0,2913.0,2465.0,2817.0,2421.0,1750.0,1980.0,3877.0,3676.0,1505.0,1644.0,721.0,713.0,1492.0,1734.0,689.0,939.0,1776.0,1489.0,1322.0,1161.0,4273.0,4410.0,1485.0,1349.0,5340.0,5467.0,4226.0,4383.0,641.0,960.0,8173.0,6354.0,9954.0,8782.0,6097.0,6522.0,4222.0,4707.0,4813.0,4615.0,389.0,445.0,528.0,430.0
NDARTU777GVV,2.646,2.992,2.464,2.375,2.707,3.01,2.494,2.364,2.842,3.264,2.285,2.35,2.901,2.997,2.797,2.829,2.747,2.838,3.088,3.266,2.661,2.326,2.392,2.436,2.807,2.623,2.426,2.575,2.478,2.288,2.907,2.847,3.053,2.889,2.771,2.865,2.833,2.848,2.746,2.21,2.567,2.772,2.264,2.364,2.445,2.358,2.406,2.866,2.875,2.923,2.822,2.901,2.408,2.644,2.297,2.487,3.019,2.902,2.472,2.693,3.036,2.847,2.714,2.862,2.86,2.874,2.939,3.026,1419.0,902.0,614.0,715.0,2112.0,2004.0,1366.0,1690.0,651.0,596.0,518.0,467.0,3710.0,3928.0,5620.0,6213.0,3598.0,3575.0,2597.0,2424.0,869.0,830.0,5819.0,5044.0,2634.0,2248.0,3561.0,2831.0,1908.0,2035.0,3565.0,3232.0,1545.0,1640.0,551.0,667.0,1561.0,1750.0,800.0,958.0,1688.0,1531.0,1764.0,1358.0,4429.0,4445.0,1136.0,1092.0,5219.0,5127.0,4039.0,4199.0,529.0,829.0,6188.0,5520.0,8691.0,8510.0,5477.0,5949.0,4024.0,4473.0,4708.0,4479.0,751.0,653.0,573.0,420.0
NDARTV107XD4,2.696,2.843,2.602,2.536,3.101,3.149,2.425,2.347,3.908,3.768,3.92,3.331,3.148,3.017,2.852,3.035,3.289,3.139,3.346,3.506,2.614,2.678,2.52,2.735,3.134,3.289,2.497,2.501,3.052,3.17,3.313,3.209,3.012,2.967,3.264,3.682,3.375,3.128,3.298,3.169,3.086,3.088,2.21,2.05,2.5,2.482,2.754,2.74,3.1,3.068,2.865,2.929,3.281,3.314,2.91,3.008,3.333,3.289,2.79,2.741,3.365,3.224,2.989,3.112,4.193,4.163,2.939,3.048,1402.0,953.0,575.0,729.0,1846.0,1736.0,1624.0,1518.0,449.0,385.0,309.0,247.0,3259.0,3090.0,5602.0,5879.0,3828.0,3358.0,2311.0,1980.0,958.0,948.0,4964.0,4929.0,2460.0,2273.0,3041.0,3336.0,1418.0,1556.0,3935.0,3312.0,1447.0,1559.0,566.0,692.0,1078.0,1355.0,559.0,821.0,1363.0,1232.0,1482.0,1526.0,3933.0,3630.0,1215.0,1087.0,4787.0,5005.0,4425.0,4515.0,506.0,661.0,6345.0,5841.0,7729.0,7298.0,6609.0,6488.0,3712.0,4466.0,4627.0,3724.0,515.0,435.0,459.0,362.0
NDARTV296UNC,2.741,2.974,2.698,2.565,2.961,2.912,2.395,2.174,3.669,3.582,3.119,3.049,3.075,3.168,3.092,3.027,3.045,3.235,3.19,3.136,2.462,2.448,2.665,2.548,3.109,3.002,2.445,2.394,2.744,2.41,3.152,3.098,3.036,2.907,3.088,3.168,3.044,3.117,3.282,3.135,2.503,2.963,1.988,2.265,2.593,2.646,2.483,2.584,2.921,3.019,2.897,2.759,2.671,3.157,2.562,2.757,3.235,3.107,2.865,2.785,3.082,3.136,2.97,3.097,4.261,4.099,3.012,3.069,1092.0,1203.0,827.0,960.0,3192.0,2440.0,1491.0,1692.0,541.0,576.0,327.0,333.0,4327.0,3739.0,5447.0,6716.0,4503.0,4922.0,2951.0,3105.0,1319.0,988.0,5155.0,4709.0,3099.0,3064.0,3356.0,3227.0,1991.0,2180.0,4023.0,4171.0,1626.0,1800.0,652.0,824.0,1274.0,1690.0,816.0,1073.0,1506.0,1471.0,1603.0,1357.0,4725.0,5044.0,1901.0,1464.0,5877.0,6416.0,4806.0,4454.0,775.0,982.0,7884.0,6827.0,7834.0,8071.0,5815.0,6038.0,4705.0,4544.0,5439.0,4828.0,536.0,542.0,369.0,326.0
NDARTW501ZKN,2.778,3.191,2.725,2.708,3.121,3.274,2.404,2.452,3.801,3.981,3.417,3.446,3.299,3.251,3.038,2.982,3.232,3.187,3.565,3.644,2.459,2.927,2.598,2.714,3.259,3.203,2.592,2.641,3.079,3.244,3.503,3.32,3.124,2.977,3.43,3.531,3.228,3.08,3.531,3.61,3.102,3.129,2.468,2.499,2.725,2.809,2.759,2.917,3.133,3.126,2.987,2.984,3.536,3.424,3.104,2.967,3.336,3.438,2.8,2.878,3.365,3.386,3.092,3.127,3.872,4.204,3.038,3.062,1701.0,1294.0,768.0,625.0,2391.0,2075.0,1614.0,1993.0,474.0,472.0,365.0,253.0,3233.0,3191.0,6418.0,7630.0,3748.0,3597.0,2473.0,2073.0,1276.0,946.0,4890.0,5198.0,3045.0,2992.0,3821.0,3375.0,1789.0,2128.0,4022.0,4048.0,1421.0,1594.0,575.0,631.0,1514.0,1865.0,758.0,829.0,1802.0,1231.0,2061.0,1547.0,4847.0,4855.0,1023.0,1608.0,4977.0,5080.0,5069.0,5504.0,722.0,777.0,7014.0,7141.0,7308.0,6938.0,8003.0,7582.0,3896.0,4318.0,4797.0,4087.0,420.0,394.0,503.0,349.0
NDARTW850GHU,3.033,3.041,2.163,2.343,2.752,2.804,2.458,2.415,2.801,3.308,2.668,2.934,3.074,3.076,2.707,2.752,3.021,2.887,3.224,3.15,2.31,2.263,2.47,2.567,2.992,2.892,2.514,2.442,2.723,2.854,3.049,3.115,2.741,2.981,3.213,3.252,3.031,2.97,2.913,3.181,2.805,2.809,2.363,2.422,2.406,2.264,2.724,2.693,2.722,2.746,2.778,2.826,2.441,2.826,2.487,2.595,2.871,2.832,2.437,2.332,3.139,3.19,2.799,2.724,3.382,3.834,3.474,2.813,853.0,780.0,543.0,645.0,1818.0,2259.0,1199.0,1540.0,392.0,431.0,295.0,325.0,2511.0,3022.0,3801.0,4825.0,3565.0,3342.0,2733.0,2482.0,976.0,781.0,5038.0,4499.0,2620.0,2658.0,2127.0,2792.0,1677.0,1688.0,3624.0,2987.0,1194.0,1531.0,478.0,634.0,1244.0,1237.0,821.0,710.0,1193.0,1150.0,1454.0,1100.0,3784.0,3798.0,1020.0,1110.0,5136.0,4742.0,3434.0,3568.0,509.0,497.0,5469.0,4989.0,7340.0,7344.0,4392.0,4660.0,3736.0,3917.0,3521.0,3517.0,548.0,472.0,444.0,292.0
NDARTW855BPJ,2.937,3.255,2.002,1.809,3.056,2.931,2.394,2.427,3.177,3.24,2.948,2.826,3.133,3.17,2.923,2.953,2.989,3.014,3.447,3.322,2.486,2.579,2.455,2.539,2.922,2.865,2.589,2.459,2.461,2.615,3.217,3.105,2.797,2.973,3.104,3.447,3.01,3.043,3.062,3.232,3.101,3.282,2.349,2.303,2.673,2.674,2.778,2.592,2.952,2.931,2.829,2.844,2.74,2.334,2.813,2.769,3.07,3.169,2.676,2.66,3.491,3.309,2.96,3.026,3.606,3.647,3.505,3.603,856.0,869.0,609.0,446.0,1776.0,1728.0,1501.0,1599.0,558.0,379.0,461.0,422.0,2267.0,2896.0,3569.0,4435.0,2797.0,3419.0,2046.0,2016.0,1016.0,861.0,4928.0,5244.0,2334.0,2288.0,3332.0,3027.0,2132.0,2009.0,3109.0,3265.0,1052.0,1314.0,392.0,502.0,1024.0,1274.0,840.0,809.0,1251.0,1041.0,1626.0,1202.0,3705.0,3820.0,891.0,1053.0,3753.0,4219.0,3512.0,3846.0,246.0,749.0,5101.0,5018.0,7226.0,7105.0,4695.0,4497.0,4127.0,4233.0,3892.0,3483.0,721.0,657.0,479.0,345.0
NDARTX575YBU,2.95,3.214,2.609,2.464,2.992,3.159,2.669,2.609,3.579,3.567,2.891,3.195,3.215,3.335,3.102,3.064,3.167,3.281,3.564,3.516,2.536,2.743,2.552,2.497,3.365,2.966,2.609,2.714,2.896,3.276,3.37,3.339,3.206,3.302,2.832,3.316,3.26,3.385,3.294,3.151,3.276,3.244,2.254,2.3,2.652,2.652,2.926,2.812,3.052,3.078,3.146,2.99,2.96,3.46,2.874,2.953,3.368,3.239,2.755,2.809,3.464,3.453,3.055,3.032,3.775,3.444,3.36,3.398,1188.0,879.0,453.0,606.0,2370.0,2176.0,1618.0,1779.0,528.0,445.0,538.0,456.0,2940.0,2708.0,4647.0,5259.0,3074.0,2827.0,2452.0,2363.0,1192.0,877.0,5310.0,4655.0,2461.0,2322.0,3535.0,3108.0,1789.0,1801.0,3179.0,2790.0,1622.0,1646.0,619.0,533.0,1571.0,1970.0,766.0,840.0,1805.0,1609.0,1851.0,1681.0,4676.0,4048.0,1089.0,1114.0,4679.0,4934.0,4238.0,4619.0,341.0,536.0,5664.0,5434.0,7741.0,7852.0,5314.0,5172.0,3929.0,4289.0,4715.0,4095.0,714.0,771.0,560.0,529.0
NDARTX659HAF,2.745,2.875,2.619,2.354,3.08,3.139,2.35,2.263,3.421,3.688,2.315,2.379,2.934,2.898,2.735,2.875,2.906,2.858,3.248,3.299,2.236,2.295,2.402,2.479,2.775,2.633,2.438,2.452,2.435,2.694,3.261,3.195,2.847,3.047,2.937,2.747,3.135,2.868,2.985,2.893,2.664,2.943,2.273,2.299,2.494,2.447,2.737,2.757,3.095,3.047,2.825,2.865,3.152,2.905,2.646,2.598,3.224,3.24,2.636,2.666,3.149,3.187,2.844,2.947,3.449,3.589,3.115,3.091,726.0,779.0,439.0,619.0,1869.0,1690.0,1254.0,1422.0,352.0,286.0,326.0,239.0,2283.0,2598.0,4327.0,4551.0,2463.0,2623.0,1982.0,1826.0,907.0,849.0,4482.0,4439.0,2214.0,2372.0,2952.0,2608.0,1691.0,1654.0,2701.0,2525.0,1167.0,1238.0,511.0,543.0,1112.0,1144.0,542.0,781.0,1673.0,1206.0,1799.0,1479.0,3652.0,3133.0,994.0,989.0,3775.0,4398.0,3926.0,3999.0,523.0,418.0,5389.0,4739.0,6222.0,5787.0,4963.0,4722.0,3060.0,3395.0,4131.0,3487.0,424.0,441.0,518.0,355.0
NDARTZ018PD5,2.802,2.791,2.413,2.555,2.849,3.042,2.621,2.662,3.265,3.29,3.036,3.096,3.17,3.281,2.731,2.756,3.066,2.994,3.318,3.342,2.145,2.332,2.458,2.452,2.943,2.793,2.764,2.731,2.889,2.96,3.03,3.27,3.12,3.122,2.95,3.224,3.161,3.119,3.242,3.217,3.186,3.077,2.379,2.416,2.555,2.495,2.329,2.793,2.895,2.899,2.951,2.971,3.114,2.957,2.771,2.707,3.069,3.058,2.554,2.713,3.29,3.238,2.932,2.829,3.302,3.156,2.97,2.604,1342.0,860.0,421.0,684.0,2331.0,2661.0,1571.0,1784.0,396.0,363.0,542.0,561.0,3953.0,3715.0,5097.0,7084.0,3509.0,3749.0,2926.0,2399.0,1107.0,965.0,5862.0,5693.0,2850.0,3219.0,3282.0,3210.0,2005.0,2106.0,3693.0,3420.0,1454.0,1654.0,829.0,727.0,1451.0,1971.0,887.0,1056.0,1799.0,1865.0,1440.0,1304.0,4738.0,4615.0,1059.0,1074.0,5805.0,5392.0,4070.0,4598.0,540.0,716.0,5906.0,7439.0,9460.0,8424.0,5979.0,5753.0,4411.0,5102.0,4527.0,3982.0,759.0,724.0,674.0,570.0
NDARUA421HT8,2.47,2.962,2.826,2.779,2.713,2.844,2.2,2.058,3.241,3.718,3.153,3.007,3.009,2.967,2.799,2.734,3.151,3.099,2.919,3.015,2.317,2.324,2.221,2.295,3.038,3.015,2.432,2.289,3.023,2.593,3.144,2.975,2.761,2.776,2.976,2.964,2.748,2.878,3.227,3.302,2.988,2.754,1.943,1.907,2.306,2.324,2.592,2.577,2.724,2.729,2.552,2.651,3.206,3.28,2.657,2.66,3.071,3.055,2.439,2.458,3.089,2.862,2.693,2.935,3.566,3.712,2.543,2.79,1086.0,927.0,504.0,678.0,2292.0,2489.0,1624.0,1558.0,469.0,411.0,284.0,262.0,3083.0,3081.0,4661.0,5774.0,3620.0,3435.0,2165.0,2148.0,1033.0,998.0,4867.0,4345.0,2737.0,2582.0,2980.0,3029.0,1731.0,1942.0,3309.0,3221.0,1316.0,1632.0,620.0,678.0,1241.0,1384.0,812.0,832.0,1464.0,1504.0,1673.0,1414.0,3888.0,3448.0,1339.0,1090.0,4618.0,4480.0,3839.0,3782.0,569.0,508.0,5305.0,5671.0,7172.0,6902.0,5017.0,5251.0,3348.0,3490.0,4198.0,2963.0,468.0,459.0,436.0,313.0
NDARUA745NA8,2.678,2.994,3.063,3.046,2.83,2.794,2.182,2.152,3.266,3.707,3.052,2.993,2.968,2.819,2.633,2.783,3.017,2.912,3.063,3.352,2.602,2.615,2.229,2.426,2.996,2.907,2.242,2.258,2.513,2.697,3.039,3.04,2.65,2.757,3.007,3.053,2.861,2.892,3.014,3.006,2.733,2.82,1.84,1.88,2.38,2.432,2.647,2.853,2.619,2.733,2.771,2.652,3.106,2.935,2.61,2.663,3.2,3.066,2.463,2.398,3.082,3.087,2.676,2.716,3.967,3.955,2.755,2.638,1396.0,946.0,551.0,838.0,2053.0,1971.0,1364.0,1683.0,528.0,442.0,364.0,273.0,3037.0,3035.0,4875.0,5710.0,3791.0,3471.0,2527.0,2098.0,1031.0,1153.0,5423.0,5209.0,2624.0,2649.0,3510.0,3205.0,1590.0,1964.0,3537.0,3637.0,1455.0,1470.0,569.0,605.0,1627.0,1804.0,784.0,997.0,1884.0,1608.0,1586.0,1436.0,4675.0,4917.0,1267.0,1053.0,4751.0,4820.0,4195.0,4606.0,438.0,830.0,6593.0,6092.0,6953.0,6175.0,6515.0,6635.0,3976.0,4370.0,4866.0,3453.0,419.0,437.0,440.0,340.0
NDARUA832MYV,2.642,2.974,2.674,2.655,2.72,2.715,2.394,1.856,3.192,3.316,2.774,2.578,2.868,2.898,2.613,2.852,2.772,2.99,3.186,3.273,2.504,2.431,2.084,2.25,2.899,3.042,2.049,2.393,2.459,2.561,3.0,2.892,2.806,2.535,2.562,3.549,3.018,3.039,3.01,2.932,2.766,2.751,2.189,2.146,2.253,2.471,2.642,2.819,2.722,2.733,2.682,2.715,3.002,2.772,2.423,2.453,2.934,2.722,2.505,2.416,3.144,2.796,2.812,3.134,2.047,3.247,3.066,3.006,701.0,1060.0,620.0,915.0,2631.0,2186.0,1495.0,1377.0,459.0,428.0,459.0,317.0,3855.0,3369.0,4398.0,5529.0,3447.0,3373.0,2786.0,2284.0,940.0,900.0,4837.0,4772.0,2436.0,2609.0,2686.0,2620.0,1860.0,2140.0,3797.0,3065.0,1506.0,1573.0,602.0,741.0,1449.0,1516.0,721.0,1072.0,1919.0,1672.0,1484.0,1332.0,4240.0,4131.0,1189.0,1345.0,5433.0,5244.0,3648.0,3897.0,596.0,930.0,5770.0,5535.0,8019.0,7074.0,5292.0,5321.0,3677.0,4607.0,5502.0,3632.0,538.0,714.0,594.0,368.0
NDARUB231LHN,3.306,3.231,2.173,2.593,3.042,3.074,2.614,2.43,2.988,3.274,2.99,2.365,3.211,3.104,3.003,2.959,2.956,3.181,3.299,3.525,2.912,2.758,2.466,2.409,3.007,2.987,2.478,2.546,2.9,2.824,3.354,3.187,3.158,3.094,2.954,2.921,3.204,3.084,3.13,2.916,3.005,2.973,2.278,2.313,2.668,2.52,2.517,2.803,3.046,3.088,3.033,2.842,3.043,2.825,2.77,2.909,3.406,3.282,2.639,2.647,3.24,3.171,2.917,2.866,3.129,3.285,2.892,3.019,895.0,957.0,356.0,560.0,1683.0,1209.0,1276.0,1225.0,319.0,277.0,471.0,386.0,2223.0,2125.0,4501.0,5408.0,2257.0,2394.0,2232.0,1890.0,688.0,680.0,4697.0,4699.0,1701.0,1628.0,2682.0,2520.0,1421.0,1548.0,2803.0,2222.0,1225.0,1411.0,557.0,558.0,1077.0,1127.0,442.0,595.0,1490.0,1064.0,1088.0,1109.0,3924.0,3539.0,969.0,748.0,3653.0,3665.0,3321.0,3443.0,328.0,405.0,4414.0,4223.0,6019.0,5460.0,5094.0,5339.0,2965.0,3363.0,3465.0,3243.0,507.0,379.0,516.0,385.0
NDARUC144FN6,2.933,3.092,2.502,2.564,2.76,2.71,2.228,2.145,3.208,3.1,2.844,2.765,2.866,3.008,2.817,2.803,2.917,2.879,3.285,3.161,2.513,2.483,2.341,2.404,3.087,2.751,2.262,2.411,2.622,2.523,3.07,3.13,2.822,2.853,3.062,2.755,2.874,2.979,2.818,2.952,2.7,2.794,1.954,2.084,2.315,2.232,2.584,2.739,2.642,2.748,2.702,2.789,2.952,2.966,2.541,2.71,2.986,2.882,2.455,2.466,3.17,3.167,2.81,2.821,3.288,3.382,2.822,2.797,1575.0,1037.0,579.0,765.0,2069.0,2661.0,1666.0,1641.0,743.0,780.0,638.0,517.0,3377.0,3403.0,5044.0,6525.0,4656.0,3365.0,2530.0,2147.0,1588.0,1030.0,5708.0,5949.0,2484.0,2775.0,3817.0,3189.0,2548.0,2384.0,3616.0,3683.0,1436.0,1636.0,570.0,596.0,1081.0,1895.0,791.0,879.0,1193.0,1482.0,1941.0,1717.0,5452.0,4295.0,1097.0,1419.0,4592.0,5230.0,4871.0,5443.0,373.0,518.0,7007.0,6424.0,9397.0,8647.0,6633.0,7059.0,3762.0,4685.0,4207.0,4531.0,857.0,797.0,551.0,396.0
NDARUC851WHU,3.033,3.08,3.152,2.582,3.065,3.08,2.232,2.303,3.207,2.683,2.676,2.725,2.974,3.138,2.825,2.908,2.765,3.096,3.264,3.341,2.537,2.213,2.555,2.496,3.155,2.837,2.368,2.366,2.843,2.62,3.091,3.194,3.165,2.976,3.211,2.836,3.287,3.104,3.14,3.052,2.966,3.081,2.221,2.318,2.754,2.567,2.833,2.776,3.105,3.146,2.854,2.851,2.954,3.187,2.617,2.683,3.113,3.079,2.662,2.719,3.351,3.415,2.981,3.018,3.282,3.37,3.239,3.205,1185.0,1190.0,649.0,616.0,2410.0,2227.0,1166.0,1552.0,524.0,422.0,299.0,470.0,3185.0,3879.0,5092.0,5675.0,3372.0,3132.0,2926.0,2541.0,1139.0,856.0,4442.0,3810.0,3060.0,3246.0,2811.0,2216.0,1908.0,2361.0,3582.0,3037.0,1710.0,1835.0,614.0,839.0,1402.0,1625.0,780.0,1112.0,1972.0,1714.0,1111.0,817.0,4911.0,4412.0,1330.0,1421.0,4933.0,5252.0,4482.0,4646.0,645.0,795.0,5841.0,5553.0,8451.0,8530.0,5791.0,5659.0,4256.0,4216.0,4615.0,4373.0,781.0,589.0,600.0,426.0
NDARUD764NFJ,2.512,2.722,2.637,2.645,2.742,2.791,1.858,1.863,3.219,3.438,2.867,3.044,2.802,2.735,2.554,2.538,2.812,2.773,2.969,3.144,2.253,2.274,2.066,2.217,2.774,2.712,2.066,2.116,2.847,2.545,3.135,3.038,2.488,2.455,2.753,2.677,2.642,2.585,2.959,3.066,2.602,2.561,1.843,1.731,2.105,1.981,2.568,2.382,2.586,2.547,2.445,2.362,2.95,3.129,2.541,2.668,3.004,2.882,2.216,2.306,2.855,2.83,2.663,2.66,3.566,3.915,2.51,2.565,1138.0,658.0,681.0,500.0,2084.0,2303.0,1182.0,1366.0,383.0,372.0,222.0,230.0,2659.0,3032.0,4533.0,5478.0,2440.0,3065.0,2410.0,2239.0,1118.0,975.0,4782.0,4864.0,2728.0,2332.0,3402.0,3054.0,1698.0,1742.0,3177.0,3260.0,1137.0,1383.0,653.0,636.0,1554.0,1398.0,729.0,858.0,1637.0,1428.0,1450.0,1468.0,3769.0,3524.0,1067.0,1333.0,4335.0,4434.0,3732.0,3991.0,472.0,699.0,5558.0,5253.0,5710.0,5979.0,5159.0,5450.0,3678.0,3515.0,4056.0,3784.0,396.0,444.0,356.0,260.0
NDARUD776KFT,2.93,3.419,2.161,2.421,3.523,3.291,2.578,2.416,3.474,3.875,3.221,3.193,3.227,3.364,3.264,3.266,3.258,3.166,3.453,3.388,2.632,2.849,2.701,2.837,3.01,2.966,2.549,2.653,2.914,2.856,3.567,3.64,3.29,3.377,3.017,2.823,3.152,3.133,3.169,3.079,3.04,3.031,2.171,2.194,2.707,2.688,2.972,3.074,3.088,3.092,3.05,3.08,2.997,2.741,3.074,2.903,3.482,3.432,3.09,2.944,3.406,3.457,3.269,3.199,3.477,3.783,3.034,3.276,749.0,738.0,447.0,591.0,1782.0,1474.0,1124.0,1143.0,388.0,332.0,401.0,328.0,2959.0,2588.0,3579.0,4221.0,2434.0,2662.0,2464.0,2515.0,1068.0,712.0,4347.0,3883.0,2549.0,2328.0,2586.0,2543.0,1717.0,1851.0,2843.0,2818.0,1419.0,1722.0,621.0,631.0,1041.0,1503.0,762.0,852.0,1656.0,1465.0,1588.0,1447.0,3754.0,3675.0,1006.0,1056.0,4273.0,4543.0,4115.0,4357.0,446.0,718.0,5351.0,4691.0,7124.0,6984.0,5209.0,5621.0,3350.0,3594.0,3481.0,3755.0,509.0,534.0,444.0,370.0
NDARUD871XPD,3.004,3.014,2.779,2.68,3.076,2.929,2.398,2.282,3.741,4.268,3.347,3.384,3.107,3.087,2.99,3.062,3.229,3.113,3.574,3.403,2.583,2.672,2.563,2.696,3.274,2.951,2.545,2.416,2.677,2.712,3.358,3.023,2.964,2.727,3.184,3.042,3.052,3.16,3.384,3.326,3.037,2.854,2.181,2.138,2.687,2.692,2.525,2.505,3.008,3.048,3.053,2.929,3.297,3.024,2.904,2.904,3.225,3.272,2.802,2.832,3.223,3.292,3.117,3.12,4.361,4.267,3.059,2.699,1286.0,806.0,914.0,946.0,2410.0,2173.0,2194.0,1990.0,394.0,297.0,319.0,234.0,3681.0,3986.0,6242.0,6922.0,4223.0,4750.0,2593.0,2643.0,1597.0,1437.0,6384.0,6729.0,3218.0,3985.0,3881.0,3825.0,2098.0,2274.0,4351.0,4487.0,1623.0,1828.0,693.0,803.0,1539.0,2083.0,967.0,1325.0,2138.0,1919.0,2378.0,2219.0,5149.0,4851.0,1528.0,1705.0,5382.0,5646.0,4887.0,5219.0,702.0,901.0,8540.0,7496.0,9303.0,8029.0,6793.0,7132.0,4393.0,4686.0,5054.0,4787.0,486.0,570.0,403.0,462.0
NDARUE533XNH,2.841,3.033,2.698,2.582,2.683,2.672,1.844,2.194,3.135,2.762,2.735,2.911,3.014,2.712,2.429,2.581,3.021,2.679,3.259,3.363,2.718,2.586,1.98,2.082,2.926,2.872,2.554,2.304,2.77,3.049,3.186,2.726,2.497,2.518,2.708,2.527,3.094,3.183,2.787,3.382,2.781,2.891,2.069,1.866,2.437,2.678,2.647,2.823,2.298,2.335,2.494,2.66,3.172,3.332,2.756,2.879,2.998,3.085,2.511,2.204,3.023,2.585,2.278,2.828,2.534,2.543,2.716,2.99,794.0,700.0,426.0,439.0,2009.0,1476.0,1213.0,1402.0,302.0,324.0,535.0,359.0,2303.0,2119.0,2932.0,3193.0,2303.0,2419.0,1972.0,1608.0,728.0,629.0,4023.0,4201.0,2184.0,1981.0,2213.0,2532.0,1550.0,1456.0,2561.0,2328.0,1119.0,1152.0,555.0,530.0,1159.0,1211.0,578.0,674.0,1573.0,1050.0,1502.0,1236.0,2312.0,2074.0,786.0,710.0,3664.0,3946.0,2918.0,2796.0,270.0,343.0,5234.0,4111.0,7136.0,5687.0,3492.0,3469.0,2590.0,3113.0,2286.0,2285.0,402.0,441.0,500.0,287.0
NDARUE605HGP,2.709,2.925,3.531,3.428,3.076,3.213,2.326,2.441,4.205,3.839,3.468,3.361,3.139,3.206,2.837,3.029,3.256,3.333,3.56,3.519,2.38,2.49,2.509,2.687,3.258,3.23,2.437,2.514,3.23,3.197,3.321,3.357,2.68,2.921,3.124,3.173,3.402,3.096,3.324,3.411,3.365,3.075,2.316,2.084,2.399,2.468,3.003,3.148,2.99,3.006,2.803,2.894,3.786,3.463,3.096,2.993,3.3,3.348,2.742,2.69,3.184,3.274,3.007,2.858,3.644,4.374,3.004,3.072,1131.0,1252.0,628.0,957.0,3124.0,3315.0,1672.0,1786.0,325.0,398.0,358.0,295.0,3670.0,3234.0,5807.0,9000.0,3778.0,4312.0,2812.0,2770.0,1413.0,1363.0,5698.0,6675.0,2925.0,3027.0,2975.0,3000.0,2169.0,2505.0,4750.0,4007.0,1725.0,1939.0,876.0,662.0,1508.0,2407.0,773.0,882.0,1411.0,1700.0,1526.0,1490.0,4917.0,4942.0,1624.0,1470.0,6670.0,5874.0,4806.0,5136.0,757.0,1080.0,7006.0,9008.0,9424.0,10032.0,7558.0,7609.0,4740.0,5446.0,6563.0,4217.0,483.0,483.0,606.0,416.0
NDARUF069EHR,2.814,2.818,2.703,2.524,2.627,2.697,2.013,1.887,3.105,3.495,2.757,2.944,2.679,2.688,2.494,2.675,2.877,2.856,3.003,3.071,2.236,2.243,2.255,2.253,2.729,2.7,2.104,2.162,2.546,2.649,2.984,3.12,2.54,2.59,2.409,2.542,2.787,2.658,2.949,2.775,2.598,2.645,1.891,1.946,2.39,2.256,2.465,2.62,2.74,2.709,2.444,2.444,2.841,2.664,2.443,2.41,2.754,2.82,2.369,2.246,2.948,2.943,2.685,2.733,3.796,3.959,2.507,2.762,924.0,1051.0,896.0,899.0,2813.0,2638.0,1776.0,1896.0,415.0,340.0,335.0,275.0,3120.0,2831.0,6245.0,7237.0,3561.0,4126.0,2502.0,2375.0,1078.0,1110.0,5264.0,5233.0,2672.0,2782.0,2808.0,2728.0,1802.0,2233.0,3925.0,3780.0,1498.0,1729.0,653.0,647.0,1451.0,1788.0,610.0,782.0,1306.0,1455.0,1802.0,1639.0,4528.0,3736.0,2062.0,1483.0,5461.0,5896.0,4738.0,4486.0,695.0,1171.0,7338.0,6915.0,8624.0,8218.0,6446.0,6116.0,4299.0,4354.0,3732.0,3603.0,413.0,387.0,394.0,342.0
NDARUF540ZJ1,3.241,2.883,2.514,2.301,2.893,3.024,2.434,2.262,3.368,3.908,2.603,2.844,3.015,3.069,2.811,2.83,2.932,2.845,3.549,3.242,2.697,2.514,2.463,2.68,2.956,2.801,2.532,2.5,2.752,2.84,3.26,3.179,2.971,2.976,3.371,3.281,2.934,3.02,3.002,3.02,2.957,2.848,2.251,2.229,2.423,2.491,2.753,2.537,3.136,3.119,2.779,2.895,2.832,2.735,2.721,2.672,3.203,3.238,2.692,2.659,3.271,3.29,2.889,2.938,4.078,4.346,3.021,3.078,891.0,862.0,713.0,546.0,2094.0,1895.0,1459.0,1672.0,509.0,403.0,355.0,236.0,2667.0,3032.0,4971.0,4967.0,3272.0,3681.0,2473.0,2601.0,1093.0,900.0,5524.0,6032.0,2768.0,2417.0,3092.0,2941.0,1984.0,1836.0,3251.0,3150.0,1429.0,1412.0,619.0,621.0,1210.0,1324.0,832.0,873.0,1701.0,1334.0,1749.0,1651.0,3895.0,3983.0,1145.0,1304.0,4660.0,4808.0,3838.0,4402.0,432.0,784.0,5811.0,6146.0,6458.0,6885.0,5189.0,5213.0,3314.0,3609.0,4288.0,4371.0,500.0,566.0,361.0,310.0
NDARUF850XKH,2.977,3.293,2.42,2.507,3.016,3.101,2.613,2.381,3.18,3.199,2.817,2.386,3.025,3.203,2.946,2.99,3.08,2.909,3.224,3.321,2.549,2.597,2.435,2.486,2.938,2.856,2.519,2.547,2.451,2.831,3.243,3.231,3.007,2.807,2.986,3.052,2.909,2.822,2.58,2.687,2.857,2.859,2.122,2.246,2.48,2.556,2.457,2.502,3.032,2.863,2.915,2.956,2.698,2.584,2.721,2.511,3.121,3.175,2.762,2.782,3.234,2.948,2.848,3.09,3.181,3.346,3.157,3.074,1181.0,1010.0,639.0,815.0,2166.0,1885.0,1593.0,1682.0,369.0,399.0,495.0,459.0,3796.0,3423.0,5010.0,6044.0,3378.0,3776.0,2750.0,2505.0,1303.0,997.0,5001.0,5420.0,2722.0,3324.0,3874.0,3882.0,1952.0,2329.0,3803.0,3773.0,1548.0,1693.0,712.0,767.0,1737.0,1919.0,772.0,865.0,1779.0,1483.0,1631.0,1469.0,4250.0,4702.0,1487.0,1338.0,4879.0,5072.0,4923.0,4621.0,401.0,566.0,6809.0,6442.0,8645.0,7928.0,6322.0,6271.0,4345.0,4508.0,5399.0,4092.0,768.0,668.0,485.0,467.0
NDARUJ182TDW,2.74,2.853,2.677,2.732,2.904,2.973,2.183,2.192,3.591,3.84,3.024,3.323,3.029,3.072,2.805,2.882,2.952,3.03,3.392,3.317,2.457,2.538,2.357,2.445,2.957,2.812,2.283,2.439,2.923,2.832,2.982,3.003,2.904,2.684,3.2,3.354,2.773,2.93,3.038,2.789,2.654,2.653,2.026,2.132,2.223,2.214,2.485,2.704,2.92,2.898,2.69,2.711,3.142,3.131,2.68,2.793,3.07,3.092,2.483,2.696,2.901,2.988,2.854,2.83,3.694,4.213,2.251,2.649,990.0,868.0,810.0,874.0,2562.0,2212.0,1675.0,1648.0,521.0,485.0,306.0,236.0,3516.0,3095.0,4977.0,5526.0,3240.0,3265.0,2288.0,2546.0,1177.0,986.0,4661.0,4753.0,2673.0,2570.0,2805.0,2965.0,1673.0,1914.0,3720.0,3398.0,1452.0,1538.0,617.0,609.0,1755.0,1534.0,675.0,794.0,1691.0,1120.0,1318.0,1066.0,4319.0,3715.0,1321.0,1524.0,5214.0,5826.0,3889.0,4260.0,512.0,901.0,5776.0,5368.0,7624.0,7511.0,6031.0,5718.0,3767.0,3953.0,4345.0,3867.0,454.0,420.0,469.0,358.0
NDARUJ292JXV,2.897,2.973,2.339,2.131,3.174,3.177,2.314,2.039,3.592,3.212,2.762,3.186,3.143,3.112,2.862,2.867,3.126,3.192,3.203,3.333,2.657,2.564,2.441,2.688,3.095,3.046,2.502,2.719,2.837,2.776,3.178,3.307,2.975,2.736,2.962,2.994,2.964,3.104,3.249,3.002,2.84,2.864,2.075,2.285,2.526,2.497,2.833,2.952,2.96,2.906,2.834,2.84,2.979,2.788,2.857,2.837,3.222,3.113,2.694,2.754,3.058,3.0,2.911,3.01,4.018,4.096,2.856,2.896,1260.0,1396.0,785.0,713.0,3254.0,3152.0,1570.0,1768.0,512.0,364.0,349.0,284.0,4271.0,3631.0,7559.0,8392.0,3591.0,4366.0,3236.0,3451.0,1263.0,1268.0,6334.0,6677.0,3436.0,3081.0,4253.0,3950.0,2281.0,2053.0,4647.0,4473.0,2143.0,1768.0,776.0,696.0,2364.0,2405.0,1124.0,1321.0,2686.0,1980.0,1894.0,1437.0,5333.0,5097.0,1595.0,1600.0,6351.0,5867.0,4443.0,5083.0,959.0,1116.0,9319.0,10242.0,10189.0,10509.0,7893.0,7310.0,5772.0,5214.0,6559.0,4925.0,532.0,484.0,593.0,375.0
NDARUJ646APQ,2.212,2.396,2.39,2.386,2.632,2.615,1.945,1.922,3.291,2.758,2.701,2.826,2.73,2.619,2.463,2.436,2.756,2.759,2.937,2.874,2.219,2.463,2.13,2.118,2.611,2.536,1.993,1.921,2.561,2.466,2.784,2.745,2.422,2.388,2.53,2.644,2.615,2.554,2.636,2.637,2.49,2.433,1.781,1.792,2.079,2.118,2.474,2.377,2.6,2.655,2.447,2.363,2.886,2.843,2.43,2.34,2.689,2.697,2.207,2.262,2.648,2.718,2.512,2.553,3.36,3.724,2.387,2.466,996.0,791.0,554.0,676.0,2202.0,2400.0,1393.0,1386.0,485.0,365.0,246.0,239.0,2985.0,2986.0,4531.0,5721.0,3309.0,3052.0,2292.0,2207.0,1044.0,829.0,4676.0,4674.0,2884.0,2861.0,2632.0,2762.0,1767.0,1775.0,3388.0,3020.0,1363.0,1583.0,669.0,751.0,1447.0,1607.0,715.0,813.0,1556.0,1290.0,1445.0,1419.0,3757.0,3710.0,1271.0,1591.0,4345.0,4201.0,3501.0,3811.0,511.0,873.0,5875.0,5611.0,7425.0,6767.0,4951.0,5071.0,3745.0,3887.0,4020.0,3489.0,441.0,490.0,433.0,347.0
NDARUK101YT3,3.243,3.429,3.319,2.949,3.208,3.432,2.572,2.586,3.872,3.823,3.152,3.267,3.153,3.197,3.195,3.178,3.399,3.357,3.473,3.39,2.526,2.888,2.644,2.597,3.104,3.068,2.428,2.568,2.806,2.88,3.499,3.223,3.267,3.093,3.359,3.473,3.321,3.447,3.448,3.296,3.241,3.209,2.247,2.283,2.623,2.722,3.039,3.23,3.177,3.009,3.166,3.077,3.654,3.49,3.096,3.097,3.434,3.408,2.951,2.923,3.511,3.371,3.273,3.329,4.111,4.037,3.376,3.22,1163.0,1123.0,772.0,666.0,2970.0,2815.0,1863.0,1972.0,458.0,375.0,364.0,308.0,3499.0,3612.0,4785.0,6030.0,3870.0,4300.0,2948.0,2886.0,1254.0,1048.0,5191.0,6070.0,3115.0,3028.0,3407.0,3650.0,1732.0,1935.0,4216.0,4188.0,1720.0,1749.0,626.0,638.0,1775.0,1873.0,795.0,911.0,1707.0,1613.0,1863.0,1887.0,4899.0,5084.0,1272.0,1331.0,5651.0,5837.0,4678.0,4687.0,685.0,1118.0,6929.0,6729.0,9169.0,8818.0,6847.0,6673.0,4273.0,4549.0,5086.0,4158.0,418.0,443.0,446.0,441.0
NDARUL290YKN,2.907,3.44,2.95,2.922,3.028,3.132,2.524,2.4,3.701,3.533,3.533,3.421,3.265,3.307,3.077,3.153,3.367,3.243,3.471,3.384,2.637,2.51,2.536,2.61,3.228,3.181,2.564,2.538,3.06,3.035,3.386,3.254,3.101,2.794,3.005,3.392,3.226,3.079,3.473,3.408,3.121,3.112,2.209,2.192,2.729,2.74,2.779,2.96,3.022,3.07,2.838,2.88,3.034,3.483,2.987,2.998,3.389,3.259,2.758,2.742,3.515,3.383,3.099,3.213,4.043,4.529,3.222,2.857,1154.0,1153.0,724.0,808.0,2755.0,2640.0,1471.0,1702.0,414.0,375.0,342.0,297.0,3348.0,3253.0,5813.0,6170.0,3886.0,4218.0,2350.0,2763.0,1148.0,857.0,5662.0,5256.0,3135.0,2787.0,3438.0,3446.0,1879.0,1960.0,3871.0,3907.0,1278.0,1482.0,660.0,582.0,1537.0,1850.0,918.0,974.0,1898.0,1599.0,1850.0,1580.0,3997.0,4123.0,1225.0,1248.0,5263.0,5011.0,4156.0,4416.0,765.0,895.0,6270.0,6145.0,7563.0,7930.0,5849.0,6203.0,3941.0,4173.0,4695.0,4434.0,450.0,413.0,434.0,375.0
NDARUL341DD2,2.636,2.854,2.864,2.761,2.525,2.81,1.978,2.087,3.749,3.432,2.835,2.978,3.035,2.815,2.626,2.823,3.003,3.053,3.078,3.147,2.503,2.429,2.235,2.373,2.96,2.917,2.266,2.125,2.81,2.754,3.201,3.013,2.537,2.676,2.926,2.782,2.777,2.516,2.88,2.808,2.868,2.552,2.087,2.035,2.253,2.283,2.572,2.61,2.77,2.418,2.577,2.589,3.095,3.207,2.563,2.505,2.884,3.022,2.428,2.346,3.077,2.923,2.724,2.845,3.744,3.651,2.503,2.688,1422.0,1068.0,752.0,709.0,3040.0,3044.0,1704.0,1671.0,436.0,490.0,286.0,274.0,3188.0,3804.0,5852.0,7189.0,3701.0,3998.0,2588.0,2656.0,1201.0,1107.0,6215.0,6422.0,3566.0,3674.0,3688.0,3550.0,2123.0,2373.0,4035.0,3726.0,1562.0,1902.0,670.0,721.0,2003.0,1394.0,937.0,849.0,1455.0,1267.0,1403.0,1406.0,4397.0,4120.0,1497.0,1731.0,5214.0,4674.0,4098.0,4561.0,685.0,865.0,6812.0,6814.0,8714.0,8383.0,5974.0,6064.0,4122.0,5061.0,4845.0,4132.0,499.0,511.0,443.0,401.0
NDARUL694GYN,2.756,2.672,2.615,1.939,3.107,3.172,2.553,2.532,2.885,3.06,2.458,2.671,3.003,3.033,2.728,2.87,2.872,2.819,3.165,3.391,2.602,2.527,2.48,2.627,3.097,2.91,2.508,2.559,2.464,2.801,3.103,3.009,3.279,3.113,2.845,2.945,3.124,3.2,3.086,3.149,2.994,3.004,2.165,2.155,2.411,2.577,2.713,2.84,3.051,3.075,2.995,3.04,2.719,2.771,2.763,2.824,3.225,3.236,2.772,2.744,3.222,3.132,2.841,2.977,3.094,3.074,3.22,3.182,1099.0,795.0,663.0,543.0,2682.0,2330.0,1759.0,1866.0,598.0,586.0,600.0,435.0,3832.0,3480.0,4371.0,5621.0,3901.0,3184.0,3240.0,2850.0,1656.0,1131.0,6005.0,6919.0,3069.0,2984.0,3768.0,3837.0,2092.0,2237.0,3965.0,3073.0,1451.0,1743.0,734.0,789.0,1551.0,2008.0,894.0,915.0,1838.0,1493.0,1612.0,1374.0,5424.0,4920.0,1134.0,1289.0,5677.0,6036.0,5497.0,5698.0,559.0,732.0,6509.0,5949.0,8042.0,8894.0,6804.0,7183.0,4489.0,6104.0,6601.0,5639.0,755.0,737.0,632.0,531.0
NDARUL881JR9,2.827,3.068,2.609,2.453,2.756,2.991,2.117,2.151,3.343,3.257,3.306,3.136,3.028,3.012,2.805,2.88,3.067,3.125,3.195,3.135,2.615,2.48,2.329,2.492,3.075,2.923,2.422,2.429,2.889,2.869,3.181,3.188,2.686,2.58,2.849,2.839,2.887,3.014,3.182,2.949,2.824,3.001,1.947,2.066,2.314,2.304,2.617,2.563,2.765,2.735,2.714,2.747,3.208,3.245,2.816,2.775,3.089,3.047,2.642,2.546,3.084,3.085,2.856,2.992,3.649,4.107,2.577,2.63,1381.0,932.0,582.0,1069.0,3078.0,2412.0,1611.0,1831.0,324.0,482.0,357.0,338.0,3979.0,3900.0,5777.0,6625.0,3635.0,3822.0,2557.0,3031.0,1184.0,1063.0,5273.0,5639.0,2814.0,2652.0,3425.0,3440.0,1812.0,2000.0,3687.0,3587.0,1598.0,2013.0,733.0,712.0,1722.0,1700.0,753.0,815.0,1647.0,1531.0,1792.0,1572.0,4398.0,4216.0,1349.0,1369.0,4786.0,4992.0,4402.0,4773.0,978.0,693.0,7778.0,6987.0,8900.0,8609.0,6408.0,6651.0,3835.0,4451.0,4923.0,4554.0,441.0,387.0,515.0,352.0
NDARUM569EV1,2.688,2.853,2.826,2.745,2.773,2.767,2.165,2.16,3.079,3.558,2.981,3.298,2.931,3.006,2.706,2.678,3.087,2.99,3.34,3.174,2.52,2.544,2.512,2.563,2.837,2.806,2.382,2.484,2.731,2.76,3.029,2.989,2.767,2.716,3.012,3.101,2.803,2.965,2.781,2.799,2.668,2.639,2.096,2.125,2.398,2.309,2.731,2.688,2.668,2.615,2.723,2.749,3.169,3.168,2.672,2.689,2.971,2.98,2.518,2.534,3.293,3.158,2.819,2.866,3.858,4.066,2.809,2.954,1266.0,746.0,759.0,706.0,3228.0,3214.0,1558.0,1574.0,641.0,607.0,447.0,277.0,3747.0,3932.0,6164.0,6237.0,4182.0,3710.0,2691.0,3014.0,1146.0,1020.0,5866.0,5827.0,3367.0,3276.0,3693.0,3171.0,2386.0,2377.0,3857.0,3545.0,1854.0,1731.0,716.0,777.0,1893.0,2066.0,848.0,1020.0,1889.0,1524.0,1680.0,1460.0,6085.0,4453.0,1428.0,1332.0,5944.0,5932.0,5353.0,5311.0,667.0,925.0,7207.0,7224.0,10012.0,9812.0,7762.0,5870.0,4302.0,5272.0,5617.0,5491.0,554.0,615.0,582.0,384.0
NDARUM791WPF,2.957,2.891,2.414,2.835,3.145,3.142,2.557,2.459,3.81,3.606,2.296,2.349,3.012,3.164,2.996,3.082,3.137,3.014,3.57,3.506,2.233,2.258,2.689,2.638,2.988,2.886,2.674,2.585,2.58,2.724,3.334,3.172,3.055,3.07,2.923,3.309,3.231,3.024,2.937,2.775,2.939,2.884,2.406,2.471,2.612,2.635,2.548,2.668,3.124,2.959,3.049,3.048,3.377,3.564,2.415,2.636,3.081,3.115,2.855,2.888,3.352,3.252,2.952,3.045,3.617,3.819,2.871,3.055,931.0,853.0,588.0,948.0,2570.0,2068.0,1577.0,1757.0,587.0,483.0,633.0,516.0,3456.0,3088.0,4101.0,5213.0,3334.0,3777.0,2910.0,2539.0,1240.0,1293.0,6586.0,6016.0,3101.0,3263.0,3314.0,3293.0,2390.0,2228.0,3699.0,3380.0,1296.0,1593.0,704.0,711.0,1945.0,1836.0,843.0,1109.0,2090.0,1954.0,1518.0,1355.0,4702.0,4381.0,1279.0,1523.0,5437.0,4968.0,4186.0,4639.0,668.0,582.0,7627.0,8283.0,9366.0,8813.0,6124.0,6461.0,4251.0,4956.0,5201.0,4698.0,857.0,828.0,817.0,490.0
NDARUM797TFA,2.655,2.758,2.53,2.722,3.047,3.093,2.512,2.455,3.327,3.179,2.766,3.118,3.126,3.138,2.899,2.954,2.909,2.939,3.44,3.405,2.235,2.447,2.567,2.58,3.1,3.071,2.573,2.517,2.694,2.895,3.162,3.148,2.978,2.904,2.922,3.039,3.125,3.179,3.13,3.108,3.001,3.093,2.354,2.128,2.557,2.526,2.71,2.597,3.054,3.06,2.991,2.961,2.989,2.901,2.804,2.819,3.331,3.161,2.84,2.736,3.242,3.137,2.831,2.871,3.39,3.511,2.975,2.68,998.0,863.0,647.0,772.0,2903.0,2370.0,1683.0,1565.0,377.0,498.0,548.0,376.0,3924.0,3826.0,5989.0,6825.0,4171.0,4894.0,2588.0,2365.0,1375.0,849.0,6011.0,7102.0,2916.0,2880.0,3466.0,3188.0,2562.0,2720.0,3926.0,4112.0,1697.0,2221.0,833.0,862.0,1355.0,1479.0,880.0,1020.0,1623.0,1294.0,1513.0,1389.0,5064.0,4378.0,1389.0,1446.0,5065.0,5334.0,5463.0,4931.0,419.0,716.0,7663.0,7067.0,9249.0,9038.0,7031.0,7600.0,4414.0,4913.0,5895.0,5212.0,665.0,763.0,526.0,510.0
NDARUM991EE8,2.465,2.721,2.764,2.614,2.658,2.712,2.008,2.063,2.786,3.201,2.711,2.726,2.81,2.532,2.578,2.668,2.91,2.737,3.122,3.109,2.561,2.551,2.179,2.269,2.737,2.891,2.339,2.169,2.678,2.718,2.897,3.026,2.641,2.507,2.857,2.516,2.643,2.619,2.74,2.689,2.598,2.733,1.775,1.707,2.351,2.324,2.575,2.502,2.593,2.643,2.486,2.556,3.151,2.941,2.537,2.557,2.761,2.815,2.379,2.252,2.926,2.861,2.628,2.677,3.731,3.833,2.599,2.307,1266.0,953.0,788.0,714.0,2229.0,2080.0,1562.0,1786.0,389.0,498.0,316.0,278.0,3196.0,3104.0,5863.0,6626.0,3831.0,4054.0,2421.0,2601.0,1092.0,1061.0,5171.0,5449.0,3312.0,3011.0,3543.0,3294.0,2111.0,2098.0,4066.0,3929.0,1477.0,1794.0,577.0,536.0,1349.0,1658.0,828.0,973.0,1752.0,1802.0,1854.0,1698.0,4364.0,4475.0,1502.0,1280.0,4844.0,4914.0,3977.0,4162.0,695.0,1068.0,7293.0,7069.0,8576.0,8970.0,4894.0,5322.0,3967.0,4285.0,4214.0,3735.0,515.0,520.0,461.0,340.0
NDARUP067TM8,2.824,3.148,2.72,2.595,2.989,2.88,2.299,2.236,3.249,3.012,3.057,2.975,2.932,2.9,2.843,2.961,2.943,2.935,3.452,3.384,2.488,2.568,2.528,2.44,3.049,3.117,2.65,2.588,2.589,2.818,3.303,3.12,2.983,2.912,2.892,2.866,2.973,3.035,3.21,3.112,2.917,2.893,2.03,2.037,2.461,2.469,2.807,2.79,2.732,2.836,2.761,2.939,3.396,3.144,2.781,2.843,3.296,3.168,2.69,2.634,3.151,3.15,2.871,2.933,3.237,3.888,3.071,3.1,1261.0,1020.0,716.0,836.0,2124.0,2122.0,1284.0,1406.0,432.0,304.0,391.0,251.0,3136.0,3380.0,4692.0,6060.0,3139.0,3620.0,2383.0,2214.0,1263.0,913.0,4433.0,4988.0,2345.0,2071.0,3002.0,2939.0,1677.0,1524.0,3710.0,3046.0,1332.0,1574.0,641.0,639.0,1263.0,1590.0,803.0,926.0,1383.0,1490.0,1424.0,1267.0,4193.0,3842.0,1381.0,1401.0,4523.0,4749.0,4087.0,3990.0,571.0,964.0,6881.0,7022.0,7441.0,7133.0,6138.0,6002.0,4046.0,4068.0,5052.0,3733.0,456.0,338.0,442.0,333.0
NDARUP249AMD,2.875,2.948,2.274,2.552,3.359,3.483,2.439,2.498,2.853,3.29,2.601,2.983,2.836,2.954,2.924,2.88,2.997,2.763,3.214,3.261,2.333,2.122,2.451,2.506,2.926,2.759,2.627,2.611,2.86,2.928,3.42,3.19,3.167,3.221,3.243,3.357,3.065,3.099,3.154,3.317,2.921,3.112,2.432,2.435,2.616,2.625,2.818,2.78,3.037,3.077,2.826,2.892,2.972,2.842,2.968,2.966,3.461,3.428,2.753,2.777,3.286,3.091,3.185,3.04,3.467,3.621,3.085,2.993,781.0,812.0,394.0,468.0,1718.0,1682.0,1288.0,1423.0,430.0,414.0,632.0,410.0,2530.0,2588.0,3603.0,4062.0,2643.0,2561.0,2088.0,1957.0,842.0,819.0,5967.0,5121.0,2217.0,2500.0,2690.0,2595.0,1688.0,1782.0,2979.0,2384.0,1008.0,1284.0,441.0,511.0,1339.0,1550.0,682.0,677.0,1343.0,1310.0,1467.0,1032.0,3373.0,3236.0,846.0,849.0,3882.0,4183.0,3319.0,3370.0,344.0,376.0,4692.0,4292.0,5682.0,5218.0,4511.0,4638.0,2932.0,3235.0,2992.0,3319.0,579.0,633.0,469.0,381.0
NDARUP441BKK,2.987,3.091,2.818,2.671,2.991,2.801,1.886,2.129,3.439,3.537,2.972,2.926,2.97,2.981,2.843,2.945,2.909,2.965,3.176,3.039,2.553,2.551,2.338,2.529,2.99,2.977,2.358,2.264,2.541,2.583,3.273,3.193,2.909,2.752,2.985,3.045,2.943,3.048,3.123,3.025,2.818,2.851,2.003,1.911,2.537,2.533,2.88,2.829,2.862,2.904,2.802,2.759,2.993,3.164,2.648,2.766,3.149,3.081,2.597,2.545,3.296,3.237,2.935,2.902,4.068,3.773,2.866,2.943,1205.0,969.0,696.0,838.0,2914.0,1980.0,1560.0,1702.0,442.0,457.0,315.0,280.0,2945.0,3160.0,4611.0,6417.0,3196.0,3173.0,2262.0,2298.0,947.0,926.0,5190.0,4782.0,2530.0,2447.0,3098.0,3197.0,1609.0,1959.0,3506.0,3386.0,1555.0,1379.0,481.0,593.0,1340.0,1655.0,687.0,838.0,1393.0,1099.0,1564.0,1546.0,5091.0,4157.0,1265.0,1490.0,5048.0,5050.0,4056.0,4680.0,750.0,818.0,7685.0,6705.0,7944.0,7521.0,6315.0,5662.0,3820.0,4294.0,3979.0,3227.0,555.0,540.0,476.0,335.0
NDARUR153ZWB,2.753,2.915,2.374,2.361,2.824,2.738,2.246,2.359,3.045,3.119,2.418,2.84,3.054,3.019,2.841,2.847,2.923,2.979,3.303,3.055,2.29,2.471,2.416,2.37,2.881,2.775,2.439,2.394,2.563,2.542,3.242,3.172,2.712,2.754,2.69,2.706,2.777,2.951,2.83,2.723,2.708,2.761,2.068,2.075,2.274,2.271,2.5,2.432,2.732,2.885,2.768,2.783,2.537,2.871,2.523,2.696,2.906,2.817,2.517,2.535,3.043,2.973,2.803,2.818,3.179,3.26,3.015,2.74,1363.0,1202.0,664.0,851.0,2293.0,2186.0,1865.0,2006.0,521.0,499.0,566.0,429.0,3384.0,3717.0,5832.0,7162.0,3758.0,3825.0,2851.0,2665.0,1378.0,1120.0,6711.0,5652.0,3294.0,3495.0,3974.0,3519.0,2316.0,2599.0,3966.0,4008.0,1493.0,1701.0,591.0,612.0,1360.0,2300.0,909.0,1204.0,2049.0,1745.0,1631.0,1748.0,4777.0,4403.0,1383.0,1777.0,5656.0,5014.0,4633.0,4890.0,765.0,895.0,6634.0,6293.0,9110.0,9436.0,6215.0,6082.0,4609.0,5173.0,4944.0,5184.0,670.0,730.0,547.0,497.0
NDARUR987CDM,2.743,3.054,2.754,2.439,3.115,3.153,2.256,2.275,3.212,3.392,2.826,2.721,2.961,3.059,3.001,2.943,2.93,3.061,3.232,3.176,2.38,2.472,2.437,2.37,3.031,3.007,2.339,2.275,2.794,2.861,3.028,3.077,3.138,3.216,2.931,2.718,3.052,3.132,2.914,3.335,3.092,3.149,2.294,2.139,2.555,2.594,2.762,2.628,3.118,3.225,2.899,2.904,2.722,2.988,2.514,2.63,3.187,3.134,2.764,2.765,3.346,3.204,2.989,3.017,3.589,3.579,2.872,3.013,827.0,1073.0,711.0,746.0,2206.0,2553.0,1641.0,1633.0,517.0,525.0,334.0,340.0,2874.0,3046.0,4988.0,5575.0,3319.0,3163.0,2980.0,2847.0,1024.0,980.0,5169.0,4518.0,2287.0,2296.0,3482.0,3005.0,1519.0,2137.0,3316.0,2657.0,1184.0,1333.0,634.0,654.0,1460.0,1602.0,703.0,691.0,1506.0,1546.0,1699.0,1454.0,3997.0,4128.0,1237.0,1183.0,5165.0,4884.0,3635.0,3551.0,588.0,824.0,6107.0,6441.0,7637.0,6972.0,5111.0,5023.0,4310.0,4788.0,4672.0,4232.0,579.0,397.0,605.0,405.0
NDARUT470BM4,2.947,3.19,2.882,2.638,3.139,3.351,2.438,2.516,3.274,3.329,2.867,2.932,3.174,3.034,2.884,2.91,2.893,2.937,3.389,3.519,2.567,2.47,2.507,2.648,2.931,2.965,2.536,2.548,2.835,2.976,3.146,3.273,3.105,3.133,2.868,3.34,3.277,3.36,3.303,3.074,3.022,3.243,2.345,2.441,2.595,2.609,2.881,2.859,3.043,3.05,2.928,2.949,2.969,3.166,2.822,2.954,3.31,3.262,2.595,2.73,3.24,3.318,2.847,2.952,3.296,3.487,3.147,3.1,1150.0,1113.0,808.0,657.0,2888.0,2057.0,1550.0,1670.0,512.0,363.0,370.0,349.0,3339.0,4447.0,4671.0,7339.0,3875.0,3990.0,3209.0,2984.0,1380.0,1191.0,6559.0,5806.0,2990.0,2711.0,4206.0,3205.0,1785.0,2052.0,3942.0,3119.0,1534.0,1664.0,789.0,668.0,1342.0,1291.0,731.0,1042.0,1289.0,1145.0,1736.0,1414.0,4890.0,4377.0,1327.0,1380.0,5787.0,6135.0,4159.0,4608.0,602.0,854.0,7633.0,6199.0,8670.0,8456.0,6484.0,5899.0,3705.0,3894.0,5428.0,4493.0,675.0,518.0,477.0,373.0
NDARUT651WFC,2.839,2.872,2.866,2.68,2.976,3.141,2.403,2.276,4.16,4.162,3.648,3.655,3.057,3.083,2.909,2.87,3.171,3.301,3.405,3.283,2.706,2.66,2.578,2.587,3.148,3.123,2.425,2.388,2.775,2.851,3.172,3.254,3.17,3.177,3.163,3.089,2.871,3.096,3.237,3.188,2.958,2.894,1.914,2.39,2.723,2.667,2.649,2.865,3.039,3.142,2.922,2.922,3.068,3.349,2.911,2.921,3.397,3.358,2.738,2.768,3.124,3.2,3.02,2.963,3.937,4.469,3.065,2.919,1117.0,972.0,539.0,621.0,1789.0,1603.0,1195.0,1538.0,338.0,308.0,236.0,239.0,2701.0,2339.0,4115.0,4244.0,3107.0,2694.0,2364.0,2706.0,734.0,777.0,4013.0,3863.0,2614.0,2664.0,2320.0,2243.0,1731.0,1705.0,3336.0,3011.0,1189.0,1262.0,599.0,567.0,1239.0,1328.0,724.0,904.0,1319.0,1314.0,1297.0,905.0,3388.0,3437.0,1016.0,989.0,4626.0,4083.0,3320.0,3279.0,560.0,650.0,4707.0,5115.0,5974.0,6403.0,4788.0,4542.0,3638.0,3765.0,4073.0,3481.0,346.0,405.0,367.0,319.0
NDARUT792WX7,2.846,2.94,2.693,2.611,2.93,2.791,2.003,2.029,4.179,3.999,2.602,2.938,3.048,2.778,2.53,2.539,2.935,2.731,3.08,3.188,2.483,2.553,2.113,2.176,2.892,2.932,2.201,1.98,2.878,2.659,3.106,2.553,2.696,2.666,3.196,2.795,2.798,2.925,3.335,3.026,2.754,2.74,1.753,1.747,2.252,2.108,2.628,2.692,2.683,2.782,2.603,2.564,3.046,3.259,2.638,2.761,3.077,3.01,2.243,2.244,2.897,2.74,2.758,2.63,3.322,3.571,2.672,2.6,842.0,921.0,518.0,527.0,2461.0,1755.0,1812.0,1706.0,293.0,301.0,328.0,243.0,2578.0,2413.0,4110.0,5293.0,3003.0,2471.0,2587.0,2229.0,1102.0,1193.0,4242.0,4997.0,3066.0,2901.0,3664.0,2651.0,2179.0,2058.0,3427.0,2350.0,1269.0,1362.0,633.0,621.0,1552.0,1671.0,739.0,784.0,1822.0,1282.0,1812.0,1578.0,4016.0,4110.0,938.0,1269.0,4271.0,4340.0,4081.0,4282.0,600.0,676.0,7110.0,5869.0,7221.0,6811.0,6009.0,5591.0,3736.0,3539.0,5023.0,4352.0,478.0,414.0,567.0,433.0
NDARUT891XYJ,2.755,3.005,2.563,2.584,3.11,3.105,2.26,2.326,3.269,3.898,3.182,3.408,3.054,3.06,2.816,2.81,3.092,3.125,3.328,3.379,2.461,2.393,2.557,2.639,3.171,3.125,2.381,2.433,2.924,2.956,3.264,3.212,2.913,2.851,3.041,2.863,3.104,2.939,3.113,3.1,2.846,2.733,1.963,2.07,2.591,2.471,2.611,2.669,3.043,3.088,2.703,2.674,3.42,3.392,2.815,2.626,3.288,3.287,2.551,2.527,3.101,3.011,2.877,2.93,4.122,4.32,3.069,2.827,1048.0,1174.0,657.0,814.0,2956.0,2304.0,1592.0,1988.0,456.0,383.0,342.0,250.0,3817.0,3462.0,4998.0,6144.0,3985.0,3843.0,2802.0,2786.0,1200.0,999.0,5144.0,5578.0,3303.0,2910.0,2987.0,3140.0,2233.0,2384.0,4135.0,4341.0,1381.0,1438.0,745.0,734.0,1385.0,1481.0,761.0,898.0,1533.0,1270.0,1679.0,1490.0,4727.0,4262.0,1530.0,1360.0,5707.0,5517.0,4743.0,4657.0,618.0,1085.0,7348.0,6908.0,7413.0,7073.0,6042.0,6216.0,4400.0,4738.0,5228.0,4861.0,482.0,414.0,465.0,434.0
NDARUU991VRE,2.175,3.098,2.733,2.567,3.058,3.111,2.376,2.281,3.44,3.537,2.832,3.271,3.104,3.097,2.916,2.994,3.018,3.134,3.324,3.507,2.392,2.482,2.403,2.488,3.12,3.054,2.415,2.29,2.941,2.885,3.257,2.987,3.035,3.109,3.244,3.362,3.213,3.343,3.346,3.095,2.986,2.868,2.134,2.214,2.634,2.732,3.04,2.846,3.057,3.186,2.867,2.864,2.8,2.819,2.707,2.674,3.133,3.272,2.642,2.617,3.315,3.053,3.017,2.927,3.86,3.214,3.146,3.456,712.0,1096.0,659.0,670.0,2196.0,2012.0,1451.0,1680.0,639.0,558.0,637.0,341.0,2974.0,3637.0,5141.0,4347.0,3590.0,3667.0,2821.0,2411.0,956.0,856.0,6039.0,5929.0,2845.0,2400.0,3018.0,2759.0,1714.0,2180.0,3595.0,2935.0,1615.0,1772.0,591.0,551.0,1529.0,1449.0,809.0,963.0,2087.0,1387.0,1645.0,1395.0,4725.0,4138.0,1104.0,1397.0,5344.0,5752.0,3787.0,4463.0,563.0,837.0,5672.0,5806.0,8214.0,7578.0,5668.0,4890.0,3660.0,4268.0,4450.0,4029.0,617.0,655.0,524.0,376.0
NDARUV041YCY,3.003,3.347,3.018,2.621,3.179,2.929,2.527,2.333,3.751,3.593,3.464,3.334,3.121,3.271,3.152,2.886,3.339,3.213,3.434,3.534,2.706,2.991,2.529,2.587,3.15,3.16,2.519,2.645,3.196,3.098,3.447,3.075,3.008,2.96,3.305,3.399,3.222,3.192,3.369,3.347,2.951,3.098,2.14,2.144,2.519,2.611,2.663,2.842,2.913,2.78,2.964,2.955,3.478,3.371,2.981,2.984,3.324,3.289,2.784,2.755,3.418,3.307,3.035,2.991,4.067,4.003,3.111,3.065,1777.0,1340.0,711.0,540.0,2338.0,2434.0,1813.0,2098.0,543.0,571.0,318.0,283.0,3643.0,3812.0,6249.0,8335.0,3952.0,3857.0,3031.0,2341.0,1242.0,1043.0,6590.0,6371.0,2924.0,3211.0,4170.0,3651.0,1749.0,2189.0,4145.0,4192.0,1576.0,1742.0,725.0,759.0,1496.0,1861.0,726.0,1001.0,1406.0,1423.0,2057.0,1688.0,4668.0,4734.0,1248.0,1348.0,5596.0,5585.0,5320.0,5409.0,557.0,878.0,7169.0,6514.0,8402.0,8668.0,6823.0,7239.0,4564.0,4894.0,4758.0,4721.0,478.0,467.0,520.0,391.0
NDARUV263YB5,2.743,2.637,2.759,2.762,2.982,3.067,2.066,2.156,2.992,3.006,2.368,2.752,2.656,2.874,2.731,2.719,2.683,3.021,3.004,3.061,2.409,2.607,2.224,2.242,2.931,2.784,2.22,2.294,2.846,2.601,2.958,3.022,3.002,2.817,2.995,3.191,2.726,2.865,2.768,2.829,2.769,2.88,2.253,2.12,2.471,2.445,2.604,2.739,2.946,3.009,2.621,2.694,3.044,2.906,2.517,2.576,3.185,3.145,2.521,2.557,3.038,3.145,2.897,2.644,3.515,3.714,2.784,2.672,1089.0,881.0,525.0,649.0,2234.0,1953.0,1299.0,1289.0,494.0,447.0,596.0,288.0,3083.0,3024.0,3692.0,5189.0,3098.0,3795.0,2322.0,2352.0,881.0,688.0,4686.0,5122.0,2337.0,2438.0,3192.0,3037.0,1879.0,2186.0,2925.0,2485.0,1470.0,1704.0,608.0,623.0,1164.0,1358.0,660.0,817.0,1105.0,1212.0,1323.0,1413.0,3939.0,3472.0,1018.0,1032.0,4404.0,4624.0,4007.0,4180.0,578.0,658.0,5323.0,5481.0,7811.0,7340.0,5541.0,5694.0,3670.0,3453.0,3850.0,3491.0,581.0,652.0,429.0,403.0
NDARUW206XUG,2.678,2.92,2.726,2.297,3.162,3.056,2.364,2.168,3.169,4.278,3.357,3.185,2.958,2.973,2.769,2.741,2.975,2.966,3.14,3.28,2.848,2.587,2.575,2.609,3.158,2.945,2.31,2.318,2.91,2.687,2.993,2.957,2.772,2.635,2.807,3.084,3.03,3.091,2.995,2.97,2.892,2.92,2.101,2.267,2.448,2.528,2.303,2.55,2.863,2.947,2.673,2.692,3.169,3.14,2.821,2.814,3.148,3.049,2.506,2.563,3.172,3.202,2.861,2.872,3.469,4.167,2.87,2.504,979.0,871.0,738.0,647.0,1833.0,2161.0,1302.0,1429.0,511.0,287.0,319.0,278.0,2379.0,2557.0,4419.0,4964.0,3072.0,3978.0,2714.0,2267.0,949.0,801.0,4467.0,4416.0,2551.0,2751.0,2374.0,2338.0,1717.0,1787.0,3351.0,3421.0,1178.0,1384.0,512.0,581.0,1348.0,1456.0,802.0,770.0,1652.0,1482.0,1258.0,1076.0,4202.0,3790.0,1281.0,1131.0,4386.0,4158.0,3908.0,3784.0,537.0,817.0,7110.0,6862.0,6618.0,7348.0,5063.0,4853.0,4293.0,4260.0,3369.0,3848.0,475.0,495.0,439.0,380.0
NDARUW816MP3,2.934,3.026,2.82,2.645,2.989,3.045,2.735,2.499,2.982,2.78,3.141,3.162,3.155,3.073,3.076,2.961,3.149,2.943,3.502,3.314,2.372,2.636,2.641,2.691,3.191,3.104,2.553,2.54,2.858,2.947,3.375,3.238,3.025,3.052,2.907,3.113,3.448,3.192,3.031,3.223,3.167,3.065,2.189,2.327,2.529,2.684,2.867,3.037,3.013,2.953,3.063,2.993,3.074,2.918,2.88,2.902,3.078,3.147,2.629,2.657,3.418,3.369,3.125,3.089,3.705,3.634,3.037,3.126,1073.0,891.0,656.0,463.0,2189.0,2838.0,1460.0,2085.0,537.0,398.0,477.0,439.0,3804.0,3443.0,4904.0,6043.0,3350.0,3092.0,2484.0,2614.0,1097.0,1009.0,6556.0,6662.0,3155.0,3000.0,3756.0,3769.0,2522.0,2408.0,3563.0,3291.0,1728.0,1871.0,509.0,547.0,1543.0,1941.0,1028.0,1185.0,1579.0,1753.0,1720.0,1462.0,4537.0,4093.0,1121.0,1071.0,5417.0,5719.0,4830.0,4801.0,399.0,861.0,6179.0,6204.0,8636.0,9160.0,6170.0,6942.0,3870.0,4648.0,4407.0,3409.0,669.0,713.0,604.0,476.0
NDARUX216VHK,2.885,2.904,2.877,2.269,2.851,2.87,2.46,2.318,2.823,3.031,2.521,2.72,2.906,2.913,2.653,2.703,2.932,2.913,3.202,3.133,2.011,2.328,2.504,2.484,2.862,2.81,2.321,2.257,2.566,2.69,3.014,2.952,2.734,2.904,2.934,3.112,2.946,3.156,2.87,2.704,2.845,2.877,2.211,2.034,2.485,2.491,2.457,2.598,2.866,2.966,2.622,2.698,2.739,2.635,2.586,2.755,3.018,2.965,2.44,2.399,2.935,2.953,2.82,2.874,2.919,3.467,2.859,2.771,940.0,1020.0,506.0,709.0,2121.0,2167.0,2186.0,2030.0,514.0,564.0,616.0,455.0,3384.0,3274.0,4570.0,6739.0,3490.0,3650.0,2292.0,2470.0,826.0,996.0,5952.0,6065.0,2868.0,2428.0,3381.0,3073.0,2190.0,1967.0,3377.0,3209.0,1602.0,1687.0,499.0,605.0,1215.0,1483.0,798.0,904.0,1470.0,1266.0,1204.0,1429.0,4939.0,4686.0,1025.0,1196.0,5376.0,5488.0,3841.0,4378.0,576.0,505.0,6193.0,5863.0,8575.0,7952.0,6607.0,7489.0,4160.0,4176.0,3867.0,4164.0,800.0,582.0,566.0,464.0
NDARUX408KJ1,2.718,2.911,1.995,2.273,3.048,3.044,2.373,2.32,3.63,3.445,3.636,3.236,2.964,3.09,2.925,2.922,3.144,3.11,3.404,3.464,2.561,2.549,2.54,2.576,3.201,3.222,2.374,2.48,3.033,3.068,3.21,3.127,3.039,2.9,3.213,3.323,2.96,3.076,3.209,3.206,2.961,2.799,2.249,2.204,2.623,2.694,2.633,2.707,3.017,2.952,2.839,2.722,2.973,2.947,2.866,2.865,3.257,3.269,2.518,2.699,3.302,3.115,2.965,2.979,4.102,4.396,2.998,3.29,1182.0,902.0,592.0,828.0,2372.0,2547.0,1488.0,1549.0,361.0,476.0,290.0,260.0,3139.0,3481.0,5314.0,6131.0,3677.0,3554.0,2349.0,2332.0,1241.0,860.0,5440.0,5412.0,2762.0,2550.0,2890.0,3281.0,1543.0,1774.0,3832.0,3540.0,1194.0,1535.0,626.0,599.0,1133.0,1805.0,786.0,877.0,1571.0,1288.0,1433.0,1496.0,4175.0,3891.0,1252.0,1112.0,5061.0,4782.0,3796.0,3921.0,802.0,834.0,6348.0,6276.0,8073.0,7248.0,5135.0,4946.0,3829.0,4096.0,3798.0,3587.0,497.0,540.0,414.0,276.0
NDARUX885LMW,2.773,3.021,2.49,2.095,2.899,3.111,2.426,2.338,3.846,4.154,3.232,3.113,3.103,3.229,3.055,3.168,3.194,3.105,3.347,3.122,2.563,2.594,2.484,2.717,3.126,2.971,2.386,2.57,2.758,2.874,3.33,3.335,2.913,2.917,3.328,3.129,2.948,2.905,3.14,3.262,2.813,2.939,2.411,2.354,2.589,2.662,2.692,2.575,2.981,2.978,2.99,2.836,3.077,2.873,2.815,2.774,3.21,3.242,2.724,2.786,3.315,3.037,3.127,3.185,4.154,4.229,2.935,3.13,1552.0,1016.0,702.0,719.0,2500.0,2822.0,1294.0,1558.0,387.0,498.0,303.0,221.0,3154.0,3270.0,5147.0,6110.0,3712.0,3214.0,2615.0,2841.0,1071.0,942.0,5112.0,5967.0,2763.0,2813.0,2797.0,3090.0,1870.0,1895.0,4093.0,3556.0,1309.0,1467.0,653.0,710.0,1452.0,1729.0,705.0,868.0,1578.0,1325.0,1513.0,1415.0,4150.0,4024.0,1391.0,1477.0,5169.0,5281.0,3648.0,4158.0,608.0,791.0,6000.0,5961.0,8517.0,7833.0,5647.0,5372.0,3684.0,4257.0,5490.0,3864.0,394.0,436.0,497.0,371.0
NDARUY024RVP,3.546,3.203,2.836,2.673,3.08,3.01,2.559,2.552,3.765,3.839,3.628,3.337,3.26,3.141,3.157,3.121,3.262,3.259,3.698,3.557,2.852,2.868,2.531,2.618,3.243,3.3,2.784,2.71,2.938,3.202,3.304,3.447,2.874,3.056,3.601,3.68,3.205,3.127,3.342,3.316,3.172,3.113,2.481,2.4,2.572,2.791,2.684,2.953,3.135,3.034,3.002,3.021,3.15,3.153,3.028,2.915,3.248,3.283,2.966,2.868,3.275,3.337,3.141,3.119,3.911,4.376,3.105,3.32,1055.0,1270.0,599.0,737.0,2585.0,2591.0,1749.0,1675.0,552.0,475.0,393.0,345.0,3269.0,4027.0,5146.0,5843.0,4074.0,3538.0,2558.0,2728.0,932.0,982.0,6487.0,6148.0,3396.0,2842.0,3422.0,3124.0,2427.0,2128.0,4492.0,3314.0,1583.0,2185.0,662.0,837.0,1438.0,1626.0,882.0,1032.0,1961.0,1614.0,1831.0,1662.0,4879.0,4886.0,1506.0,1601.0,6003.0,6017.0,4479.0,4547.0,586.0,844.0,7461.0,7424.0,10190.0,9809.0,6752.0,7208.0,4134.0,4689.0,5519.0,5205.0,491.0,475.0,464.0,328.0
NDARUY730ANT,2.726,2.575,2.784,2.237,3.01,2.969,2.337,2.198,3.603,3.236,2.559,2.845,2.982,2.99,2.815,2.825,2.705,2.798,3.314,3.229,2.43,2.689,2.393,2.293,3.02,2.924,2.255,2.456,2.672,2.888,2.893,3.182,2.899,2.871,2.553,3.127,2.771,3.053,3.089,3.104,2.8,2.836,2.028,1.955,2.491,2.388,2.808,2.664,2.654,2.731,2.651,2.561,2.991,2.734,2.774,2.779,3.101,3.071,2.398,2.446,2.91,3.153,2.856,2.794,3.488,2.848,2.652,2.217,1270.0,909.0,520.0,485.0,2644.0,2164.0,2025.0,2075.0,470.0,459.0,592.0,516.0,3437.0,3308.0,4360.0,5603.0,3013.0,3206.0,2362.0,2309.0,927.0,979.0,6031.0,6863.0,2472.0,2603.0,3954.0,3854.0,2336.0,1941.0,3663.0,3367.0,1360.0,1643.0,699.0,596.0,1257.0,1475.0,742.0,968.0,1637.0,1315.0,2007.0,2056.0,4206.0,4213.0,1232.0,1068.0,5668.0,5574.0,3882.0,4155.0,387.0,609.0,5880.0,5805.0,8428.0,8032.0,5080.0,5241.0,3953.0,3940.0,4112.0,4344.0,750.0,605.0,599.0,462.0
NDARUZ368BT4,3.017,3.259,2.61,2.683,3.138,3.138,2.259,2.302,3.689,4.101,2.974,3.174,3.325,3.174,2.928,3.031,3.383,3.102,3.099,3.389,2.492,2.457,2.601,2.624,3.121,3.241,2.504,2.656,3.058,3.146,3.459,3.347,3.24,3.049,3.178,3.319,3.167,3.097,3.378,3.298,3.004,3.023,2.129,2.177,2.549,2.684,2.717,2.805,3.101,3.074,2.922,2.963,3.113,3.422,3.065,3.013,3.337,3.292,2.725,2.69,3.381,3.324,3.048,3.204,3.93,4.229,3.064,3.037,979.0,1133.0,597.0,691.0,2598.0,2092.0,1424.0,1313.0,541.0,351.0,317.0,249.0,3005.0,3378.0,4569.0,6080.0,2944.0,3861.0,2457.0,2300.0,1022.0,1046.0,4868.0,5151.0,2790.0,2780.0,2791.0,2821.0,1529.0,2037.0,3760.0,3373.0,1342.0,1364.0,730.0,721.0,1409.0,1428.0,703.0,921.0,1595.0,1269.0,1520.0,1487.0,4018.0,3813.0,1129.0,1181.0,4755.0,4576.0,4129.0,4038.0,690.0,780.0,6063.0,5869.0,7965.0,7288.0,5324.0,5174.0,3887.0,4137.0,4072.0,3189.0,437.0,446.0,434.0,278.0
NDARVB012UWL,3.022,3.223,3.377,3.122,3.364,3.376,2.634,2.627,4.119,4.245,3.15,4.004,3.361,3.355,3.255,3.169,3.42,3.587,3.694,3.601,2.638,2.702,2.685,2.681,3.311,3.285,2.76,2.849,3.166,3.119,3.342,3.539,3.187,3.251,3.217,3.526,3.166,3.159,3.572,3.327,3.126,3.162,2.439,2.349,2.979,2.777,2.751,2.888,3.167,3.228,3.062,3.119,3.841,3.521,3.05,3.133,3.474,3.523,2.923,3.005,3.397,3.617,3.256,3.16,4.041,4.203,3.3,3.121,946.0,956.0,552.0,563.0,2163.0,1570.0,1457.0,1421.0,390.0,394.0,276.0,220.0,2691.0,2700.0,5134.0,6130.0,3028.0,2806.0,2050.0,2009.0,1246.0,1149.0,4629.0,4915.0,2752.0,2752.0,3231.0,3229.0,1747.0,1844.0,3453.0,3177.0,1141.0,1259.0,604.0,642.0,1196.0,1448.0,821.0,867.0,1743.0,1448.0,1629.0,1508.0,3940.0,3645.0,1047.0,1257.0,4450.0,4632.0,3754.0,3695.0,524.0,686.0,6070.0,5516.0,5977.0,6301.0,5446.0,4700.0,3335.0,4272.0,3410.0,3146.0,397.0,442.0,413.0,311.0
NDARVB04TJA,2.771,2.806,3.031,3.085,2.744,2.897,2.31,2.44,3.674,3.253,3.005,3.064,3.064,2.958,2.845,2.858,3.188,3.069,3.266,3.424,2.36,2.252,2.511,2.612,3.144,3.111,2.547,2.407,3.024,2.891,3.34,3.31,2.723,2.747,2.872,2.79,3.22,3.075,3.006,3.017,2.776,2.827,2.068,2.034,2.456,2.451,2.849,2.912,2.821,2.862,2.67,2.796,3.421,3.134,2.83,2.686,3.045,3.13,2.664,2.569,3.106,3.072,2.805,3.006,3.703,4.048,2.653,2.748,1262.0,939.0,478.0,607.0,2716.0,2075.0,1318.0,1425.0,548.0,504.0,294.0,272.0,3334.0,3479.0,4853.0,6503.0,4056.0,4548.0,2794.0,2611.0,1150.0,1054.0,5714.0,5770.0,3130.0,3302.0,3062.0,2897.0,2040.0,2421.0,4218.0,3599.0,1483.0,1873.0,544.0,656.0,1505.0,1821.0,825.0,1082.0,1571.0,1506.0,1243.0,1213.0,4762.0,4461.0,1255.0,1151.0,4966.0,5243.0,5014.0,4552.0,472.0,677.0,7126.0,6150.0,9063.0,8358.0,6895.0,6748.0,4366.0,4566.0,5494.0,4459.0,475.0,469.0,568.0,420.0
NDARVB151GXF,2.989,3.051,2.7,2.801,2.945,2.994,2.469,2.401,3.834,3.622,2.882,2.858,3.114,2.879,2.996,2.979,3.138,3.038,3.379,3.415,2.557,2.733,2.753,2.645,3.054,2.993,2.601,2.549,2.705,2.578,3.335,3.125,3.03,2.979,3.436,3.414,3.15,2.849,2.549,2.805,2.921,2.83,2.24,2.432,2.661,2.721,2.53,2.54,3.028,3.041,2.862,2.894,3.088,3.013,2.725,2.723,3.176,3.161,2.725,2.77,3.379,3.255,2.935,3.145,3.681,3.879,2.703,2.823,1287.0,1418.0,979.0,1037.0,2502.0,2751.0,2175.0,1913.0,564.0,851.0,291.0,295.0,3755.0,3941.0,6079.0,7953.0,3946.0,4940.0,2931.0,2974.0,1518.0,1118.0,5516.0,6189.0,3188.0,2961.0,3921.0,3427.0,2120.0,1902.0,4319.0,4140.0,1205.0,1294.0,703.0,780.0,1624.0,1935.0,743.0,1005.0,1615.0,1652.0,1913.0,1737.0,5039.0,5040.0,1273.0,1446.0,5619.0,4992.0,4641.0,4681.0,790.0,1035.0,8538.0,8632.0,9665.0,9456.0,6587.0,6974.0,4954.0,4870.0,5005.0,4224.0,505.0,480.0,558.0,424.0
NDARVB587ECK,2.693,3.11,3.119,2.599,2.932,2.96,2.515,2.481,3.633,3.418,3.892,3.251,3.192,3.137,2.897,2.919,3.202,3.215,3.534,3.248,2.5,2.389,2.545,2.668,3.159,3.173,2.623,2.659,2.842,3.066,3.37,3.337,3.021,2.977,3.191,3.334,3.19,2.893,3.096,3.13,2.894,2.854,2.1,2.156,2.58,2.624,2.488,2.83,2.887,2.928,2.961,2.914,3.439,3.293,2.854,2.968,3.249,3.19,2.56,2.646,3.264,3.219,2.94,2.977,4.177,4.34,3.309,3.03,1896.0,1207.0,884.0,980.0,3079.0,2040.0,1824.0,2003.0,511.0,521.0,315.0,347.0,3555.0,4319.0,6111.0,8661.0,4423.0,4118.0,2711.0,3066.0,1303.0,1238.0,6168.0,6276.0,3235.0,2861.0,3836.0,4089.0,2577.0,1877.0,4876.0,4401.0,1745.0,2035.0,742.0,705.0,1339.0,1653.0,979.0,1116.0,1682.0,1397.0,2030.0,1680.0,4750.0,4644.0,1431.0,1356.0,6285.0,5972.0,4674.0,4705.0,839.0,1038.0,8424.0,8058.0,9303.0,9351.0,6476.0,5971.0,4290.0,4758.0,6879.0,4483.0,511.0,424.0,436.0,430.0
NDARVB811FVD,2.501,2.744,2.56,2.541,2.712,2.551,2.083,2.023,3.371,3.336,2.961,2.811,2.678,2.722,2.542,2.53,2.763,2.75,3.017,3.01,2.309,2.369,2.218,2.287,2.687,2.658,2.246,2.174,2.513,2.56,2.941,2.888,2.517,2.507,2.726,2.713,2.659,2.662,2.687,2.7,2.711,2.576,1.859,1.81,2.206,2.132,2.509,2.48,2.639,2.619,2.455,2.517,2.837,2.882,2.453,2.428,2.779,2.813,2.316,2.288,2.931,2.821,2.71,2.715,3.54,3.391,2.437,2.478,1058.0,869.0,650.0,790.0,2639.0,2609.0,1721.0,1866.0,390.0,424.0,365.0,309.0,3664.0,3575.0,5031.0,5368.0,4316.0,4154.0,2728.0,2537.0,1342.0,1160.0,5720.0,5128.0,3404.0,3266.0,3391.0,3473.0,2094.0,2510.0,3868.0,3787.0,1738.0,1915.0,698.0,798.0,1560.0,1796.0,858.0,1098.0,1850.0,1682.0,1937.0,1794.0,5160.0,4516.0,1659.0,1413.0,5757.0,5540.0,4274.0,4476.0,716.0,1030.0,6511.0,7394.0,9708.0,8973.0,6257.0,6164.0,4527.0,5098.0,4158.0,4645.0,528.0,572.0,567.0,484.0
NDARVC140PKY,2.736,3.147,2.503,2.544,3.268,3.293,2.493,2.317,3.943,4.008,3.488,3.093,3.182,3.201,3.006,3.144,3.183,3.04,3.452,3.446,2.588,2.644,2.613,2.702,3.125,3.151,2.422,2.459,2.686,3.115,3.484,3.328,3.106,3.158,3.077,3.114,3.191,3.09,3.251,3.346,3.127,2.887,2.377,2.388,2.605,2.749,2.66,2.838,3.231,3.27,2.984,2.975,3.14,3.035,3.038,2.937,3.496,3.454,2.805,2.781,3.36,3.105,2.996,3.152,3.854,4.106,2.698,3.187,1501.0,1157.0,647.0,583.0,2247.0,2455.0,1449.0,1521.0,396.0,341.0,277.0,267.0,3076.0,3089.0,5531.0,6467.0,3800.0,3698.0,2758.0,2995.0,1364.0,1200.0,5476.0,5256.0,2927.0,2708.0,3512.0,3137.0,1762.0,2071.0,4541.0,3851.0,1506.0,1580.0,811.0,797.0,1318.0,1918.0,774.0,879.0,1683.0,1318.0,1538.0,1279.0,4696.0,4869.0,1330.0,1259.0,5221.0,5104.0,4361.0,4423.0,649.0,958.0,6377.0,7370.0,8687.0,8415.0,6415.0,5681.0,4004.0,4793.0,5283.0,3876.0,433.0,494.0,567.0,376.0
NDARVC195NLH,2.522,2.902,2.646,2.24,3.271,3.12,2.287,2.191,3.4,3.627,3.826,3.421,2.908,2.899,2.903,2.898,3.197,3.129,3.219,3.432,2.535,2.523,2.501,2.551,3.258,3.156,2.309,2.285,2.998,2.951,3.271,3.268,2.884,2.733,3.075,3.191,3.25,3.254,3.399,3.502,3.12,3.194,2.054,2.07,2.466,2.537,2.469,2.531,3.142,2.985,2.762,2.736,3.142,3.31,3.024,3.029,3.463,3.344,2.573,2.676,3.503,3.421,3.049,3.117,4.429,4.513,3.001,3.024,1084.0,847.0,918.0,735.0,2553.0,2044.0,1703.0,1885.0,659.0,518.0,345.0,267.0,2944.0,3219.0,4807.0,5842.0,3784.0,3810.0,3102.0,2955.0,1002.0,969.0,5118.0,5644.0,2834.0,2896.0,3561.0,2944.0,1613.0,1922.0,3794.0,3209.0,1516.0,1354.0,632.0,655.0,1549.0,2131.0,787.0,1028.0,1801.0,1638.0,1900.0,1736.0,4412.0,4138.0,1524.0,1431.0,5303.0,4851.0,4369.0,4264.0,617.0,913.0,6617.0,5997.0,8072.0,7751.0,5991.0,6762.0,4014.0,4346.0,5256.0,4801.0,459.0,522.0,598.0,350.0
NDARVC246ZY8,2.477,2.624,2.706,2.527,2.777,2.837,1.981,2.039,3.471,3.537,2.96,2.937,2.605,2.756,2.545,2.532,2.864,2.872,2.991,3.018,2.502,2.237,2.178,2.227,2.729,2.674,2.113,2.051,2.437,2.376,2.935,2.842,2.489,2.539,2.792,2.825,2.645,2.644,2.714,2.765,2.492,2.571,2.017,1.851,2.181,2.213,2.597,2.628,2.671,2.655,2.507,2.494,2.674,2.729,2.486,2.48,2.925,2.889,2.339,2.292,2.737,2.899,2.695,2.617,3.866,3.825,2.598,2.526,958.0,1153.0,476.0,610.0,2012.0,1884.0,1247.0,1348.0,424.0,515.0,229.0,223.0,3078.0,3122.0,5315.0,5465.0,3066.0,3169.0,2471.0,2578.0,896.0,913.0,4758.0,4205.0,3043.0,2757.0,2945.0,2944.0,1671.0,1894.0,3264.0,3108.0,1320.0,1426.0,691.0,739.0,1572.0,1575.0,873.0,857.0,1661.0,1222.0,1525.0,1378.0,3760.0,3800.0,1215.0,1226.0,4437.0,4459.0,3553.0,3507.0,601.0,702.0,5376.0,5506.0,7154.0,6729.0,4475.0,4625.0,3232.0,3521.0,3346.0,3439.0,400.0,435.0,425.0,305.0
NDARVD495YP9,2.741,2.818,2.728,2.489,2.895,2.954,2.169,2.238,3.025,3.455,2.784,3.228,2.897,2.811,2.667,2.64,3.039,2.831,3.052,3.045,2.278,2.506,2.176,2.199,2.846,2.981,2.183,2.311,2.793,2.621,3.087,3.086,2.917,2.794,3.122,3.066,3.337,2.874,3.047,3.11,2.934,2.693,1.901,1.833,2.269,2.44,2.64,2.714,2.72,2.686,2.727,2.786,2.99,3.031,2.774,2.731,2.995,3.065,2.385,2.425,3.059,2.896,2.816,2.682,3.366,3.95,2.749,2.792,1651.0,1174.0,855.0,764.0,2914.0,2064.0,1628.0,1867.0,403.0,469.0,266.0,235.0,3251.0,2866.0,5604.0,7392.0,3528.0,3035.0,2014.0,2414.0,1034.0,893.0,4835.0,5880.0,2674.0,2578.0,3204.0,3045.0,1586.0,1873.0,3958.0,3854.0,1296.0,1552.0,625.0,666.0,1327.0,1692.0,723.0,927.0,1642.0,1436.0,1967.0,1413.0,4421.0,4123.0,1262.0,1444.0,4744.0,4762.0,4072.0,4378.0,568.0,785.0,7268.0,6279.0,7957.0,7199.0,5469.0,6257.0,3919.0,4820.0,4616.0,3802.0,388.0,427.0,596.0,393.0
NDARVF159VP9,2.89,3.114,2.83,2.678,3.328,3.295,2.776,2.517,3.969,4.384,3.744,3.708,3.333,3.088,3.169,3.178,3.596,3.544,3.636,3.551,2.448,2.994,2.761,2.72,3.63,3.459,2.696,2.835,3.306,3.115,3.537,3.524,3.187,3.174,3.503,3.866,3.414,3.303,3.731,3.688,3.212,3.32,2.443,2.595,2.829,2.646,2.923,2.91,3.205,3.217,3.212,3.056,3.51,3.287,3.199,3.253,3.635,3.523,2.91,2.907,3.622,3.536,3.105,3.247,4.696,4.579,3.33,3.503,1532.0,1258.0,878.0,1166.0,3016.0,2156.0,1591.0,1520.0,749.0,474.0,317.0,266.0,2996.0,2528.0,5876.0,7793.0,3510.0,3520.0,2418.0,2446.0,1374.0,974.0,5799.0,6276.0,2646.0,2695.0,3561.0,3858.0,1905.0,1941.0,3643.0,3609.0,1446.0,1661.0,677.0,945.0,1292.0,1331.0,745.0,963.0,1474.0,1265.0,1784.0,1769.0,4643.0,3989.0,1479.0,1927.0,5213.0,5411.0,4003.0,3942.0,809.0,939.0,7447.0,6949.0,7707.0,8074.0,6377.0,5461.0,3300.0,4096.0,4206.0,3228.0,471.0,428.0,408.0,331.0
NDARVG127VW5,2.744,2.972,2.495,2.464,3.049,3.064,2.347,2.234,3.775,3.775,3.574,3.668,3.149,3.164,2.896,2.959,3.199,3.232,3.264,3.512,2.545,2.439,2.682,2.612,3.064,2.963,2.493,2.536,2.615,2.748,3.405,3.341,2.942,3.032,3.117,3.039,3.122,3.139,3.081,3.175,3.042,2.789,2.185,2.404,2.636,2.657,2.732,2.775,3.111,2.979,2.995,2.92,3.178,3.063,2.839,2.721,3.407,3.382,2.854,2.881,3.229,3.149,2.986,3.105,3.83,3.972,2.911,2.907,1053.0,935.0,657.0,592.0,2019.0,2234.0,1481.0,1509.0,306.0,317.0,265.0,197.0,2700.0,2573.0,4542.0,5418.0,2983.0,3100.0,2536.0,2091.0,885.0,899.0,4595.0,4540.0,2513.0,2461.0,2781.0,2519.0,1423.0,1679.0,3861.0,3685.0,1069.0,1461.0,608.0,668.0,1250.0,1279.0,641.0,666.0,1527.0,1261.0,1642.0,1244.0,3588.0,3444.0,1134.0,1214.0,4417.0,4540.0,3328.0,3600.0,479.0,580.0,4992.0,5018.0,6785.0,6471.0,4380.0,4296.0,3622.0,4255.0,3465.0,3451.0,425.0,412.0,414.0,299.0
NDARVG132NF6,3.023,3.162,2.652,2.54,3.276,3.149,2.377,2.361,3.64,4.036,3.405,3.278,3.042,3.143,3.085,3.074,3.244,3.194,3.493,3.645,2.656,2.517,2.629,2.675,3.364,3.188,2.529,2.445,2.904,2.995,3.457,3.371,3.164,3.105,3.352,3.719,3.234,3.244,3.521,3.413,3.141,2.99,2.399,2.193,2.759,2.798,2.847,2.849,3.201,3.207,2.984,2.956,3.395,3.323,3.014,2.972,3.422,3.317,2.899,2.925,3.505,3.24,3.159,3.301,4.105,4.393,3.142,3.058,1077.0,1062.0,607.0,773.0,2093.0,2434.0,1677.0,1776.0,576.0,506.0,275.0,226.0,2963.0,3817.0,5599.0,6520.0,3339.0,3527.0,2672.0,2260.0,1087.0,937.0,5268.0,5010.0,2791.0,2973.0,3478.0,3232.0,1570.0,1836.0,3758.0,3330.0,1475.0,1684.0,643.0,684.0,1637.0,2062.0,739.0,825.0,1382.0,1363.0,1726.0,1534.0,4200.0,3959.0,1618.0,1295.0,4772.0,4463.0,4667.0,4450.0,676.0,954.0,5659.0,5960.0,7723.0,7359.0,7125.0,7356.0,4218.0,4303.0,4450.0,4069.0,471.0,434.0,460.0,371.0
NDARVG148WHV,2.754,2.633,2.472,2.37,2.705,2.891,2.148,2.263,3.401,3.065,2.912,2.749,2.871,2.85,2.651,2.697,3.007,2.956,3.117,3.1,2.309,2.29,2.379,2.381,2.775,2.617,2.322,2.199,2.604,2.461,3.09,3.004,2.68,2.622,2.806,2.932,2.809,2.793,2.883,2.885,2.629,2.559,1.926,1.764,2.262,2.328,2.504,2.341,2.773,2.767,2.562,2.564,2.814,2.858,2.539,2.516,2.836,2.798,2.426,2.367,2.947,3.046,2.699,2.736,3.872,3.932,2.494,2.588,1298.0,1268.0,729.0,1032.0,2738.0,2615.0,1519.0,1462.0,410.0,412.0,321.0,319.0,3806.0,3488.0,5095.0,6225.0,3778.0,3249.0,3200.0,2808.0,1573.0,1379.0,5696.0,5163.0,3319.0,3470.0,3140.0,3213.0,1908.0,2242.0,4372.0,3997.0,1141.0,1552.0,778.0,747.0,1545.0,2150.0,989.0,1250.0,2393.0,1855.0,1285.0,1253.0,4848.0,4841.0,1603.0,1670.0,5192.0,5543.0,4363.0,4779.0,771.0,930.0,9271.0,8333.0,9950.0,9161.0,6202.0,6643.0,5110.0,5852.0,5601.0,4239.0,538.0,440.0,574.0,499.0
NDARVG461LA2,2.662,2.94,2.863,2.635,2.948,2.922,2.022,2.028,3.373,3.673,3.259,2.882,2.966,2.877,2.741,2.817,3.121,3.054,3.194,3.192,2.426,2.496,2.389,2.414,2.91,2.9,2.313,2.261,2.917,2.853,3.118,3.029,2.754,2.692,2.444,2.606,2.888,3.048,2.959,3.024,2.771,2.733,1.718,1.763,2.372,2.346,2.58,2.652,2.683,2.876,2.717,2.745,3.279,3.131,2.658,2.667,3.033,3.095,2.512,2.489,3.093,3.056,2.895,2.847,3.889,3.732,2.664,2.755,1252.0,870.0,817.0,692.0,2171.0,2920.0,1661.0,1499.0,338.0,272.0,312.0,340.0,2913.0,2981.0,4320.0,6216.0,3273.0,3505.0,2059.0,2077.0,1016.0,1004.0,5118.0,5572.0,2813.0,2687.0,3277.0,3463.0,1678.0,1763.0,3460.0,3591.0,1381.0,1633.0,691.0,743.0,1457.0,2017.0,834.0,992.0,1652.0,1243.0,1515.0,1485.0,4454.0,4366.0,1201.0,1298.0,5110.0,4652.0,4027.0,3703.0,769.0,1065.0,7089.0,6972.0,7095.0,7260.0,5964.0,6287.0,3792.0,3876.0,4400.0,4298.0,439.0,403.0,446.0,330.0
NDARVG641YGK,2.67,2.525,2.52,2.451,3.042,2.955,2.324,2.152,3.194,3.565,2.537,3.3,3.002,2.99,2.743,2.942,2.691,2.907,2.93,3.222,2.42,2.263,2.14,2.455,2.926,2.863,2.281,2.368,2.88,2.767,3.054,3.198,2.843,2.962,3.171,3.282,3.316,3.132,2.928,2.994,3.051,2.955,2.05,2.214,2.494,2.496,2.62,2.701,2.785,2.86,2.773,2.722,2.721,3.187,2.713,3.029,3.295,3.029,2.474,2.47,3.157,3.08,3.052,2.909,3.286,3.399,3.066,2.571,916.0,784.0,503.0,559.0,2394.0,2262.0,1480.0,1558.0,397.0,344.0,567.0,438.0,3049.0,3294.0,3825.0,4832.0,3155.0,2828.0,2610.0,2279.0,994.0,981.0,5770.0,5497.0,2602.0,2569.0,3819.0,3380.0,2185.0,1782.0,3287.0,2842.0,1369.0,1575.0,752.0,631.0,1220.0,1669.0,729.0,937.0,1540.0,1422.0,1864.0,1563.0,4140.0,4002.0,1116.0,1023.0,4841.0,4819.0,4019.0,4076.0,413.0,399.0,5698.0,5698.0,7655.0,7541.0,5585.0,5288.0,3858.0,4166.0,3902.0,3645.0,638.0,705.0,599.0,424.0
NDARVG958MHH,2.958,2.834,2.265,2.244,3.264,3.334,2.444,2.418,3.318,3.254,2.76,3.271,2.95,3.038,2.977,2.98,3.002,3.186,3.4,3.344,2.628,2.462,2.523,2.66,3.191,3.075,2.51,2.56,2.953,3.171,3.011,3.287,3.126,3.024,3.061,3.493,3.295,3.256,3.053,3.115,3.041,2.966,2.225,2.172,2.592,2.494,2.855,2.728,3.089,3.103,2.866,2.889,3.021,3.015,2.816,2.91,3.238,3.31,2.62,2.652,3.293,3.194,2.947,3.059,3.533,3.689,2.885,3.189,1073.0,860.0,449.0,704.0,1902.0,2018.0,1561.0,1482.0,639.0,566.0,450.0,363.0,3146.0,2864.0,4842.0,5501.0,3426.0,3847.0,2944.0,2589.0,1062.0,858.0,4765.0,5239.0,2455.0,2537.0,3580.0,3650.0,1828.0,1969.0,3667.0,3072.0,1525.0,1641.0,685.0,756.0,1276.0,1927.0,753.0,989.0,1419.0,1741.0,1612.0,1691.0,4875.0,4173.0,1183.0,1092.0,5557.0,5415.0,4517.0,4490.0,525.0,809.0,5478.0,6357.0,8276.0,7652.0,6745.0,6507.0,3994.0,3598.0,5231.0,4324.0,628.0,619.0,532.0,349.0
NDARVG971CHH,2.579,2.58,2.909,2.451,2.593,2.617,1.877,1.855,3.152,3.357,2.974,2.839,2.762,2.67,2.421,2.54,2.775,2.709,2.907,2.96,2.288,2.43,2.152,2.168,2.656,2.664,1.994,2.062,2.602,2.534,2.998,2.763,2.318,2.446,2.64,2.877,2.555,2.652,2.775,2.709,2.407,2.449,1.54,1.614,2.175,2.145,2.342,2.383,2.353,2.499,2.372,2.443,2.916,3.099,2.297,2.382,2.677,2.718,2.227,2.309,2.864,2.857,2.561,2.65,3.392,3.799,2.455,2.623,952.0,1106.0,507.0,798.0,2173.0,2079.0,1588.0,1436.0,513.0,364.0,266.0,229.0,2903.0,3222.0,5077.0,5729.0,2885.0,3798.0,2171.0,2177.0,910.0,979.0,6045.0,5241.0,2905.0,2703.0,3060.0,3194.0,1720.0,1806.0,3810.0,3281.0,1576.0,1465.0,629.0,634.0,1509.0,1632.0,797.0,884.0,1510.0,1091.0,1391.0,1262.0,4237.0,3897.0,1189.0,1202.0,5030.0,5228.0,3398.0,4023.0,688.0,576.0,5477.0,5015.0,7516.0,7036.0,5210.0,5489.0,3950.0,4068.0,3436.0,3615.0,471.0,490.0,424.0,362.0
NDARVH033CA4,3.001,2.98,2.427,2.465,3.15,3.317,2.381,2.282,3.268,3.678,2.988,2.999,3.279,3.137,2.933,3.084,3.074,3.099,3.377,3.276,2.43,2.51,2.394,2.62,3.124,3.144,2.66,2.348,2.798,2.909,3.334,3.215,3.199,3.125,3.371,3.547,3.152,2.932,3.083,3.1,3.163,3.059,2.231,2.132,2.58,2.595,2.603,2.59,3.17,3.006,3.112,2.922,2.958,3.094,3.018,2.912,3.244,3.328,2.766,2.677,3.451,3.251,3.195,3.236,2.967,3.334,3.2,3.004,1104.0,910.0,578.0,743.0,2230.0,2257.0,1388.0,1638.0,582.0,605.0,597.0,480.0,2310.0,3014.0,5356.0,6180.0,3005.0,3534.0,2035.0,1862.0,985.0,891.0,4706.0,4846.0,2404.0,2589.0,2830.0,2771.0,2295.0,2049.0,3485.0,2963.0,1341.0,1666.0,439.0,575.0,1214.0,1375.0,649.0,815.0,1106.0,1113.0,1547.0,1410.0,4675.0,4313.0,1254.0,1031.0,4741.0,4944.0,3673.0,4029.0,420.0,574.0,5307.0,5878.0,7571.0,7905.0,5119.0,5488.0,3428.0,4016.0,3716.0,3263.0,704.0,725.0,514.0,375.0
NDARVH070WH6,2.863,2.823,2.643,2.554,2.865,2.85,2.028,2.107,3.18,3.452,3.011,2.86,2.993,2.961,2.719,2.786,3.266,3.09,3.319,3.36,2.246,2.282,2.541,2.497,2.958,2.953,2.355,2.305,2.703,2.789,3.393,3.306,2.656,2.663,2.797,2.984,2.923,2.838,3.003,3.286,2.876,2.841,1.884,1.808,2.221,2.293,2.578,2.548,2.79,2.814,2.673,2.731,3.048,3.139,2.712,2.712,3.059,3.068,2.415,2.463,3.211,3.096,2.838,2.777,3.819,4.057,2.653,2.766,1133.0,769.0,775.0,743.0,2509.0,2627.0,1362.0,1393.0,325.0,362.0,305.0,265.0,3232.0,2982.0,4379.0,6509.0,3464.0,3791.0,2376.0,2387.0,1095.0,1004.0,4781.0,4854.0,2960.0,2691.0,3148.0,3176.0,1622.0,1822.0,4101.0,3559.0,1240.0,1604.0,651.0,711.0,1361.0,1539.0,892.0,863.0,1552.0,1524.0,1624.0,1683.0,4672.0,3906.0,1501.0,1340.0,5400.0,5579.0,3938.0,4059.0,563.0,893.0,7194.0,6888.0,7825.0,8114.0,5100.0,5613.0,3959.0,4155.0,4448.0,3871.0,507.0,478.0,453.0,336.0
NDARVJ504DAA,2.788,2.905,2.927,2.796,2.851,2.661,2.331,2.419,3.08,3.598,3.516,3.344,2.948,2.679,2.788,3.007,3.207,3.077,3.25,3.214,2.795,2.732,2.528,2.546,3.132,3.456,2.376,2.411,3.306,3.528,3.31,3.246,2.746,2.68,2.536,2.461,3.113,3.136,3.023,3.097,2.955,3.033,2.096,2.068,2.4,2.341,2.671,2.938,2.677,2.728,2.728,2.754,3.623,3.319,2.896,2.925,3.21,3.123,2.531,2.498,3.08,3.082,2.863,2.945,4.092,3.974,3.11,2.795,910.0,857.0,427.0,477.0,1627.0,1244.0,1008.0,1095.0,220.0,255.0,331.0,247.0,2252.0,2574.0,4091.0,4894.0,2579.0,2468.0,1884.0,2111.0,915.0,838.0,4534.0,4226.0,2072.0,2091.0,1966.0,2035.0,1324.0,1458.0,2969.0,2833.0,1166.0,1343.0,649.0,628.0,1072.0,1412.0,691.0,696.0,1270.0,1100.0,1102.0,871.0,3634.0,3359.0,991.0,971.0,3854.0,4245.0,3427.0,3433.0,341.0,585.0,4844.0,4584.0,5471.0,5700.0,5215.0,5364.0,3053.0,3290.0,3133.0,3246.0,373.0,343.0,343.0,295.0
NDARVJ685ZW5,2.802,2.864,2.777,2.949,3.22,3.087,2.437,2.44,3.345,3.648,3.053,3.439,3.059,2.962,2.842,2.846,3.106,3.021,3.199,3.092,2.486,2.571,2.413,2.55,3.094,2.954,2.576,2.439,2.908,2.869,3.183,3.238,3.054,2.959,3.175,3.185,3.118,3.049,3.355,3.02,3.19,3.132,2.033,2.12,2.71,2.649,2.747,3.163,2.961,3.021,2.866,2.908,3.202,3.162,2.939,2.942,3.33,3.302,2.668,2.765,3.348,3.219,2.977,2.992,3.885,3.906,2.907,2.987,1183.0,984.0,492.0,628.0,1955.0,1716.0,1536.0,1748.0,464.0,423.0,365.0,234.0,2994.0,2811.0,4969.0,5162.0,3416.0,3490.0,2464.0,2335.0,1020.0,1096.0,5418.0,5072.0,2562.0,2491.0,3557.0,2921.0,1733.0,1866.0,3632.0,3536.0,1255.0,1310.0,609.0,584.0,1772.0,1435.0,637.0,810.0,1458.0,1208.0,2044.0,1622.0,4444.0,4231.0,1099.0,1235.0,4369.0,4678.0,3194.0,3781.0,584.0,848.0,6602.0,5259.0,7840.0,6466.0,4871.0,5333.0,3715.0,3964.0,4407.0,4765.0,398.0,474.0,432.0,370.0
NDARVK922KE5,2.828,2.712,2.611,2.312,2.964,2.958,2.361,2.287,3.014,3.059,2.438,2.985,3.06,3.108,2.72,2.676,3.026,3.045,3.188,3.331,2.363,2.329,2.565,2.492,3.002,2.862,2.485,2.538,2.913,3.028,3.146,3.135,2.841,2.869,3.251,3.412,3.216,3.336,2.884,3.063,2.857,3.046,2.16,2.393,2.416,2.409,2.543,2.774,3.011,3.079,2.742,2.676,2.845,3.05,2.752,2.813,3.118,3.054,2.399,2.556,3.289,3.262,2.875,2.846,3.191,2.894,3.063,3.148,1397.0,772.0,636.0,700.0,2890.0,2454.0,1522.0,1704.0,650.0,522.0,559.0,383.0,3166.0,3333.0,4687.0,5818.0,3282.0,3358.0,2979.0,2400.0,1244.0,1119.0,5845.0,7154.0,2303.0,2541.0,3277.0,3214.0,1889.0,1989.0,3261.0,3031.0,1716.0,1716.0,542.0,689.0,1568.0,1547.0,984.0,1009.0,1757.0,1592.0,1828.0,1550.0,4854.0,4407.0,1588.0,1167.0,5737.0,5870.0,4583.0,4354.0,510.0,915.0,6748.0,6285.0,9312.0,8905.0,5674.0,5413.0,3672.0,4196.0,5085.0,4065.0,663.0,635.0,456.0,403.0
NDARVL697YGK,2.714,3.118,2.476,2.054,3.247,3.122,2.38,2.392,3.359,3.264,2.332,2.596,3.176,3.203,2.969,3.13,3.019,3.131,3.591,3.409,2.6,2.541,2.494,2.677,3.167,3.103,2.554,2.559,2.822,2.958,3.345,2.927,3.08,3.148,2.959,3.35,3.292,3.123,3.192,3.174,2.84,2.892,2.283,2.335,2.557,2.511,2.925,2.802,3.133,3.163,2.917,3.074,3.203,2.914,2.543,2.638,3.257,3.251,2.689,2.688,3.562,3.294,2.976,3.083,4.106,3.658,3.57,3.068,1142.0,974.0,750.0,763.0,1902.0,2178.0,1276.0,1669.0,481.0,540.0,556.0,410.0,2934.0,3261.0,4880.0,4646.0,2941.0,3150.0,2480.0,2440.0,996.0,782.0,5121.0,4841.0,2543.0,2596.0,2679.0,2636.0,2040.0,2207.0,3473.0,3316.0,1291.0,1830.0,594.0,664.0,1285.0,1631.0,747.0,927.0,1425.0,1499.0,1131.0,1028.0,4680.0,4252.0,1037.0,1141.0,4830.0,4773.0,3932.0,3804.0,513.0,709.0,5654.0,6433.0,8258.0,7988.0,5485.0,5821.0,3747.0,4051.0,4751.0,4642.0,543.0,599.0,515.0,510.0
NDARVL878GRA,3.152,3.263,2.486,2.702,2.739,2.792,2.664,2.559,3.634,3.622,2.134,3.029,3.132,3.177,3.084,2.772,3.032,3.186,3.536,3.366,2.682,2.585,2.415,2.407,3.193,3.037,2.488,2.531,3.067,2.872,3.165,3.007,2.989,2.93,3.125,3.374,3.099,2.961,2.422,2.537,2.754,3.253,2.171,2.459,2.35,2.336,2.598,2.598,2.913,2.881,3.019,2.919,3.07,3.389,2.715,2.701,3.393,3.33,2.657,2.683,3.246,3.03,2.781,2.783,3.592,3.275,3.138,3.102,1242.0,1019.0,598.0,797.0,2654.0,2293.0,1718.0,1458.0,543.0,323.0,285.0,244.0,2802.0,3389.0,5004.0,5377.0,2852.0,3011.0,2414.0,2269.0,1076.0,1210.0,5359.0,5306.0,2373.0,2455.0,3312.0,2881.0,1513.0,1767.0,3472.0,3169.0,1772.0,1471.0,575.0,573.0,1107.0,1391.0,663.0,708.0,1394.0,1259.0,1770.0,1327.0,3940.0,3923.0,1422.0,1346.0,4840.0,4677.0,3727.0,4347.0,534.0,604.0,6449.0,6644.0,7632.0,7467.0,5209.0,5469.0,4090.0,3940.0,3781.0,3457.0,442.0,356.0,460.0,343.0
NDARVM685MER,2.565,2.605,2.723,2.578,2.64,2.635,1.895,1.95,3.277,3.301,2.717,2.534,2.775,2.693,2.456,2.424,2.85,2.806,2.904,2.867,2.341,2.257,2.112,2.275,2.812,2.565,2.135,2.218,2.608,2.572,2.818,2.837,2.376,2.464,2.758,2.786,2.756,2.75,2.885,2.623,2.573,2.512,1.783,1.799,2.098,2.105,2.484,2.483,2.627,2.587,2.393,2.453,3.015,2.67,2.474,2.5,2.761,2.74,2.234,2.296,2.757,2.784,2.565,2.568,3.611,3.537,2.516,2.58,1202.0,954.0,1107.0,1131.0,2596.0,1947.0,1139.0,1218.0,419.0,427.0,338.0,215.0,2478.0,2832.0,4253.0,5156.0,2897.0,3193.0,2388.0,2420.0,955.0,798.0,4198.0,4681.0,2694.0,2486.0,2810.0,2452.0,1778.0,2024.0,3418.0,3258.0,1403.0,1680.0,485.0,557.0,1416.0,1679.0,768.0,825.0,1766.0,1250.0,1064.0,1012.0,3612.0,3456.0,1366.0,1575.0,4852.0,4785.0,3182.0,3688.0,713.0,1062.0,6859.0,6207.0,6737.0,6584.0,5037.0,4694.0,3496.0,3686.0,4088.0,2941.0,463.0,492.0,367.0,316.0
NDARVN280JTN,2.443,2.531,2.775,2.711,2.639,2.591,1.953,1.827,3.704,3.381,2.904,3.045,2.574,2.605,2.512,2.583,2.925,2.758,2.859,2.875,2.574,2.473,2.164,2.211,2.603,2.54,2.027,1.92,2.464,2.38,2.899,2.838,2.468,2.508,2.721,2.663,2.541,2.636,2.358,2.542,2.456,2.598,1.836,1.852,2.137,2.136,2.525,2.526,2.561,2.639,2.37,2.336,3.022,2.871,2.346,2.435,2.75,2.694,2.178,2.172,2.922,2.859,2.706,2.569,3.232,3.356,2.508,2.709,875.0,815.0,661.0,568.0,2282.0,2127.0,1491.0,1463.0,335.0,448.0,307.0,194.0,3077.0,3125.0,3969.0,4668.0,3307.0,3243.0,2771.0,2369.0,978.0,796.0,4069.0,4733.0,2874.0,2827.0,3713.0,3246.0,1609.0,1814.0,2987.0,2853.0,1414.0,1685.0,631.0,690.0,1060.0,1478.0,835.0,851.0,1251.0,1108.0,2216.0,1888.0,3792.0,3938.0,1086.0,1131.0,5005.0,4891.0,3699.0,4050.0,657.0,907.0,6274.0,5320.0,8105.0,8045.0,4719.0,5514.0,3376.0,3789.0,3118.0,3014.0,468.0,573.0,452.0,323.0
NDARVN363NNQ,3.108,3.357,3.19,2.969,3.259,3.334,2.456,2.356,3.734,3.678,3.559,3.417,3.225,3.003,3.065,3.247,3.331,3.344,3.543,3.49,2.716,2.988,2.667,2.755,3.172,3.261,2.701,2.539,2.905,2.971,3.498,3.32,3.287,3.193,3.394,3.206,3.036,3.05,2.977,3.065,3.223,2.938,2.105,2.244,2.769,2.852,2.791,3.094,3.143,3.141,3.17,3.041,3.42,3.291,3.124,2.913,3.413,3.432,2.907,2.845,3.388,3.431,3.224,3.178,4.187,4.309,3.231,3.142,1051.0,982.0,800.0,634.0,2410.0,2127.0,1232.0,1421.0,388.0,290.0,248.0,221.0,2581.0,2889.0,4989.0,5491.0,2481.0,3064.0,1850.0,2229.0,987.0,872.0,4307.0,5067.0,2410.0,2278.0,3012.0,2632.0,1699.0,1702.0,3333.0,3357.0,1529.0,1761.0,611.0,588.0,1496.0,1736.0,589.0,776.0,1509.0,1227.0,1138.0,1089.0,4479.0,4168.0,1221.0,1203.0,4323.0,4488.0,3890.0,4249.0,509.0,905.0,6001.0,5582.0,6663.0,6615.0,6693.0,7406.0,3381.0,3716.0,3627.0,3550.0,383.0,358.0,411.0,299.0
NDARVN370YL8,2.842,3.089,3.205,3.02,2.843,2.85,2.281,2.29,3.766,2.81,1.898,2.558,2.662,2.954,2.785,2.719,2.808,2.825,3.228,2.918,2.411,2.308,2.529,2.385,2.914,2.645,2.439,2.413,2.653,2.478,3.205,2.992,2.784,2.823,2.555,2.509,3.05,3.083,2.989,2.602,2.878,2.912,1.846,1.844,2.216,2.273,2.805,3.001,2.796,2.795,2.773,2.599,3.074,3.821,2.534,2.705,3.071,2.969,2.328,2.425,3.02,3.021,2.853,2.863,3.018,3.074,2.656,2.783,1181.0,800.0,537.0,385.0,2201.0,1721.0,1185.0,1422.0,299.0,476.0,534.0,359.0,3753.0,3859.0,4750.0,5474.0,3673.0,3713.0,3006.0,2941.0,971.0,992.0,5037.0,4565.0,2868.0,2738.0,2744.0,2327.0,1923.0,2109.0,3574.0,3353.0,1508.0,1428.0,713.0,835.0,1364.0,1396.0,779.0,943.0,1558.0,1439.0,1230.0,781.0,3985.0,4316.0,1076.0,1004.0,4663.0,4920.0,4467.0,4835.0,308.0,377.0,5311.0,5589.0,7548.0,6680.0,6683.0,6474.0,3861.0,4110.0,4292.0,4278.0,614.0,614.0,564.0,503.0
NDARVN646NZP,2.629,2.703,2.525,2.352,2.587,2.623,1.905,1.977,3.199,3.199,2.64,2.607,2.648,2.649,2.453,2.451,2.811,2.753,2.808,2.836,2.123,2.361,2.152,2.249,2.61,2.497,2.046,2.004,2.465,2.311,2.899,2.923,2.417,2.584,2.81,2.873,2.579,2.728,2.851,2.663,2.546,2.576,1.834,1.587,2.044,2.078,2.307,2.426,2.628,2.701,2.426,2.432,2.742,2.924,2.486,2.491,2.745,2.774,2.223,2.268,2.842,2.752,2.607,2.528,3.948,4.294,2.47,2.617,1161.0,1048.0,768.0,619.0,2330.0,1932.0,1151.0,1211.0,493.0,406.0,302.0,288.0,2811.0,2694.0,5550.0,6100.0,3293.0,3261.0,2466.0,2217.0,969.0,768.0,4740.0,4183.0,2953.0,3013.0,2542.0,2527.0,1983.0,1953.0,3421.0,3395.0,1458.0,1300.0,650.0,695.0,1331.0,1520.0,855.0,1000.0,1557.0,1137.0,1271.0,1058.0,3914.0,4104.0,1064.0,1312.0,4737.0,4789.0,3733.0,3975.0,715.0,801.0,6673.0,6377.0,7119.0,6849.0,5223.0,5639.0,3431.0,3461.0,3499.0,4036.0,508.0,422.0,342.0,307.0
NDARVN648NN2,2.901,2.982,2.04,2.586,2.823,3.054,2.495,2.355,3.219,3.4,2.893,2.961,3.053,2.976,2.826,2.945,2.89,2.918,3.147,3.436,2.339,2.551,2.301,2.507,3.072,2.972,2.424,2.525,2.853,3.062,3.026,3.057,3.08,2.866,3.243,3.237,3.117,3.122,3.012,2.955,2.928,2.861,1.998,2.025,2.464,2.423,2.762,2.767,3.066,3.081,2.757,2.755,3.025,2.841,2.784,2.756,3.309,3.202,2.652,2.686,3.261,3.037,2.846,2.988,3.574,3.452,2.682,2.818,986.0,886.0,532.0,676.0,2047.0,1373.0,1844.0,1825.0,478.0,302.0,589.0,344.0,2942.0,3481.0,5180.0,5386.0,2909.0,3548.0,2449.0,1990.0,1284.0,931.0,6165.0,5522.0,3073.0,2780.0,4011.0,3567.0,1806.0,2026.0,3313.0,3164.0,1503.0,1691.0,534.0,537.0,1494.0,1389.0,892.0,982.0,1622.0,1667.0,2368.0,1880.0,4538.0,4115.0,1326.0,1253.0,4796.0,4722.0,4031.0,4115.0,512.0,675.0,4965.0,4869.0,7378.0,6688.0,5735.0,5536.0,3502.0,3758.0,4407.0,4088.0,676.0,702.0,496.0,430.0
NDARVN892TCF,2.958,3.293,2.612,2.555,2.973,3.182,2.679,2.59,3.611,3.786,3.537,3.19,3.339,3.32,3.168,3.093,3.501,3.45,3.591,3.595,2.604,2.942,2.571,2.705,3.38,3.333,2.798,2.832,3.012,3.148,3.523,3.443,3.194,3.279,3.512,3.242,3.083,3.167,3.26,3.407,3.145,3.288,2.344,2.518,2.747,2.914,2.91,2.91,3.107,3.005,3.14,3.063,3.387,3.469,3.035,3.057,3.378,3.444,3.002,2.997,3.636,3.551,3.293,3.288,4.14,4.42,3.077,3.338,1119.0,1113.0,739.0,742.0,2616.0,3290.0,2283.0,1945.0,566.0,402.0,364.0,255.0,3352.0,3628.0,4350.0,6397.0,3616.0,4392.0,3056.0,2947.0,1452.0,1329.0,5764.0,5573.0,2999.0,3060.0,4292.0,3491.0,1904.0,2231.0,3978.0,3604.0,1512.0,1598.0,648.0,652.0,1806.0,1929.0,873.0,976.0,2111.0,1560.0,1671.0,1752.0,4544.0,4500.0,1608.0,1714.0,4982.0,5050.0,4137.0,4800.0,543.0,892.0,7686.0,7703.0,8443.0,8379.0,6382.0,5928.0,4876.0,5194.0,4824.0,5041.0,513.0,483.0,701.0,523.0
NDARVP135ZGE,2.288,2.753,2.473,2.881,2.733,2.804,2.297,2.235,2.938,2.986,2.857,2.811,2.955,2.95,2.414,2.922,2.83,2.782,3.288,3.428,2.648,2.617,1.954,2.585,2.904,2.652,2.611,2.5,2.752,2.761,2.899,2.702,3.245,3.042,2.862,3.097,3.009,2.995,2.791,2.91,2.78,2.959,2.375,2.285,2.53,2.714,2.648,2.977,2.914,2.927,2.967,2.953,3.113,3.07,2.689,2.894,3.179,2.93,2.695,2.458,3.092,2.797,2.656,3.027,3.038,3.006,3.357,3.294,775.0,856.0,485.0,665.0,2054.0,1719.0,1595.0,1816.0,559.0,502.0,614.0,493.0,3196.0,3174.0,5211.0,4865.0,3655.0,3232.0,2485.0,2030.0,1079.0,1024.0,6979.0,6337.0,2502.0,2470.0,3926.0,3455.0,1747.0,1749.0,3179.0,3083.0,1354.0,1460.0,561.0,589.0,1420.0,1985.0,739.0,789.0,1445.0,1561.0,1692.0,1508.0,4172.0,3862.0,1089.0,1055.0,4385.0,5042.0,3973.0,4362.0,438.0,590.0,5860.0,5264.0,7258.0,6835.0,5334.0,5279.0,3276.0,3938.0,4118.0,3634.0,651.0,585.0,505.0,343.0
NDARVP285RXV,2.726,2.984,2.496,2.341,2.563,2.536,1.999,1.993,2.876,2.58,2.19,2.814,2.643,2.822,2.479,2.567,2.572,2.601,2.752,2.706,2.256,2.138,2.117,2.266,2.718,2.429,2.393,2.23,2.365,2.343,2.723,2.705,2.649,2.777,2.586,2.871,2.606,2.79,2.49,2.631,2.636,2.708,2.213,1.883,2.153,2.096,2.423,2.41,2.494,2.558,2.693,2.603,2.354,2.667,2.318,2.558,2.647,2.537,2.204,2.24,2.882,2.981,2.652,2.482,2.415,2.39,2.86,2.946,1534.0,1120.0,595.0,693.0,1941.0,2126.0,1338.0,1525.0,574.0,484.0,602.0,539.0,3038.0,3626.0,4626.0,7231.0,4454.0,3791.0,2548.0,2156.0,1212.0,739.0,5309.0,5217.0,2645.0,2738.0,3221.0,2900.0,2014.0,2158.0,3905.0,3429.0,1584.0,1688.0,595.0,586.0,1567.0,1914.0,755.0,969.0,1591.0,1468.0,1428.0,984.0,3769.0,3827.0,1138.0,1181.0,5022.0,4878.0,4663.0,4534.0,396.0,631.0,6367.0,5640.0,7508.0,7211.0,5881.0,6368.0,4122.0,4489.0,4944.0,3906.0,859.0,756.0,580.0,411.0
NDARVP894EX0,2.999,3.287,3.737,2.997,3.3,3.06,2.384,2.506,3.655,3.928,3.389,3.867,3.324,3.247,2.998,3.014,3.364,3.237,3.436,3.424,2.669,2.769,2.774,2.726,3.273,3.176,2.598,2.611,3.114,2.725,3.565,3.326,3.061,3.251,3.453,3.386,3.172,3.31,3.53,3.35,3.116,3.17,2.215,2.222,2.753,2.76,3.09,3.222,3.076,3.039,3.037,3.116,3.441,3.646,3.104,3.06,3.503,3.381,2.807,2.773,3.53,3.393,3.203,3.125,4.027,4.334,3.201,3.302,1438.0,1229.0,679.0,799.0,2346.0,2578.0,1728.0,1703.0,804.0,442.0,343.0,266.0,3319.0,3389.0,7328.0,7749.0,3804.0,4415.0,2883.0,2665.0,1154.0,1128.0,6190.0,6673.0,3083.0,2644.0,3541.0,3297.0,1710.0,1956.0,4144.0,4006.0,1424.0,1660.0,597.0,789.0,1478.0,1774.0,816.0,987.0,1603.0,1490.0,1691.0,1684.0,4753.0,5169.0,1403.0,1362.0,5291.0,5569.0,4280.0,4082.0,739.0,1024.0,8139.0,7726.0,8220.0,7862.0,6299.0,6255.0,4014.0,4218.0,4597.0,5155.0,504.0,462.0,467.0,287.0
NDARVP953BBF,2.665,2.994,2.601,2.788,2.924,2.831,2.404,2.44,3.532,3.874,2.785,2.964,3.064,3.029,2.825,2.875,3.094,3.051,3.323,3.254,2.558,2.493,2.502,2.669,3.052,2.848,2.385,2.409,2.776,2.704,3.054,3.141,2.931,2.819,3.3,3.189,2.996,3.159,3.106,2.873,2.833,2.939,2.054,2.068,2.579,2.524,2.696,2.831,2.834,2.974,2.908,2.842,3.177,3.054,2.647,2.815,3.152,3.041,2.6,2.609,3.303,3.2,2.886,2.951,3.765,3.942,2.916,2.921,1274.0,1145.0,780.0,1040.0,2930.0,3076.0,1632.0,1885.0,517.0,640.0,321.0,259.0,3581.0,3562.0,5975.0,6274.0,4866.0,4372.0,2714.0,2661.0,1448.0,1115.0,7246.0,6381.0,3424.0,2879.0,3896.0,3963.0,2135.0,1988.0,5020.0,4180.0,1786.0,2021.0,765.0,795.0,1580.0,1830.0,823.0,892.0,1970.0,1868.0,2068.0,1704.0,5389.0,5256.0,1621.0,1348.0,6702.0,5783.0,5153.0,5033.0,818.0,861.0,7617.0,8147.0,9366.0,9222.0,7112.0,6660.0,5000.0,5654.0,6381.0,5285.0,465.0,527.0,587.0,399.0
NDARVU416CR6,3.184,3.252,2.994,2.424,3.175,3.305,2.422,2.352,3.318,3.858,3.673,3.741,3.188,3.119,3.001,3.048,3.24,3.294,3.366,3.444,2.762,2.817,2.555,2.701,3.124,3.267,2.505,2.623,2.975,3.081,3.374,3.456,3.056,3.002,3.228,3.242,3.379,3.125,3.423,3.176,3.147,3.071,2.203,2.154,2.538,2.647,2.805,2.846,3.099,3.118,2.891,2.958,3.106,3.42,2.95,2.99,3.371,3.354,2.792,2.794,3.446,3.387,3.075,3.064,3.969,4.064,2.768,3.268,1161.0,1188.0,685.0,871.0,2990.0,2479.0,1593.0,1694.0,449.0,500.0,320.0,268.0,3547.0,3631.0,5197.0,6689.0,3953.0,4768.0,2587.0,2575.0,1180.0,917.0,5683.0,5376.0,2759.0,2362.0,3829.0,3630.0,1826.0,1901.0,4130.0,4036.0,1415.0,1754.0,902.0,796.0,1514.0,1545.0,758.0,888.0,1836.0,1233.0,1838.0,1571.0,4715.0,4590.0,1385.0,1365.0,5298.0,5745.0,4908.0,4562.0,678.0,759.0,6890.0,6505.0,7226.0,7769.0,6244.0,6616.0,3720.0,4165.0,5456.0,5399.0,455.0,535.0,484.0,349.0
NDARVX111CNA,3.019,3.191,2.899,2.99,3.233,3.272,2.548,2.392,3.396,3.759,3.629,3.001,3.281,3.217,3.128,3.183,3.147,3.149,3.349,3.382,2.716,2.592,2.539,2.76,3.093,3.308,2.511,2.624,2.768,2.761,3.457,3.506,3.062,3.162,3.201,3.254,3.325,3.038,3.537,3.358,3.248,2.941,2.191,2.287,2.729,2.76,2.546,2.78,3.116,3.258,3.022,2.953,3.519,3.231,3.132,2.963,3.448,3.414,2.899,2.965,3.43,3.368,3.152,3.201,4.213,4.611,3.092,3.28,983.0,1050.0,751.0,965.0,2591.0,2553.0,1426.0,1688.0,405.0,322.0,298.0,269.0,2936.0,3083.0,5336.0,6108.0,3373.0,3661.0,2733.0,2539.0,1188.0,1049.0,5435.0,6262.0,2956.0,2738.0,3195.0,3273.0,1628.0,1716.0,4451.0,3828.0,1413.0,1488.0,695.0,703.0,1521.0,1579.0,748.0,866.0,1543.0,1498.0,1882.0,1542.0,3869.0,4042.0,1103.0,1731.0,4848.0,4277.0,4551.0,5182.0,725.0,843.0,5837.0,6523.0,7918.0,7887.0,5977.0,5743.0,3936.0,4284.0,3968.0,3497.0,391.0,360.0,450.0,354.0
NDARVX162AZU,2.85,3.008,2.774,2.784,3.213,3.112,2.76,2.435,3.674,3.445,2.814,2.802,2.995,3.049,2.94,2.827,2.985,2.896,3.523,3.222,2.424,2.387,2.419,2.538,2.908,2.873,2.335,2.538,2.707,2.854,3.105,2.832,2.952,2.992,2.778,3.142,3.052,3.227,2.877,2.852,2.822,2.885,2.363,2.467,2.585,2.539,2.674,2.568,3.086,3.169,2.889,2.825,3.306,3.155,2.791,2.836,3.312,3.264,2.622,2.682,3.126,3.232,2.896,2.866,3.778,4.011,2.993,3.256,1141.0,1068.0,903.0,976.0,2367.0,2839.0,2127.0,2511.0,626.0,490.0,361.0,284.0,4093.0,3747.0,4410.0,6069.0,4093.0,4350.0,2607.0,3086.0,1459.0,1005.0,6146.0,5768.0,3014.0,2842.0,3923.0,4003.0,1898.0,2145.0,3963.0,4171.0,1344.0,1612.0,831.0,831.0,1641.0,2107.0,877.0,909.0,1827.0,1954.0,2358.0,2299.0,4276.0,4353.0,1334.0,1510.0,5282.0,5110.0,4009.0,4045.0,671.0,1052.0,7114.0,7316.0,8961.0,8011.0,5715.0,5463.0,4511.0,4560.0,5531.0,4456.0,529.0,530.0,575.0,404.0
NDARVX185WX2,3.05,3.094,2.901,2.49,3.311,3.274,2.645,2.45,3.686,3.998,3.835,3.886,3.272,3.23,3.181,3.175,3.262,3.291,3.506,3.66,2.758,2.446,2.692,2.557,3.315,3.208,2.576,2.716,3.383,2.99,3.306,3.593,3.187,3.037,2.968,2.943,3.273,3.318,3.378,3.359,3.253,3.162,2.1,2.334,2.79,2.618,2.796,2.977,3.123,3.171,3.084,3.095,3.263,3.379,3.041,3.18,3.594,3.56,2.832,2.985,3.415,3.384,3.221,3.263,4.205,3.889,3.202,2.998,1294.0,1079.0,594.0,629.0,2179.0,2119.0,1392.0,1595.0,376.0,425.0,272.0,275.0,3197.0,3238.0,5067.0,5939.0,3403.0,3783.0,2368.0,2214.0,1107.0,1131.0,4710.0,5539.0,2776.0,2948.0,3345.0,2897.0,1850.0,1933.0,4009.0,3598.0,1454.0,1462.0,687.0,660.0,1814.0,2035.0,813.0,953.0,2221.0,1623.0,1551.0,1323.0,4492.0,4263.0,1415.0,1377.0,4870.0,5055.0,4334.0,4257.0,533.0,721.0,6897.0,6755.0,7199.0,7598.0,5937.0,5531.0,4286.0,4180.0,4552.0,3830.0,468.0,496.0,434.0,385.0
NDARVX547MA0,2.799,2.889,2.621,2.856,3.134,3.082,2.254,2.13,3.512,3.526,2.914,3.264,2.996,2.955,2.896,2.817,2.965,3.026,3.246,3.144,2.763,2.638,2.336,2.391,3.055,3.048,2.187,2.24,2.765,2.653,3.188,2.955,2.912,2.923,2.903,3.113,3.015,3.044,3.015,2.968,2.826,2.745,1.797,1.756,2.388,2.328,2.745,2.784,2.903,2.97,2.789,2.626,2.943,3.064,2.755,2.665,3.164,3.124,2.53,2.645,3.135,3.076,2.823,2.874,4.017,3.911,2.622,2.853,1123.0,1115.0,472.0,930.0,2667.0,2779.0,1695.0,1802.0,444.0,384.0,306.0,238.0,3038.0,3337.0,5881.0,6364.0,3966.0,4050.0,2802.0,2893.0,1019.0,946.0,6051.0,5529.0,2768.0,2584.0,3170.0,2982.0,1779.0,2005.0,4118.0,3655.0,1369.0,1472.0,668.0,665.0,1681.0,2043.0,762.0,998.0,1608.0,1494.0,1630.0,1604.0,4687.0,4598.0,1385.0,1102.0,5134.0,5308.0,4256.0,4862.0,762.0,760.0,6279.0,7174.0,8156.0,7627.0,5566.0,5830.0,4128.0,4339.0,3745.0,4014.0,457.0,474.0,462.0,381.0
NDARVY366HWJ,2.754,2.843,2.474,2.295,2.82,2.814,2.34,2.289,3.114,3.257,2.69,2.874,2.809,2.913,2.819,2.724,2.88,2.791,3.368,3.147,2.392,2.4,2.342,2.429,2.893,2.733,2.408,2.41,2.678,2.726,3.003,3.053,3.101,2.975,2.966,3.19,2.754,2.802,3.057,2.861,2.718,2.923,2.239,2.044,2.248,2.31,2.551,2.667,2.633,2.88,2.842,2.766,2.841,2.592,2.528,2.69,2.964,2.809,2.454,2.471,2.875,3.019,2.815,2.767,3.207,3.099,2.686,2.707,1159.0,893.0,556.0,658.0,1848.0,2366.0,1704.0,1809.0,445.0,689.0,575.0,472.0,3301.0,3206.0,4320.0,5249.0,3446.0,3475.0,2298.0,2231.0,952.0,887.0,5005.0,5485.0,2885.0,2781.0,2947.0,3524.0,2364.0,2125.0,3365.0,3009.0,1523.0,1694.0,520.0,560.0,1532.0,1564.0,851.0,1104.0,2081.0,1942.0,1643.0,1769.0,3979.0,3712.0,1288.0,1403.0,4747.0,4957.0,4220.0,4736.0,322.0,552.0,6004.0,6076.0,7785.0,7534.0,5095.0,4572.0,3848.0,4536.0,4181.0,3833.0,659.0,667.0,627.0,427.0
NDARVY938WR6,2.788,2.902,2.525,2.702,3.147,2.961,2.398,2.35,3.614,3.664,2.992,3.778,3.195,3.17,3.002,3.071,3.264,3.157,3.372,3.433,2.821,2.843,2.762,2.754,2.94,2.962,2.468,2.555,2.503,2.69,3.271,3.33,3.075,2.965,3.27,3.59,2.938,3.119,3.324,3.053,3.051,2.936,2.134,2.276,2.727,2.728,3.073,3.062,3.148,3.125,2.938,2.885,3.43,3.043,2.801,2.734,3.36,3.295,2.728,2.937,3.205,3.153,3.063,3.094,3.81,4.025,3.024,3.015,1073.0,904.0,450.0,639.0,2397.0,2265.0,1792.0,1765.0,664.0,561.0,324.0,229.0,3230.0,3052.0,4493.0,5735.0,3161.0,3345.0,2734.0,2874.0,973.0,906.0,4681.0,4508.0,2723.0,2468.0,2932.0,2711.0,1966.0,1766.0,3184.0,3206.0,1478.0,1559.0,556.0,592.0,1553.0,2235.0,662.0,822.0,1874.0,1548.0,1667.0,1633.0,4100.0,4338.0,1148.0,1101.0,5842.0,5247.0,4196.0,4497.0,687.0,829.0,6578.0,6376.0,7532.0,6899.0,5566.0,5019.0,3652.0,4065.0,5073.0,4073.0,434.0,442.0,437.0,313.0
NDARWA351ZE2,3.096,3.15,2.716,2.806,3.187,3.052,2.33,2.377,2.825,3.203,2.707,3.022,2.925,2.909,2.936,2.946,2.812,2.878,3.445,3.203,2.099,2.355,2.455,2.503,3.071,2.935,2.206,2.351,2.891,3.04,3.167,3.139,3.243,2.995,3.27,3.158,3.207,3.242,3.06,3.132,3.532,3.01,2.225,2.19,2.527,2.512,2.85,2.85,2.903,3.038,2.909,2.89,3.002,3.122,2.938,3.0,3.24,3.164,2.695,2.516,3.196,3.221,2.983,3.011,3.594,3.509,3.315,3.259,1063.0,704.0,575.0,661.0,2042.0,2273.0,1736.0,2050.0,547.0,467.0,575.0,448.0,2751.0,3012.0,4866.0,5063.0,3564.0,3423.0,2626.0,2687.0,974.0,916.0,5570.0,5973.0,2945.0,2803.0,3168.0,3408.0,2092.0,2241.0,3436.0,3172.0,1389.0,1677.0,497.0,643.0,1531.0,1861.0,942.0,1117.0,1765.0,1435.0,1765.0,1612.0,4532.0,4517.0,1096.0,1217.0,4777.0,4810.0,5180.0,5332.0,505.0,748.0,5539.0,5843.0,7477.0,7516.0,6209.0,6113.0,3758.0,4334.0,4518.0,4491.0,785.0,678.0,487.0,369.0
NDARWA433WYZ,2.938,2.951,2.233,2.886,3.107,3.109,2.394,2.335,3.377,3.425,2.919,2.924,3.166,3.059,2.781,2.96,2.942,2.815,3.479,3.309,2.646,2.6,2.444,2.519,3.083,3.003,2.431,2.48,2.753,2.801,3.342,3.245,3.093,3.0,3.181,3.454,3.179,3.121,3.322,3.244,3.081,3.224,2.029,2.043,2.375,2.572,3.045,2.705,3.043,3.056,2.854,2.819,2.657,2.734,2.887,2.904,3.285,3.217,2.625,2.536,3.254,2.91,2.766,3.07,3.343,3.494,2.675,3.075,1020.0,807.0,556.0,491.0,2130.0,2184.0,1462.0,1494.0,518.0,439.0,552.0,358.0,2930.0,2719.0,4603.0,5483.0,3161.0,3256.0,2379.0,2273.0,871.0,792.0,5099.0,5848.0,2668.0,2649.0,3216.0,3526.0,2300.0,2348.0,3662.0,3141.0,1796.0,1975.0,520.0,529.0,1527.0,1701.0,753.0,866.0,1567.0,1457.0,1601.0,1606.0,4282.0,4108.0,1386.0,1278.0,4846.0,5391.0,3687.0,3460.0,280.0,500.0,5828.0,5926.0,8811.0,8854.0,6219.0,6156.0,3478.0,4046.0,3719.0,3538.0,635.0,654.0,598.0,487.0
NDARWA513WM2,2.746,2.672,2.749,2.676,2.938,3.301,2.432,2.465,3.302,3.472,2.372,2.859,3.229,3.203,2.958,2.991,3.031,2.931,3.509,3.518,2.4,2.286,2.519,2.587,2.861,2.91,2.565,2.483,2.77,3.053,3.226,3.283,3.172,3.086,2.97,2.915,3.135,3.012,2.315,2.786,2.882,2.553,2.189,2.316,2.588,2.568,2.844,3.113,3.076,3.051,2.982,2.934,2.88,3.216,2.707,2.564,3.357,3.323,2.808,2.822,3.16,3.264,2.923,3.027,4.049,3.656,2.971,2.771,1016.0,885.0,379.0,690.0,2040.0,2019.0,1546.0,1705.0,383.0,404.0,490.0,378.0,2845.0,2700.0,5302.0,6100.0,3233.0,3005.0,2883.0,2686.0,1253.0,1082.0,4938.0,4774.0,2917.0,2797.0,3270.0,3382.0,1986.0,2064.0,3353.0,3506.0,1527.0,1602.0,662.0,782.0,1648.0,2134.0,910.0,1063.0,1370.0,1562.0,1721.0,1497.0,4554.0,3896.0,1240.0,1073.0,4843.0,4357.0,4467.0,4707.0,564.0,748.0,6064.0,6062.0,7935.0,7783.0,5885.0,5159.0,3624.0,4013.0,4621.0,4079.0,564.0,588.0,483.0,360.0
NDARWB685NUG,2.936,3.087,2.864,2.709,2.765,2.777,2.242,2.107,3.569,3.391,2.894,3.115,3.03,3.043,2.752,2.685,3.085,3.09,3.228,3.314,2.379,2.491,2.381,2.482,3.025,2.844,2.335,2.242,2.712,2.844,3.223,3.345,2.669,2.694,3.0,3.171,2.975,2.802,3.25,3.117,2.849,2.852,1.818,1.895,2.359,2.307,2.785,2.614,2.804,2.873,2.64,2.663,3.204,2.878,2.715,2.784,3.059,3.033,2.441,2.462,3.309,3.157,2.98,2.98,3.828,3.948,2.825,2.676,1369.0,1047.0,830.0,751.0,2483.0,2422.0,1725.0,1654.0,410.0,475.0,340.0,249.0,3399.0,3212.0,5783.0,6812.0,3817.0,3789.0,2763.0,2309.0,1303.0,1042.0,5244.0,4758.0,3167.0,3769.0,3735.0,3679.0,1748.0,2020.0,4198.0,3756.0,1584.0,1816.0,758.0,741.0,1436.0,1988.0,781.0,1181.0,1718.0,1668.0,2098.0,1818.0,4400.0,4745.0,1351.0,1400.0,4840.0,4593.0,4554.0,4531.0,773.0,958.0,6671.0,7411.0,7273.0,7996.0,5953.0,6270.0,3486.0,4032.0,4296.0,3851.0,476.0,524.0,410.0,299.0
NDARWC399JLD,2.82,3.061,2.846,3.142,3.283,3.145,2.48,2.462,3.983,4.463,3.154,3.191,3.225,3.225,3.143,3.188,3.361,3.467,3.276,3.29,2.708,2.964,2.687,2.755,3.367,3.208,2.643,2.673,2.951,2.896,3.314,3.166,3.13,3.095,3.34,3.738,2.941,3.057,3.253,3.426,3.225,3.165,2.311,2.453,2.681,2.723,2.993,2.887,3.096,3.115,2.953,2.904,3.034,3.274,2.792,2.74,3.355,3.365,2.849,2.885,3.266,3.201,3.144,3.287,4.072,4.694,3.12,3.248,1075.0,718.0,590.0,599.0,2685.0,3071.0,1469.0,1497.0,524.0,493.0,309.0,302.0,3140.0,3526.0,3818.0,5305.0,3894.0,2951.0,2288.0,2492.0,871.0,897.0,4957.0,4577.0,2498.0,2598.0,2724.0,2696.0,1955.0,2091.0,3179.0,2820.0,1373.0,1361.0,609.0,708.0,1310.0,1494.0,646.0,809.0,1075.0,1129.0,1522.0,1286.0,4490.0,4229.0,980.0,1236.0,5639.0,5623.0,4198.0,4733.0,527.0,834.0,6763.0,6211.0,8027.0,7088.0,5646.0,5360.0,3612.0,3792.0,4975.0,4357.0,470.0,458.0,429.0,382.0
NDARWC426HEA,2.974,2.926,2.356,2.362,2.99,3.155,2.357,2.264,3.609,3.439,2.839,3.026,3.096,3.068,2.814,2.757,3.142,3.014,3.557,3.493,2.365,2.521,2.423,2.359,3.096,2.965,2.404,2.297,2.814,2.846,3.29,3.14,3.092,3.013,3.141,3.591,3.136,3.078,3.04,3.008,2.965,2.816,2.196,2.279,2.527,2.569,2.827,2.865,2.901,2.957,2.863,2.795,2.756,2.825,2.592,2.682,3.124,3.125,2.557,2.596,3.264,3.102,2.91,2.914,3.522,3.599,3.037,3.179,1278.0,1301.0,584.0,687.0,2819.0,2145.0,1547.0,1723.0,370.0,384.0,503.0,335.0,3354.0,3419.0,4722.0,7222.0,3849.0,3621.0,2773.0,2827.0,1082.0,1124.0,5597.0,5434.0,2896.0,2792.0,3303.0,2949.0,2254.0,2207.0,3934.0,3740.0,1344.0,1808.0,608.0,559.0,1506.0,2365.0,792.0,970.0,2344.0,1937.0,1548.0,1401.0,5167.0,4188.0,1421.0,1180.0,5087.0,5619.0,4396.0,4603.0,699.0,934.0,8840.0,6999.0,9047.0,8559.0,5029.0,5610.0,4579.0,5018.0,5856.0,4496.0,635.0,479.0,720.0,558.0
NDARWC427JB2,3.02,3.199,2.43,2.772,3.02,3.253,2.641,2.586,3.512,3.72,3.049,3.153,3.314,3.375,3.168,3.11,2.925,3.318,3.593,3.446,2.586,2.452,2.669,2.675,3.039,2.874,2.502,2.613,2.655,2.871,3.202,3.356,3.138,3.276,3.463,3.455,3.118,3.063,3.128,3.16,3.308,3.014,2.218,2.61,2.698,2.697,2.741,2.875,3.136,3.053,2.951,3.033,3.054,3.194,2.895,2.806,3.398,3.382,2.758,2.808,3.443,3.36,3.2,3.062,3.454,3.706,3.114,3.313,781.0,1011.0,505.0,725.0,2536.0,2089.0,1118.0,1277.0,370.0,558.0,483.0,338.0,2719.0,2776.0,4037.0,4816.0,2827.0,3375.0,2329.0,2060.0,942.0,824.0,4473.0,4167.0,2515.0,2598.0,2988.0,3012.0,1827.0,2021.0,2951.0,2871.0,1349.0,1728.0,670.0,675.0,1683.0,1391.0,647.0,849.0,1287.0,1194.0,1445.0,1309.0,3681.0,3624.0,1244.0,1103.0,4023.0,4668.0,3223.0,3312.0,515.0,812.0,5902.0,5463.0,8572.0,7609.0,4659.0,4514.0,3334.0,3540.0,3187.0,3464.0,610.0,645.0,483.0,405.0
NDARWD911WBU,3.232,2.983,2.767,2.469,3.244,3.325,2.585,2.658,3.261,3.321,3.254,3.024,3.139,3.199,3.058,3.024,3.071,3.102,3.582,3.522,2.521,2.674,2.562,2.662,3.225,2.982,2.671,2.637,3.006,3.063,3.268,3.27,3.297,3.155,3.189,3.512,3.05,2.966,3.135,2.675,3.03,3.121,2.389,2.558,2.563,2.663,2.627,2.769,3.083,3.082,3.031,2.952,3.069,3.31,3.139,3.034,3.464,3.418,2.697,2.764,3.454,3.324,3.033,3.106,3.666,3.492,2.824,3.185,902.0,846.0,618.0,537.0,2365.0,2084.0,1630.0,1800.0,523.0,380.0,561.0,460.0,2887.0,3064.0,4836.0,4724.0,2971.0,3276.0,2422.0,2251.0,816.0,748.0,5695.0,6111.0,2320.0,2458.0,3390.0,3018.0,2023.0,1836.0,2916.0,2616.0,1389.0,1428.0,513.0,488.0,1304.0,1648.0,610.0,850.0,1453.0,1273.0,1615.0,1297.0,4382.0,4307.0,1133.0,1161.0,3961.0,4057.0,4248.0,4260.0,461.0,851.0,5361.0,5168.0,6925.0,7523.0,4902.0,5410.0,3479.0,3481.0,3717.0,4067.0,761.0,718.0,493.0,415.0
NDARWE145GN9,2.731,2.729,2.525,2.484,2.878,2.791,2.08,2.084,2.832,4.045,3.023,2.812,2.843,2.674,2.57,2.756,3.023,3.044,3.123,3.149,2.674,2.266,2.22,2.432,2.912,2.714,2.145,2.15,2.654,2.592,3.037,3.061,2.634,2.677,2.986,2.532,2.84,2.865,2.988,2.983,2.789,2.716,1.942,1.9,2.167,2.155,2.506,2.597,2.751,2.822,2.608,2.523,2.928,2.829,2.583,2.634,2.99,3.0,2.39,2.409,3.194,3.043,2.782,2.858,3.421,4.262,2.698,2.698,1118.0,964.0,612.0,649.0,2115.0,1968.0,1723.0,1870.0,359.0,444.0,372.0,283.0,3221.0,3088.0,4975.0,4820.0,3662.0,3619.0,2138.0,2391.0,973.0,916.0,5049.0,5741.0,3064.0,2942.0,3131.0,2850.0,2024.0,2102.0,3228.0,2928.0,1290.0,1304.0,574.0,600.0,1277.0,1676.0,799.0,1056.0,1689.0,1586.0,1880.0,1745.0,3823.0,3790.0,922.0,1288.0,4547.0,4753.0,4275.0,4702.0,641.0,795.0,7511.0,6875.0,7193.0,6911.0,6185.0,6021.0,3374.0,3675.0,4156.0,3367.0,431.0,518.0,346.0,294.0
NDARWE717DEU,2.824,2.92,2.713,2.575,2.59,2.625,2.282,2.192,3.218,3.3,2.147,2.434,2.887,2.717,2.767,2.816,2.668,2.729,3.298,3.178,2.259,2.197,2.423,2.44,2.636,2.445,2.326,2.281,2.454,2.263,2.968,3.069,2.648,2.732,2.651,2.826,2.762,2.759,2.555,2.417,2.457,2.501,1.999,1.889,2.399,2.403,2.716,2.644,2.672,2.76,2.675,2.613,2.791,2.779,2.12,2.344,2.808,2.663,2.47,2.477,3.01,2.92,2.819,2.909,2.813,2.519,2.674,2.778,1319.0,888.0,544.0,614.0,1975.0,2248.0,1374.0,1404.0,331.0,390.0,578.0,318.0,3267.0,3548.0,4732.0,6735.0,3547.0,3771.0,2593.0,2690.0,1094.0,924.0,6057.0,6334.0,3289.0,2663.0,2831.0,2602.0,2114.0,2201.0,3844.0,3517.0,1172.0,1576.0,674.0,616.0,1678.0,1663.0,904.0,939.0,2117.0,1650.0,1135.0,1068.0,4553.0,4372.0,1076.0,1184.0,4999.0,5498.0,3859.0,4324.0,488.0,808.0,4621.0,5719.0,7797.0,7913.0,5874.0,5988.0,3618.0,4421.0,4231.0,3622.0,510.0,581.0,416.0,429.0
NDARWE818UA6,2.867,3.217,2.843,2.665,3.043,3.129,2.22,2.137,4.071,3.784,3.273,3.099,2.953,3.134,2.876,2.929,3.117,3.161,3.36,3.223,2.601,2.772,2.517,2.566,3.085,3.233,2.303,2.27,2.503,2.754,3.297,3.234,2.702,2.861,3.296,3.194,3.135,3.147,3.215,3.319,2.964,2.957,2.174,2.086,2.55,2.544,2.715,2.76,3.105,2.977,2.77,2.769,3.093,2.921,2.966,2.875,3.263,3.282,2.603,2.589,3.489,3.262,3.115,3.044,3.944,4.471,2.941,3.105,1037.0,1002.0,359.0,736.0,2279.0,1995.0,1519.0,1634.0,312.0,384.0,299.0,235.0,3076.0,3483.0,5273.0,5980.0,3217.0,3368.0,2238.0,2585.0,924.0,858.0,5623.0,5615.0,2687.0,2313.0,3714.0,3800.0,1794.0,1815.0,3882.0,3500.0,1279.0,1311.0,793.0,708.0,1489.0,1526.0,676.0,848.0,1461.0,1293.0,1746.0,1715.0,4151.0,4411.0,1045.0,1010.0,4964.0,4868.0,3844.0,4305.0,637.0,615.0,5622.0,5770.0,6572.0,6110.0,5259.0,5389.0,3835.0,3852.0,3708.0,3842.0,378.0,368.0,405.0,345.0
NDARWE898TG8,2.874,2.657,2.679,2.47,3.055,2.922,2.358,2.161,3.402,4.049,3.436,3.098,3.212,3.079,2.913,2.704,2.993,3.029,3.397,3.188,2.558,2.297,2.472,2.366,3.304,3.077,2.413,2.549,2.91,2.779,3.2,3.233,3.048,3.021,3.15,3.367,2.979,3.12,3.22,3.121,2.981,3.016,1.892,2.031,2.65,2.553,2.645,2.568,2.997,3.134,2.791,2.598,2.997,3.231,2.926,2.925,3.395,3.319,2.425,2.669,3.171,3.278,3.07,2.851,4.192,4.148,2.911,2.841,1150.0,1008.0,573.0,645.0,1989.0,1600.0,1353.0,1377.0,388.0,312.0,251.0,238.0,2690.0,2819.0,4775.0,5131.0,2991.0,3107.0,2223.0,1959.0,798.0,910.0,4572.0,4149.0,2473.0,2257.0,2941.0,2656.0,1422.0,1985.0,3546.0,3106.0,1160.0,1354.0,550.0,549.0,1279.0,1651.0,662.0,743.0,1550.0,1376.0,1631.0,1500.0,3384.0,3656.0,1129.0,1082.0,4362.0,4328.0,3452.0,3676.0,507.0,684.0,5472.0,5163.0,6031.0,5782.0,4767.0,4505.0,3138.0,3849.0,3290.0,3234.0,375.0,439.0,383.0,267.0
NDARWF090RZ7,2.587,2.578,2.569,2.333,2.535,2.66,1.955,1.881,3.215,3.393,2.47,2.641,2.66,2.599,2.423,2.397,2.675,2.672,2.844,2.831,2.74,2.354,2.076,2.172,2.575,2.454,2.017,2.013,2.422,2.24,2.847,2.668,2.491,2.467,2.547,2.645,2.475,2.439,2.583,2.509,2.428,2.509,1.777,1.678,2.139,2.164,2.355,2.534,2.68,2.608,2.324,2.292,2.857,2.722,2.323,2.359,2.698,2.575,2.158,2.153,2.795,2.883,2.367,2.435,3.573,3.597,2.508,2.463,964.0,966.0,685.0,721.0,2207.0,2502.0,1686.0,1886.0,504.0,496.0,362.0,266.0,3593.0,3564.0,5191.0,5561.0,4129.0,4330.0,2659.0,2758.0,928.0,1051.0,6241.0,5967.0,3097.0,3068.0,3714.0,4041.0,2063.0,2329.0,4147.0,3792.0,1751.0,1777.0,637.0,650.0,1395.0,2107.0,784.0,925.0,1911.0,1720.0,2094.0,2008.0,4265.0,4273.0,1466.0,1331.0,5751.0,5466.0,4557.0,4645.0,778.0,916.0,6769.0,7159.0,7947.0,7587.0,6465.0,6442.0,4354.0,4323.0,4529.0,4439.0,566.0,499.0,423.0,382.0
NDARWF306VWJ,2.921,2.609,2.485,2.485,3.114,3.258,2.552,2.503,3.239,3.48,2.864,2.91,3.061,3.129,2.974,2.72,3.017,3.013,3.265,3.289,2.529,2.564,2.478,2.594,3.211,3.063,2.552,2.458,2.945,2.832,3.023,3.159,3.055,2.941,3.37,3.374,3.074,3.309,3.033,2.896,3.12,3.193,2.219,2.234,2.62,2.546,2.539,2.65,3.024,3.079,2.952,2.778,2.728,2.96,2.699,2.877,3.31,3.31,2.594,2.648,3.15,3.296,2.994,2.927,3.267,3.468,2.785,2.514,1538.0,1244.0,646.0,1047.0,2602.0,2020.0,1461.0,1446.0,474.0,430.0,338.0,360.0,3157.0,3359.0,6191.0,8111.0,3687.0,3524.0,2924.0,2845.0,1579.0,1272.0,6167.0,5522.0,2930.0,2794.0,3205.0,3158.0,2104.0,2200.0,4297.0,3697.0,1789.0,1792.0,620.0,718.0,1679.0,2603.0,853.0,1164.0,2530.0,1724.0,1571.0,1594.0,4506.0,4625.0,1351.0,1338.0,5570.0,6267.0,5030.0,5486.0,658.0,837.0,5938.0,5862.0,8356.0,7689.0,7679.0,7539.0,4500.0,5021.0,4337.0,4140.0,524.0,478.0,599.0,485.0
NDARWF422UK3,2.881,3.113,2.514,2.633,3.017,3.117,2.395,2.352,3.291,3.293,2.77,2.676,2.986,3.056,3.026,2.935,2.93,3.09,3.483,3.427,2.635,2.531,2.565,2.604,3.19,3.096,2.659,2.517,2.851,2.861,3.388,3.186,3.198,3.076,3.292,3.014,3.014,3.013,2.948,2.941,2.9,2.937,2.264,2.17,2.637,2.68,2.708,2.769,3.095,3.038,2.912,2.865,2.818,3.233,2.647,2.661,3.192,3.165,2.709,2.754,3.299,3.357,2.945,2.987,3.691,3.271,3.294,3.068,1320.0,876.0,991.0,966.0,2380.0,2455.0,1557.0,1559.0,432.0,378.0,432.0,430.0,3491.0,4386.0,5624.0,7224.0,3660.0,3512.0,3193.0,2927.0,1236.0,1070.0,5767.0,5207.0,3094.0,2605.0,3764.0,3233.0,2024.0,2220.0,3663.0,3532.0,1598.0,1834.0,583.0,744.0,2061.0,1586.0,893.0,1024.0,2221.0,1894.0,1514.0,1214.0,4937.0,4725.0,1468.0,1423.0,4987.0,5266.0,4917.0,5010.0,599.0,998.0,5917.0,6150.0,8947.0,8688.0,6936.0,7075.0,4218.0,4332.0,5691.0,4223.0,636.0,599.0,539.0,450.0
NDARWF593BNF,2.365,3.017,2.75,2.71,3.068,3.323,2.158,2.237,3.207,3.166,2.94,2.786,3.308,2.627,2.279,2.712,2.966,2.299,3.471,3.426,2.376,2.718,2.013,1.995,3.218,2.819,2.492,2.108,3.007,3.176,3.185,2.71,3.132,3.256,3.037,3.32,3.012,2.823,2.69,3.049,2.904,2.801,1.999,1.983,2.302,2.553,2.674,3.011,3.0,2.91,2.76,2.881,3.577,3.216,2.685,2.738,3.238,3.246,2.684,2.258,3.336,2.998,2.691,2.837,3.364,3.081,2.852,2.584,935.0,833.0,597.0,594.0,2169.0,2290.0,1544.0,1558.0,595.0,369.0,526.0,562.0,2931.0,3261.0,4050.0,5391.0,3496.0,3205.0,2713.0,2423.0,1184.0,1042.0,6297.0,5982.0,3024.0,2800.0,3694.0,3651.0,2161.0,1984.0,3679.0,3820.0,1212.0,1351.0,758.0,676.0,1635.0,2366.0,950.0,839.0,1695.0,1506.0,1598.0,1705.0,4676.0,4076.0,1066.0,1205.0,5104.0,4993.0,4353.0,4432.0,417.0,644.0,5081.0,5210.0,7839.0,7938.0,5968.0,6090.0,4435.0,4789.0,5563.0,4618.0,770.0,757.0,629.0,520.0
NDARWG200CUE,2.51,3.039,2.152,2.204,2.556,2.676,2.603,2.428,2.787,2.954,2.407,2.605,2.984,2.95,2.621,2.709,2.871,2.858,3.075,3.007,1.858,1.977,2.285,2.417,2.894,2.628,2.506,2.542,2.67,2.577,2.949,2.804,3.062,2.828,2.936,3.274,2.721,2.767,2.691,2.841,2.69,2.768,2.282,2.339,2.349,2.3,2.263,2.29,2.685,2.702,2.808,2.822,2.641,2.668,2.555,2.584,2.807,2.731,2.628,2.432,2.902,2.906,2.501,2.789,2.727,2.894,3.111,2.725,1126.0,831.0,513.0,652.0,1702.0,2621.0,1465.0,1479.0,427.0,456.0,357.0,482.0,2409.0,2800.0,6048.0,6905.0,3071.0,3422.0,2370.0,2410.0,972.0,1021.0,6082.0,5787.0,2472.0,2231.0,3320.0,3414.0,2412.0,1940.0,3522.0,3088.0,1449.0,1460.0,461.0,567.0,1166.0,1257.0,846.0,748.0,1802.0,1419.0,1505.0,1775.0,3772.0,3318.0,1249.0,1003.0,4467.0,4470.0,4063.0,4242.0,429.0,472.0,5494.0,6489.0,7849.0,7325.0,4725.0,4653.0,3931.0,3743.0,2863.0,3474.0,659.0,494.0,460.0,397.0
NDARWG549LCF,2.938,3.129,2.981,2.658,3.277,3.225,2.378,2.403,3.627,4.241,3.795,3.691,3.389,3.364,2.991,3.177,2.879,2.909,3.702,3.243,2.684,2.435,2.648,2.697,3.456,3.37,2.352,2.266,3.246,3.146,3.401,3.249,3.329,3.136,3.516,3.347,3.2,3.202,3.5,3.553,3.149,3.182,2.065,2.073,2.614,2.694,2.888,2.85,3.179,3.03,2.978,3.006,3.176,3.365,3.044,3.043,3.611,3.499,2.956,2.888,3.537,3.465,3.15,3.145,4.333,4.422,3.094,3.326,1035.0,790.0,424.0,387.0,1550.0,1682.0,1094.0,1113.0,327.0,317.0,258.0,230.0,2716.0,2770.0,4141.0,4654.0,2085.0,2477.0,2003.0,2313.0,904.0,783.0,3330.0,4129.0,1986.0,2137.0,1789.0,1959.0,1467.0,1350.0,2681.0,2557.0,1042.0,1163.0,552.0,552.0,1093.0,1159.0,562.0,641.0,1142.0,1074.0,1192.0,1069.0,3388.0,3178.0,882.0,830.0,3711.0,3643.0,3289.0,3318.0,387.0,448.0,3915.0,4326.0,4970.0,5159.0,4338.0,4711.0,3026.0,3369.0,2906.0,2817.0,330.0,391.0,371.0,266.0
NDARWG831JJ8,2.71,2.722,2.495,2.293,3.097,2.99,2.158,2.114,2.746,3.119,2.649,2.782,2.708,2.83,2.771,2.737,2.789,2.782,3.305,3.107,2.328,2.238,2.161,2.208,2.727,2.78,2.192,2.229,2.56,2.561,3.087,2.971,2.825,2.874,3.019,2.811,2.845,2.804,2.959,3.03,2.795,2.842,1.926,1.949,2.162,2.253,2.496,2.432,2.93,2.976,2.613,2.674,2.65,3.238,2.78,2.775,3.22,3.076,2.426,2.477,2.874,2.936,2.931,2.871,2.587,3.063,2.744,2.833,741.0,729.0,411.0,355.0,1541.0,1494.0,1451.0,1352.0,354.0,384.0,485.0,324.0,2594.0,2496.0,3196.0,3915.0,2575.0,2325.0,1992.0,1932.0,767.0,755.0,4292.0,3703.0,2492.0,2408.0,2723.0,2735.0,1840.0,1960.0,2725.0,2154.0,1043.0,1136.0,505.0,540.0,1094.0,1389.0,658.0,655.0,1178.0,1238.0,1763.0,1542.0,3576.0,3461.0,793.0,773.0,3818.0,3541.0,2959.0,3040.0,253.0,393.0,4515.0,4027.0,6109.0,5738.0,4206.0,4106.0,2918.0,3307.0,3428.0,3013.0,518.0,557.0,415.0,356.0
NDARWJ019VGU,2.414,2.69,2.657,2.567,2.865,2.804,2.05,2.03,2.864,3.492,2.908,2.614,2.839,2.73,2.542,2.575,2.773,2.824,2.839,2.888,2.452,2.536,2.333,2.328,2.765,2.604,2.221,2.208,2.701,2.392,2.957,2.945,2.684,2.547,3.099,2.976,2.753,2.701,2.703,2.744,2.766,2.643,1.73,1.882,2.413,2.344,2.484,2.309,2.687,2.731,2.521,2.599,2.776,2.651,2.569,2.532,2.916,2.798,2.422,2.427,2.934,2.888,2.731,2.774,3.393,3.851,2.693,2.544,1142.0,1073.0,770.0,883.0,2516.0,2453.0,1449.0,1210.0,436.0,315.0,290.0,248.0,2520.0,2852.0,4519.0,5742.0,3194.0,3025.0,2213.0,1817.0,1226.0,842.0,5246.0,5069.0,2671.0,2465.0,3302.0,3481.0,1898.0,2095.0,3738.0,3264.0,1332.0,2077.0,556.0,618.0,1520.0,1500.0,684.0,754.0,1784.0,1287.0,1355.0,1372.0,4462.0,4223.0,1303.0,1260.0,5353.0,5463.0,4311.0,3829.0,531.0,834.0,6437.0,6558.0,7571.0,7710.0,5560.0,5315.0,3734.0,4104.0,3626.0,3801.0,416.0,342.0,493.0,316.0
NDARWJ064WYP,2.895,2.388,3.084,2.602,3.141,3.159,2.491,2.531,3.482,3.359,3.104,3.682,3.164,3.075,2.962,2.727,2.905,2.918,3.652,3.401,2.637,2.599,2.447,2.396,3.091,2.989,2.648,2.372,3.042,2.892,3.101,3.188,3.403,3.114,3.558,3.36,3.068,2.991,3.374,2.96,2.93,3.055,2.28,2.002,2.737,2.637,2.815,2.992,2.987,3.081,3.067,3.062,3.365,3.292,2.732,2.904,3.266,3.117,2.824,2.85,3.075,3.187,2.916,2.773,3.47,3.562,3.144,2.684,1002.0,895.0,426.0,470.0,2017.0,1855.0,1253.0,1267.0,380.0,328.0,440.0,361.0,2337.0,2868.0,4403.0,5009.0,2839.0,2818.0,1927.0,1995.0,718.0,667.0,5586.0,4274.0,2356.0,2552.0,2712.0,2183.0,1820.0,1842.0,3028.0,2881.0,1287.0,1406.0,516.0,547.0,1310.0,1433.0,504.0,774.0,1340.0,1108.0,1313.0,1089.0,3363.0,3128.0,879.0,975.0,4442.0,4278.0,3352.0,3345.0,364.0,556.0,4826.0,4944.0,7031.0,7043.0,4564.0,3466.0,3551.0,3505.0,2421.0,3138.0,547.0,547.0,451.0,369.0
NDARWJ087HKJ,2.637,2.807,2.681,2.589,2.666,2.667,1.987,1.889,3.702,3.606,2.792,2.982,2.884,2.896,2.661,2.598,2.992,2.988,3.059,3.081,2.422,2.597,2.253,2.399,3.001,2.912,1.9,2.012,2.66,2.6,3.084,3.086,2.437,2.495,2.748,2.709,2.849,2.79,3.105,2.988,2.782,2.712,1.765,1.744,2.173,2.177,2.468,2.563,2.565,2.63,2.456,2.449,2.732,2.835,2.566,2.572,2.849,2.907,2.356,2.264,3.224,3.139,2.616,2.638,4.042,4.124,2.841,2.582,1291.0,838.0,705.0,735.0,2321.0,2728.0,1658.0,1658.0,494.0,432.0,349.0,284.0,3615.0,3403.0,5175.0,5696.0,3945.0,4104.0,2925.0,2417.0,1032.0,899.0,5468.0,5571.0,2496.0,2612.0,2922.0,3336.0,1784.0,2182.0,3824.0,3678.0,1620.0,1719.0,863.0,838.0,1562.0,1621.0,633.0,722.0,1768.0,1646.0,1765.0,1581.0,4020.0,4109.0,1134.0,1198.0,5714.0,5205.0,4475.0,4577.0,672.0,831.0,6752.0,7259.0,8395.0,7710.0,5460.0,5902.0,3892.0,4402.0,3801.0,3362.0,526.0,430.0,475.0,369.0
NDARWJ321WKG,2.882,2.721,2.519,3.009,2.771,2.663,2.112,2.136,3.409,3.501,2.992,3.386,2.835,2.853,2.757,2.773,2.756,2.813,3.203,3.09,2.624,2.588,2.354,2.355,3.018,2.897,2.249,2.252,2.86,2.806,3.33,3.18,2.902,2.852,2.786,2.91,3.058,2.884,2.875,2.956,2.959,2.942,1.853,1.943,2.479,2.436,2.758,2.634,2.717,2.847,2.689,2.806,3.131,3.113,2.658,2.674,2.963,2.925,2.478,2.478,3.308,3.154,2.825,2.906,3.423,3.586,2.997,2.979,1254.0,1054.0,608.0,956.0,2226.0,2448.0,1663.0,1651.0,448.0,417.0,363.0,364.0,3088.0,3283.0,5133.0,7129.0,3387.0,3354.0,2734.0,3018.0,958.0,880.0,5646.0,5308.0,3386.0,3182.0,3324.0,2945.0,2207.0,2146.0,3743.0,3333.0,1467.0,1801.0,585.0,588.0,1361.0,1826.0,962.0,1024.0,1481.0,1357.0,2010.0,1821.0,4385.0,4252.0,1324.0,1445.0,5195.0,4753.0,4332.0,4056.0,806.0,702.0,6398.0,6005.0,8121.0,6903.0,5204.0,5145.0,3817.0,4313.0,4054.0,2979.0,584.0,505.0,624.0,339.0
NDARWJ414WB8,2.937,2.961,2.724,2.535,3.237,3.388,2.347,2.272,3.771,3.851,3.431,3.583,3.26,3.028,3.194,3.169,3.22,3.236,3.394,3.622,2.545,2.38,2.475,2.638,3.283,3.105,2.632,2.583,3.031,3.355,3.449,3.369,3.043,3.069,3.032,2.885,3.42,3.247,3.613,3.416,3.204,3.278,1.994,2.137,2.514,2.351,2.833,2.771,3.344,3.242,3.081,3.015,3.486,3.468,3.156,3.212,3.515,3.529,2.877,2.922,3.257,3.469,3.143,3.129,4.421,4.019,2.798,2.814,1038.0,815.0,576.0,612.0,2236.0,1759.0,1308.0,1292.0,270.0,260.0,277.0,193.0,3042.0,2908.0,3503.0,4789.0,2402.0,2552.0,1930.0,1912.0,886.0,769.0,4363.0,4807.0,2061.0,1989.0,2558.0,2643.0,1561.0,1553.0,2817.0,2811.0,1251.0,1401.0,653.0,705.0,1179.0,1552.0,493.0,659.0,1610.0,1137.0,1583.0,1359.0,3408.0,3283.0,930.0,1086.0,4044.0,4206.0,3183.0,3393.0,599.0,589.0,5223.0,4990.0,6113.0,5743.0,4704.0,4761.0,3209.0,3747.0,4162.0,3721.0,382.0,442.0,371.0,306.0
NDARWK051GG4,3.112,2.424,2.966,2.74,2.964,2.694,2.351,2.202,2.961,3.252,2.568,2.781,2.773,2.704,2.537,2.654,2.665,2.723,3.17,3.33,2.414,2.528,2.283,2.231,2.924,2.791,2.463,2.232,2.784,2.923,3.166,3.139,3.018,2.963,2.998,3.21,2.94,2.743,2.762,2.852,2.872,2.418,2.095,2.077,2.257,2.323,2.93,3.121,2.595,2.679,2.794,2.697,2.785,3.202,2.649,2.698,3.068,2.919,2.405,2.601,3.065,3.061,2.708,2.943,3.358,2.983,3.008,2.934,747.0,795.0,442.0,596.0,1760.0,2048.0,1552.0,1614.0,518.0,497.0,512.0,426.0,3028.0,2975.0,3857.0,4539.0,2786.0,3078.0,2808.0,2343.0,975.0,956.0,4882.0,4872.0,2621.0,2500.0,2970.0,3047.0,1738.0,1956.0,3311.0,2735.0,1530.0,1530.0,564.0,654.0,1367.0,1751.0,767.0,927.0,1807.0,1481.0,1494.0,1469.0,4419.0,4188.0,1197.0,1019.0,4265.0,4189.0,3916.0,4315.0,511.0,547.0,5571.0,5901.0,8463.0,7673.0,6043.0,5990.0,3679.0,4206.0,3877.0,3690.0,715.0,701.0,577.0,485.0
NDARWK104FLX,2.543,2.654,2.627,2.572,2.936,2.92,2.652,2.505,3.849,3.625,3.516,3.377,3.222,3.023,2.971,2.948,3.239,3.333,3.625,3.34,2.492,2.602,2.727,2.684,3.248,3.295,2.408,2.391,3.104,2.987,3.374,3.288,2.828,2.951,2.596,2.707,3.179,3.161,3.143,3.256,3.163,2.992,2.245,2.234,2.591,2.536,2.666,2.558,2.992,3.071,2.723,2.781,3.293,3.385,2.88,2.967,3.177,3.182,2.666,2.739,3.027,3.009,3.062,2.938,4.059,4.201,2.991,3.256,888.0,811.0,502.0,701.0,1394.0,1300.0,808.0,993.0,297.0,326.0,295.0,184.0,2218.0,2300.0,3576.0,4862.0,2215.0,2669.0,1868.0,2163.0,854.0,744.0,4013.0,4084.0,2080.0,1866.0,2281.0,1887.0,1419.0,1722.0,2934.0,2843.0,977.0,1117.0,536.0,464.0,941.0,1272.0,500.0,618.0,1061.0,1037.0,792.0,728.0,2575.0,2453.0,985.0,953.0,3306.0,3320.0,2985.0,2664.0,535.0,708.0,4085.0,4376.0,5912.0,5945.0,3997.0,3647.0,3100.0,3577.0,2689.0,2437.0,374.0,406.0,435.0,283.0
NDARWK626PFY,2.83,2.877,2.883,2.363,3.08,2.998,2.329,2.335,3.777,3.641,3.089,3.248,3.176,3.036,2.892,2.944,3.225,3.159,3.353,3.316,2.59,2.186,2.541,2.623,3.127,2.925,2.464,2.553,2.72,2.628,3.092,3.215,2.84,2.93,3.145,3.494,3.122,3.079,3.137,3.182,2.914,2.8,2.104,2.133,2.597,2.586,2.591,2.681,2.988,2.942,2.926,2.82,2.771,2.993,2.771,2.832,3.22,3.132,2.706,2.791,3.284,3.201,3.178,2.999,4.162,4.344,2.936,2.936,934.0,1283.0,849.0,648.0,2639.0,2641.0,1474.0,1632.0,780.0,430.0,229.0,247.0,2941.0,3348.0,4739.0,5833.0,3234.0,3972.0,2593.0,2835.0,1131.0,985.0,4777.0,4956.0,2719.0,2752.0,3289.0,2527.0,1964.0,1961.0,3652.0,3323.0,1599.0,1521.0,680.0,878.0,1357.0,1795.0,730.0,959.0,1434.0,1584.0,1515.0,1279.0,4420.0,3983.0,1317.0,1479.0,5417.0,5218.0,3875.0,4184.0,601.0,884.0,6489.0,7218.0,8897.0,10056.0,5063.0,5833.0,4368.0,4536.0,4039.0,4347.0,519.0,446.0,500.0,352.0
NDARWK793VK4,3.109,2.933,2.592,2.772,3.212,3.13,2.585,2.531,3.892,4.006,3.364,3.947,3.313,3.261,3.224,3.054,3.232,3.252,3.574,3.297,2.624,2.585,2.903,2.85,3.456,3.371,2.565,2.625,2.928,3.153,3.344,3.392,3.053,2.969,3.284,3.275,3.185,3.066,3.632,3.658,3.041,3.174,2.166,2.485,2.695,2.769,2.736,2.811,3.046,2.938,2.951,3.064,3.153,3.179,3.099,3.011,3.354,3.398,2.863,2.841,3.243,3.304,3.188,3.064,4.291,4.459,3.286,3.048,942.0,1426.0,607.0,845.0,2237.0,2365.0,1700.0,1829.0,359.0,330.0,315.0,220.0,3120.0,2870.0,4735.0,7148.0,2874.0,3599.0,2324.0,2676.0,1078.0,868.0,6327.0,5302.0,2460.0,2506.0,3665.0,3616.0,1842.0,1828.0,3959.0,3317.0,1265.0,1456.0,716.0,593.0,1940.0,2286.0,624.0,1023.0,1706.0,1982.0,1862.0,1567.0,4609.0,3839.0,1143.0,1207.0,5395.0,5034.0,3425.0,3872.0,834.0,788.0,6129.0,7093.0,7952.0,7293.0,5722.0,5061.0,4302.0,4161.0,3910.0,3549.0,507.0,434.0,402.0,341.0
NDARWL656URE,3.001,3.197,3.22,3.307,2.943,2.924,2.237,2.352,3.163,3.713,3.33,3.493,3.039,2.825,2.676,2.862,2.779,2.994,3.356,3.484,2.632,2.647,2.316,2.334,3.244,3.331,2.605,2.551,3.234,3.256,3.209,2.72,2.945,3.008,3.133,3.116,2.938,2.895,2.87,3.411,3.16,2.814,2.296,2.308,2.152,2.092,2.991,3.131,2.716,2.614,2.985,2.948,3.467,3.511,3.029,2.958,3.261,3.392,2.731,2.6,2.799,2.841,2.876,2.607,3.708,4.059,2.556,2.633,1216.0,1066.0,587.0,628.0,2684.0,2323.0,1492.0,1743.0,695.0,409.0,370.0,238.0,3721.0,3887.0,3608.0,7366.0,3694.0,4283.0,2740.0,2500.0,1070.0,936.0,5636.0,5365.0,2662.0,2444.0,3005.0,2864.0,1966.0,1844.0,3903.0,4040.0,1661.0,1622.0,580.0,589.0,1558.0,2172.0,685.0,837.0,2083.0,1512.0,1457.0,1237.0,4646.0,4135.0,1460.0,1557.0,5483.0,5572.0,4708.0,4745.0,535.0,843.0,6340.0,6078.0,8295.0,8494.0,6092.0,6801.0,4328.0,4783.0,5566.0,4327.0,499.0,504.0,524.0,439.0
NDARWL758PAM,3.229,2.994,3.262,2.961,3.235,3.114,2.585,2.312,3.334,3.749,3.504,3.171,3.169,3.313,2.932,3.09,3.298,3.204,3.287,3.408,2.586,2.789,2.612,2.56,3.284,3.152,2.506,2.642,2.951,3.039,3.293,3.229,3.042,3.111,3.295,3.54,3.35,3.18,3.504,3.387,3.171,3.145,2.224,2.384,2.708,2.63,2.618,2.774,3.007,3.021,2.922,2.977,3.344,3.263,2.956,3.037,3.504,3.418,2.804,2.845,3.418,3.463,3.13,3.216,3.912,4.112,3.239,3.325,1196.0,998.0,779.0,784.0,2194.0,2609.0,1452.0,1310.0,528.0,451.0,287.0,235.0,2956.0,2844.0,4939.0,5292.0,3619.0,3584.0,2675.0,2610.0,1114.0,1033.0,4648.0,6228.0,2695.0,2643.0,2925.0,3296.0,1555.0,1772.0,3522.0,3280.0,1324.0,1369.0,551.0,554.0,1409.0,2352.0,724.0,849.0,1809.0,1543.0,1406.0,1556.0,4173.0,4076.0,1263.0,1351.0,4647.0,4465.0,3870.0,4235.0,596.0,840.0,6100.0,6301.0,6716.0,6819.0,5576.0,5029.0,3799.0,3759.0,3595.0,3663.0,505.0,537.0,460.0,340.0
NDARWM319UU2,2.823,2.942,2.324,2.255,2.574,2.603,2.157,2.096,2.438,2.389,2.068,2.55,2.562,2.732,2.598,2.516,2.505,2.437,3.068,2.865,2.313,2.308,2.193,2.136,2.63,2.292,2.228,2.33,2.316,2.299,2.747,2.909,2.579,2.762,2.387,2.792,2.612,2.627,2.357,2.583,2.491,2.45,1.906,1.902,2.16,2.085,2.462,2.494,2.507,2.482,2.598,2.536,2.408,2.98,2.262,2.365,2.649,2.528,2.274,2.309,2.704,2.976,2.759,2.602,2.891,2.845,2.743,2.765,900.0,771.0,458.0,536.0,1804.0,1859.0,1206.0,1286.0,428.0,380.0,483.0,348.0,2598.0,2637.0,4009.0,5265.0,2623.0,2585.0,2239.0,1993.0,1015.0,788.0,4553.0,4596.0,2372.0,2386.0,2987.0,2564.0,1705.0,1727.0,3299.0,2511.0,1176.0,1392.0,768.0,575.0,1471.0,1567.0,729.0,792.0,1424.0,1187.0,1302.0,1202.0,3838.0,3796.0,979.0,1150.0,3832.0,4157.0,3497.0,3646.0,403.0,384.0,4387.0,4168.0,6912.0,6906.0,5757.0,6311.0,3656.0,3564.0,3850.0,4154.0,499.0,579.0,484.0,403.0
NDARWM656UWL,2.771,2.933,2.547,2.596,3.15,3.128,2.123,2.116,3.121,2.954,3.141,2.895,2.789,2.951,2.615,2.853,3.02,2.858,3.359,3.106,2.352,2.696,2.348,2.425,3.124,3.05,2.391,2.333,2.644,2.732,3.058,2.971,2.944,2.866,3.329,3.233,3.293,3.015,3.072,3.254,3.125,2.965,2.054,2.095,2.305,2.326,2.72,2.706,3.143,2.958,2.677,2.743,2.938,2.922,2.752,2.798,3.233,3.218,2.49,2.387,3.181,2.957,2.712,2.914,3.443,3.517,2.654,2.866,828.0,911.0,566.0,572.0,2024.0,1943.0,1270.0,1420.0,424.0,380.0,504.0,511.0,2490.0,2553.0,3893.0,4735.0,2743.0,2800.0,2094.0,2138.0,911.0,825.0,4623.0,4454.0,2347.0,2473.0,2825.0,2581.0,2074.0,2101.0,2911.0,3065.0,1340.0,1503.0,471.0,494.0,1325.0,1638.0,782.0,777.0,1609.0,1422.0,1096.0,1003.0,3528.0,3484.0,952.0,931.0,4081.0,4046.0,3731.0,3868.0,483.0,640.0,4807.0,5085.0,6656.0,6729.0,5016.0,5102.0,3403.0,3279.0,3196.0,2934.0,783.0,596.0,572.0,377.0
NDARWM835BR8,2.778,2.933,3.24,2.721,3.162,3.142,2.557,2.633,3.939,4.284,3.538,3.359,3.125,3.165,3.142,3.025,3.438,3.197,3.359,3.263,2.604,2.584,2.638,2.777,3.238,3.327,2.72,2.729,2.937,3.219,3.483,3.216,2.882,2.84,3.38,3.392,3.221,3.123,3.577,3.517,3.117,3.093,2.409,2.387,2.624,2.694,2.739,2.674,3.082,3.072,2.87,2.922,3.292,3.436,3.012,3.007,3.264,3.279,2.804,2.812,3.536,3.16,2.938,3.132,4.206,4.421,3.098,3.181,1150.0,1201.0,1203.0,773.0,3211.0,2869.0,1852.0,1876.0,400.0,411.0,360.0,326.0,3311.0,3939.0,5450.0,7129.0,4075.0,3923.0,2837.0,3093.0,1525.0,1116.0,6288.0,6505.0,2934.0,2685.0,2748.0,2739.0,2325.0,2099.0,4137.0,4076.0,1376.0,1595.0,714.0,714.0,1475.0,2522.0,742.0,891.0,1473.0,1648.0,1654.0,1343.0,4664.0,4892.0,1809.0,1801.0,5705.0,5876.0,5029.0,4714.0,755.0,820.0,8808.0,7490.0,8310.0,9380.0,6166.0,5574.0,3926.0,4691.0,5053.0,4160.0,446.0,461.0,484.0,337.0
NDARWN169DHY,2.814,3.012,2.88,2.438,3.143,3.025,2.332,2.322,3.852,3.861,3.475,3.831,3.134,3.177,2.916,3.009,3.082,2.971,3.556,3.264,2.774,2.644,2.552,2.553,3.131,2.909,2.56,2.563,2.748,2.575,3.22,3.084,2.981,2.98,2.965,3.005,2.951,3.086,3.219,3.217,2.663,2.842,2.107,2.111,2.493,2.654,2.601,2.678,2.998,3.105,2.894,2.945,2.813,3.143,2.585,2.795,3.315,3.134,2.772,2.795,3.232,3.089,2.985,3.129,3.743,4.154,3.077,2.981,1163.0,1138.0,784.0,803.0,1936.0,2022.0,1502.0,1443.0,512.0,440.0,298.0,231.0,3384.0,3420.0,6008.0,6789.0,3487.0,3831.0,2522.0,2803.0,1290.0,1223.0,5524.0,5637.0,3138.0,2724.0,3045.0,3190.0,2176.0,2059.0,4093.0,3410.0,1556.0,1498.0,720.0,689.0,1009.0,1693.0,899.0,1024.0,1325.0,1640.0,1411.0,1249.0,4038.0,4573.0,1454.0,1502.0,4779.0,4754.0,4487.0,4145.0,690.0,785.0,6980.0,7068.0,7385.0,7299.0,6197.0,6051.0,3907.0,4469.0,4821.0,4022.0,418.0,504.0,461.0,316.0
NDARWN691CG7,2.734,2.972,1.982,2.528,3.194,3.127,2.315,2.253,2.521,2.867,3.077,3.216,3.038,2.985,2.969,2.926,2.916,3.038,3.288,3.346,2.287,2.44,2.376,2.517,3.052,2.977,2.52,2.513,2.743,3.072,3.099,2.85,2.951,3.027,3.237,2.905,3.125,3.097,3.21,3.071,3.026,3.031,2.211,2.147,2.503,2.597,2.764,2.775,2.943,2.925,2.844,2.946,2.468,2.936,2.862,2.917,3.207,3.19,2.648,2.652,3.262,3.131,2.975,2.968,3.246,3.489,3.078,2.987,750.0,841.0,351.0,610.0,1893.0,1834.0,1131.0,1384.0,542.0,450.0,531.0,391.0,2831.0,2824.0,3826.0,4875.0,2848.0,3736.0,2442.0,2206.0,918.0,860.0,4891.0,4270.0,2240.0,2118.0,2495.0,2479.0,1576.0,1861.0,3590.0,3132.0,1311.0,1587.0,461.0,604.0,1394.0,1235.0,713.0,853.0,1334.0,1457.0,1237.0,1000.0,4100.0,3723.0,1091.0,1015.0,4800.0,5156.0,4029.0,4076.0,417.0,444.0,4075.0,4448.0,7078.0,6797.0,5999.0,5737.0,3473.0,3988.0,5211.0,4091.0,692.0,641.0,467.0,445.0
NDARWN709HA2,2.771,3.364,2.746,2.448,3.322,3.154,2.695,2.448,3.376,3.473,3.073,3.099,3.093,3.179,3.168,3.22,3.162,3.329,3.57,3.342,2.56,2.454,2.757,2.673,3.252,3.135,2.45,2.433,2.873,2.875,3.41,3.324,3.281,3.193,2.919,3.205,3.284,3.295,3.241,3.247,3.211,3.245,2.224,2.176,2.791,2.685,2.702,2.939,3.142,3.221,3.01,3.036,2.864,3.464,2.9,2.945,3.474,3.381,2.785,2.86,3.452,3.403,3.034,3.13,3.678,3.461,3.537,3.38,975.0,968.0,612.0,719.0,2252.0,2106.0,1285.0,1426.0,389.0,334.0,429.0,281.0,3320.0,3119.0,4068.0,4948.0,3204.0,3265.0,2645.0,2732.0,1052.0,1030.0,4367.0,4727.0,2704.0,2319.0,2457.0,3113.0,1602.0,2183.0,3618.0,2911.0,1523.0,1692.0,568.0,579.0,1487.0,1658.0,908.0,973.0,1409.0,1255.0,1268.0,1473.0,3864.0,3711.0,1270.0,1306.0,4670.0,5065.0,3991.0,3964.0,645.0,707.0,5444.0,4940.0,7303.0,7300.0,5155.0,5425.0,3986.0,4074.0,4056.0,3727.0,508.0,591.0,533.0,382.0
NDARWP157RYM,2.662,3.115,2.669,2.355,2.745,2.654,2.168,1.998,3.012,3.402,2.64,2.944,2.776,2.696,2.552,2.672,2.844,2.506,3.469,3.346,2.454,2.532,2.094,2.321,2.957,2.906,2.41,2.366,2.848,3.028,2.909,2.71,2.711,2.824,2.458,2.602,2.895,2.859,3.098,2.435,2.556,2.729,1.952,1.957,2.278,2.385,2.713,2.798,2.631,2.725,2.871,2.778,2.625,2.898,2.582,2.661,2.818,2.76,2.348,2.352,3.04,2.895,2.705,2.955,3.489,3.338,2.886,3.056,1496.0,1065.0,588.0,780.0,2071.0,2372.0,1555.0,1658.0,642.0,508.0,634.0,454.0,2941.0,3376.0,5605.0,6502.0,3796.0,3244.0,2345.0,2240.0,1014.0,1170.0,5364.0,4490.0,2882.0,3173.0,3494.0,3731.0,2066.0,2271.0,4008.0,3560.0,1742.0,1917.0,547.0,627.0,1245.0,2976.0,736.0,1192.0,1784.0,1864.0,1878.0,1628.0,4655.0,4282.0,1358.0,1493.0,5069.0,5751.0,4535.0,4499.0,514.0,847.0,8161.0,6177.0,9019.0,9535.0,6196.0,6447.0,4137.0,4545.0,4329.0,3741.0,773.0,715.0,550.0,390.0
NDARWP732GD1,2.879,2.919,2.805,2.789,2.963,3.0,2.408,2.289,3.579,4.2,3.262,3.227,3.185,3.122,2.947,2.802,3.017,3.071,3.294,3.434,3.011,2.793,2.503,2.534,3.144,2.894,2.52,2.509,2.844,2.981,3.37,3.336,2.928,2.938,3.227,3.347,3.067,3.084,3.161,3.351,3.04,2.871,2.277,2.349,2.443,2.504,2.898,2.994,3.018,3.097,2.91,2.792,3.271,3.37,2.749,2.733,3.281,3.229,2.553,2.736,3.339,3.256,2.899,2.764,4.27,4.362,2.994,2.836,961.0,788.0,662.0,643.0,2341.0,2450.0,1323.0,1494.0,344.0,261.0,312.0,237.0,2530.0,2275.0,3832.0,4404.0,2850.0,2893.0,2245.0,2246.0,761.0,813.0,3782.0,3886.0,2559.0,2593.0,3031.0,2799.0,1822.0,1656.0,3290.0,2980.0,1443.0,1452.0,546.0,549.0,1342.0,1648.0,704.0,697.0,1235.0,1203.0,1413.0,1416.0,3777.0,3681.0,1163.0,999.0,4769.0,4464.0,3047.0,3162.0,495.0,761.0,5768.0,5589.0,7737.0,7264.0,4362.0,4512.0,3723.0,4231.0,3523.0,3206.0,457.0,387.0,412.0,335.0
NDARWP817CVB,2.547,3.11,2.744,2.498,3.126,3.059,2.233,2.388,3.618,3.603,2.955,2.955,3.093,2.987,2.641,2.819,3.133,3.013,3.193,3.437,2.566,2.588,2.382,2.553,2.986,2.943,2.451,2.373,2.679,2.69,3.18,3.01,2.768,2.93,2.945,2.997,3.107,2.856,2.799,2.965,2.863,2.476,2.091,2.058,2.325,2.318,2.61,3.04,2.966,3.036,2.683,2.708,3.194,2.951,2.766,2.57,3.038,3.175,2.508,2.47,3.183,2.986,2.845,3.051,3.671,4.283,2.715,2.777,1194.0,1296.0,875.0,1099.0,2998.0,2832.0,2120.0,2022.0,487.0,497.0,328.0,342.0,3779.0,4176.0,6295.0,6521.0,3722.0,4902.0,3378.0,2776.0,1160.0,1233.0,6230.0,5738.0,3741.0,3420.0,3859.0,3228.0,2128.0,2481.0,3984.0,4142.0,1851.0,1475.0,796.0,742.0,1438.0,2333.0,1025.0,1124.0,2051.0,1520.0,1924.0,1758.0,5201.0,4812.0,1748.0,1533.0,6153.0,5969.0,5085.0,4836.0,786.0,1229.0,8960.0,8391.0,8569.0,8620.0,6588.0,5693.0,5167.0,4577.0,4879.0,5107.0,538.0,507.0,499.0,438.0
NDARWR247CE1,2.713,2.882,2.876,2.658,3.045,2.957,2.112,2.16,3.305,3.5,3.178,3.008,3.012,3.013,2.769,2.809,2.941,3.033,3.256,3.215,2.466,2.541,2.36,2.414,3.173,3.119,2.498,2.463,2.552,2.919,2.802,2.929,2.801,3.077,3.08,2.885,2.97,3.125,2.95,3.008,2.845,2.848,1.867,2.109,2.57,2.427,2.609,2.492,2.953,2.999,2.693,2.671,3.393,3.484,2.752,2.651,3.059,3.154,2.532,2.516,3.029,3.168,2.959,2.948,3.86,4.01,2.98,2.883,1079.0,780.0,598.0,472.0,2325.0,2323.0,1490.0,1346.0,433.0,534.0,287.0,249.0,3147.0,2631.0,4491.0,5125.0,3521.0,3054.0,1990.0,2262.0,1134.0,858.0,4405.0,4327.0,2276.0,2227.0,3495.0,3065.0,1698.0,1557.0,3094.0,3122.0,1259.0,1303.0,746.0,598.0,1300.0,1479.0,665.0,842.0,1356.0,1154.0,1449.0,1333.0,3599.0,3552.0,1010.0,1429.0,4000.0,4248.0,3980.0,4216.0,422.0,634.0,6238.0,5624.0,5950.0,6240.0,5916.0,5347.0,3171.0,3614.0,3819.0,3690.0,357.0,332.0,338.0,312.0
NDARWR678HLF,3.025,3.275,2.72,2.483,3.133,3.243,2.369,2.392,3.35,3.294,2.874,3.042,3.238,3.18,2.904,3.076,3.0,2.99,3.365,3.453,2.389,2.56,2.472,2.615,3.246,3.09,2.443,2.564,2.749,2.867,3.345,3.296,3.244,3.363,2.993,3.122,3.228,3.021,3.219,3.227,3.197,3.219,2.26,2.301,2.55,2.681,2.888,2.89,3.216,3.143,2.99,2.912,3.434,3.117,2.777,2.796,3.412,3.342,2.789,2.775,3.147,3.19,2.902,3.093,3.454,3.795,3.029,3.156,922.0,859.0,538.0,482.0,2151.0,1602.0,1448.0,1662.0,550.0,418.0,512.0,340.0,2828.0,3106.0,4188.0,5388.0,3304.0,3497.0,2034.0,1828.0,910.0,829.0,5063.0,5264.0,2329.0,2498.0,3253.0,3068.0,2075.0,2024.0,3141.0,2834.0,1462.0,1506.0,562.0,621.0,1052.0,1286.0,677.0,933.0,1420.0,1377.0,1661.0,1652.0,3973.0,4445.0,989.0,1032.0,4333.0,4957.0,3427.0,3663.0,480.0,663.0,4989.0,4439.0,7241.0,7672.0,5262.0,6000.0,2836.0,2994.0,4013.0,2684.0,600.0,687.0,373.0,272.0
NDARWR888KKT,3.653,3.201,2.719,2.581,3.297,3.113,2.514,2.327,3.392,3.879,3.209,3.346,3.075,3.224,3.085,3.083,3.249,3.164,3.279,3.509,2.709,2.769,2.49,2.522,3.195,2.967,2.595,2.528,3.117,2.968,3.523,3.448,3.231,3.035,3.214,3.155,3.205,3.146,3.494,3.331,3.043,3.099,2.239,2.221,2.669,2.716,2.755,2.983,3.026,3.126,2.963,2.868,3.176,3.445,2.901,3.026,3.362,3.284,2.681,2.837,3.383,3.513,3.174,3.187,4.293,4.035,3.054,3.151,1118.0,932.0,556.0,918.0,2297.0,2670.0,1324.0,1439.0,468.0,522.0,331.0,292.0,3228.0,3324.0,4656.0,6008.0,3706.0,4071.0,2908.0,2517.0,988.0,935.0,4396.0,4483.0,2698.0,2757.0,3081.0,3129.0,1969.0,2253.0,3864.0,3739.0,1697.0,1666.0,653.0,668.0,1539.0,1895.0,870.0,847.0,1654.0,1268.0,1435.0,1439.0,4859.0,4360.0,1410.0,1164.0,5250.0,5449.0,3922.0,4185.0,666.0,923.0,6498.0,6231.0,9037.0,8033.0,5660.0,5583.0,4036.0,4000.0,4810.0,4163.0,507.0,533.0,406.0,297.0
NDARWV155PRG,2.558,2.583,2.82,2.442,2.643,2.622,2.09,1.997,3.365,3.252,2.599,2.88,2.935,2.758,2.436,2.505,2.827,2.689,2.877,2.896,2.281,2.423,2.296,2.377,2.717,2.656,2.108,2.037,2.49,2.435,2.903,2.813,2.594,2.414,2.88,2.839,2.707,2.676,2.71,2.933,2.5,2.344,1.783,1.822,2.153,2.021,2.465,2.594,2.607,2.644,2.423,2.44,2.919,2.926,2.49,2.478,2.851,2.844,2.261,2.235,2.874,2.887,2.572,2.521,3.553,3.596,2.635,2.564,1015.0,840.0,828.0,656.0,2236.0,2080.0,1567.0,1515.0,555.0,425.0,279.0,223.0,2760.0,3248.0,5603.0,5879.0,3036.0,3371.0,2191.0,2098.0,1113.0,984.0,4803.0,4600.0,2557.0,2538.0,2791.0,2692.0,1929.0,2093.0,3878.0,3192.0,1121.0,1364.0,563.0,560.0,1251.0,1614.0,712.0,760.0,1466.0,1283.0,1801.0,1616.0,3910.0,3450.0,1178.0,1133.0,4349.0,4793.0,3562.0,3941.0,611.0,900.0,6445.0,5768.0,6529.0,7634.0,5207.0,5499.0,3593.0,3521.0,3577.0,3678.0,486.0,513.0,414.0,294.0
NDARWV405ZW0,2.77,3.089,2.287,2.286,2.693,2.628,2.269,2.266,3.078,3.084,2.516,2.417,2.918,2.954,2.724,2.561,2.721,2.682,3.196,3.032,2.439,2.411,2.21,2.261,2.992,2.745,2.324,2.203,2.67,2.596,2.813,2.69,2.668,2.872,2.82,2.577,2.882,2.967,2.869,3.001,2.678,2.874,2.196,2.131,2.261,2.38,2.632,2.61,2.729,2.789,2.857,2.709,2.814,2.79,2.41,2.452,2.859,2.667,2.462,2.375,3.05,2.965,2.772,2.629,3.085,2.787,2.864,3.061,1594.0,1125.0,624.0,581.0,2308.0,2145.0,1448.0,1509.0,511.0,346.0,439.0,398.0,3312.0,2903.0,4438.0,5500.0,3405.0,3413.0,2612.0,2626.0,947.0,856.0,5175.0,4964.0,2787.0,2633.0,3226.0,3140.0,2332.0,2502.0,3737.0,3560.0,1623.0,1893.0,741.0,687.0,1382.0,1616.0,853.0,960.0,1634.0,1567.0,1459.0,1169.0,4249.0,4007.0,1265.0,1198.0,4440.0,4883.0,4131.0,4271.0,534.0,864.0,6555.0,6194.0,7433.0,7714.0,4992.0,5022.0,4103.0,4663.0,4607.0,4030.0,620.0,690.0,530.0,472.0
NDARWV470ATB,2.628,2.704,2.854,2.545,2.595,2.571,1.955,1.954,3.77,3.64,2.903,2.972,2.79,2.79,2.532,2.579,2.919,2.882,3.044,3.088,2.554,2.378,2.122,2.152,2.756,2.726,2.074,2.125,2.538,2.549,2.943,3.058,2.548,2.501,2.45,2.415,2.639,2.634,2.857,2.729,2.507,2.509,1.87,1.747,2.187,2.198,2.372,2.508,2.635,2.612,2.47,2.42,2.984,2.776,2.328,2.463,2.826,2.795,2.24,2.242,2.88,2.956,2.666,2.583,3.665,3.786,2.459,2.545,1089.0,806.0,520.0,570.0,1891.0,1825.0,1259.0,1434.0,309.0,325.0,261.0,199.0,2639.0,2700.0,3809.0,4422.0,2916.0,3164.0,2063.0,1976.0,805.0,847.0,4021.0,4202.0,2547.0,2551.0,2562.0,2524.0,1794.0,1837.0,3272.0,2874.0,1160.0,1255.0,602.0,604.0,1384.0,1471.0,736.0,782.0,1762.0,1302.0,1490.0,1352.0,3497.0,3077.0,1152.0,985.0,4189.0,4662.0,3281.0,3287.0,417.0,737.0,5112.0,5031.0,6614.0,6179.0,4631.0,4355.0,3463.0,3627.0,3596.0,2639.0,374.0,375.0,424.0,292.0
NDARWV794VM2,3.152,3.129,2.737,2.855,3.134,3.159,2.661,2.465,3.221,3.458,3.104,3.026,3.171,3.103,3.04,3.194,3.109,3.045,3.574,3.598,2.406,2.591,2.55,2.587,3.271,3.026,2.62,2.553,2.957,3.278,3.333,3.231,2.776,2.95,3.331,3.188,3.114,3.332,3.297,3.087,3.062,2.914,2.438,2.346,2.551,2.554,2.688,2.517,2.966,3.093,2.948,2.983,3.523,3.199,2.961,2.955,3.42,3.308,2.72,2.555,3.261,3.163,3.024,3.163,3.645,3.93,3.084,3.072,694.0,588.0,746.0,872.0,2139.0,2437.0,1838.0,1927.0,462.0,513.0,504.0,391.0,3188.0,3251.0,4846.0,5174.0,3517.0,3278.0,2474.0,2291.0,1087.0,1054.0,5551.0,5750.0,2676.0,3106.0,3728.0,3280.0,2157.0,2294.0,3586.0,2493.0,1435.0,1410.0,554.0,647.0,1563.0,1322.0,704.0,764.0,1530.0,982.0,1888.0,1624.0,4593.0,4221.0,1186.0,1195.0,4891.0,5299.0,4210.0,4555.0,410.0,579.0,5362.0,5726.0,7625.0,8152.0,6305.0,6657.0,3716.0,4008.0,5253.0,4666.0,654.0,653.0,622.0,503.0
NDARWV938NKD,2.896,3.185,3.109,2.663,3.137,3.19,2.533,2.425,3.692,3.445,3.358,3.373,3.098,3.1,2.833,2.948,3.08,3.017,3.545,3.334,2.503,2.796,2.506,2.655,3.205,3.212,2.616,2.425,2.976,2.894,3.062,3.394,3.106,3.062,2.989,3.172,2.917,3.234,3.397,3.459,3.113,3.121,2.263,2.405,2.528,2.398,2.493,2.383,2.967,3.061,2.884,2.965,3.052,3.291,3.103,2.998,3.458,3.311,2.695,2.758,3.247,3.355,3.016,2.911,3.985,3.666,2.938,2.845,1358.0,1170.0,614.0,758.0,2238.0,1973.0,1500.0,1715.0,511.0,437.0,312.0,268.0,2964.0,3233.0,5719.0,6650.0,3766.0,3645.0,2867.0,2872.0,1250.0,1215.0,4828.0,5364.0,3004.0,2725.0,3417.0,3178.0,1845.0,2028.0,4677.0,3686.0,1611.0,1557.0,665.0,795.0,1448.0,1778.0,808.0,1064.0,1782.0,1606.0,1989.0,1643.0,4372.0,4200.0,1451.0,1049.0,4599.0,5305.0,4250.0,4039.0,484.0,863.0,6227.0,5392.0,6928.0,7280.0,5768.0,5896.0,4897.0,5064.0,5550.0,4494.0,461.0,493.0,534.0,338.0
NDARWW005GCU,2.885,3.036,2.6,2.457,2.687,2.711,2.353,2.291,2.707,2.984,2.547,2.366,2.874,2.786,2.66,2.716,2.868,2.782,3.148,3.114,2.398,2.567,2.287,2.35,2.837,2.598,2.321,2.349,2.442,2.5,3.106,3.093,2.887,2.817,3.172,3.262,2.871,2.918,2.767,2.77,2.727,2.621,2.094,2.281,2.131,2.222,2.772,2.762,2.724,2.785,2.738,2.753,3.127,2.714,2.496,2.555,2.867,2.83,2.318,2.361,3.036,3.045,2.709,2.777,2.488,3.105,2.936,2.893,1264.0,1040.0,543.0,482.0,2711.0,2457.0,1604.0,1478.0,602.0,552.0,399.0,351.0,2921.0,2883.0,4817.0,6021.0,3171.0,3106.0,2460.0,2326.0,1060.0,966.0,4466.0,4604.0,2836.0,2734.0,3037.0,3119.0,2297.0,2153.0,3937.0,3272.0,1610.0,1983.0,541.0,568.0,1750.0,1706.0,817.0,971.0,1460.0,1387.0,1433.0,1505.0,4060.0,4118.0,1202.0,1175.0,5647.0,5129.0,4891.0,5880.0,388.0,600.0,6312.0,5980.0,9204.0,8528.0,6457.0,6402.0,4260.0,4357.0,4859.0,4384.0,600.0,605.0,608.0,432.0
NDARWW901MTC,2.937,2.662,2.674,2.94,2.677,2.828,1.98,2.02,3.281,3.667,3.14,3.294,2.889,2.847,2.664,2.717,2.979,2.97,3.253,3.139,2.322,2.355,2.306,2.384,3.035,3.06,2.284,2.347,2.834,2.811,3.099,3.002,2.55,2.717,2.9,2.953,3.007,2.862,2.977,3.067,2.675,2.839,1.901,1.829,2.101,2.25,2.42,2.614,2.715,2.625,2.496,2.631,3.3,3.374,2.721,2.698,3.127,3.168,2.501,2.473,2.911,2.809,2.844,2.814,3.515,3.948,2.8,2.599,1023.0,788.0,608.0,554.0,1992.0,1757.0,1381.0,1415.0,490.0,370.0,296.0,211.0,2876.0,2708.0,3588.0,5021.0,3318.0,3738.0,2053.0,2056.0,928.0,943.0,4530.0,4612.0,2475.0,2116.0,2984.0,2866.0,1499.0,1712.0,3754.0,3148.0,1504.0,1414.0,531.0,574.0,1206.0,1754.0,803.0,829.0,1770.0,1376.0,1692.0,1494.0,3782.0,3376.0,1091.0,1177.0,4132.0,4181.0,3511.0,3420.0,379.0,610.0,5873.0,5465.0,7037.0,6811.0,5095.0,5234.0,3549.0,3497.0,4353.0,4581.0,494.0,507.0,372.0,308.0
NDARWX605LAD,3.02,3.165,2.959,2.861,3.149,3.096,2.246,2.353,3.521,3.954,3.329,3.525,3.142,3.107,3.036,3.06,3.216,3.23,3.719,3.603,2.512,2.834,2.444,2.492,3.248,3.392,2.424,2.466,2.984,3.175,3.407,3.208,3.005,3.094,3.486,3.533,3.013,3.076,3.406,3.575,3.152,3.056,1.969,2.14,2.561,2.615,2.805,2.686,3.07,3.085,2.907,2.815,3.272,3.111,3.036,2.991,3.343,3.345,2.674,2.728,3.412,3.245,3.24,3.161,3.998,3.907,2.931,3.092,1154.0,1114.0,777.0,760.0,2816.0,2056.0,1567.0,1636.0,533.0,430.0,312.0,280.0,3088.0,3236.0,4879.0,6312.0,3699.0,3728.0,2234.0,2058.0,1050.0,835.0,5398.0,5600.0,2705.0,2335.0,3729.0,3860.0,1779.0,1936.0,3710.0,3704.0,1435.0,1820.0,564.0,653.0,1703.0,1596.0,774.0,870.0,1653.0,1417.0,1625.0,1497.0,4801.0,4683.0,1361.0,1396.0,5024.0,5343.0,3769.0,3929.0,546.0,830.0,6254.0,6495.0,7364.0,8361.0,5122.0,5594.0,4214.0,4743.0,4571.0,3394.0,393.0,417.0,447.0,338.0
NDARWY718TY7,2.894,3.216,2.58,2.533,3.333,3.27,2.457,2.431,4.077,3.95,3.342,3.609,3.295,3.254,3.141,3.147,3.098,3.061,3.33,3.29,2.624,2.798,2.548,2.623,3.214,3.208,2.557,2.596,2.709,3.222,3.294,3.147,3.18,3.07,3.379,3.218,3.201,3.086,3.253,3.362,3.274,2.981,2.242,2.268,2.733,2.672,2.642,2.698,3.149,3.311,2.974,2.992,3.316,3.153,2.995,2.924,3.394,3.414,2.737,2.81,3.458,3.338,3.147,3.138,3.869,4.121,3.082,3.12,1224.0,1013.0,808.0,707.0,2020.0,2274.0,1468.0,1591.0,388.0,474.0,277.0,271.0,3236.0,3563.0,5192.0,6032.0,4032.0,4296.0,2880.0,2402.0,995.0,1051.0,5575.0,5682.0,3187.0,3323.0,3443.0,3043.0,1730.0,2363.0,4315.0,3880.0,1531.0,1646.0,736.0,721.0,1367.0,1639.0,793.0,951.0,1617.0,1355.0,1594.0,1562.0,5273.0,4424.0,1183.0,1324.0,5250.0,4541.0,4411.0,4572.0,715.0,1013.0,7002.0,7241.0,7798.0,7842.0,5703.0,5576.0,3734.0,3942.0,4597.0,4635.0,410.0,455.0,438.0,317.0
NDARWZ283CWB,2.599,2.653,2.91,2.341,2.508,2.582,1.881,1.852,3.492,3.525,2.603,2.96,2.736,2.705,2.4,2.512,2.736,2.731,2.994,2.993,2.176,2.111,2.073,2.168,2.665,2.759,2.003,1.887,2.575,2.544,2.921,2.969,2.499,2.314,2.428,2.408,2.673,2.708,2.8,2.78,2.692,2.574,1.829,1.679,2.097,2.221,2.397,2.6,2.594,2.591,2.308,2.375,2.7,2.914,2.484,2.492,2.758,2.728,2.307,2.2,2.963,2.821,2.532,2.554,3.327,3.633,2.593,2.732,1290.0,1111.0,707.0,931.0,1889.0,1991.0,1438.0,1344.0,386.0,310.0,284.0,286.0,3422.0,3583.0,4356.0,4912.0,4229.0,3448.0,2264.0,2582.0,1064.0,906.0,5107.0,4898.0,2983.0,2764.0,2790.0,2562.0,1817.0,2092.0,4305.0,4403.0,1334.0,1537.0,598.0,789.0,1210.0,1540.0,851.0,950.0,1617.0,1634.0,1257.0,1288.0,4027.0,3774.0,1493.0,1199.0,4768.0,4796.0,4135.0,4137.0,662.0,960.0,6790.0,6505.0,8216.0,7653.0,5483.0,5727.0,4099.0,4339.0,5119.0,3756.0,465.0,449.0,462.0,355.0
NDARWZ709DLY,2.597,2.943,2.872,2.865,2.925,2.926,1.824,1.907,2.91,3.517,3.439,3.213,2.934,2.853,2.744,2.724,3.082,2.909,3.212,3.214,2.288,2.408,2.263,2.253,3.07,2.735,2.245,2.204,2.771,2.729,3.161,3.03,2.682,2.63,2.801,3.06,2.964,2.941,3.053,2.898,2.722,2.71,1.683,1.689,2.304,2.411,2.519,2.723,2.779,2.692,2.67,2.63,2.941,3.113,2.612,2.699,3.14,3.048,2.483,2.47,3.163,3.137,2.87,2.901,3.51,3.946,2.665,2.748,1234.0,1167.0,663.0,875.0,2753.0,2471.0,1758.0,1658.0,398.0,382.0,312.0,272.0,3648.0,3695.0,4406.0,5254.0,3660.0,3688.0,2209.0,2256.0,1178.0,1152.0,5558.0,5290.0,2722.0,3059.0,3322.0,3297.0,1947.0,2032.0,3836.0,3699.0,1529.0,1559.0,595.0,578.0,1925.0,2301.0,744.0,797.0,1714.0,1378.0,1590.0,1540.0,4595.0,4548.0,1349.0,1368.0,5610.0,5566.0,4348.0,4924.0,672.0,1015.0,5602.0,5869.0,7377.0,7601.0,5701.0,6206.0,3926.0,3911.0,5140.0,4510.0,470.0,506.0,456.0,343.0
NDARWZ865ZMK,2.917,2.974,2.891,2.945,2.823,2.781,2.398,2.42,3.342,3.665,2.723,3.195,3.162,2.955,2.769,2.835,3.055,3.088,3.133,3.313,2.683,2.638,2.407,2.498,2.843,2.947,2.537,2.38,2.566,2.804,3.327,3.354,2.606,2.833,3.011,2.908,2.894,2.972,2.91,2.89,2.803,2.831,2.103,2.09,2.324,2.3,2.733,2.872,2.785,2.822,2.73,2.798,3.079,3.129,2.56,2.676,3.044,3.027,2.603,2.523,3.156,3.023,2.952,2.986,3.728,3.943,2.624,2.892,1204.0,1334.0,706.0,628.0,2345.0,1825.0,1510.0,1920.0,359.0,387.0,347.0,243.0,2809.0,4280.0,5003.0,5453.0,3258.0,3604.0,2575.0,2198.0,1229.0,1071.0,5854.0,5649.0,3033.0,2864.0,4019.0,3712.0,1793.0,2098.0,5028.0,3862.0,1459.0,1573.0,659.0,717.0,1569.0,1377.0,802.0,931.0,2331.0,1484.0,1900.0,1560.0,4246.0,4176.0,1298.0,1287.0,4408.0,5512.0,4713.0,4518.0,703.0,1082.0,7593.0,7001.0,7509.0,7715.0,5925.0,6281.0,4539.0,4270.0,4395.0,4230.0,413.0,450.0,571.0,392.0
NDARXB692PXC,3.251,3.163,3.203,2.67,2.918,2.598,2.445,2.428,3.863,3.336,3.346,3.152,3.463,3.169,3.089,3.02,3.162,2.913,3.444,3.529,2.489,2.741,2.693,2.689,3.436,3.221,2.669,2.599,3.057,3.238,3.236,3.039,2.76,2.873,2.841,3.134,3.215,3.142,3.468,3.294,3.197,3.064,2.119,2.309,2.409,2.938,2.683,2.705,2.579,2.848,2.891,3.039,3.268,3.178,3.072,2.843,3.393,3.276,2.844,2.709,3.285,3.207,3.079,3.16,3.518,4.149,3.097,3.013,1343.0,984.0,585.0,912.0,2016.0,1330.0,1184.0,1399.0,427.0,353.0,313.0,248.0,3110.0,3355.0,4998.0,5238.0,3122.0,3829.0,2633.0,2059.0,998.0,955.0,4963.0,5339.0,2603.0,3069.0,2675.0,2529.0,1626.0,1895.0,3709.0,3166.0,1328.0,1586.0,575.0,671.0,1335.0,1506.0,918.0,1068.0,2506.0,1706.0,1464.0,1241.0,4516.0,3240.0,1337.0,1174.0,4324.0,4669.0,4043.0,3135.0,654.0,576.0,8557.0,5489.0,6655.0,8273.0,3919.0,5509.0,4166.0,4040.0,4959.0,3066.0,534.0,442.0,461.0,342.0
NDARXB704HFD,2.512,2.695,2.172,2.334,2.695,2.673,2.052,2.1,3.01,3.225,2.251,2.481,2.698,2.606,2.358,2.459,2.85,2.703,2.882,2.829,2.251,2.194,2.103,2.168,2.559,2.444,2.081,2.12,2.478,2.402,2.921,2.819,2.319,2.276,2.744,2.915,2.525,2.557,2.615,2.553,2.328,2.457,1.756,1.769,2.138,2.123,2.233,2.321,2.538,2.511,2.413,2.423,2.751,2.727,2.384,2.411,2.727,2.702,2.177,2.23,2.84,2.787,2.505,2.698,3.59,3.802,2.425,2.547,1271.0,1386.0,967.0,1047.0,3487.0,3295.0,2122.0,2249.0,570.0,527.0,419.0,315.0,3481.0,4025.0,4944.0,7159.0,4040.0,4350.0,2706.0,3040.0,1615.0,1730.0,6299.0,6310.0,3558.0,3321.0,5037.0,4782.0,2539.0,2344.0,4630.0,3906.0,1425.0,1780.0,826.0,824.0,1829.0,1834.0,1014.0,1004.0,1718.0,1738.0,2597.0,2249.0,5510.0,5456.0,1783.0,1685.0,6271.0,6201.0,4957.0,5301.0,839.0,1172.0,8527.0,8013.0,8798.0,8073.0,6797.0,6423.0,4495.0,5070.0,5428.0,3953.0,565.0,575.0,591.0,332.0
NDARXB889WUB,2.909,3.136,2.992,2.592,3.115,3.146,2.586,2.427,4.065,4.102,3.558,3.596,3.114,3.186,3.077,3.021,3.089,3.035,3.52,3.353,2.939,2.823,2.752,2.662,3.433,3.266,2.312,2.485,2.96,2.79,3.296,3.093,3.14,3.009,3.245,3.296,3.438,3.214,3.079,3.468,3.188,3.137,2.099,2.038,2.667,2.601,2.747,3.081,3.059,2.995,3.099,2.954,3.328,3.373,3.124,3.176,3.547,3.388,2.774,2.921,3.404,3.326,3.099,3.163,4.123,4.114,3.221,3.251,1106.0,1185.0,660.0,886.0,2399.0,1721.0,2251.0,2006.0,404.0,349.0,295.0,278.0,3461.0,3360.0,4361.0,6913.0,3469.0,4058.0,2492.0,2666.0,1159.0,882.0,6348.0,6455.0,2646.0,2397.0,3355.0,3301.0,1642.0,1882.0,3737.0,3997.0,1495.0,1616.0,615.0,729.0,2161.0,2280.0,750.0,1010.0,2359.0,1654.0,2000.0,1895.0,4716.0,4137.0,1333.0,1327.0,5575.0,5470.0,3698.0,4465.0,781.0,836.0,6373.0,6716.0,8104.0,8177.0,6765.0,5960.0,4358.0,4760.0,4967.0,3712.0,498.0,445.0,486.0,367.0
NDARXD907ZJL,2.762,3.098,2.311,2.547,2.768,2.886,2.235,2.237,3.767,3.694,3.272,2.655,3.321,3.234,2.783,2.868,3.254,3.019,3.415,3.387,2.483,2.739,2.496,2.5,3.155,2.979,2.395,2.313,2.774,2.877,3.193,3.062,2.819,2.785,3.099,3.26,3.073,2.786,3.053,3.126,2.898,2.599,2.188,2.258,2.482,2.568,2.622,2.715,2.902,2.869,2.706,2.709,3.022,3.362,2.644,2.438,2.93,3.007,2.548,2.552,3.201,3.006,2.889,2.958,3.95,4.218,2.959,2.846,1174.0,1131.0,573.0,997.0,2673.0,2239.0,1433.0,1500.0,357.0,388.0,308.0,259.0,2888.0,2809.0,4656.0,6504.0,3187.0,3688.0,2313.0,2086.0,1140.0,838.0,5123.0,4919.0,2639.0,2908.0,3287.0,3048.0,1869.0,1899.0,3749.0,3566.0,1275.0,1495.0,605.0,562.0,1401.0,1985.0,688.0,802.0,1199.0,1364.0,1556.0,1348.0,4015.0,3692.0,1289.0,1231.0,4669.0,4964.0,3729.0,4039.0,804.0,698.0,6631.0,5369.0,7618.0,6486.0,5534.0,5334.0,3672.0,4476.0,4609.0,3544.0,386.0,350.0,413.0,324.0
NDARXE193CZ1,3.039,3.153,2.838,2.569,3.062,3.245,2.53,2.381,3.51,3.878,3.184,3.363,3.264,3.262,2.926,2.721,3.264,3.226,3.509,3.288,2.529,2.737,2.55,2.597,3.085,3.105,2.435,2.717,2.835,3.044,3.403,3.475,3.043,3.296,3.174,3.334,3.224,3.034,3.496,3.338,3.302,3.141,2.122,2.335,2.598,2.658,2.667,2.661,3.197,3.116,2.953,2.947,2.967,3.204,3.028,3.07,3.47,3.37,2.809,2.802,3.495,3.517,3.073,3.03,4.382,3.813,3.037,3.384,1296.0,1069.0,628.0,611.0,3058.0,2540.0,2155.0,2038.0,477.0,310.0,359.0,315.0,4037.0,3589.0,5858.0,8282.0,3896.0,3727.0,2621.0,3043.0,1496.0,1254.0,5753.0,6515.0,3178.0,2945.0,3838.0,4478.0,2024.0,2267.0,4454.0,3770.0,1193.0,1391.0,737.0,777.0,1624.0,2177.0,898.0,997.0,1849.0,1874.0,2175.0,2213.0,4302.0,4275.0,1459.0,1649.0,5610.0,4936.0,5368.0,5478.0,534.0,996.0,8596.0,8517.0,8587.0,8803.0,6599.0,7308.0,4831.0,4886.0,5256.0,4000.0,474.0,414.0,520.0,398.0
NDARXE684LUY,2.976,3.139,2.855,2.821,2.752,2.95,2.179,2.137,3.21,4.078,3.209,3.133,3.09,2.983,2.795,2.842,3.117,3.115,3.303,3.26,2.448,2.513,2.218,2.412,3.071,2.89,2.337,2.402,3.04,3.048,3.408,3.283,2.683,2.732,2.727,2.865,2.981,2.878,3.211,3.241,2.896,2.885,1.87,1.752,2.403,2.35,2.746,2.651,2.694,2.788,2.781,2.759,3.332,3.397,2.777,2.809,3.122,3.143,2.413,2.44,3.249,3.244,2.984,3.02,3.848,4.07,2.764,2.723,1096.0,775.0,626.0,659.0,2165.0,2535.0,1192.0,1265.0,364.0,357.0,313.0,267.0,2995.0,3112.0,4563.0,5346.0,3098.0,3702.0,2120.0,2053.0,917.0,826.0,4611.0,4225.0,2841.0,2936.0,2901.0,3001.0,1670.0,2134.0,3630.0,3464.0,1388.0,1533.0,674.0,621.0,1146.0,1360.0,792.0,955.0,1344.0,1301.0,1226.0,1162.0,4341.0,4164.0,1156.0,1235.0,5137.0,4835.0,3465.0,3741.0,541.0,843.0,6210.0,5869.0,8191.0,7548.0,5011.0,5073.0,4043.0,3757.0,4007.0,3941.0,459.0,419.0,448.0,370.0
NDARXE854EDK,2.981,3.2,3.112,3.196,3.082,3.248,2.317,2.323,3.87,4.024,3.032,3.086,3.362,3.153,3.044,3.167,3.321,3.259,3.264,3.57,2.572,3.052,2.504,2.726,3.197,3.152,2.329,2.453,2.763,2.772,3.457,3.324,3.103,3.04,2.854,3.075,3.268,3.064,3.195,3.267,3.101,2.875,2.033,2.216,2.534,2.618,2.747,2.669,3.139,3.173,2.949,2.968,3.275,3.629,2.915,2.82,3.424,3.466,2.794,2.773,3.263,3.291,2.912,3.15,4.213,4.075,2.966,3.142,1008.0,951.0,683.0,706.0,1879.0,1697.0,1332.0,1368.0,346.0,255.0,297.0,247.0,2998.0,3155.0,4565.0,4665.0,3040.0,2988.0,2862.0,2444.0,867.0,770.0,4420.0,4427.0,2833.0,2914.0,2923.0,2389.0,1590.0,1820.0,3593.0,2799.0,1055.0,1463.0,675.0,630.0,1734.0,1714.0,832.0,983.0,2294.0,1904.0,1316.0,1067.0,3533.0,3393.0,1180.0,1238.0,4797.0,4655.0,3752.0,3912.0,766.0,830.0,5668.0,6492.0,6575.0,6895.0,5190.0,4973.0,3328.0,3708.0,3623.0,3054.0,448.0,401.0,450.0,288.0
NDARXF203DCD,2.885,3.031,2.471,2.359,2.711,2.632,2.353,2.341,2.827,2.971,2.259,2.811,2.8,2.883,2.759,2.74,2.741,2.868,3.125,3.071,2.388,2.164,2.29,2.428,2.66,2.699,2.109,2.177,2.774,2.686,3.075,2.944,2.994,2.886,2.523,2.914,2.781,3.021,2.972,2.67,2.737,2.693,2.163,2.277,2.13,2.197,2.607,2.579,2.63,2.79,2.789,2.757,3.066,2.749,2.382,2.46,3.039,2.926,2.455,2.527,2.993,3.127,2.745,2.61,3.28,3.469,2.599,2.903,1283.0,1212.0,645.0,993.0,2894.0,3248.0,1629.0,1749.0,718.0,624.0,667.0,496.0,3148.0,3098.0,4257.0,6252.0,3072.0,3713.0,3050.0,2744.0,1018.0,860.0,4865.0,4549.0,2798.0,2881.0,2848.0,2486.0,2275.0,2134.0,3745.0,3145.0,1389.0,1861.0,702.0,659.0,1532.0,1857.0,866.0,926.0,1970.0,1715.0,1746.0,1523.0,4100.0,4017.0,1371.0,1422.0,6123.0,5811.0,3955.0,3974.0,601.0,535.0,6374.0,6774.0,9279.0,9340.0,5616.0,5771.0,4869.0,4883.0,4722.0,4024.0,733.0,623.0,673.0,512.0
NDARXF358XGE,2.741,3.075,2.207,2.313,2.917,3.07,2.421,2.56,3.064,3.159,3.187,3.106,3.125,3.066,2.982,3.008,3.224,2.995,3.412,3.432,2.372,2.698,2.614,2.563,3.115,2.961,2.529,2.643,2.935,3.182,3.336,3.221,3.139,3.108,2.942,3.05,3.187,2.965,3.368,3.4,3.087,3.165,2.4,2.335,2.482,2.698,2.659,2.792,2.926,2.906,2.948,2.943,2.955,3.332,2.878,2.833,3.212,3.262,2.676,2.679,3.48,3.256,2.911,3.125,3.437,3.177,3.11,2.923,1163.0,1096.0,395.0,613.0,2171.0,2170.0,1660.0,1416.0,469.0,328.0,504.0,487.0,2897.0,2888.0,5900.0,5898.0,2870.0,2945.0,2249.0,2041.0,714.0,673.0,5218.0,5140.0,2395.0,2586.0,3217.0,2935.0,1911.0,1788.0,3555.0,3282.0,1375.0,1474.0,606.0,546.0,1330.0,1445.0,727.0,831.0,1213.0,1384.0,1436.0,1478.0,4213.0,4024.0,1228.0,1155.0,4715.0,4680.0,3942.0,3917.0,503.0,453.0,5535.0,5087.0,6900.0,6443.0,5548.0,5476.0,3640.0,3729.0,3915.0,3655.0,552.0,575.0,454.0,425.0
NDARXF497LYF,3.22,3.3,2.794,2.542,3.223,3.185,2.39,2.387,3.418,4.005,3.461,3.887,3.177,3.284,3.157,3.228,3.367,3.134,3.573,3.49,2.771,2.651,2.517,2.56,3.179,3.098,2.545,2.743,3.043,2.901,3.581,3.465,3.166,3.105,3.31,3.412,3.083,3.233,3.383,3.278,3.167,3.175,2.118,2.31,2.724,2.756,2.718,2.967,3.124,3.189,3.123,3.041,3.243,3.35,3.017,3.078,3.464,3.394,2.855,2.923,3.547,3.469,3.249,3.255,4.152,4.256,3.419,3.25,1251.0,1019.0,664.0,848.0,2199.0,2126.0,1798.0,1939.0,650.0,497.0,328.0,289.0,3486.0,3556.0,5641.0,6953.0,3991.0,4402.0,3032.0,3154.0,1193.0,1023.0,5175.0,4809.0,3120.0,2781.0,3647.0,3190.0,1698.0,1781.0,3893.0,3781.0,1658.0,1860.0,656.0,852.0,1289.0,1742.0,742.0,972.0,1724.0,1601.0,1845.0,1462.0,4147.0,4736.0,1509.0,1391.0,5715.0,4822.0,4349.0,4919.0,638.0,887.0,6675.0,7024.0,8595.0,7800.0,6109.0,5857.0,4055.0,4186.0,6207.0,4574.0,563.0,530.0,451.0,412.0
NDARXF956ZU6,2.677,2.727,2.644,2.655,2.758,2.68,2.09,2.152,3.277,3.159,2.735,2.78,2.917,2.798,2.679,2.623,3.08,2.987,3.302,3.109,2.298,2.347,2.276,2.347,2.946,2.864,2.3,2.142,2.63,2.509,3.147,3.173,2.712,2.669,2.748,2.673,2.789,2.832,3.134,2.711,2.63,2.793,1.83,1.8,2.265,2.251,2.515,2.53,2.834,2.804,2.581,2.558,3.159,3.049,2.611,2.598,2.849,2.855,2.379,2.381,3.103,3.088,2.781,2.783,3.748,3.738,2.754,2.868,1257.0,1036.0,589.0,766.0,2966.0,2324.0,1765.0,1646.0,338.0,402.0,329.0,258.0,3236.0,3111.0,4018.0,5848.0,3668.0,3473.0,2349.0,2339.0,1240.0,1201.0,4855.0,5426.0,3056.0,2941.0,3338.0,3149.0,2125.0,2052.0,3899.0,3662.0,1342.0,1451.0,710.0,677.0,1426.0,1542.0,765.0,960.0,1511.0,1173.0,1585.0,1700.0,4398.0,4128.0,1337.0,1542.0,5537.0,5362.0,4575.0,5031.0,676.0,646.0,6889.0,6722.0,8419.0,7890.0,6768.0,7457.0,4045.0,4762.0,5692.0,3757.0,446.0,429.0,468.0,353.0
NDARXG767MTB,2.519,2.725,2.048,2.486,2.874,2.979,2.339,2.266,2.756,3.385,3.012,3.1,3.014,3.005,2.624,2.794,2.971,2.658,3.302,3.352,2.345,2.414,2.305,2.358,2.989,3.112,2.186,2.393,2.665,3.093,3.275,3.111,2.954,2.828,3.153,3.044,3.163,3.051,2.907,3.018,2.736,2.997,2.163,2.1,2.387,2.367,2.639,2.766,2.94,2.937,2.598,2.675,2.69,2.952,2.799,2.812,3.136,3.072,2.411,2.398,2.951,2.918,2.746,2.794,3.597,3.724,2.984,2.802,899.0,1170.0,763.0,948.0,2488.0,2373.0,1490.0,1738.0,655.0,515.0,448.0,463.0,3371.0,3265.0,5221.0,5904.0,3448.0,4181.0,2586.0,2228.0,1165.0,1028.0,6516.0,6596.0,2609.0,2393.0,3055.0,2901.0,2243.0,2012.0,4468.0,3816.0,1861.0,1839.0,574.0,542.0,1327.0,1731.0,858.0,935.0,1623.0,1352.0,1534.0,1340.0,4329.0,4123.0,1402.0,1333.0,5182.0,6025.0,4579.0,4326.0,767.0,521.0,8033.0,6737.0,8359.0,7720.0,6605.0,6299.0,3741.0,4379.0,4620.0,3608.0,730.0,619.0,592.0,349.0
NDARXG961UAB,2.507,2.992,2.634,2.862,3.188,3.264,2.441,2.328,3.433,3.542,3.597,3.635,3.11,3.139,3.044,3.1,3.215,3.021,3.71,3.671,2.836,2.591,2.662,2.786,3.151,3.291,2.477,2.431,3.057,2.944,3.289,2.983,2.888,3.029,3.26,3.412,3.202,3.139,3.565,3.532,3.216,3.285,2.143,2.452,2.66,2.756,2.73,2.867,3.265,3.188,2.941,2.927,3.499,3.396,3.061,2.991,3.542,3.504,2.888,2.844,3.428,3.366,3.075,3.233,3.624,4.192,3.09,3.044,1284.0,955.0,593.0,1089.0,2682.0,2929.0,1372.0,1725.0,642.0,599.0,319.0,242.0,4112.0,3575.0,7148.0,6084.0,4254.0,3395.0,2911.0,2675.0,1060.0,1017.0,6128.0,5837.0,3352.0,3377.0,2637.0,3157.0,2142.0,2121.0,3771.0,3468.0,1716.0,1769.0,720.0,766.0,1511.0,1785.0,737.0,1022.0,1617.0,1361.0,1225.0,1244.0,4878.0,4720.0,1719.0,1266.0,5255.0,5432.0,4456.0,5071.0,771.0,906.0,7515.0,7097.0,8369.0,7316.0,7038.0,7364.0,4307.0,4776.0,5057.0,4749.0,559.0,501.0,506.0,400.0
NDARXH140YZ0,2.801,2.619,2.649,2.471,2.678,2.501,1.879,2.044,3.218,3.192,2.631,2.923,2.847,2.643,2.55,2.586,2.721,2.862,3.049,3.173,2.285,2.529,2.061,2.293,2.773,2.577,2.263,2.181,2.657,2.722,3.014,2.98,2.505,2.651,2.667,2.752,2.762,2.724,2.667,2.478,2.57,2.706,1.887,1.863,2.338,2.312,2.571,2.54,2.583,2.612,2.484,2.547,2.805,2.815,2.457,2.543,2.834,2.782,2.42,2.358,2.936,2.958,2.761,2.772,3.29,3.77,2.607,2.644,1439.0,1091.0,719.0,645.0,3431.0,3176.0,1858.0,1973.0,505.0,590.0,353.0,328.0,3753.0,4100.0,5862.0,7752.0,4414.0,4550.0,2688.0,2561.0,1287.0,1012.0,5521.0,5886.0,3068.0,3416.0,3292.0,3338.0,2501.0,2475.0,4563.0,4277.0,1672.0,2210.0,697.0,647.0,1597.0,1790.0,787.0,996.0,1728.0,1534.0,1622.0,1632.0,5616.0,4902.0,1248.0,1822.0,6398.0,5448.0,4643.0,5204.0,552.0,1071.0,6694.0,7108.0,9903.0,9788.0,6762.0,6298.0,4648.0,5276.0,5356.0,5061.0,518.0,569.0,531.0,413.0
NDARXH529MTX,3.042,3.256,2.545,2.634,2.961,3.214,2.186,2.172,3.091,3.04,2.828,3.011,3.033,3.128,2.892,2.891,2.955,2.926,3.258,3.318,2.539,2.801,2.408,2.39,3.008,2.89,2.562,2.535,2.846,2.858,3.195,3.185,3.003,3.129,3.08,3.502,2.906,2.98,2.87,2.79,2.795,2.835,2.171,2.304,2.578,2.603,2.953,2.633,3.079,3.095,2.888,2.828,2.229,2.899,2.732,2.818,3.163,3.069,2.526,2.647,3.183,3.102,2.945,3.018,2.999,3.325,3.059,3.052,1226.0,1037.0,496.0,490.0,2670.0,1987.0,1577.0,1750.0,516.0,444.0,555.0,502.0,3068.0,3183.0,5181.0,5680.0,3029.0,3504.0,2818.0,2527.0,1086.0,965.0,5631.0,5638.0,2602.0,2705.0,3158.0,3335.0,1954.0,2091.0,3914.0,3605.0,1506.0,1917.0,680.0,670.0,1249.0,1629.0,803.0,913.0,1364.0,1636.0,1744.0,1521.0,4849.0,4485.0,1267.0,1305.0,5928.0,5874.0,4257.0,4415.0,279.0,626.0,5750.0,5316.0,8800.0,9611.0,6161.0,5847.0,4281.0,4086.0,4532.0,4159.0,707.0,538.0,486.0,456.0
NDARXH597ML1,2.943,3.012,2.463,2.155,3.112,3.026,1.844,1.953,2.632,2.753,2.97,2.937,2.893,2.68,2.452,2.395,2.771,2.746,3.276,3.174,2.819,2.588,1.764,1.792,2.97,2.93,2.219,2.183,2.885,2.788,2.77,2.977,2.63,2.856,2.807,2.971,2.864,2.904,3.006,2.79,2.859,3.044,2.086,1.935,2.219,2.075,2.92,2.892,2.897,2.912,2.561,2.617,3.358,2.563,2.683,2.842,3.063,3.048,2.211,2.3,2.81,3.14,2.766,2.58,3.334,3.62,2.583,2.606,1208.0,1170.0,558.0,454.0,2206.0,2265.0,1399.0,1343.0,379.0,382.0,645.0,271.0,2980.0,2951.0,4790.0,5223.0,2905.0,2714.0,2318.0,2264.0,946.0,811.0,4489.0,4883.0,2449.0,2609.0,3426.0,3240.0,2003.0,2086.0,3373.0,3654.0,1502.0,1984.0,786.0,742.0,1298.0,1541.0,556.0,761.0,1603.0,1331.0,1531.0,1615.0,4763.0,3990.0,1096.0,1162.0,4796.0,5103.0,4521.0,4807.0,548.0,870.0,5853.0,5245.0,7373.0,7760.0,6144.0,5541.0,3735.0,4057.0,3970.0,4248.0,409.0,630.0,487.0,419.0
NDARXH654EPQ,2.92,2.908,2.829,2.494,2.953,3.087,2.444,2.318,3.7,3.796,3.611,3.628,3.064,2.995,3.01,2.961,3.156,3.158,3.209,3.093,2.682,2.869,2.425,2.471,3.074,3.237,2.403,2.48,2.865,2.952,3.238,3.19,2.837,2.832,3.416,3.502,2.978,3.061,3.434,3.525,3.102,3.098,2.16,2.304,2.568,2.668,2.725,2.527,3.008,3.104,2.87,2.95,3.074,3.233,2.892,2.931,3.468,3.351,2.769,2.837,3.312,3.157,3.037,3.054,3.752,4.13,3.222,3.041,773.0,972.0,544.0,689.0,1691.0,2494.0,1802.0,1593.0,410.0,343.0,320.0,221.0,2604.0,3009.0,3874.0,5190.0,3307.0,3629.0,2816.0,2976.0,1071.0,892.0,5435.0,5205.0,2607.0,2214.0,2808.0,2815.0,1841.0,1682.0,3518.0,3158.0,1346.0,1775.0,511.0,568.0,1123.0,1225.0,823.0,824.0,1177.0,1105.0,1615.0,1402.0,3778.0,3978.0,1264.0,1069.0,5860.0,5526.0,3550.0,3268.0,499.0,574.0,6023.0,6635.0,7607.0,7287.0,5138.0,4959.0,4070.0,4663.0,3824.0,3118.0,453.0,436.0,476.0,382.0
NDARXJ468UGL,2.731,2.566,2.688,2.495,2.621,2.68,1.862,1.867,3.414,3.113,2.34,2.626,2.636,2.645,2.454,2.399,2.71,2.548,2.762,2.809,2.121,2.155,2.014,2.13,2.7,2.422,2.125,2.136,2.527,2.438,2.662,2.814,2.415,2.49,2.628,2.67,2.671,2.556,2.567,2.565,2.328,2.42,1.614,1.602,2.122,2.084,2.275,2.288,2.588,2.58,2.451,2.418,2.77,2.892,2.322,2.444,2.826,2.754,2.19,2.257,2.768,2.763,2.617,2.498,3.299,3.508,2.287,2.328,1070.0,1109.0,704.0,847.0,2737.0,2338.0,1359.0,1554.0,464.0,435.0,359.0,238.0,3343.0,3813.0,4760.0,4804.0,3223.0,3774.0,2294.0,2124.0,1147.0,923.0,4946.0,5244.0,2581.0,2750.0,3796.0,3541.0,1819.0,2068.0,3321.0,3260.0,1313.0,1483.0,634.0,746.0,1563.0,1609.0,672.0,880.0,1584.0,1247.0,1574.0,1389.0,4396.0,4299.0,1391.0,1365.0,4891.0,5153.0,4193.0,4233.0,596.0,848.0,7057.0,6581.0,7852.0,6880.0,5801.0,6355.0,3451.0,3326.0,4501.0,4594.0,503.0,438.0,345.0,284.0
NDARXJ696AMX,2.772,2.803,2.302,2.483,2.587,2.624,1.98,1.992,3.253,3.378,2.678,2.731,2.711,2.782,2.522,2.561,2.979,2.861,3.073,2.992,2.145,2.267,2.263,2.255,2.717,2.66,2.225,2.137,2.481,2.368,3.145,2.941,2.57,2.492,2.824,2.552,2.672,2.676,2.891,2.757,2.569,2.638,1.697,1.709,2.305,2.344,2.292,2.235,2.791,2.753,2.498,2.519,2.796,2.779,2.432,2.459,2.685,2.609,2.395,2.341,3.054,3.116,2.608,2.706,3.521,4.114,2.71,2.638,1098.0,1034.0,659.0,854.0,2399.0,1975.0,1486.0,1543.0,490.0,485.0,256.0,246.0,2586.0,3128.0,4874.0,5751.0,3138.0,3372.0,2254.0,2265.0,1121.0,1036.0,5203.0,5322.0,3015.0,2828.0,2912.0,2955.0,2114.0,2200.0,3255.0,3081.0,1294.0,1574.0,609.0,730.0,1616.0,1664.0,764.0,884.0,1519.0,1512.0,1408.0,1460.0,3577.0,3574.0,1248.0,1307.0,4633.0,4691.0,3927.0,3937.0,597.0,714.0,6887.0,6169.0,7435.0,6735.0,4767.0,4904.0,3691.0,3982.0,3991.0,3697.0,407.0,525.0,394.0,353.0
NDARXJ799NEB,2.561,2.741,2.599,2.644,2.744,2.717,2.117,2.184,2.969,3.131,3.048,2.837,2.935,2.897,2.652,2.759,3.086,3.04,3.1,3.138,2.373,2.393,2.32,2.42,2.906,2.91,2.248,2.272,2.761,2.593,3.091,3.057,2.672,2.658,2.837,2.989,2.827,2.71,2.882,2.914,2.577,2.606,1.955,1.975,2.146,2.22,2.559,2.495,2.684,2.655,2.577,2.606,2.903,2.897,2.633,2.64,2.916,2.96,2.454,2.466,2.948,2.985,2.763,2.732,3.827,4.032,2.529,2.586,1201.0,830.0,569.0,1082.0,2818.0,2337.0,1315.0,1419.0,465.0,354.0,307.0,274.0,2315.0,2534.0,4778.0,5720.0,3015.0,2678.0,2569.0,2355.0,1147.0,968.0,4345.0,4470.0,2730.0,2882.0,2806.0,2735.0,1916.0,2068.0,3481.0,2986.0,1397.0,1484.0,586.0,598.0,1700.0,2591.0,791.0,997.0,1734.0,1476.0,1435.0,1197.0,4297.0,4019.0,1528.0,1207.0,5297.0,5526.0,3708.0,3827.0,704.0,856.0,8038.0,6636.0,8009.0,7589.0,4925.0,5061.0,3520.0,4268.0,4652.0,4041.0,424.0,399.0,462.0,347.0
NDARXK462WRZ,2.962,2.82,2.879,2.717,2.928,2.872,1.984,2.029,3.313,3.116,3.309,2.983,2.819,2.76,2.712,2.655,2.779,2.931,3.16,3.045,2.651,2.434,2.172,2.112,2.784,2.727,2.121,2.041,2.709,2.671,3.14,3.103,2.786,2.758,3.071,3.095,2.905,2.751,2.718,2.897,2.475,2.602,1.783,1.719,2.393,2.378,2.618,2.605,2.75,2.856,2.692,2.603,3.201,3.026,2.545,2.637,3.055,3.02,2.426,2.455,2.875,2.927,2.833,2.763,3.557,3.362,2.527,2.692,1022.0,937.0,527.0,928.0,2121.0,2559.0,1633.0,1817.0,366.0,313.0,302.0,280.0,2704.0,2867.0,4136.0,5026.0,3173.0,3267.0,2163.0,2336.0,844.0,865.0,4395.0,4535.0,2773.0,2457.0,3704.0,3240.0,1719.0,1593.0,3431.0,2999.0,1503.0,1469.0,519.0,600.0,1126.0,1785.0,801.0,927.0,1645.0,1620.0,1993.0,1890.0,3889.0,3740.0,1434.0,1186.0,4058.0,4471.0,3641.0,3441.0,665.0,788.0,7051.0,6297.0,7201.0,6756.0,4893.0,5529.0,3482.0,3683.0,3674.0,3410.0,460.0,507.0,387.0,308.0
NDARXL023NG9,3.219,3.4,2.808,2.333,2.829,2.964,2.585,2.571,2.659,3.307,2.721,3.176,3.079,3.263,3.128,3.052,3.169,3.115,3.821,3.514,2.568,2.483,2.622,2.445,3.193,3.1,2.402,2.589,2.953,2.987,3.345,3.224,3.077,3.07,2.876,3.102,3.201,3.286,3.108,2.962,3.296,2.945,2.069,2.265,2.593,2.56,2.653,2.731,2.932,2.894,3.004,2.941,3.319,3.125,3.008,2.846,3.082,3.172,2.697,2.791,3.375,3.386,3.086,3.151,3.518,3.365,3.367,3.056,1042.0,1033.0,452.0,607.0,2242.0,2072.0,1272.0,1350.0,448.0,332.0,516.0,418.0,3270.0,3277.0,4704.0,5189.0,3219.0,3448.0,2266.0,2205.0,1087.0,874.0,4864.0,4916.0,2412.0,2270.0,2711.0,2471.0,1895.0,1899.0,3702.0,3124.0,1626.0,1706.0,773.0,620.0,1215.0,1360.0,794.0,893.0,1476.0,1238.0,1453.0,953.0,4615.0,4150.0,1086.0,980.0,5060.0,4994.0,3647.0,3504.0,479.0,680.0,6065.0,6090.0,8706.0,7904.0,5436.0,5516.0,4229.0,4160.0,3814.0,4056.0,611.0,605.0,579.0,539.0
NDARXL697DA6,2.934,3.013,2.371,2.619,3.395,3.424,2.622,2.679,3.801,3.796,2.994,3.856,3.297,3.327,3.017,3.111,3.256,3.269,3.711,3.833,2.903,2.655,2.77,2.742,3.243,3.226,2.743,2.54,3.154,2.807,3.374,3.288,3.263,3.238,2.948,3.238,3.51,3.259,3.581,3.528,2.902,3.122,2.533,2.55,2.958,2.976,2.863,2.742,3.236,3.18,3.145,3.058,2.805,3.185,3.066,3.081,3.601,3.489,2.895,3.007,3.558,3.474,3.089,3.322,4.037,4.185,3.325,3.09,1315.0,980.0,579.0,853.0,3061.0,2476.0,1504.0,1574.0,434.0,450.0,421.0,291.0,4075.0,3253.0,5690.0,6465.0,3764.0,4199.0,2490.0,2431.0,1149.0,1132.0,5309.0,6610.0,2940.0,3263.0,3214.0,3542.0,2074.0,1990.0,4339.0,4119.0,1551.0,1797.0,719.0,704.0,1399.0,2014.0,832.0,1118.0,1709.0,1337.0,1773.0,1592.0,4999.0,5592.0,1612.0,1531.0,5097.0,5202.0,5300.0,5811.0,669.0,748.0,8958.0,8427.0,7851.0,7311.0,6161.0,6111.0,4402.0,4974.0,5352.0,4522.0,497.0,443.0,512.0,370.0
NDARXL801JVG,2.982,2.697,2.827,2.503,3.103,3.074,2.576,2.565,3.299,3.541,3.411,3.661,3.168,3.199,3.076,2.886,3.195,3.262,3.505,3.318,2.634,2.43,2.664,2.737,3.18,3.224,2.531,2.626,3.145,3.273,3.344,3.356,3.026,3.163,3.306,3.203,3.07,3.116,3.371,3.433,3.1,3.057,2.25,2.412,2.738,2.71,2.737,2.632,3.028,3.042,2.952,2.983,3.177,3.648,3.069,3.113,3.315,3.366,2.703,2.816,3.472,3.264,3.04,2.815,3.862,3.986,3.095,3.205,1205.0,1021.0,928.0,691.0,2408.0,2900.0,1545.0,1890.0,491.0,385.0,335.0,266.0,3234.0,3214.0,5114.0,6630.0,3840.0,3535.0,2604.0,2921.0,1003.0,1112.0,4609.0,4450.0,2968.0,2863.0,3572.0,3189.0,1953.0,2010.0,4408.0,4192.0,1393.0,1727.0,850.0,807.0,1382.0,1643.0,794.0,1076.0,1928.0,1389.0,1568.0,1195.0,4699.0,4305.0,1371.0,1573.0,5263.0,5173.0,3958.0,4573.0,605.0,685.0,6453.0,6573.0,7635.0,7206.0,5465.0,6515.0,4102.0,4203.0,5581.0,3296.0,525.0,576.0,464.0,321.0
NDARXN047RUT,2.57,2.919,2.884,2.37,2.658,2.64,1.965,1.937,3.646,4.06,2.545,2.625,2.819,2.718,2.527,2.613,2.939,2.908,2.935,3.09,2.359,2.428,2.065,2.272,2.796,2.733,2.054,1.99,2.661,2.684,2.973,2.944,2.628,2.458,2.75,2.477,2.682,2.805,2.924,2.731,2.543,2.574,1.748,1.691,2.282,2.186,2.577,2.395,2.612,2.58,2.517,2.498,3.211,2.97,2.46,2.628,2.8,2.793,2.273,2.345,2.924,2.767,2.62,2.789,3.453,3.787,2.444,2.505,1109.0,988.0,921.0,689.0,2797.0,2830.0,1865.0,2070.0,437.0,336.0,318.0,308.0,3613.0,3625.0,5450.0,6264.0,4524.0,4379.0,2392.0,2471.0,1343.0,1093.0,5839.0,5797.0,3050.0,3207.0,3320.0,2973.0,1997.0,2010.0,4342.0,3627.0,1472.0,2083.0,693.0,669.0,1474.0,1985.0,700.0,806.0,1822.0,1437.0,1841.0,1519.0,4341.0,4391.0,1558.0,1418.0,4984.0,5269.0,4839.0,5366.0,553.0,928.0,7351.0,7315.0,8306.0,8816.0,6229.0,6495.0,3888.0,4479.0,5434.0,4106.0,537.0,596.0,455.0,327.0
NDARXN893UEZ,2.582,2.897,2.529,2.537,2.896,2.859,2.24,2.202,2.923,2.87,2.704,2.584,2.851,2.971,2.658,2.76,2.813,2.787,3.246,3.415,2.301,2.543,2.303,2.407,2.91,2.789,2.413,2.291,2.52,2.702,3.197,3.047,2.67,2.678,2.797,2.932,2.957,2.906,3.08,2.88,2.715,2.945,1.965,2.216,2.381,2.333,2.578,2.599,2.762,2.856,2.73,2.682,2.967,3.368,2.565,2.71,3.122,2.964,2.521,2.531,3.021,2.903,2.887,2.913,3.209,3.184,2.674,2.979,1108.0,960.0,517.0,651.0,2582.0,2258.0,1665.0,1813.0,485.0,508.0,505.0,440.0,3220.0,3177.0,4154.0,5923.0,2693.0,2848.0,2221.0,2101.0,974.0,945.0,5049.0,4956.0,2518.0,2712.0,3343.0,3531.0,2105.0,1884.0,3593.0,2896.0,1271.0,1444.0,639.0,628.0,1388.0,1867.0,730.0,835.0,1619.0,1490.0,1551.0,1330.0,4114.0,4601.0,1187.0,1229.0,4489.0,4601.0,3291.0,3997.0,643.0,414.0,5647.0,5607.0,6992.0,7542.0,5770.0,5994.0,3605.0,4169.0,5365.0,3782.0,608.0,628.0,480.0,414.0
NDARXP021FZ5,2.931,3.29,2.978,3.13,3.27,3.374,2.533,2.458,3.467,3.662,3.676,3.464,3.294,3.124,3.044,3.087,3.391,3.182,3.589,3.546,2.514,2.572,2.523,2.627,3.247,3.322,2.5,2.506,3.017,3.097,3.574,3.434,3.202,3.197,3.04,3.207,3.256,3.335,3.326,3.348,3.219,3.137,2.245,2.257,2.452,2.577,2.84,2.852,2.969,3.071,3.01,3.129,3.195,3.251,3.218,3.107,3.612,3.505,2.835,2.839,3.314,3.242,3.138,3.158,4.08,4.598,2.965,2.984,1161.0,1273.0,491.0,815.0,2048.0,2430.0,1720.0,1827.0,441.0,318.0,307.0,265.0,3102.0,3520.0,5133.0,5954.0,3098.0,3394.0,2722.0,2980.0,1099.0,1053.0,5670.0,5426.0,2945.0,2430.0,3604.0,3405.0,1884.0,1803.0,3927.0,3649.0,1569.0,1753.0,721.0,777.0,1862.0,2004.0,818.0,948.0,2429.0,1952.0,1746.0,1700.0,4191.0,3830.0,1368.0,1348.0,4929.0,5000.0,3763.0,3978.0,809.0,719.0,6972.0,7239.0,8584.0,8172.0,5188.0,5918.0,4582.0,4581.0,4142.0,4189.0,381.0,468.0,510.0,366.0
NDARXP557DLJ,1.952,2.424,2.759,2.739,2.806,3.021,2.251,1.929,2.909,3.417,2.662,2.859,2.888,2.932,2.831,2.28,2.913,2.473,3.212,3.533,2.544,2.612,2.343,2.085,3.291,3.154,2.405,2.406,2.981,2.999,2.925,2.73,2.997,3.157,2.876,2.945,3.345,2.664,2.993,3.437,3.2,2.845,2.175,2.282,2.235,2.299,2.854,2.806,2.806,2.786,2.829,2.449,2.896,3.153,2.859,2.859,3.246,3.324,1.94,2.558,3.059,2.588,2.475,2.567,3.202,3.661,2.365,2.866,898.0,808.0,534.0,686.0,2217.0,2321.0,1385.0,1534.0,472.0,391.0,569.0,399.0,2972.0,3129.0,4807.0,5617.0,3770.0,3782.0,2367.0,2041.0,1049.0,793.0,5362.0,4375.0,2197.0,2323.0,3205.0,2751.0,1827.0,1905.0,3853.0,3325.0,1400.0,1494.0,543.0,576.0,1510.0,1965.0,741.0,978.0,1780.0,1591.0,1404.0,1166.0,3849.0,3867.0,1358.0,1068.0,4838.0,5474.0,4435.0,4688.0,578.0,596.0,7121.0,6374.0,8155.0,7081.0,6691.0,6921.0,3408.0,3764.0,3844.0,3605.0,708.0,540.0,552.0,473.0
NDARXR346UT5,3.222,3.402,2.814,2.75,3.207,2.984,2.359,2.329,3.912,3.638,2.975,3.563,3.35,3.268,3.053,3.124,3.306,3.19,3.484,3.344,2.699,2.654,2.578,2.801,3.254,3.274,2.699,2.648,3.046,3.116,3.592,3.302,3.202,3.232,3.314,3.001,3.205,3.177,3.603,3.487,3.189,3.057,2.262,2.154,2.799,2.783,2.816,2.854,3.198,3.177,3.013,3.012,3.435,3.605,3.093,3.022,3.444,3.335,2.963,2.944,3.571,3.4,3.188,3.249,4.201,3.944,3.178,3.488,1047.0,1091.0,780.0,680.0,2322.0,2763.0,1215.0,1282.0,539.0,579.0,318.0,311.0,3299.0,3387.0,5923.0,7140.0,3550.0,3945.0,2948.0,2905.0,1014.0,1117.0,5326.0,5069.0,3226.0,2967.0,2787.0,2946.0,1993.0,2226.0,4236.0,3975.0,1510.0,1576.0,661.0,767.0,1333.0,1830.0,765.0,953.0,1664.0,1474.0,1410.0,1250.0,4486.0,4610.0,1518.0,1361.0,5050.0,4712.0,4673.0,4660.0,735.0,992.0,6790.0,6650.0,8384.0,8590.0,7143.0,6443.0,4035.0,4178.0,5044.0,4158.0,504.0,544.0,443.0,336.0
NDARXT196WPG,2.969,3.21,2.707,2.549,3.293,3.206,2.496,2.378,3.569,3.748,3.322,2.862,3.217,3.18,3.092,3.066,3.367,3.249,3.251,3.477,2.606,2.783,2.701,2.736,3.299,3.218,2.649,2.508,2.95,2.867,3.375,3.126,3.073,2.992,3.324,3.142,3.057,3.278,3.532,3.462,3.3,3.268,2.232,2.043,2.686,2.867,2.785,2.736,3.012,3.074,2.894,3.052,3.543,3.211,3.132,2.997,3.533,3.372,2.918,2.905,3.456,3.281,3.014,3.105,4.443,3.767,2.895,3.001,1319.0,1172.0,799.0,611.0,2675.0,2562.0,1971.0,1966.0,452.0,523.0,341.0,263.0,3960.0,4178.0,5744.0,5677.0,4962.0,4751.0,2709.0,2545.0,1144.0,1117.0,6304.0,6734.0,3089.0,3304.0,3583.0,3601.0,1879.0,2027.0,4634.0,4302.0,1412.0,1477.0,751.0,785.0,1215.0,1964.0,1018.0,1159.0,1791.0,1688.0,2006.0,1797.0,4466.0,4838.0,1354.0,1469.0,5643.0,5346.0,4172.0,4257.0,608.0,792.0,7618.0,7096.0,7907.0,8152.0,5358.0,6261.0,4235.0,4584.0,4264.0,3856.0,441.0,560.0,514.0,373.0
NDARXT727MD7,2.781,2.887,2.469,2.53,3.163,3.142,2.536,2.424,4.017,3.952,3.625,3.301,3.107,3.212,2.974,3.057,3.049,3.131,3.235,3.343,2.597,2.664,2.606,2.675,2.971,3.08,2.486,2.418,2.511,2.543,3.277,3.148,2.814,2.781,3.133,3.564,3.076,2.978,3.019,3.254,2.955,2.849,2.185,2.25,2.58,2.647,2.738,2.75,3.126,3.038,2.968,2.882,3.182,2.965,2.808,2.765,3.159,3.214,2.713,2.739,3.252,3.245,3.14,3.062,3.687,3.971,3.169,3.021,849.0,923.0,651.0,735.0,2323.0,2314.0,1475.0,1782.0,476.0,352.0,258.0,248.0,2957.0,2805.0,4039.0,5262.0,2713.0,3275.0,2442.0,2076.0,1056.0,1094.0,5272.0,5421.0,2636.0,2644.0,3461.0,3130.0,1485.0,2027.0,3532.0,3004.0,1323.0,1443.0,613.0,562.0,1347.0,1593.0,725.0,911.0,1330.0,1358.0,1874.0,1582.0,4531.0,3810.0,1108.0,1257.0,5278.0,5485.0,3273.0,3883.0,696.0,698.0,6255.0,6062.0,7885.0,7389.0,4501.0,5158.0,3395.0,3765.0,3754.0,3222.0,424.0,367.0,422.0,265.0
NDARXU253JHC,2.63,3.12,2.534,2.72,2.892,3.005,2.302,2.329,2.964,2.969,2.664,2.548,2.842,2.841,2.836,2.924,2.853,2.907,3.312,3.095,2.403,2.451,2.401,2.449,2.839,2.707,2.381,2.197,2.636,2.519,3.082,3.043,2.885,2.809,3.051,3.261,3.16,2.943,2.99,2.915,2.936,2.838,2.143,2.133,2.404,2.386,2.609,2.637,2.845,2.932,2.812,2.719,2.963,3.153,2.655,2.681,3.027,2.958,2.664,2.554,3.177,3.071,2.814,2.947,3.219,3.238,2.774,2.695,1186.0,858.0,491.0,747.0,2527.0,2315.0,1752.0,1886.0,651.0,549.0,336.0,297.0,2782.0,2793.0,5126.0,5039.0,3674.0,3277.0,2258.0,2625.0,1029.0,927.0,5548.0,5290.0,2607.0,2760.0,3860.0,3059.0,1894.0,1841.0,3242.0,3268.0,1414.0,1513.0,512.0,646.0,1372.0,1449.0,747.0,872.0,1493.0,1391.0,1656.0,1536.0,4101.0,4155.0,1218.0,1119.0,4914.0,4796.0,3493.0,4130.0,676.0,695.0,6036.0,6313.0,8267.0,8027.0,5065.0,4996.0,3602.0,4082.0,4900.0,3602.0,475.0,499.0,430.0,344.0
NDARXU376FDN,3.026,3.011,2.68,2.502,3.134,3.257,2.19,2.137,3.833,3.753,3.142,3.14,2.993,3.055,2.943,2.946,3.225,3.148,3.508,3.287,2.836,2.77,2.462,2.413,3.231,3.185,2.429,2.424,3.038,3.116,3.27,3.304,2.88,2.859,3.136,3.208,3.232,3.197,3.28,3.211,2.953,2.951,2.17,2.183,2.314,2.302,2.79,2.727,2.928,3.067,2.839,2.728,3.367,3.445,2.968,2.962,3.264,3.253,2.542,2.604,3.249,3.375,2.974,2.935,4.241,4.197,2.916,3.052,1287.0,849.0,689.0,901.0,3173.0,2624.0,1460.0,1585.0,502.0,446.0,299.0,282.0,3748.0,3252.0,4980.0,5908.0,3351.0,4262.0,2326.0,2707.0,1049.0,867.0,4176.0,4484.0,3297.0,2790.0,3246.0,2905.0,2343.0,2193.0,3602.0,3602.0,1413.0,1532.0,690.0,761.0,1888.0,1554.0,792.0,958.0,1781.0,1217.0,1751.0,1580.0,4190.0,3557.0,1397.0,1409.0,5130.0,5129.0,4142.0,3960.0,773.0,863.0,7274.0,6387.0,8201.0,7904.0,4960.0,4863.0,4206.0,3958.0,4098.0,3624.0,492.0,523.0,459.0,329.0
NDARXU437UFZ,2.517,2.679,2.843,2.718,2.789,2.814,2.062,1.999,3.495,3.183,3.053,3.011,2.779,2.746,2.671,2.597,2.869,2.788,3.056,3.113,2.476,2.737,2.184,2.338,2.86,2.844,2.23,2.161,2.578,2.551,2.991,2.87,2.673,2.771,2.664,2.768,2.91,2.786,3.05,2.893,2.601,2.806,1.953,2.024,2.254,2.302,2.763,2.713,2.776,2.786,2.604,2.522,3.046,3.043,2.644,2.664,2.938,3.026,2.437,2.474,3.17,2.969,2.799,2.746,3.558,3.602,2.695,2.763,966.0,810.0,995.0,694.0,2476.0,2235.0,1537.0,1569.0,394.0,519.0,326.0,277.0,3113.0,3338.0,5244.0,5507.0,3392.0,3406.0,2954.0,2783.0,1049.0,894.0,5660.0,5123.0,3147.0,2933.0,3243.0,3011.0,2147.0,2003.0,3611.0,3942.0,1759.0,2080.0,554.0,645.0,1271.0,1526.0,837.0,970.0,1704.0,1298.0,1701.0,1461.0,4576.0,4056.0,1283.0,1752.0,5019.0,5301.0,4042.0,4765.0,788.0,903.0,7368.0,6881.0,8080.0,8727.0,5265.0,5301.0,4917.0,4826.0,3932.0,4591.0,493.0,434.0,417.0,421.0
NDARXU679ZE8,2.525,2.626,2.772,2.416,2.749,2.654,1.961,1.939,3.173,3.239,2.883,2.872,2.754,2.736,2.443,2.531,2.628,2.759,2.942,3.06,2.429,2.489,2.194,2.243,2.662,2.477,2.082,2.083,2.608,2.541,2.834,2.775,2.589,2.551,2.846,2.833,2.594,2.652,2.707,2.702,2.497,2.601,1.883,1.814,2.216,2.219,2.288,2.428,2.706,2.694,2.415,2.359,3.078,2.905,2.469,2.516,2.91,2.74,2.291,2.366,2.837,2.782,2.646,2.62,3.687,3.439,2.272,2.612,790.0,859.0,680.0,753.0,1996.0,2453.0,1588.0,1446.0,359.0,349.0,288.0,235.0,3045.0,2924.0,4240.0,4694.0,2788.0,3336.0,2108.0,2235.0,898.0,840.0,5242.0,4328.0,2835.0,2733.0,2975.0,3030.0,1621.0,1901.0,3103.0,3020.0,1367.0,1335.0,487.0,599.0,1163.0,1474.0,820.0,924.0,1439.0,1411.0,1534.0,1437.0,3737.0,3457.0,1232.0,1161.0,4453.0,4607.0,3457.0,3793.0,629.0,785.0,5736.0,5833.0,7717.0,7010.0,5218.0,4833.0,3287.0,3442.0,3260.0,3311.0,427.0,423.0,477.0,288.0
NDARXV094ZHH,2.596,2.621,3.037,2.491,2.824,2.745,2.194,2.336,3.518,3.622,2.834,3.123,2.947,2.911,2.592,2.716,3.049,2.942,3.22,3.29,2.766,2.472,2.312,2.517,2.813,2.78,2.295,2.37,2.706,2.578,3.024,3.064,2.769,2.737,2.956,2.917,2.967,3.051,2.862,2.789,2.708,2.93,1.815,1.923,2.261,2.346,2.551,2.942,2.772,2.856,2.535,2.546,3.064,3.067,2.561,2.696,3.022,2.96,2.529,2.427,3.12,2.939,2.658,2.737,3.667,3.929,2.702,2.606,1025.0,973.0,789.0,663.0,2863.0,3614.0,1532.0,1851.0,449.0,390.0,299.0,297.0,3478.0,2852.0,5479.0,6430.0,4182.0,3434.0,2307.0,2349.0,893.0,1117.0,5241.0,5735.0,3111.0,2552.0,3530.0,3523.0,2118.0,1708.0,3994.0,4085.0,1581.0,1505.0,747.0,980.0,1623.0,1640.0,955.0,995.0,2380.0,1809.0,2056.0,1721.0,4185.0,4223.0,1147.0,1279.0,6326.0,5464.0,4387.0,4910.0,625.0,1041.0,8148.0,8477.0,10169.0,9085.0,5298.0,6030.0,4082.0,4950.0,5006.0,4246.0,460.0,487.0,432.0,404.0
NDARXV209WYA,2.935,3.26,2.484,2.056,3.278,3.225,2.456,2.484,3.388,3.519,2.557,2.883,3.077,3.198,2.988,3.006,3.141,3.411,3.378,3.354,2.683,2.734,2.666,2.645,3.11,2.943,2.662,2.62,3.018,2.959,3.107,3.317,3.128,3.129,3.455,3.599,3.18,3.188,3.051,3.113,2.961,3.031,2.304,2.357,2.803,2.586,2.667,2.775,3.129,2.979,2.949,2.971,2.944,2.995,2.873,2.88,3.344,3.303,2.738,2.77,3.327,3.379,3.178,2.972,3.797,3.86,3.412,3.318,890.0,893.0,504.0,617.0,1937.0,1893.0,1779.0,1625.0,327.0,346.0,475.0,244.0,3024.0,3181.0,2970.0,4275.0,3244.0,2870.0,2897.0,2481.0,1123.0,968.0,4748.0,5265.0,3014.0,3043.0,3317.0,3017.0,1783.0,2011.0,2999.0,2697.0,1317.0,1315.0,581.0,596.0,1446.0,1795.0,853.0,848.0,2231.0,1689.0,1856.0,1668.0,4913.0,3661.0,1078.0,1248.0,4639.0,5778.0,3927.0,4690.0,515.0,636.0,5662.0,5255.0,7095.0,7141.0,6522.0,5597.0,3854.0,4190.0,4786.0,4710.0,537.0,650.0,567.0,400.0
NDARXV294YRJ,2.728,2.921,2.256,2.614,2.951,3.005,2.116,2.049,3.781,3.891,2.939,3.027,3.081,3.076,2.795,2.803,3.04,2.99,3.222,3.269,2.504,2.37,2.534,2.491,2.738,2.813,2.169,2.196,2.27,2.033,3.071,3.154,2.81,2.823,3.011,2.995,2.939,2.949,2.973,3.041,2.776,2.803,2.086,1.941,2.353,2.404,2.551,2.491,2.883,2.936,2.634,2.684,2.92,2.957,2.612,2.585,2.992,2.967,2.497,2.527,3.137,3.145,2.86,2.905,4.117,4.374,2.7,2.776,1817.0,1117.0,694.0,869.0,2520.0,2361.0,1569.0,1806.0,570.0,514.0,388.0,338.0,4161.0,3583.0,5803.0,7801.0,3701.0,4557.0,3010.0,2718.0,1332.0,1011.0,4295.0,5110.0,3435.0,3344.0,3410.0,3259.0,2167.0,2391.0,4052.0,4197.0,1445.0,1715.0,690.0,731.0,1721.0,1948.0,964.0,1134.0,2018.0,1722.0,1863.0,1672.0,4367.0,3883.0,1687.0,1563.0,5030.0,5190.0,4911.0,5185.0,752.0,913.0,8015.0,7697.0,8043.0,8585.0,6432.0,6310.0,4640.0,5122.0,5656.0,4301.0,469.0,477.0,578.0,439.0
NDARXV445NYZ,3.087,3.079,2.662,2.652,2.881,3.178,2.11,2.474,3.064,3.043,2.336,2.455,2.999,2.961,2.93,2.946,2.896,2.898,3.374,3.016,2.68,2.637,2.476,2.551,2.978,2.854,2.475,2.598,2.58,2.376,3.183,3.233,2.986,2.946,2.867,2.878,3.053,3.076,2.958,2.892,2.907,2.876,2.209,2.363,2.438,2.471,2.88,3.043,2.868,2.848,2.882,3.057,2.757,3.257,2.682,2.693,3.076,2.994,2.719,2.693,3.054,3.168,2.96,3.048,2.807,2.615,3.331,2.744,1306.0,837.0,481.0,681.0,1629.0,1426.0,1364.0,1481.0,438.0,421.0,548.0,419.0,2820.0,3132.0,5419.0,6234.0,2699.0,3061.0,2093.0,2449.0,1173.0,869.0,5411.0,5264.0,2266.0,2181.0,3819.0,3482.0,1881.0,1931.0,3612.0,3118.0,1742.0,1762.0,707.0,659.0,1464.0,1618.0,878.0,995.0,1802.0,1648.0,1990.0,1682.0,4538.0,4564.0,1263.0,1146.0,4561.0,5287.0,5020.0,4853.0,321.0,605.0,6928.0,6061.0,8826.0,7435.0,5471.0,5679.0,3565.0,3820.0,4448.0,3927.0,681.0,529.0,463.0,340.0
NDARXV702MYC,3.046,2.932,2.004,3.022,3.087,3.06,2.304,2.369,3.538,3.492,3.162,2.877,3.046,3.078,2.949,2.924,3.248,3.012,3.11,3.377,2.425,2.473,2.472,2.541,3.094,3.183,2.413,2.267,2.815,2.736,3.09,3.159,3.039,2.95,3.217,3.564,3.164,3.122,3.315,3.146,3.03,2.948,2.352,2.172,2.434,2.414,2.79,2.628,3.072,3.019,2.748,2.783,3.005,3.524,3.009,2.892,3.287,3.282,2.519,2.592,3.424,3.074,2.8,2.972,3.533,3.945,2.887,2.968,911.0,798.0,405.0,753.0,1998.0,2105.0,1584.0,1426.0,664.0,634.0,328.0,453.0,3202.0,3496.0,4171.0,6137.0,3494.0,3192.0,2697.0,2113.0,865.0,872.0,4583.0,4951.0,2562.0,2592.0,3008.0,3364.0,2022.0,1988.0,3205.0,2326.0,1372.0,1738.0,501.0,572.0,986.0,1204.0,681.0,843.0,1301.0,1193.0,2142.0,1856.0,4018.0,4106.0,1104.0,1080.0,4689.0,4899.0,4156.0,3624.0,701.0,418.0,5224.0,4737.0,7093.0,6014.0,5262.0,5682.0,3228.0,3471.0,4665.0,4150.0,797.0,534.0,497.0,315.0
NDARXW330ZJT,2.764,2.821,2.43,2.46,2.976,2.952,2.41,2.382,3.507,3.899,3.398,3.013,3.123,3.107,3.061,2.951,3.148,3.226,3.505,3.221,2.503,2.775,2.627,2.583,3.228,3.179,2.373,2.437,2.744,2.998,3.452,3.335,3.179,2.884,2.986,3.132,3.109,2.988,3.279,3.078,2.937,3.151,2.15,2.109,2.729,2.805,2.602,2.785,2.966,3.054,3.05,2.92,3.388,2.992,2.901,2.864,3.281,3.324,2.899,2.791,3.425,3.237,2.972,3.038,3.617,4.1,3.351,3.355,1224.0,1247.0,740.0,742.0,3271.0,3062.0,1575.0,1717.0,521.0,361.0,348.0,268.0,3993.0,3836.0,5683.0,6915.0,4378.0,3961.0,2577.0,3135.0,1064.0,1201.0,6013.0,6499.0,3207.0,2936.0,3706.0,3681.0,2292.0,2263.0,4557.0,4166.0,1644.0,1804.0,563.0,743.0,1785.0,1577.0,860.0,1262.0,2329.0,2195.0,1779.0,1606.0,4756.0,4757.0,1287.0,1281.0,5864.0,6401.0,4718.0,5117.0,648.0,961.0,6966.0,7144.0,8304.0,7845.0,6118.0,6138.0,4538.0,4761.0,6054.0,3926.0,448.0,431.0,464.0,339.0
NDARXX895FNJ,2.949,3.11,2.943,2.374,3.059,3.151,2.351,2.403,3.387,3.394,2.715,3.507,3.085,3.103,2.878,2.972,2.893,2.917,3.33,3.293,2.582,2.596,2.398,2.556,3.144,3.018,2.362,2.422,2.963,2.811,3.143,3.083,3.234,2.939,3.027,3.254,3.077,3.079,3.291,3.168,3.024,3.004,2.213,2.187,2.453,2.41,2.748,2.912,3.014,3.094,2.964,2.879,2.952,3.263,2.813,2.843,3.322,3.346,2.587,2.486,3.185,3.199,2.92,3.046,3.729,3.778,3.2,3.155,846.0,703.0,543.0,505.0,1984.0,1916.0,1471.0,1490.0,350.0,240.0,355.0,256.0,2932.0,3201.0,4098.0,4940.0,2757.0,3135.0,2166.0,2254.0,947.0,818.0,4951.0,5149.0,2322.0,2097.0,3350.0,3253.0,1494.0,1586.0,3208.0,2773.0,1165.0,1168.0,551.0,559.0,1404.0,1554.0,660.0,844.0,1809.0,1293.0,1976.0,1430.0,3270.0,3393.0,900.0,1118.0,4271.0,4209.0,3131.0,3628.0,460.0,511.0,5260.0,5088.0,6191.0,5754.0,4875.0,4512.0,3629.0,3309.0,4152.0,2833.0,524.0,485.0,346.0,321.0
NDARXY337ZH9,2.674,2.66,2.372,2.369,2.6,2.614,1.823,1.985,3.371,3.353,2.698,2.57,2.601,2.744,2.438,2.473,2.764,2.783,3.031,3.051,2.07,2.178,2.273,2.248,2.665,2.509,2.004,2.089,2.556,2.381,2.933,2.904,2.556,2.495,2.527,2.673,2.744,2.691,2.806,2.569,2.594,2.56,1.787,1.663,2.196,2.264,2.316,2.336,2.719,2.664,2.5,2.375,2.987,3.035,2.399,2.487,2.753,2.697,2.316,2.297,3.024,2.965,2.688,2.637,3.789,3.565,2.765,2.785,1056.0,1094.0,613.0,784.0,2340.0,2175.0,1538.0,1331.0,431.0,365.0,285.0,215.0,3243.0,2737.0,5076.0,5649.0,4083.0,4237.0,2596.0,2500.0,1127.0,1211.0,4886.0,4881.0,2892.0,2767.0,2679.0,3580.0,2153.0,1817.0,4381.0,4097.0,1334.0,1508.0,838.0,753.0,1298.0,1595.0,645.0,787.0,1487.0,1263.0,1269.0,1501.0,4093.0,4030.0,1294.0,1546.0,4885.0,4744.0,4355.0,4625.0,678.0,579.0,6494.0,6448.0,8049.0,8195.0,5767.0,6089.0,3859.0,3922.0,4584.0,4808.0,474.0,473.0,379.0,317.0
NDARXY938XY7,2.688,2.986,2.64,2.346,2.857,2.693,2.06,2.097,2.651,2.623,2.34,2.116,2.58,2.641,2.656,2.679,2.595,2.548,3.004,3.137,2.602,2.379,2.386,2.341,2.605,2.394,2.339,2.252,2.605,2.554,2.927,2.903,2.725,2.559,2.821,2.552,3.023,2.914,2.273,2.613,2.794,2.677,1.875,1.885,2.278,2.61,2.573,2.598,2.302,2.784,2.618,2.55,2.465,2.807,2.575,2.523,2.95,2.76,2.439,2.469,2.901,2.783,2.78,2.748,2.787,2.803,2.843,2.747,1546.0,1188.0,661.0,997.0,1789.0,1745.0,1683.0,1876.0,390.0,563.0,608.0,622.0,3816.0,3351.0,5819.0,5798.0,3366.0,2927.0,2801.0,2596.0,788.0,653.0,5699.0,5146.0,2427.0,2550.0,4115.0,4125.0,1843.0,2469.0,3803.0,3848.0,1633.0,1614.0,544.0,684.0,1722.0,1750.0,781.0,887.0,2485.0,1618.0,1943.0,1748.0,4357.0,3740.0,1091.0,1175.0,4826.0,5349.0,4047.0,4081.0,531.0,828.0,8802.0,4999.0,7941.0,10215.0,4132.0,5429.0,3893.0,4761.0,5347.0,3616.0,799.0,742.0,606.0,468.0
NDARXZ685TU4,2.777,2.76,2.811,2.301,3.133,2.944,2.589,2.42,3.078,3.26,3.123,3.121,3.012,3.08,2.896,2.866,2.953,2.913,3.335,3.304,2.534,2.671,2.452,2.424,3.228,3.037,2.331,2.468,3.028,2.755,3.08,2.764,3.137,3.087,3.098,3.298,3.153,3.169,3.003,3.294,3.112,3.079,2.255,2.176,2.593,2.655,2.599,2.606,3.135,3.073,2.765,2.858,2.699,3.146,2.986,2.958,3.231,3.277,2.858,2.834,3.075,3.155,3.008,2.973,3.33,3.32,3.076,3.015,1131.0,769.0,563.0,643.0,2461.0,2015.0,2114.0,1907.0,541.0,521.0,529.0,550.0,3698.0,3280.0,3896.0,5092.0,4211.0,3514.0,2930.0,2751.0,1263.0,980.0,6387.0,5447.0,2837.0,2866.0,3261.0,3185.0,2156.0,2291.0,3915.0,2744.0,1297.0,1499.0,506.0,653.0,1458.0,1863.0,890.0,974.0,2493.0,1823.0,1808.0,1635.0,4309.0,4491.0,1166.0,1355.0,4861.0,5396.0,4421.0,5045.0,701.0,401.0,6997.0,6648.0,8128.0,7535.0,6299.0,5816.0,4070.0,5268.0,5527.0,4223.0,828.0,662.0,688.0,440.0
NDARXZ850KHQ,3.019,3.098,2.827,2.574,3.086,3.06,2.642,2.418,3.836,3.616,3.289,3.821,3.136,3.082,2.95,2.71,3.189,3.001,3.503,3.526,2.652,2.633,2.431,2.427,3.158,3.203,2.535,2.646,3.114,2.97,3.338,3.274,3.12,3.119,3.192,2.956,3.129,3.148,3.155,3.263,3.285,3.245,2.175,2.473,2.381,2.341,2.791,2.766,2.7,2.811,2.986,2.921,2.989,3.519,3.134,3.093,3.359,3.365,2.553,2.7,3.086,3.191,2.817,2.639,4.036,3.935,2.997,3.008,911.0,914.0,717.0,770.0,2202.0,2095.0,1440.0,1768.0,290.0,322.0,323.0,267.0,3578.0,2976.0,4615.0,5353.0,3128.0,3546.0,2704.0,2728.0,1122.0,875.0,5295.0,6325.0,2941.0,2820.0,3158.0,2796.0,1737.0,2063.0,3712.0,3435.0,1322.0,1649.0,592.0,516.0,1990.0,2222.0,699.0,796.0,1968.0,1783.0,1405.0,1148.0,4030.0,3546.0,1575.0,1466.0,5198.0,4919.0,4372.0,4499.0,774.0,1052.0,6035.0,6634.0,7759.0,8215.0,5890.0,5619.0,4024.0,4469.0,4311.0,3225.0,461.0,420.0,539.0,346.0
NDARYA030ZG7,2.578,2.953,3.058,2.732,3.214,3.238,2.529,2.704,3.453,3.733,3.755,3.573,3.1,3.193,2.908,2.932,3.177,3.185,3.351,3.466,2.538,2.799,2.554,2.686,3.295,3.382,2.511,2.513,2.884,3.144,3.25,3.168,3.061,3.036,3.137,3.254,3.3,3.189,3.153,3.09,2.992,2.745,2.316,2.377,2.69,2.654,2.755,2.885,3.197,3.18,2.857,2.92,3.748,3.439,2.994,2.884,3.466,3.397,2.666,2.698,3.411,3.426,3.017,3.019,4.16,4.291,3.335,3.341,1180.0,1137.0,776.0,552.0,2744.0,2586.0,1406.0,1210.0,511.0,499.0,282.0,221.0,3403.0,4099.0,5504.0,6735.0,3799.0,4074.0,2740.0,2444.0,1098.0,895.0,5826.0,6575.0,2635.0,2492.0,3067.0,3145.0,1535.0,1788.0,4216.0,4117.0,1441.0,1561.0,680.0,772.0,1246.0,1431.0,850.0,972.0,1529.0,1290.0,1604.0,1207.0,4092.0,4161.0,1436.0,1374.0,5033.0,4942.0,4430.0,4060.0,639.0,1010.0,6855.0,6436.0,7308.0,7606.0,5484.0,5995.0,3823.0,4089.0,4043.0,3866.0,500.0,424.0,445.0,332.0
NDARYA556KP8,2.734,2.716,2.98,2.773,2.997,2.995,2.052,1.975,2.285,2.802,2.394,2.563,2.881,2.796,2.605,2.644,2.759,2.58,3.126,3.034,2.638,2.315,2.248,2.321,2.884,2.605,2.155,2.127,2.409,2.549,2.837,2.761,2.759,2.693,2.779,2.801,2.972,3.053,2.643,2.888,2.779,2.728,2.039,1.778,2.309,2.316,2.616,2.905,2.874,2.974,2.604,2.627,2.765,3.329,2.464,2.559,3.139,2.976,2.429,2.389,3.067,2.927,2.57,2.457,3.249,3.207,2.714,2.797,1264.0,1132.0,651.0,698.0,1964.0,1943.0,1386.0,1497.0,368.0,351.0,399.0,443.0,2829.0,2559.0,5024.0,5695.0,2598.0,3013.0,2236.0,1996.0,685.0,886.0,4978.0,4725.0,2451.0,2697.0,3305.0,3006.0,2070.0,1732.0,3621.0,3332.0,1555.0,1420.0,669.0,670.0,1060.0,1229.0,673.0,737.0,1105.0,964.0,1320.0,1295.0,3602.0,3960.0,1258.0,956.0,4035.0,4288.0,3773.0,4042.0,595.0,469.0,6345.0,5257.0,7195.0,7685.0,4915.0,4731.0,3583.0,3778.0,4179.0,3961.0,585.0,518.0,436.0,317.0
NDARYA898BRE,3.037,3.0,2.972,2.589,3.191,2.943,2.637,2.606,2.706,2.916,3.04,3.394,3.1,3.038,3.13,3.275,3.158,3.021,3.497,3.596,2.723,2.697,2.591,2.82,3.243,3.3,2.783,2.716,3.12,3.103,3.32,2.866,3.07,2.773,3.27,3.586,3.226,3.176,2.559,2.957,3.097,3.013,2.493,2.469,2.702,3.075,2.769,2.71,2.523,3.046,3.103,3.032,3.636,3.274,3.055,2.938,3.453,3.304,2.868,2.785,3.295,3.11,3.065,3.1,3.081,4.034,2.926,3.146,1024.0,1027.0,686.0,575.0,2980.0,2484.0,1852.0,1966.0,569.0,607.0,335.0,238.0,3285.0,3826.0,5890.0,5270.0,4271.0,4191.0,1967.0,2034.0,1373.0,1175.0,6432.0,7810.0,2391.0,2537.0,3086.0,3346.0,1853.0,1695.0,4429.0,4210.0,1426.0,1502.0,671.0,762.0,1491.0,1564.0,547.0,1020.0,2399.0,959.0,2083.0,2037.0,5118.0,3607.0,1247.0,1353.0,4935.0,6527.0,4318.0,4048.0,613.0,826.0,9784.0,6233.0,8214.0,10596.0,3848.0,5632.0,4112.0,4756.0,4768.0,3069.0,426.0,547.0,547.0,408.0
NDARYA955CY1,2.87,2.923,2.314,2.514,3.112,3.229,2.625,2.479,3.723,3.767,3.228,3.631,3.152,3.153,2.997,3.082,3.204,3.282,3.422,3.534,2.831,2.708,2.593,2.651,3.276,3.067,2.454,2.55,2.698,2.932,3.268,3.139,3.211,3.163,3.425,3.43,3.116,3.027,3.333,3.375,3.183,2.962,2.289,2.377,2.747,2.737,2.735,2.738,3.11,3.187,3.053,3.047,2.886,2.742,2.934,3.032,3.507,3.416,2.852,2.818,3.447,3.394,3.027,3.234,4.415,4.434,2.922,3.194,1115.0,1064.0,643.0,882.0,2096.0,2139.0,1406.0,1696.0,556.0,454.0,340.0,241.0,3633.0,3359.0,5575.0,6736.0,3503.0,3491.0,2782.0,2507.0,944.0,991.0,6214.0,5806.0,2545.0,2309.0,3772.0,3587.0,1404.0,1516.0,3747.0,4085.0,1523.0,1429.0,644.0,651.0,1229.0,1560.0,764.0,851.0,1385.0,1362.0,1751.0,1622.0,4229.0,4513.0,1326.0,1303.0,5285.0,4843.0,3776.0,4110.0,553.0,885.0,6275.0,6815.0,7734.0,7980.0,5330.0,5538.0,3733.0,4084.0,4745.0,4047.0,511.0,433.0,475.0,393.0
NDARYB392JWP,2.805,2.802,2.203,2.36,2.981,2.979,2.378,2.406,3.714,3.526,2.133,1.706,3.062,3.07,2.931,2.898,2.961,2.886,3.272,3.188,2.42,2.507,2.477,2.575,2.418,2.333,2.557,2.565,2.15,2.104,2.963,3.043,3.1,2.904,3.121,3.459,2.748,2.775,2.666,2.56,2.611,2.56,2.086,2.188,2.645,2.642,2.715,2.828,2.969,3.048,2.87,2.711,2.795,2.199,2.077,2.083,2.721,2.582,2.718,2.726,3.086,3.146,2.962,2.933,3.475,3.655,3.171,2.857,953.0,691.0,502.0,536.0,2335.0,2320.0,1417.0,1496.0,347.0,265.0,387.0,247.0,2400.0,2457.0,4091.0,5111.0,2909.0,3158.0,2620.0,2202.0,940.0,715.0,4724.0,5418.0,2777.0,2832.0,2992.0,3095.0,1497.0,2012.0,2977.0,2791.0,1445.0,1769.0,561.0,540.0,1607.0,1683.0,613.0,824.0,1655.0,1623.0,1385.0,1208.0,4055.0,3738.0,1037.0,1291.0,4098.0,4444.0,4122.0,3713.0,504.0,851.0,5070.0,5288.0,6569.0,6495.0,4836.0,5269.0,3513.0,3719.0,4308.0,3582.0,505.0,548.0,438.0,394.0
NDARYB563VRT,2.575,2.517,2.352,2.153,2.631,2.681,1.798,1.924,3.08,2.918,2.721,3.028,2.597,2.59,2.425,2.456,2.751,2.653,2.923,2.986,2.305,2.628,2.047,2.168,2.614,2.581,1.95,1.953,2.381,2.535,2.925,2.877,2.293,2.383,2.712,2.713,2.59,2.642,2.606,2.759,2.511,2.383,1.779,1.599,2.12,2.16,2.315,2.402,2.592,2.57,2.238,2.252,2.773,2.98,2.454,2.482,2.796,2.718,2.147,2.134,2.879,2.83,2.509,2.547,3.627,3.559,2.279,2.286,1103.0,912.0,620.0,641.0,2070.0,2060.0,1548.0,1777.0,334.0,288.0,290.0,214.0,3134.0,3411.0,4824.0,5654.0,2956.0,3143.0,2151.0,2081.0,1069.0,873.0,5239.0,5243.0,2770.0,2492.0,3332.0,2951.0,2056.0,1849.0,3731.0,3248.0,1402.0,1424.0,645.0,704.0,1614.0,1538.0,728.0,768.0,1625.0,1438.0,1585.0,1490.0,3648.0,3726.0,1009.0,1106.0,4550.0,4763.0,4144.0,4617.0,538.0,840.0,6865.0,5988.0,6400.0,6356.0,5246.0,5452.0,3741.0,4229.0,3874.0,3636.0,418.0,433.0,480.0,374.0
NDARYC287UFV,2.951,3.062,2.832,2.436,3.076,3.083,2.46,2.584,3.352,3.519,3.632,3.268,3.118,2.896,2.842,2.997,3.27,3.046,3.286,3.367,2.41,2.69,2.646,2.688,3.075,3.25,2.44,2.51,2.657,3.01,3.514,3.128,3.034,3.032,3.016,3.365,2.827,2.898,3.101,3.201,2.937,2.849,2.228,2.367,2.515,2.488,2.67,2.64,2.977,2.922,2.839,2.85,3.281,3.066,2.857,2.857,3.336,3.211,2.775,2.597,3.257,2.99,2.744,2.908,3.136,4.091,2.913,3.004,997.0,916.0,591.0,916.0,2411.0,2264.0,1627.0,1846.0,536.0,423.0,304.0,256.0,3731.0,3499.0,5543.0,5804.0,3349.0,4047.0,2414.0,2345.0,951.0,901.0,5472.0,5141.0,2771.0,2656.0,3197.0,2841.0,1620.0,2082.0,3378.0,3424.0,1431.0,1494.0,601.0,596.0,1476.0,1603.0,785.0,974.0,1766.0,1490.0,1695.0,1483.0,4448.0,4033.0,1337.0,1181.0,4750.0,5033.0,3910.0,4323.0,537.0,901.0,6588.0,6586.0,7259.0,7286.0,6048.0,6312.0,3942.0,3684.0,4049.0,3668.0,430.0,445.0,413.0,340.0
NDARYD195BDH,2.931,3.362,2.801,2.962,3.134,3.166,2.072,2.269,3.337,3.189,2.905,3.099,3.059,2.895,2.591,2.911,2.927,2.959,3.612,3.41,2.513,2.6,2.168,2.301,3.101,2.959,2.469,2.177,2.91,2.874,3.5,3.312,3.174,3.187,3.368,3.308,3.286,3.239,3.247,3.089,3.238,2.995,2.106,2.142,2.583,2.699,3.119,2.709,2.987,2.924,2.598,2.984,3.196,3.58,2.899,2.867,3.153,3.171,2.732,2.62,3.379,3.342,2.938,3.051,3.461,3.367,3.207,3.319,977.0,968.0,456.0,640.0,1774.0,2018.0,1592.0,1463.0,399.0,412.0,567.0,412.0,3497.0,3005.0,3900.0,5445.0,2916.0,3003.0,2473.0,2307.0,1067.0,929.0,4790.0,5120.0,2530.0,2570.0,3455.0,3315.0,2034.0,1967.0,2852.0,3165.0,1354.0,1465.0,480.0,541.0,1290.0,1808.0,740.0,789.0,1578.0,1386.0,1784.0,1531.0,4004.0,4091.0,1161.0,1036.0,4577.0,4585.0,4492.0,4150.0,456.0,455.0,5809.0,5381.0,8775.0,6758.0,4654.0,5726.0,3536.0,4347.0,4811.0,4440.0,740.0,644.0,538.0,415.0
NDARYD585PXP,3.144,3.118,2.558,2.726,3.192,3.393,2.405,2.298,3.447,3.986,3.356,3.436,3.168,3.151,3.062,3.024,3.34,3.426,3.41,3.518,2.552,2.569,2.604,2.669,3.137,3.258,2.478,2.493,2.889,2.933,3.431,3.186,2.963,2.831,3.167,3.44,3.353,3.273,3.751,3.195,3.045,3.149,2.25,2.361,2.617,2.702,2.908,2.771,3.115,3.114,2.868,2.856,2.998,3.076,2.834,2.84,3.352,3.26,2.616,2.722,3.318,3.393,3.203,3.055,3.935,4.153,3.185,3.116,1038.0,1109.0,788.0,1007.0,2872.0,2885.0,1669.0,1950.0,499.0,343.0,312.0,239.0,3214.0,3742.0,4796.0,6124.0,3035.0,3173.0,2264.0,1962.0,1243.0,999.0,4923.0,5163.0,2720.0,2354.0,3541.0,3073.0,1949.0,2133.0,3476.0,3023.0,1505.0,1698.0,580.0,783.0,1546.0,1847.0,787.0,1012.0,1342.0,1405.0,2128.0,1741.0,4447.0,4352.0,1346.0,1393.0,5898.0,5775.0,4346.0,4347.0,778.0,816.0,6765.0,6746.0,7980.0,8059.0,5784.0,6544.0,4329.0,4441.0,4022.0,3308.0,431.0,372.0,483.0,375.0
NDARYE017HZA,2.792,3.013,2.75,2.532,3.138,3.186,2.563,2.44,3.346,3.347,2.991,2.929,3.254,3.045,2.963,3.038,2.968,2.961,3.583,3.441,2.651,2.758,2.553,2.633,3.098,3.019,2.614,2.61,2.85,2.979,3.115,2.84,3.079,3.083,2.85,3.142,3.111,3.199,3.046,3.069,2.922,3.075,2.327,2.137,2.597,2.743,3.113,2.889,2.99,2.944,2.954,3.096,2.825,3.222,2.85,2.966,3.259,3.173,2.85,2.64,3.335,2.943,3.063,3.092,3.603,3.501,2.951,2.758,1060.0,851.0,417.0,476.0,1858.0,1915.0,1362.0,1449.0,488.0,349.0,529.0,403.0,2884.0,2936.0,4418.0,5022.0,3260.0,3434.0,2099.0,1990.0,795.0,585.0,4918.0,4793.0,2253.0,2335.0,2782.0,2646.0,1943.0,1690.0,3316.0,3149.0,1282.0,1567.0,559.0,520.0,1565.0,1666.0,632.0,846.0,1466.0,1461.0,1399.0,1256.0,4750.0,4074.0,991.0,1030.0,4534.0,4810.0,3499.0,3333.0,475.0,537.0,4705.0,4064.0,6984.0,6766.0,5417.0,5239.0,3485.0,4273.0,3609.0,3456.0,602.0,573.0,529.0,479.0
NDARYE221LZB,2.469,2.769,2.645,2.381,3.132,3.13,2.543,2.383,3.846,4.072,3.0,2.896,3.054,3.096,2.86,2.935,3.077,2.948,3.259,3.416,2.548,2.401,2.465,2.457,3.074,3.025,2.363,2.457,2.544,2.477,3.24,3.1,2.994,2.754,2.725,2.795,3.081,2.889,3.139,2.973,2.697,2.761,2.157,2.231,2.446,2.466,2.75,2.843,3.054,3.007,2.777,2.744,2.912,2.976,2.669,2.682,3.209,3.178,2.628,2.644,3.052,2.895,2.831,2.929,3.861,3.82,2.952,2.782,1066.0,976.0,702.0,967.0,2532.0,2488.0,1292.0,1616.0,417.0,381.0,368.0,291.0,2971.0,3366.0,5667.0,6827.0,3780.0,3865.0,2865.0,2598.0,1185.0,1046.0,5411.0,4758.0,2929.0,2798.0,3275.0,3017.0,1656.0,2270.0,4081.0,4256.0,1488.0,1639.0,644.0,706.0,1596.0,2259.0,775.0,1056.0,1849.0,1665.0,1481.0,1402.0,4892.0,4626.0,1450.0,1354.0,6312.0,5770.0,4243.0,4143.0,698.0,1006.0,7266.0,7155.0,8937.0,8399.0,6279.0,6733.0,4079.0,4243.0,4325.0,3881.0,426.0,449.0,431.0,516.0
NDARYE379GGT,2.866,2.582,2.801,2.601,2.823,2.773,2.088,2.227,2.574,2.688,2.266,2.874,2.792,2.683,2.684,2.628,2.616,2.771,2.941,3.233,2.364,2.354,2.266,2.287,2.896,2.617,2.261,2.342,2.499,2.567,2.994,3.123,2.693,2.791,3.027,2.823,2.91,2.907,2.861,2.826,2.723,2.798,1.977,2.024,2.33,2.341,2.591,2.849,2.729,2.78,2.626,2.699,2.894,3.045,2.525,2.677,2.972,2.834,2.483,2.433,2.941,3.057,2.775,2.786,2.917,3.021,2.561,2.658,1397.0,963.0,617.0,877.0,1746.0,1492.0,1349.0,1599.0,564.0,531.0,516.0,266.0,3067.0,3150.0,5041.0,6595.0,3336.0,3050.0,2536.0,1984.0,928.0,778.0,4867.0,5318.0,2337.0,2608.0,2926.0,2756.0,1672.0,1817.0,3589.0,3463.0,1359.0,1779.0,590.0,664.0,1080.0,1634.0,594.0,673.0,1147.0,1076.0,1661.0,1293.0,4203.0,4224.0,1397.0,991.0,4533.0,4336.0,4597.0,4008.0,643.0,852.0,5646.0,5054.0,7058.0,6796.0,5807.0,5575.0,3939.0,4031.0,4709.0,3823.0,473.0,567.0,526.0,389.0
NDARYE850ZVD,2.497,2.737,2.674,2.411,2.932,3.001,2.52,2.412,3.872,4.028,2.713,2.909,3.111,3.105,2.849,2.82,3.05,3.228,3.241,3.455,2.582,2.485,2.577,2.61,2.931,2.974,2.602,2.658,2.552,2.773,3.136,3.212,2.918,2.695,2.89,2.769,2.995,2.903,2.944,2.978,2.795,2.595,2.241,2.441,2.41,2.476,2.822,2.652,3.047,3.059,2.804,2.793,3.068,3.24,2.722,2.451,3.028,3.219,2.623,2.665,2.989,2.948,2.841,2.943,3.861,4.355,2.889,2.939,884.0,863.0,628.0,740.0,2070.0,1654.0,1270.0,1391.0,330.0,325.0,277.0,232.0,3194.0,2837.0,4062.0,5288.0,3037.0,2966.0,2893.0,2391.0,1038.0,1025.0,3907.0,4297.0,2497.0,2504.0,2829.0,2791.0,1468.0,1673.0,3251.0,2942.0,1306.0,1484.0,696.0,668.0,1392.0,1501.0,680.0,827.0,1357.0,1179.0,1404.0,1368.0,3945.0,4091.0,1286.0,1458.0,4613.0,4408.0,3470.0,3633.0,695.0,836.0,6709.0,5875.0,7222.0,6577.0,4923.0,4836.0,3618.0,4193.0,5072.0,3556.0,447.0,472.0,446.0,328.0
NDARYF338WW1,3.044,2.606,2.854,2.807,3.036,2.928,2.21,2.387,3.058,3.469,2.414,2.8,3.042,3.139,2.774,2.761,2.74,2.814,3.28,3.11,2.624,2.443,2.477,2.266,2.94,2.965,2.489,2.446,2.442,2.728,2.611,2.962,3.034,3.291,3.258,3.382,3.141,2.936,2.953,3.253,2.897,2.925,2.367,2.296,2.476,2.388,2.904,2.746,2.898,2.783,2.875,2.951,2.625,2.797,2.872,2.787,3.094,3.162,2.408,2.349,3.064,3.176,2.856,2.907,3.213,3.14,3.167,2.977,927.0,722.0,563.0,723.0,1990.0,2076.0,1298.0,1214.0,445.0,438.0,535.0,325.0,3066.0,3431.0,4383.0,5482.0,3152.0,3849.0,2296.0,2202.0,889.0,798.0,5246.0,5459.0,2841.0,2830.0,2641.0,2905.0,1858.0,2043.0,3328.0,2747.0,1416.0,1829.0,573.0,617.0,1493.0,1927.0,739.0,946.0,1460.0,1812.0,1349.0,1367.0,4225.0,3881.0,1297.0,1189.0,4478.0,4242.0,3937.0,3904.0,559.0,713.0,5868.0,5529.0,7317.0,7225.0,5298.0,5652.0,3336.0,3558.0,3615.0,4118.0,575.0,586.0,472.0,513.0
NDARYF699FW0,2.882,2.839,2.538,2.868,3.016,3.108,2.48,2.304,3.589,3.866,3.36,2.974,3.003,3.004,2.913,2.906,3.12,2.97,3.35,3.499,2.424,2.594,2.407,2.509,3.066,2.892,2.398,2.592,2.745,2.961,3.262,3.182,2.94,2.87,2.974,3.013,3.009,3.07,3.132,3.246,2.866,2.979,2.269,2.353,2.598,2.621,2.67,2.589,3.074,3.039,2.86,2.771,3.162,3.394,2.813,2.821,3.212,3.233,2.647,2.695,3.27,3.124,3.017,3.047,4.041,4.429,2.99,2.997,1259.0,1093.0,774.0,1011.0,2424.0,2964.0,1860.0,1929.0,323.0,293.0,303.0,269.0,2856.0,3061.0,4923.0,5533.0,3100.0,3994.0,2604.0,2469.0,1013.0,935.0,5586.0,5432.0,3175.0,2928.0,3481.0,3139.0,1815.0,1786.0,3710.0,3997.0,1644.0,1514.0,592.0,565.0,1850.0,2010.0,797.0,850.0,1898.0,1784.0,1625.0,1477.0,4191.0,4251.0,1483.0,1354.0,5267.0,4840.0,3552.0,3930.0,646.0,644.0,7175.0,7972.0,8921.0,8625.0,5673.0,5313.0,4312.0,4316.0,3958.0,4154.0,331.0,364.0,464.0,386.0
NDARYG665JUD,2.759,3.285,2.599,2.599,3.072,3.071,2.263,2.257,3.038,3.555,3.085,2.94,3.005,2.937,2.964,2.803,3.026,2.984,3.422,3.319,2.558,2.759,2.464,2.36,2.913,2.909,2.376,2.255,2.407,2.895,3.217,3.199,2.83,2.884,2.911,3.131,3.055,2.928,2.947,2.91,2.716,2.743,2.102,2.136,2.439,2.434,2.789,2.642,3.088,3.083,2.597,2.75,2.873,3.0,2.595,2.642,3.257,3.292,2.489,2.577,3.168,3.191,2.858,2.873,3.54,3.78,2.851,3.098,1154.0,998.0,602.0,682.0,2349.0,1996.0,1615.0,1821.0,474.0,676.0,354.0,353.0,2990.0,3214.0,4491.0,6184.0,3305.0,2944.0,2425.0,2568.0,1136.0,951.0,5229.0,4711.0,2617.0,2249.0,3569.0,3438.0,1881.0,1813.0,3269.0,2947.0,1504.0,1675.0,699.0,604.0,1436.0,1374.0,871.0,973.0,2136.0,1375.0,2132.0,1497.0,4164.0,4347.0,1177.0,1364.0,4955.0,5453.0,4475.0,4122.0,549.0,756.0,5701.0,5686.0,7269.0,6569.0,5623.0,5391.0,3732.0,4182.0,4772.0,3915.0,502.0,446.0,490.0,368.0
NDARYG988PUQ,3.326,3.23,2.649,2.7,3.225,3.11,2.502,2.474,4.411,3.846,3.168,3.261,3.444,3.368,3.157,3.16,3.268,3.291,3.577,3.448,2.659,2.544,2.805,2.814,3.239,3.138,2.699,2.687,2.695,2.602,3.375,3.399,3.136,2.928,3.136,3.322,3.324,3.297,3.401,3.343,2.971,3.201,2.357,2.222,2.867,2.805,2.799,2.78,3.147,3.244,3.059,2.898,2.918,2.993,2.986,2.988,3.431,3.391,2.719,2.848,3.587,3.442,3.138,3.15,4.124,4.317,3.341,3.484,1306.0,1027.0,801.0,1099.0,2080.0,2439.0,1794.0,1647.0,423.0,404.0,346.0,251.0,4201.0,4090.0,5751.0,6072.0,4918.0,4954.0,2742.0,3111.0,1334.0,1139.0,6542.0,6317.0,3560.0,3417.0,4219.0,3802.0,2039.0,2212.0,4658.0,4642.0,1551.0,1739.0,872.0,824.0,1798.0,2352.0,838.0,1110.0,2033.0,2173.0,1702.0,1526.0,4549.0,4876.0,1612.0,1552.0,5371.0,5417.0,4851.0,4643.0,1023.0,1125.0,8347.0,7248.0,9733.0,8933.0,5791.0,5350.0,4511.0,4961.0,5525.0,4872.0,490.0,481.0,413.0,367.0
NDARYH110YV9,2.569,2.557,2.634,2.203,2.75,2.748,1.877,1.969,3.15,2.851,2.76,2.871,2.673,2.571,2.491,2.514,2.878,2.878,3.066,3.082,2.183,2.376,2.175,2.224,2.803,2.637,2.04,2.005,2.617,2.612,2.87,2.736,2.476,2.577,2.613,2.783,2.851,2.763,2.824,2.774,2.654,2.658,1.945,1.804,2.183,2.086,2.473,2.339,2.712,2.666,2.375,2.39,3.039,2.963,2.482,2.48,2.855,2.868,2.258,2.257,2.865,2.8,2.648,2.776,3.617,3.494,2.5,2.496,894.0,915.0,788.0,674.0,2973.0,2919.0,1620.0,1929.0,626.0,575.0,320.0,268.0,3774.0,4106.0,4837.0,4659.0,3611.0,4157.0,2403.0,2409.0,1176.0,1041.0,5286.0,5857.0,3219.0,3309.0,3602.0,3514.0,1950.0,2405.0,3888.0,3342.0,1462.0,1730.0,767.0,727.0,1500.0,2044.0,841.0,1048.0,2213.0,1486.0,2089.0,1791.0,3996.0,4655.0,1154.0,1687.0,5353.0,5008.0,4167.0,4498.0,698.0,863.0,7432.0,7013.0,8570.0,7507.0,5697.0,6187.0,4389.0,4362.0,4690.0,4739.0,568.0,481.0,521.0,461.0
NDARYH697TPA,3.108,3.155,2.486,2.843,3.105,3.119,2.313,2.487,3.574,3.792,3.327,3.102,3.195,2.962,2.968,3.042,3.254,3.22,3.31,3.521,2.61,2.658,2.526,2.544,3.187,3.1,2.401,2.51,2.965,3.02,3.222,3.163,2.886,2.894,2.882,3.245,3.197,3.074,3.278,3.418,2.792,2.954,2.094,2.277,2.593,2.542,2.867,2.733,2.965,3.084,2.813,2.816,3.656,3.251,2.889,2.922,3.24,3.331,2.696,2.79,3.181,3.357,3.024,3.14,3.797,4.451,2.97,2.719,1039.0,955.0,633.0,869.0,2811.0,2566.0,1532.0,1382.0,525.0,529.0,322.0,258.0,3571.0,3837.0,4480.0,5908.0,3732.0,3807.0,2889.0,2251.0,1171.0,847.0,5001.0,5682.0,3276.0,3424.0,3365.0,3040.0,1954.0,2149.0,3929.0,3083.0,1829.0,1912.0,634.0,726.0,1498.0,1475.0,884.0,1040.0,1532.0,1424.0,1873.0,1665.0,4463.0,4114.0,1374.0,1291.0,4910.0,5253.0,4898.0,4661.0,718.0,883.0,6688.0,6227.0,9211.0,8520.0,5684.0,5510.0,3933.0,4483.0,5117.0,4282.0,487.0,392.0,507.0,359.0
NDARYH996DA9,2.815,2.773,2.607,2.889,2.859,2.842,1.793,1.97,3.622,3.598,3.275,3.36,2.945,2.895,2.699,2.692,2.798,3.018,3.221,2.98,2.234,2.526,2.25,2.317,3.084,2.963,2.245,2.235,2.979,3.103,3.269,3.242,2.502,2.395,2.776,2.778,2.848,2.784,3.005,2.797,2.813,2.809,1.792,1.847,2.14,2.07,2.679,2.41,2.662,2.613,2.497,2.578,3.251,2.831,2.736,2.815,3.096,3.116,2.29,2.337,2.992,2.976,2.783,2.665,3.411,3.876,2.658,2.862,971.0,1015.0,457.0,447.0,2487.0,2339.0,1357.0,1488.0,643.0,418.0,288.0,242.0,3443.0,3728.0,4501.0,5021.0,2905.0,3034.0,2235.0,2597.0,1340.0,937.0,4623.0,4777.0,2421.0,2216.0,3307.0,3368.0,1585.0,1633.0,3671.0,2731.0,1258.0,1354.0,806.0,852.0,1729.0,1816.0,702.0,774.0,1679.0,1357.0,1682.0,1529.0,3781.0,3866.0,1098.0,1285.0,4260.0,4559.0,3842.0,4229.0,530.0,699.0,5942.0,5500.0,5973.0,5461.0,5100.0,5481.0,3442.0,3493.0,4359.0,3787.0,428.0,402.0,388.0,284.0
NDARYJ334EHH,2.685,2.827,2.808,2.615,2.802,2.743,2.304,2.358,2.598,3.013,2.45,2.479,2.883,2.832,2.821,2.722,2.926,2.797,3.341,3.183,2.554,2.416,2.285,2.413,2.902,2.913,2.453,2.452,2.443,2.841,2.945,3.017,2.927,2.887,2.675,2.545,2.769,2.945,2.659,2.732,2.782,2.89,2.132,2.019,2.19,2.187,2.611,2.86,2.768,2.732,2.83,2.828,3.057,2.699,2.519,2.549,2.84,2.855,2.475,2.58,3.014,2.925,2.831,2.704,2.98,3.232,2.902,3.194,1112.0,923.0,366.0,709.0,2361.0,1842.0,1584.0,1680.0,366.0,368.0,343.0,288.0,3109.0,3309.0,5078.0,6576.0,3360.0,3657.0,2246.0,2423.0,951.0,987.0,5358.0,5000.0,2340.0,2340.0,2735.0,2839.0,2062.0,1704.0,3638.0,3195.0,1266.0,1353.0,616.0,706.0,1275.0,1568.0,734.0,839.0,1775.0,1163.0,1739.0,1522.0,4058.0,3402.0,1311.0,1031.0,4206.0,4570.0,4171.0,4393.0,634.0,658.0,5939.0,5697.0,7136.0,5963.0,5895.0,5598.0,3745.0,3965.0,3866.0,3479.0,481.0,452.0,441.0,383.0
NDARYK042VMG,2.702,2.784,2.507,2.167,3.07,3.078,2.211,2.338,3.049,3.6,3.455,2.948,2.915,2.898,2.816,2.959,2.996,2.99,3.32,3.476,2.557,2.381,2.597,2.591,3.109,3.011,2.235,2.335,2.834,2.739,3.287,3.136,2.851,2.827,3.111,3.337,2.957,3.197,3.16,3.325,2.814,2.878,2.027,2.034,2.641,2.635,2.499,2.507,2.969,3.095,2.774,2.826,2.86,2.806,2.739,2.736,3.035,3.051,2.636,2.755,3.171,3.088,3.088,2.893,3.721,3.989,2.861,2.894,1326.0,1201.0,618.0,645.0,3028.0,2447.0,1252.0,1386.0,552.0,438.0,328.0,273.0,3417.0,3576.0,4629.0,7158.0,3579.0,3373.0,2732.0,2678.0,1010.0,886.0,4825.0,4807.0,3384.0,2960.0,3411.0,3005.0,1818.0,1802.0,4123.0,3399.0,1260.0,1636.0,783.0,744.0,2067.0,2056.0,1016.0,1101.0,2230.0,1790.0,1416.0,1222.0,4391.0,3902.0,1377.0,1364.0,5649.0,4894.0,3968.0,4054.0,885.0,773.0,6306.0,6343.0,9931.0,9340.0,5105.0,5327.0,4347.0,4839.0,5431.0,3503.0,466.0,439.0,492.0,388.0
NDARYL124VM6,3.173,3.385,2.774,2.538,2.861,3.207,2.612,2.196,2.926,3.208,2.954,2.993,3.231,2.83,2.885,2.927,3.123,3.02,3.381,3.781,2.497,2.313,2.228,2.562,3.58,2.997,2.692,2.677,3.547,3.229,3.2,3.228,3.047,3.351,3.002,2.864,3.16,3.244,3.211,3.232,3.191,3.309,2.28,2.275,2.492,2.682,2.868,3.082,2.927,2.803,2.979,3.072,3.056,3.273,2.764,3.18,3.283,2.958,2.8,2.635,2.928,3.168,2.945,3.184,3.994,3.343,2.962,2.761,1335.0,1005.0,483.0,612.0,2362.0,2170.0,1256.0,1697.0,373.0,423.0,553.0,617.0,2687.0,2872.0,5422.0,5594.0,3383.0,3342.0,2586.0,2091.0,963.0,930.0,5226.0,5157.0,1921.0,2198.0,2901.0,2591.0,1491.0,1810.0,3739.0,3014.0,1520.0,1739.0,508.0,706.0,1431.0,1890.0,595.0,742.0,1716.0,1309.0,1480.0,1125.0,5358.0,5305.0,1361.0,955.0,4962.0,6176.0,3630.0,3847.0,331.0,602.0,6646.0,5586.0,8471.0,8033.0,5439.0,5267.0,4858.0,4066.0,5196.0,4495.0,511.0,614.0,675.0,525.0
NDARYL438DCK,2.768,2.516,2.863,2.453,2.837,2.755,2.166,2.136,3.431,3.643,2.831,3.149,2.887,2.785,2.666,2.588,2.845,2.908,3.286,3.169,2.567,2.609,2.207,2.312,3.02,2.757,2.168,2.287,2.914,2.882,3.043,3.175,2.567,2.55,2.96,2.671,2.721,2.891,2.947,3.013,2.755,2.782,1.753,1.61,2.248,2.629,2.67,2.823,2.182,2.788,2.547,2.551,3.189,2.863,2.6,2.752,3.053,2.826,2.317,2.382,2.957,2.902,2.78,2.741,3.859,4.022,2.652,2.574,978.0,853.0,505.0,597.0,1616.0,2370.0,1791.0,2002.0,286.0,290.0,441.0,284.0,2461.0,2968.0,4618.0,5038.0,3177.0,3412.0,2270.0,2266.0,1394.0,740.0,5731.0,5752.0,2811.0,2831.0,3054.0,3150.0,1752.0,1982.0,3955.0,3317.0,1325.0,1977.0,517.0,635.0,1763.0,2014.0,785.0,1215.0,2270.0,1762.0,1689.0,1492.0,4212.0,3238.0,1107.0,1104.0,5223.0,4421.0,4403.0,3772.0,510.0,853.0,6552.0,6003.0,7403.0,9400.0,4889.0,6596.0,3595.0,3875.0,4807.0,2746.0,384.0,366.0,353.0,357.0
NDARYL758JGG,2.945,2.857,2.756,2.493,3.423,3.187,2.342,2.286,3.62,3.25,2.721,2.443,3.06,3.224,2.997,2.824,2.926,3.005,3.406,3.373,2.718,2.754,2.358,2.457,2.927,2.819,2.467,2.516,2.816,2.57,3.194,3.159,3.021,3.1,2.904,2.762,3.314,3.16,2.915,2.878,2.843,2.848,2.205,2.18,2.52,2.57,2.908,3.183,3.14,3.298,3.077,2.852,2.589,2.973,2.674,2.646,3.413,3.193,2.623,2.802,3.15,3.201,2.825,3.001,3.36,3.441,2.743,2.822,1222.0,1181.0,632.0,780.0,1852.0,2297.0,1547.0,1736.0,502.0,507.0,483.0,529.0,4249.0,3782.0,6111.0,7608.0,4058.0,3927.0,2956.0,3140.0,1047.0,1069.0,6232.0,5633.0,3231.0,2800.0,3393.0,3494.0,2091.0,2392.0,4082.0,3794.0,1703.0,1761.0,785.0,824.0,1543.0,2079.0,786.0,964.0,1952.0,1745.0,1543.0,1301.0,5499.0,5022.0,1481.0,1210.0,5159.0,5569.0,4340.0,5148.0,483.0,785.0,6406.0,6818.0,8148.0,7912.0,5629.0,5980.0,4225.0,4834.0,5271.0,4313.0,754.0,793.0,640.0,452.0
NDARYM257RR6,2.335,2.598,2.353,2.362,2.635,2.494,1.932,1.962,3.269,3.205,2.668,2.512,2.639,2.617,2.321,2.332,2.635,2.667,2.939,2.975,2.526,2.616,2.098,2.121,2.598,2.678,2.015,1.998,2.41,2.404,2.664,2.715,2.328,2.364,2.53,2.617,2.624,2.609,2.649,2.507,2.365,2.411,1.883,1.947,2.086,2.063,2.295,2.333,2.617,2.679,2.296,2.293,2.731,2.76,2.378,2.357,2.671,2.673,2.11,2.077,2.779,2.711,2.406,2.468,3.586,3.926,2.326,2.403,1013.0,821.0,867.0,707.0,2134.0,2059.0,1757.0,1844.0,448.0,329.0,395.0,305.0,3231.0,2881.0,4161.0,5044.0,3900.0,3554.0,2182.0,1990.0,855.0,755.0,6190.0,5583.0,2875.0,2580.0,3165.0,3041.0,1727.0,1933.0,3675.0,3383.0,1265.0,1447.0,618.0,662.0,1257.0,1664.0,715.0,869.0,1388.0,1133.0,2160.0,1966.0,4113.0,3638.0,1241.0,1291.0,4772.0,4671.0,3897.0,3891.0,546.0,937.0,6815.0,7091.0,7561.0,7778.0,4597.0,4154.0,3189.0,3565.0,4206.0,3384.0,406.0,378.0,380.0,283.0
NDARYM334BZ5,2.667,2.379,2.527,2.856,3.18,3.206,2.13,2.21,2.943,3.137,2.442,2.793,3.009,2.938,2.814,2.621,3.013,2.88,3.276,3.203,2.273,2.394,2.431,2.464,2.937,2.814,2.356,2.435,2.809,2.783,3.05,3.003,3.019,2.901,3.106,3.442,3.125,2.938,2.788,2.847,2.662,2.625,2.186,2.089,2.391,2.363,2.707,2.754,3.035,3.022,2.741,2.798,2.998,3.189,2.622,2.639,3.172,3.204,2.498,2.535,3.08,3.087,2.786,2.806,3.101,3.471,2.955,2.91,1064.0,781.0,565.0,610.0,2366.0,1966.0,1286.0,1235.0,515.0,446.0,550.0,493.0,3103.0,3203.0,4019.0,5350.0,3299.0,3260.0,2282.0,2043.0,1146.0,905.0,5123.0,5097.0,2712.0,2703.0,2618.0,2578.0,2144.0,2183.0,3576.0,3093.0,1483.0,1731.0,564.0,573.0,1091.0,1687.0,663.0,784.0,1298.0,1224.0,1355.0,1258.0,4133.0,3862.0,1255.0,1391.0,4822.0,4935.0,3998.0,4200.0,454.0,552.0,5693.0,5053.0,7783.0,7282.0,6374.0,6577.0,3788.0,4320.0,4557.0,4366.0,704.0,649.0,572.0,375.0
NDARYM586MYN,2.856,3.199,2.886,2.298,3.05,2.986,2.471,2.514,2.736,3.26,2.875,3.124,3.134,3.029,2.97,2.94,2.992,2.874,3.174,3.418,2.853,2.634,2.717,2.606,3.081,3.072,2.635,2.497,2.89,2.538,3.248,3.023,3.113,2.964,3.131,3.39,2.933,3.05,3.17,3.091,3.065,3.006,2.444,2.345,2.563,2.528,2.783,2.745,3.034,3.021,3.015,2.938,3.012,3.203,2.751,2.818,3.15,3.067,2.758,2.888,3.412,3.316,2.978,3.05,2.937,3.449,3.146,2.637,1455.0,1029.0,684.0,588.0,2922.0,2896.0,1916.0,1743.0,729.0,739.0,635.0,398.0,3633.0,3889.0,5306.0,7050.0,4570.0,4043.0,2913.0,2503.0,1051.0,865.0,5665.0,5873.0,3095.0,3134.0,3402.0,3092.0,2135.0,2424.0,4186.0,3795.0,1933.0,2145.0,584.0,526.0,1929.0,1836.0,880.0,1028.0,1960.0,1683.0,1590.0,1515.0,5066.0,5127.0,1120.0,1190.0,5727.0,5979.0,4782.0,4946.0,545.0,826.0,7460.0,7393.0,9634.0,9036.0,5885.0,5863.0,4276.0,4867.0,5306.0,4589.0,812.0,869.0,589.0,469.0
NDARYM832PX3,2.686,2.888,3.15,2.666,2.737,2.838,1.992,2.168,3.458,3.862,2.947,3.077,3.01,2.813,2.797,2.764,2.961,3.012,3.069,3.012,2.53,2.556,2.456,2.411,3.002,2.93,2.36,2.257,2.823,2.526,3.021,3.052,2.764,2.717,3.247,3.136,2.67,2.817,3.401,2.976,2.697,2.817,1.77,1.739,2.339,2.235,2.568,2.682,2.687,2.683,2.653,2.659,2.858,3.111,2.618,2.776,2.994,2.896,2.569,2.606,2.955,3.042,2.863,2.768,3.652,3.675,2.723,2.864,1000.0,781.0,452.0,672.0,2411.0,2160.0,1712.0,1588.0,473.0,419.0,315.0,212.0,2980.0,3089.0,4754.0,5501.0,3223.0,3622.0,2003.0,2184.0,1307.0,1120.0,5427.0,5876.0,2669.0,2293.0,3594.0,3823.0,1524.0,1872.0,3445.0,3400.0,1298.0,1481.0,664.0,705.0,1585.0,1625.0,644.0,798.0,1628.0,1241.0,1584.0,1518.0,4147.0,3415.0,1196.0,1039.0,4749.0,4182.0,3537.0,3836.0,594.0,691.0,5427.0,5547.0,6764.0,6963.0,5957.0,5909.0,3090.0,3461.0,3770.0,3525.0,398.0,436.0,380.0,305.0
NDARYN152YMW,3.023,2.972,2.975,2.925,3.224,3.077,2.35,2.181,3.921,3.893,3.258,3.338,3.04,3.006,3.031,2.965,3.039,2.979,3.254,3.174,2.584,2.414,2.512,2.517,3.159,3.075,2.334,2.448,2.846,2.867,3.177,3.235,2.996,2.968,3.161,3.295,3.132,3.195,3.088,3.107,3.096,3.117,2.342,2.275,2.685,2.676,2.708,2.818,3.034,3.196,2.956,2.709,3.362,3.462,2.855,3.006,3.374,3.231,2.709,2.743,3.254,3.196,3.116,3.045,3.728,4.093,3.058,2.966,1164.0,885.0,748.0,724.0,1751.0,2393.0,1727.0,1704.0,547.0,464.0,335.0,259.0,3585.0,3240.0,5768.0,5653.0,3709.0,4238.0,2621.0,2528.0,1231.0,1080.0,4545.0,5311.0,2917.0,2710.0,2996.0,3260.0,2029.0,2097.0,3900.0,3634.0,1290.0,1274.0,646.0,888.0,1646.0,2166.0,704.0,828.0,1920.0,1858.0,1497.0,1552.0,4456.0,4521.0,1368.0,1439.0,4578.0,4564.0,4803.0,5258.0,556.0,846.0,6002.0,5539.0,6128.0,6584.0,7620.0,6880.0,4047.0,3820.0,4708.0,3993.0,517.0,505.0,383.0,366.0
NDARYN174NPH,2.877,2.748,2.967,2.506,3.121,3.091,2.399,2.107,3.619,3.401,3.126,3.582,3.029,3.072,2.917,2.814,3.161,3.056,3.264,3.313,2.754,2.601,2.457,2.463,3.045,2.89,2.35,2.461,3.129,2.969,3.25,3.096,2.987,2.763,3.167,3.27,3.02,3.062,3.319,3.077,2.857,2.859,2.265,2.297,2.567,2.474,2.707,2.833,3.036,2.986,2.847,2.685,3.175,3.549,2.78,2.784,3.565,3.329,2.579,2.744,3.177,3.251,3.006,2.933,4.059,3.867,2.774,2.886,794.0,727.0,499.0,476.0,2084.0,1447.0,1215.0,1159.0,342.0,248.0,268.0,184.0,2062.0,2204.0,3147.0,3607.0,2199.0,2415.0,2141.0,2135.0,659.0,740.0,3624.0,2824.0,2493.0,2316.0,2427.0,2411.0,1172.0,1347.0,2744.0,2422.0,1126.0,1234.0,502.0,507.0,1042.0,1307.0,610.0,757.0,1467.0,1398.0,1415.0,1429.0,3120.0,2904.0,918.0,1007.0,3693.0,3741.0,2922.0,3405.0,388.0,428.0,5326.0,5642.0,5679.0,5980.0,3581.0,3517.0,3268.0,3583.0,2704.0,2744.0,364.0,423.0,358.0,306.0
NDARYN484LLR,2.472,2.652,2.418,2.441,2.656,2.655,1.888,1.814,2.748,3.259,2.962,2.958,2.689,2.645,2.517,2.529,2.841,2.944,3.095,3.051,2.348,2.276,2.144,2.163,2.811,2.782,2.051,2.066,2.647,2.571,2.921,2.995,2.562,2.493,2.493,2.797,2.675,2.784,2.688,2.734,2.602,2.678,1.896,1.781,2.142,2.174,2.296,2.458,2.552,2.526,2.417,2.387,2.727,2.951,2.439,2.526,2.796,2.728,2.213,2.229,2.97,2.95,2.663,2.621,3.268,3.719,2.662,2.534,1191.0,1397.0,647.0,1134.0,2969.0,2999.0,2226.0,2051.0,682.0,577.0,412.0,337.0,4546.0,4324.0,5684.0,6811.0,4956.0,5245.0,2780.0,3388.0,1737.0,1300.0,7201.0,6054.0,3328.0,3000.0,3889.0,4188.0,2125.0,2389.0,4562.0,4206.0,1560.0,1729.0,632.0,695.0,1681.0,2201.0,915.0,1081.0,1604.0,1711.0,1919.0,1941.0,5489.0,5709.0,1827.0,1580.0,6188.0,5534.0,5206.0,5182.0,887.0,1050.0,8803.0,8105.0,10564.0,10194.0,7550.0,7237.0,4669.0,4862.0,6644.0,5702.0,628.0,688.0,607.0,437.0
NDARYR829KD8,2.469,2.801,2.785,2.775,3.183,3.106,2.34,2.384,3.362,3.047,3.042,3.021,3.124,3.093,2.827,2.883,2.931,2.884,3.263,3.352,2.4,2.103,2.517,2.559,3.127,3.031,2.457,2.375,2.758,3.132,3.072,2.871,3.057,2.935,3.131,3.123,3.262,2.981,3.216,3.173,3.213,2.878,2.229,2.079,2.525,2.549,2.703,2.917,3.067,3.147,2.795,2.877,3.18,3.328,3.07,2.916,3.358,3.375,2.73,2.7,3.191,2.909,2.851,2.968,3.454,3.447,2.895,3.079,509.0,702.0,491.0,596.0,1792.0,1297.0,1649.0,1563.0,374.0,296.0,513.0,327.0,2379.0,2504.0,3063.0,4239.0,2312.0,2190.0,2216.0,1966.0,987.0,795.0,4661.0,4787.0,1667.0,1864.0,3019.0,2742.0,1649.0,1482.0,2665.0,2026.0,1102.0,1420.0,520.0,537.0,1202.0,1234.0,432.0,662.0,1615.0,1227.0,1515.0,1245.0,3358.0,3419.0,836.0,940.0,3629.0,4030.0,3270.0,3308.0,418.0,433.0,4405.0,4522.0,6451.0,6004.0,3866.0,4348.0,3169.0,3597.0,3331.0,2507.0,539.0,504.0,645.0,435.0
NDARYU120NDA,2.891,3.242,2.575,2.576,3.146,3.178,2.529,2.621,3.842,3.675,3.317,3.679,3.262,3.27,3.118,3.097,3.098,3.302,3.334,3.584,2.488,2.169,2.587,2.733,3.208,3.103,2.538,2.659,3.113,3.093,3.364,3.39,3.023,3.016,3.151,3.063,3.096,3.199,3.472,3.21,3.092,3.208,2.193,2.173,2.835,2.783,2.576,2.699,3.067,3.135,3.06,3.016,3.07,3.402,2.923,3.021,3.38,3.329,2.797,2.829,3.367,3.48,3.202,3.088,4.438,4.173,3.243,3.084,1698.0,1582.0,782.0,901.0,3193.0,3154.0,1467.0,1520.0,418.0,440.0,347.0,299.0,3767.0,3536.0,6324.0,7856.0,4243.0,4034.0,2803.0,2445.0,1060.0,1141.0,5338.0,4775.0,2928.0,3104.0,2897.0,3441.0,1761.0,2030.0,4430.0,3971.0,1360.0,1460.0,636.0,672.0,1498.0,1636.0,680.0,817.0,1659.0,1324.0,1196.0,1226.0,4854.0,5057.0,1686.0,1396.0,6090.0,5840.0,4099.0,4186.0,739.0,984.0,6875.0,7411.0,9605.0,9188.0,6472.0,6242.0,4687.0,4827.0,5487.0,4766.0,519.0,486.0,513.0,392.0
NDARYU290HJ3,2.681,2.69,2.486,2.511,2.583,2.562,2.229,2.245,3.216,3.033,2.796,2.993,2.793,2.841,2.582,2.688,2.935,2.968,2.998,2.881,2.277,2.334,2.315,2.431,2.732,2.63,2.176,2.273,2.542,2.241,2.912,2.859,2.567,2.57,2.747,2.732,2.76,2.627,3.124,2.623,2.658,2.71,1.992,1.888,2.239,2.05,2.438,2.489,2.628,2.615,2.548,2.651,2.675,3.283,2.44,2.593,2.821,2.79,2.397,2.427,2.845,2.965,2.679,2.65,2.969,2.792,2.661,2.686,1275.0,1114.0,550.0,1195.0,2231.0,2280.0,1715.0,2007.0,308.0,434.0,331.0,293.0,3661.0,3990.0,7043.0,7256.0,4206.0,4634.0,2930.0,2808.0,1495.0,1320.0,6338.0,6443.0,3226.0,2643.0,3718.0,3658.0,1874.0,2038.0,4316.0,4133.0,1492.0,1647.0,863.0,639.0,2074.0,2530.0,780.0,889.0,1788.0,1801.0,1733.0,1746.0,4713.0,4384.0,1725.0,1122.0,5362.0,5679.0,4852.0,4607.0,1003.0,634.0,8518.0,7519.0,8679.0,8305.0,6618.0,7443.0,4231.0,4109.0,4546.0,5088.0,411.0,302.0,510.0,357.0
NDARYU323ZDJ,2.938,2.878,2.87,2.731,2.822,2.786,2.117,2.216,3.372,3.341,3.027,2.99,2.884,2.858,2.864,2.829,2.991,3.045,3.291,3.189,2.5,2.554,2.393,2.361,2.743,2.857,2.36,2.314,2.704,2.733,3.235,3.175,2.607,2.571,2.926,2.905,2.767,2.834,3.027,2.941,2.771,2.801,1.995,2.041,2.401,2.242,2.544,2.66,2.656,2.712,2.658,2.622,2.972,3.119,2.624,2.67,3.003,2.861,2.496,2.481,2.893,2.793,2.851,2.745,3.489,3.455,2.584,2.702,971.0,789.0,485.0,623.0,2320.0,2609.0,1258.0,1359.0,434.0,339.0,280.0,239.0,2698.0,2884.0,4392.0,5157.0,3028.0,2942.0,1690.0,1807.0,931.0,890.0,4448.0,4287.0,2838.0,2570.0,2899.0,2864.0,1817.0,1691.0,3162.0,2784.0,1368.0,1478.0,638.0,594.0,1267.0,1558.0,713.0,746.0,1252.0,1182.0,1444.0,1434.0,3934.0,3561.0,1176.0,1229.0,4905.0,4552.0,3927.0,3932.0,567.0,630.0,5218.0,5780.0,7042.0,6980.0,5051.0,5097.0,3122.0,3320.0,3594.0,3370.0,371.0,428.0,381.0,263.0
NDARYU345GZJ,2.916,2.909,2.356,1.848,3.13,2.935,2.411,2.38,3.66,3.416,2.865,2.861,3.112,3.121,2.948,2.913,2.975,2.964,3.138,3.356,2.516,2.453,2.446,2.572,3.187,2.766,2.711,2.576,2.587,2.722,3.078,3.029,3.082,2.981,3.121,3.388,3.195,3.116,3.124,2.79,2.799,3.021,2.057,2.228,2.513,2.553,2.709,2.914,3.169,2.97,2.789,2.87,2.674,2.747,2.569,2.743,3.054,3.049,2.759,2.751,3.173,3.049,3.025,2.996,3.371,3.314,3.266,3.306,1094.0,1134.0,531.0,456.0,2079.0,2089.0,1720.0,1806.0,429.0,442.0,499.0,371.0,3302.0,3284.0,4835.0,5454.0,3347.0,3944.0,3048.0,2566.0,1289.0,1107.0,5573.0,5471.0,2611.0,2840.0,3293.0,2970.0,1952.0,2308.0,4311.0,4090.0,1562.0,1574.0,734.0,792.0,1632.0,2024.0,763.0,1024.0,1801.0,1353.0,1420.0,1279.0,4408.0,4270.0,1375.0,1152.0,4323.0,5155.0,4377.0,4559.0,435.0,608.0,5841.0,5546.0,8801.0,8120.0,5655.0,6229.0,4129.0,4254.0,5121.0,4625.0,555.0,624.0,515.0,358.0
NDARYU898ETS,3.138,2.926,2.66,2.675,3.14,3.176,2.511,2.519,3.21,3.482,2.361,2.494,3.193,3.229,3.16,3.003,2.951,3.08,3.401,3.355,2.431,2.553,2.522,2.573,3.003,2.831,2.362,2.392,2.565,2.534,3.213,3.203,3.108,3.195,3.208,3.347,3.247,3.21,3.142,2.849,2.973,3.244,2.255,2.364,2.533,2.564,2.828,2.9,3.065,3.031,3.072,3.047,3.191,3.12,2.417,2.524,3.227,3.247,2.731,2.839,3.339,3.432,2.987,3.151,3.887,3.899,2.99,2.869,869.0,930.0,571.0,832.0,2065.0,1761.0,1439.0,1585.0,414.0,367.0,320.0,324.0,2811.0,2902.0,4102.0,5034.0,2759.0,3007.0,2607.0,2514.0,1026.0,927.0,4931.0,5096.0,2363.0,2311.0,2239.0,2686.0,1673.0,1767.0,3080.0,2642.0,1463.0,1573.0,602.0,776.0,1351.0,1676.0,559.0,779.0,1909.0,1393.0,1657.0,1447.0,3976.0,3717.0,1375.0,1093.0,4566.0,4512.0,3672.0,3733.0,549.0,455.0,5609.0,5677.0,8325.0,7307.0,5323.0,4899.0,3935.0,3946.0,3724.0,3262.0,564.0,527.0,515.0,345.0
NDARYW170CAA,3.262,3.481,2.724,2.821,3.466,3.505,2.495,2.676,4.341,4.402,3.532,3.494,3.398,3.378,3.148,3.378,3.409,3.382,3.594,3.508,2.523,2.852,2.636,2.811,3.291,3.374,2.663,2.587,3.095,3.097,3.895,3.543,3.173,3.266,3.212,3.461,3.278,3.442,3.457,3.443,3.323,3.42,2.243,2.217,2.666,2.911,2.78,2.606,3.339,3.282,3.163,3.32,3.408,3.459,3.182,3.041,3.528,3.661,3.049,3.014,3.755,3.554,3.297,3.383,4.038,4.457,3.102,3.464,1111.0,1080.0,625.0,578.0,2218.0,2285.0,1756.0,1442.0,347.0,307.0,273.0,241.0,3115.0,3230.0,4408.0,5610.0,2747.0,3140.0,2283.0,2743.0,1119.0,1054.0,5304.0,4644.0,2480.0,2306.0,3031.0,2916.0,1757.0,1537.0,3429.0,2941.0,1230.0,1511.0,656.0,635.0,1420.0,1478.0,633.0,732.0,1494.0,1151.0,1559.0,1584.0,4034.0,4472.0,1248.0,1403.0,4762.0,5109.0,3649.0,3684.0,529.0,532.0,6172.0,5451.0,7001.0,6599.0,5485.0,5446.0,3599.0,4329.0,4987.0,3855.0,391.0,396.0,440.0,237.0
NDARYW789GNP,2.815,3.076,2.771,2.824,3.126,3.059,2.408,2.508,4.339,3.918,3.182,3.532,3.162,3.055,3.096,2.96,3.164,3.138,3.323,3.408,2.296,2.407,2.464,2.529,3.178,3.208,2.553,2.459,2.929,2.926,3.286,3.005,3.132,3.041,2.903,2.824,3.127,3.229,3.344,3.377,2.939,3.078,1.938,2.112,2.597,2.498,2.778,2.802,3.009,3.032,2.927,2.936,3.299,3.259,2.956,2.902,3.368,3.343,2.8,2.901,3.212,3.208,3.075,2.938,4.123,4.155,3.048,3.15,1089.0,1138.0,566.0,779.0,3152.0,2108.0,1246.0,1588.0,333.0,277.0,391.0,281.0,3060.0,3389.0,5530.0,8063.0,3418.0,4668.0,2918.0,2710.0,1181.0,1020.0,5145.0,5757.0,2632.0,2506.0,3687.0,2620.0,1786.0,1944.0,3944.0,3560.0,1402.0,1815.0,696.0,743.0,1173.0,2118.0,788.0,870.0,1407.0,1800.0,1643.0,1094.0,4568.0,3914.0,1381.0,1289.0,5555.0,5202.0,4380.0,4344.0,520.0,795.0,7356.0,7262.0,7776.0,8764.0,5961.0,6205.0,3972.0,4058.0,5379.0,3656.0,529.0,468.0,393.0,363.0
NDARYW945PJU,2.62,3.056,2.228,2.44,3.11,3.16,2.398,2.301,2.853,3.175,2.744,2.764,2.927,2.903,2.755,2.881,2.717,2.704,3.246,3.289,2.321,2.429,2.422,2.545,3.034,2.971,2.518,2.384,2.887,2.888,2.811,2.672,2.993,2.908,3.295,3.241,3.242,2.997,3.029,3.053,2.887,2.58,2.232,2.233,2.463,2.503,2.501,2.68,3.076,2.97,2.85,2.787,2.423,2.787,2.854,2.731,3.287,3.216,2.621,2.63,2.924,2.757,2.75,2.95,3.234,3.216,2.965,2.94,1058.0,1019.0,547.0,601.0,1854.0,1796.0,1265.0,1320.0,380.0,408.0,494.0,357.0,2548.0,2928.0,4694.0,5268.0,2783.0,3237.0,2044.0,1965.0,978.0,900.0,4592.0,4762.0,2335.0,2427.0,3026.0,2680.0,1903.0,2150.0,3258.0,3017.0,1277.0,1308.0,473.0,576.0,1387.0,1589.0,674.0,734.0,1399.0,1253.0,1644.0,1531.0,4243.0,4010.0,1115.0,966.0,4413.0,4147.0,3681.0,3848.0,353.0,512.0,4508.0,5052.0,6766.0,6340.0,5727.0,5710.0,3196.0,3620.0,4021.0,3671.0,490.0,522.0,477.0,416.0
NDARYW984FLT,2.628,3.224,3.101,3.144,3.216,3.229,2.574,2.266,4.227,4.562,3.105,3.501,3.248,3.026,2.916,2.891,3.061,3.138,3.376,3.578,2.558,2.544,2.477,2.601,3.186,3.243,2.651,2.681,3.008,2.917,3.12,3.328,2.971,2.83,3.685,3.578,3.23,3.134,3.501,3.413,3.224,2.988,2.159,2.243,2.499,2.411,2.899,2.737,2.954,2.957,2.918,2.977,3.246,3.362,2.937,3.012,3.419,3.337,2.609,2.736,3.397,3.298,3.086,2.987,4.067,3.844,2.976,2.623,1365.0,1057.0,791.0,774.0,2212.0,2080.0,1652.0,1761.0,391.0,301.0,335.0,261.0,2509.0,3124.0,5595.0,7191.0,3353.0,3134.0,2121.0,1913.0,1250.0,881.0,5786.0,5783.0,2753.0,2716.0,3594.0,3384.0,2048.0,1538.0,3784.0,3285.0,1509.0,1644.0,610.0,718.0,1441.0,2125.0,697.0,812.0,1470.0,1434.0,1613.0,1402.0,4513.0,4325.0,1203.0,1257.0,4754.0,5400.0,3532.0,4369.0,746.0,710.0,6814.0,5900.0,6804.0,7437.0,6614.0,5821.0,3828.0,4373.0,4737.0,4217.0,381.0,325.0,567.0,405.0
NDARYX008UCU,2.812,2.976,3.025,2.713,3.096,3.069,2.326,2.259,3.42,3.37,3.348,3.546,3.114,3.083,3.053,3.034,3.379,3.25,3.432,3.373,2.692,2.831,2.57,2.564,3.227,3.107,2.391,2.489,2.835,2.91,3.29,3.118,2.919,2.854,3.228,3.322,3.119,2.951,3.134,3.184,3.17,2.806,2.023,2.093,2.516,2.681,2.471,2.798,3.063,3.001,2.842,2.889,3.305,3.304,2.93,2.781,3.187,3.281,2.684,2.63,3.397,3.246,3.134,3.034,3.632,4.106,3.106,3.044,1003.0,1106.0,693.0,709.0,1839.0,1645.0,1308.0,1577.0,705.0,527.0,369.0,278.0,3898.0,3725.0,5992.0,5732.0,4049.0,3388.0,2874.0,3062.0,988.0,1040.0,5639.0,5485.0,3089.0,2869.0,3247.0,3829.0,2385.0,2451.0,4469.0,3683.0,1559.0,1858.0,718.0,755.0,1437.0,1922.0,830.0,888.0,2182.0,1893.0,1667.0,1497.0,4108.0,3923.0,1478.0,1241.0,5030.0,5166.0,4195.0,4130.0,765.0,945.0,7200.0,6679.0,8465.0,8342.0,5435.0,5928.0,4620.0,5339.0,4438.0,4249.0,529.0,549.0,514.0,411.0
NDARYX133FFQ,2.968,3.018,3.044,3.218,2.985,3.074,2.256,2.176,3.958,4.139,2.995,3.322,3.156,3.147,2.949,2.887,3.152,3.188,3.577,3.52,2.45,2.533,2.359,2.512,3.276,3.284,2.506,2.422,2.687,2.513,3.409,3.216,2.976,2.842,3.387,3.156,3.293,3.155,3.473,3.626,3.131,2.973,1.945,1.919,2.646,2.68,2.835,2.844,2.978,3.029,2.928,2.809,3.21,3.245,2.967,2.817,3.32,3.24,2.732,2.693,3.435,3.385,3.013,3.03,3.781,4.051,3.262,3.197,1264.0,1262.0,598.0,822.0,2247.0,3062.0,1492.0,1832.0,474.0,419.0,267.0,239.0,3034.0,3143.0,5036.0,6136.0,4134.0,4108.0,2205.0,2603.0,1131.0,1013.0,5029.0,5426.0,2976.0,2715.0,3058.0,2640.0,1770.0,2051.0,4024.0,3878.0,1485.0,1569.0,603.0,704.0,1436.0,1933.0,807.0,944.0,1555.0,1534.0,1391.0,1161.0,4200.0,4238.0,1246.0,1450.0,5498.0,4803.0,4406.0,5161.0,644.0,1103.0,6491.0,7445.0,9051.0,8313.0,6079.0,7059.0,4157.0,4547.0,5065.0,4351.0,415.0,548.0,439.0,395.0
NDARYX530MZU,2.402,2.599,2.539,2.468,2.571,2.565,1.986,1.954,3.44,3.517,2.571,2.385,2.647,2.669,2.478,2.524,2.755,2.721,2.844,2.925,2.18,2.309,2.189,2.24,2.629,2.55,2.087,2.149,2.48,2.34,2.886,2.866,2.363,2.36,2.507,2.518,2.509,2.47,2.691,2.505,2.298,2.42,1.821,1.831,2.226,2.244,2.458,2.443,2.586,2.543,2.345,2.298,3.076,2.821,2.292,2.385,2.632,2.559,2.237,2.229,2.755,2.66,2.646,2.573,3.239,3.496,2.652,2.723,1281.0,1008.0,669.0,969.0,2024.0,2028.0,1361.0,1605.0,328.0,276.0,282.0,271.0,2744.0,3024.0,4532.0,5803.0,3233.0,3466.0,2633.0,2320.0,1090.0,846.0,4383.0,3947.0,2780.0,2650.0,2983.0,2836.0,1766.0,2195.0,3790.0,3874.0,1217.0,1329.0,609.0,659.0,1283.0,1729.0,671.0,791.0,1606.0,1469.0,1606.0,1239.0,4109.0,4045.0,1167.0,1221.0,4485.0,4421.0,4096.0,4107.0,570.0,814.0,6276.0,5391.0,7195.0,6434.0,5531.0,5498.0,3697.0,3544.0,3812.0,3110.0,461.0,400.0,382.0,366.0
NDARYY218AGA,2.356,2.706,2.475,2.331,2.483,2.553,1.814,1.935,3.213,2.458,2.484,2.448,2.534,2.562,2.51,2.474,2.722,2.631,3.059,3.027,2.249,2.478,2.177,2.3,2.664,2.569,2.078,1.964,2.467,2.373,2.754,2.795,2.375,2.345,2.662,2.774,2.616,2.564,2.687,2.647,2.298,2.509,1.673,1.631,2.271,2.228,2.284,2.277,2.591,2.621,2.429,2.358,2.545,2.804,2.31,2.323,2.593,2.513,2.219,2.285,2.79,2.871,2.564,2.477,3.392,3.595,2.62,2.503,1124.0,1112.0,904.0,877.0,2756.0,2245.0,1881.0,2012.0,427.0,448.0,338.0,299.0,3873.0,4124.0,5402.0,6288.0,3584.0,3579.0,2768.0,2725.0,1319.0,1222.0,5834.0,5885.0,3172.0,3198.0,3606.0,3523.0,1935.0,2432.0,3811.0,3993.0,1464.0,1684.0,733.0,743.0,1532.0,1686.0,742.0,1070.0,1406.0,1337.0,2235.0,1879.0,5181.0,4418.0,1690.0,1733.0,5484.0,5494.0,4366.0,4704.0,679.0,1101.0,7544.0,7231.0,8994.0,8969.0,6325.0,6426.0,4638.0,5266.0,4776.0,4676.0,511.0,506.0,582.0,418.0
NDARYY670UC8,2.916,2.956,2.828,2.786,3.212,3.381,2.619,2.669,3.745,3.674,3.693,3.517,3.099,2.926,3.087,3.184,3.293,3.12,3.404,3.363,2.67,2.705,2.6,2.764,3.25,3.338,2.584,2.603,3.29,3.214,3.286,3.096,2.897,2.886,3.579,3.725,3.524,3.193,3.196,3.382,3.225,3.107,2.528,2.562,2.585,2.701,2.659,2.947,3.158,3.074,3.01,3.029,3.199,3.545,3.153,3.089,3.552,3.493,2.819,2.801,3.264,3.405,3.223,3.157,4.052,4.065,3.057,2.753,881.0,738.0,543.0,759.0,2221.0,1882.0,1526.0,1549.0,492.0,456.0,281.0,310.0,3060.0,2769.0,4047.0,5111.0,3502.0,3656.0,2501.0,2634.0,1124.0,936.0,4908.0,4512.0,2630.0,2535.0,3232.0,3085.0,1453.0,1985.0,3574.0,3418.0,1417.0,1563.0,512.0,616.0,1474.0,1732.0,716.0,894.0,2311.0,1490.0,2019.0,1673.0,4071.0,4097.0,1293.0,1091.0,4740.0,5132.0,3661.0,4233.0,569.0,657.0,6059.0,5638.0,8051.0,6613.0,5608.0,5580.0,3645.0,4228.0,4029.0,3565.0,508.0,516.0,416.0,366.0
NDARYZ408VWW,2.59,2.382,2.618,2.639,2.562,2.586,1.941,1.926,3.334,3.751,2.532,2.401,2.691,2.691,2.378,2.403,2.885,2.692,2.756,2.781,2.372,2.384,2.258,2.255,2.671,2.619,2.102,2.074,2.5,2.512,2.919,2.763,2.403,2.437,2.704,2.79,2.41,2.495,2.491,2.579,2.388,2.538,1.685,1.77,2.193,2.104,2.464,2.436,2.483,2.523,2.395,2.4,2.846,2.648,2.326,2.39,2.656,2.649,2.251,2.233,2.654,2.709,2.461,2.457,3.624,3.66,2.509,2.419,974.0,691.0,526.0,684.0,2268.0,1962.0,1450.0,1373.0,357.0,325.0,289.0,221.0,2557.0,2547.0,3716.0,4452.0,2815.0,2741.0,2188.0,2026.0,806.0,768.0,4118.0,4277.0,2581.0,2367.0,2456.0,2493.0,1612.0,1910.0,3060.0,2835.0,1179.0,1398.0,575.0,558.0,1131.0,1209.0,678.0,818.0,1273.0,1035.0,1504.0,1292.0,4093.0,3617.0,1130.0,930.0,4177.0,4930.0,3469.0,3456.0,568.0,1020.0,5743.0,4776.0,6841.0,6844.0,4757.0,5045.0,3420.0,3543.0,4094.0,3336.0,380.0,409.0,446.0,316.0
NDARZA034RW7,3.101,3.251,2.819,2.276,3.048,3.163,2.476,2.668,3.939,3.834,3.365,3.331,3.323,3.132,3.146,3.001,3.368,3.291,3.628,3.632,2.877,2.705,2.592,2.608,3.237,3.157,2.586,2.582,3.003,2.996,3.469,3.32,3.199,3.166,3.435,3.546,3.532,3.134,3.311,3.574,3.158,3.205,2.448,2.407,2.696,2.704,2.89,2.794,3.124,3.138,2.943,3.144,2.747,3.374,3.052,3.031,3.305,3.382,2.766,2.88,3.527,3.451,3.204,3.279,4.014,4.523,3.248,3.236,1137.0,1107.0,493.0,466.0,2377.0,2210.0,1124.0,1858.0,518.0,399.0,321.0,281.0,3257.0,3275.0,4460.0,6988.0,3768.0,3859.0,2553.0,2277.0,1255.0,1164.0,5348.0,6517.0,2437.0,2887.0,3909.0,3646.0,1481.0,1803.0,3721.0,3632.0,1449.0,1440.0,696.0,701.0,1344.0,2053.0,757.0,1051.0,1797.0,1654.0,1821.0,1439.0,3889.0,3778.0,1308.0,1289.0,5430.0,5004.0,4186.0,3801.0,456.0,681.0,6848.0,6473.0,7622.0,6930.0,6059.0,6249.0,3667.0,4166.0,4488.0,3557.0,529.0,424.0,427.0,329.0
NDARZA511FYF,2.989,3.122,3.018,2.935,3.349,3.268,2.501,2.44,3.504,3.738,3.167,3.237,3.094,3.107,2.998,2.88,3.111,3.206,3.423,3.402,2.869,2.777,2.664,2.739,3.165,2.985,2.688,2.604,2.371,2.394,3.112,3.355,3.232,2.971,3.287,3.507,3.314,3.345,3.644,3.399,3.149,3.318,2.254,2.372,2.747,2.598,3.005,3.077,3.148,3.061,3.038,3.039,2.966,2.896,2.957,3.05,3.498,3.461,2.923,2.962,3.154,3.316,3.225,2.997,3.575,3.39,3.161,2.954,1377.0,1302.0,641.0,894.0,3014.0,2781.0,1684.0,1972.0,699.0,537.0,342.0,245.0,4146.0,3858.0,5008.0,8244.0,4556.0,4515.0,3115.0,3137.0,1628.0,1393.0,5399.0,5978.0,3100.0,2839.0,3516.0,4061.0,1941.0,2038.0,4952.0,4706.0,1931.0,2136.0,705.0,937.0,1726.0,2158.0,941.0,1021.0,2261.0,2096.0,2006.0,1880.0,5247.0,4604.0,1932.0,1577.0,6592.0,6278.0,5554.0,6257.0,883.0,948.0,8821.0,7701.0,10401.0,9995.0,7007.0,7200.0,5087.0,5565.0,6412.0,5528.0,501.0,407.0,653.0,447.0
NDARZA982YTP,2.889,3.251,2.68,2.337,2.96,3.046,2.267,2.348,3.301,3.967,3.357,3.295,3.005,2.999,2.821,2.931,2.881,2.768,3.094,3.257,2.364,2.552,2.386,2.502,2.985,3.095,2.341,2.473,2.854,3.056,3.237,3.159,2.839,2.971,3.111,2.993,2.967,2.897,3.172,3.031,3.007,2.843,2.303,2.405,2.461,2.476,2.59,2.589,2.815,2.69,2.805,2.889,2.974,3.261,2.805,2.874,3.207,3.169,2.672,2.693,3.132,3.071,3.047,3.086,3.72,4.161,2.913,2.895,1121.0,933.0,621.0,594.0,2764.0,2316.0,1499.0,1224.0,311.0,310.0,317.0,234.0,2561.0,2777.0,4020.0,5051.0,2925.0,2781.0,2304.0,2457.0,1087.0,974.0,4231.0,4308.0,2456.0,2408.0,3014.0,2857.0,1723.0,1607.0,3325.0,3136.0,1184.0,1286.0,580.0,582.0,1334.0,1774.0,594.0,761.0,1719.0,1382.0,1751.0,1606.0,3853.0,3836.0,1202.0,1037.0,4287.0,4534.0,3458.0,3452.0,467.0,795.0,6555.0,6010.0,6613.0,6297.0,4516.0,4617.0,3132.0,3887.0,4272.0,3866.0,420.0,436.0,384.0,321.0
NDARZB377WZJ,2.499,2.687,2.431,2.32,2.747,2.889,1.972,1.924,3.292,2.685,2.888,2.875,2.719,2.706,2.6,2.705,2.931,2.792,2.984,2.952,2.218,2.332,2.135,2.284,2.774,2.755,2.047,2.042,2.643,2.56,2.878,2.841,2.436,2.476,2.222,2.606,2.897,2.844,2.955,2.873,2.751,2.912,1.711,1.81,2.242,2.215,2.4,2.441,2.823,2.74,2.463,2.448,2.776,3.145,2.623,2.573,2.963,2.904,2.402,2.354,3.011,2.947,2.736,2.771,3.919,3.656,2.597,2.693,797.0,705.0,534.0,629.0,2613.0,2123.0,1811.0,1988.0,521.0,419.0,275.0,248.0,3136.0,3208.0,4864.0,5344.0,3522.0,3526.0,2484.0,2796.0,1309.0,1305.0,6186.0,5612.0,2629.0,2770.0,3398.0,3103.0,1906.0,2283.0,3571.0,3194.0,1303.0,1520.0,516.0,613.0,1456.0,1686.0,699.0,966.0,1814.0,1540.0,1923.0,1518.0,4375.0,4415.0,1270.0,1279.0,5054.0,4984.0,4039.0,3983.0,556.0,695.0,6570.0,7567.0,7216.0,7856.0,5496.0,6089.0,4089.0,4759.0,4102.0,4431.0,504.0,592.0,499.0,376.0
NDARZB517KTU,3.09,3.316,3.164,2.479,3.217,3.289,2.459,2.297,4.125,4.072,3.258,3.411,3.259,3.248,3.101,2.95,3.144,3.261,3.489,3.716,2.747,2.741,2.708,2.533,3.102,3.081,2.479,2.54,2.842,3.174,3.394,3.251,3.013,2.919,3.231,3.1,3.288,3.192,3.308,3.273,3.322,3.042,2.026,2.229,2.559,2.663,2.919,3.058,3.134,3.031,3.009,2.92,3.353,3.48,3.054,3.031,3.372,3.382,2.791,2.737,3.49,3.376,3.143,3.161,4.161,4.568,3.033,3.189,1178.0,871.0,612.0,562.0,2043.0,1896.0,1608.0,1747.0,353.0,322.0,311.0,236.0,3502.0,3658.0,4657.0,5116.0,4045.0,3678.0,2662.0,2323.0,1150.0,954.0,5500.0,5505.0,2579.0,3099.0,3404.0,3452.0,1453.0,2001.0,3768.0,3451.0,1339.0,1568.0,690.0,756.0,1471.0,2031.0,654.0,1001.0,1723.0,1518.0,1834.0,1515.0,3837.0,4010.0,1220.0,1400.0,4667.0,4787.0,3650.0,3622.0,437.0,695.0,6492.0,6316.0,8126.0,7352.0,5296.0,4995.0,3636.0,3625.0,3270.0,3296.0,445.0,360.0,391.0,338.0
NDARZB799GAK,2.926,2.81,3.23,3.118,3.201,3.249,2.293,2.267,3.713,3.761,3.532,3.271,2.957,3.007,3.049,2.991,3.077,3.093,3.337,3.267,2.654,2.609,2.65,2.54,3.266,3.056,2.379,2.45,2.846,2.979,3.126,3.1,3.074,2.95,3.26,3.466,3.237,3.029,3.555,3.372,2.91,3.139,2.146,2.095,2.48,2.615,3.042,3.099,3.17,3.123,2.809,2.786,3.549,3.31,3.005,2.998,3.383,3.395,2.446,2.7,3.338,3.055,3.094,3.177,3.074,3.102,2.992,3.186,1216.0,1042.0,914.0,1089.0,2573.0,2596.0,1638.0,1892.0,564.0,473.0,367.0,224.0,3520.0,3679.0,4964.0,8017.0,4624.0,4467.0,2893.0,3576.0,1086.0,939.0,5469.0,5529.0,1965.0,2226.0,2780.0,3329.0,1241.0,1410.0,4232.0,3839.0,1619.0,1846.0,653.0,717.0,1651.0,1893.0,612.0,956.0,1650.0,1773.0,1713.0,1619.0,4543.0,4818.0,1306.0,1319.0,5202.0,5529.0,4562.0,4554.0,611.0,769.0,6444.0,5914.0,8261.0,8234.0,6074.0,6406.0,3816.0,4691.0,5776.0,4239.0,291.0,248.0,456.0,338.0
NDARZD099KWW,2.437,3.004,2.545,2.674,2.797,2.829,2.193,2.184,2.968,3.113,2.355,2.259,2.901,2.986,2.576,2.646,2.831,2.662,3.085,3.163,2.016,2.187,2.204,2.394,2.688,2.719,2.375,2.355,2.679,2.696,3.004,2.783,2.811,2.799,2.766,3.028,2.909,2.857,2.811,2.79,2.905,2.904,2.118,2.15,2.304,2.252,2.661,2.687,2.849,2.99,2.703,2.673,2.673,2.718,2.557,2.627,2.826,2.842,2.382,2.337,3.132,2.994,2.668,2.736,2.922,3.687,2.88,2.647,1198.0,899.0,970.0,829.0,2846.0,2732.0,1238.0,1565.0,533.0,484.0,446.0,301.0,3143.0,3055.0,4249.0,4576.0,3795.0,3817.0,2759.0,2418.0,909.0,917.0,5225.0,5042.0,3073.0,3309.0,3160.0,2659.0,1680.0,2421.0,3787.0,3813.0,1636.0,1718.0,549.0,670.0,1952.0,1688.0,789.0,1058.0,2012.0,1552.0,1586.0,1244.0,4921.0,3927.0,1417.0,1265.0,5273.0,4972.0,4450.0,4583.0,453.0,894.0,6878.0,6183.0,9339.0,8210.0,6464.0,6172.0,3954.0,4470.0,3444.0,3815.0,515.0,539.0,632.0,441.0
NDARZD991YLG,2.559,2.393,2.401,2.498,2.488,2.437,1.855,2.003,3.528,3.657,2.821,2.777,2.574,2.56,2.298,2.429,2.675,2.555,2.786,2.822,2.028,2.112,2.172,2.114,2.622,2.65,2.011,2.02,2.48,2.369,2.742,2.648,2.463,2.385,2.461,2.645,2.621,2.585,2.558,2.717,2.324,2.387,1.831,1.86,2.014,2.071,2.433,2.3,2.49,2.419,2.33,2.318,2.864,2.675,2.296,2.283,2.554,2.63,2.158,2.09,2.739,2.719,2.309,2.446,3.369,3.49,2.41,2.402,1065.0,1088.0,625.0,918.0,2444.0,2605.0,1419.0,1483.0,275.0,275.0,300.0,226.0,2908.0,2703.0,5302.0,5538.0,3500.0,3769.0,2195.0,2289.0,1049.0,1016.0,5044.0,5839.0,2699.0,2499.0,2850.0,2962.0,1830.0,2017.0,3972.0,3837.0,1447.0,1501.0,541.0,517.0,1142.0,1382.0,662.0,816.0,1049.0,1233.0,1467.0,1450.0,3811.0,4021.0,1374.0,1414.0,5075.0,4684.0,3303.0,3409.0,749.0,937.0,6961.0,6876.0,8218.0,7071.0,5161.0,5156.0,3479.0,4069.0,4605.0,4043.0,417.0,474.0,415.0,299.0
NDARZE542ZVH,2.57,2.629,2.654,2.487,2.779,2.689,1.667,1.911,3.739,3.608,2.793,2.849,2.809,2.714,2.633,2.631,2.932,2.855,3.09,2.972,2.269,2.158,2.251,2.343,2.716,2.702,2.104,2.159,2.526,2.563,3.088,2.959,2.551,2.689,2.575,2.571,2.639,2.81,2.699,2.701,2.638,2.78,1.741,1.702,2.376,2.308,2.423,2.417,2.624,2.716,2.522,2.585,2.83,2.894,2.482,2.61,2.841,2.797,2.291,2.486,3.067,2.988,2.75,2.73,3.95,3.894,2.797,2.464,1291.0,1082.0,678.0,808.0,2159.0,2614.0,1378.0,1561.0,307.0,338.0,352.0,245.0,2878.0,3278.0,5098.0,6057.0,3524.0,3791.0,2453.0,2534.0,1332.0,1278.0,5166.0,4804.0,3049.0,2901.0,3575.0,3152.0,1935.0,1967.0,4110.0,4000.0,1540.0,1780.0,591.0,621.0,1562.0,1738.0,754.0,823.0,1465.0,1233.0,1538.0,1325.0,4484.0,4451.0,1498.0,1557.0,5612.0,5156.0,4211.0,4273.0,633.0,1012.0,5676.0,5760.0,8271.0,7737.0,5620.0,5622.0,4192.0,4505.0,4468.0,3892.0,468.0,454.0,426.0,345.0
NDARZE963MEU,2.886,2.755,2.813,2.689,2.992,3.129,2.157,2.167,3.578,3.479,3.69,3.233,3.069,3.101,2.896,2.815,3.018,3.174,3.358,3.395,2.587,2.654,2.579,2.672,3.077,3.129,2.42,2.365,2.702,2.789,3.215,3.145,2.946,2.854,3.197,3.24,3.091,2.975,3.049,3.22,3.25,2.966,2.116,2.146,2.569,2.586,2.703,3.013,3.08,3.029,2.843,2.774,3.27,2.975,2.877,2.793,3.257,3.205,2.588,2.717,3.312,3.265,2.877,2.854,4.605,4.231,3.135,2.953,1598.0,1004.0,541.0,791.0,2000.0,1880.0,1372.0,1584.0,507.0,555.0,311.0,280.0,2895.0,2839.0,5602.0,6443.0,3418.0,3486.0,2185.0,2428.0,966.0,901.0,4795.0,5810.0,2573.0,2192.0,3217.0,3059.0,1861.0,1752.0,3695.0,3177.0,1357.0,1375.0,559.0,637.0,1216.0,1402.0,674.0,793.0,1387.0,1080.0,1339.0,1219.0,3412.0,3565.0,1182.0,1087.0,4010.0,4485.0,4353.0,4832.0,685.0,744.0,6160.0,5598.0,7243.0,6954.0,4903.0,5310.0,3469.0,3895.0,3794.0,3022.0,437.0,453.0,354.0,293.0
NDARZF216KYX,2.892,3.005,3.167,3.471,2.863,2.81,2.184,2.224,3.697,3.84,2.845,2.643,2.891,3.019,2.775,2.71,3.028,2.983,3.096,3.397,2.224,2.427,2.374,2.42,2.92,2.856,2.443,2.426,2.76,2.83,3.294,3.117,2.929,2.903,3.168,2.977,3.088,3.118,2.859,2.827,2.904,2.876,1.955,2.012,2.381,2.103,2.784,3.045,2.781,3.102,2.71,2.811,3.079,3.44,2.611,2.691,3.197,3.136,2.409,2.554,3.15,3.06,2.903,2.808,3.273,3.634,2.811,3.036,1039.0,894.0,505.0,615.0,2069.0,1385.0,1554.0,1676.0,337.0,368.0,501.0,379.0,3070.0,3159.0,4066.0,4546.0,3042.0,2927.0,2162.0,2103.0,1048.0,926.0,4991.0,5381.0,2515.0,2770.0,2888.0,2936.0,1691.0,1724.0,3056.0,2865.0,1242.0,1369.0,596.0,694.0,1451.0,1331.0,735.0,841.0,1468.0,1081.0,1610.0,1427.0,3687.0,3383.0,913.0,877.0,3694.0,4478.0,3711.0,3830.0,578.0,548.0,5370.0,4695.0,7051.0,6108.0,4865.0,5130.0,3328.0,3698.0,3847.0,3478.0,582.0,556.0,516.0,376.0
NDARZF288FB7,2.538,2.62,2.637,2.319,2.678,2.719,1.991,1.958,3.236,3.432,2.695,3.039,2.659,2.663,2.493,2.568,2.847,2.727,2.814,2.844,2.498,2.466,2.202,2.228,2.861,2.755,2.199,2.113,2.466,2.454,2.828,2.915,2.639,2.489,2.822,3.011,2.639,2.767,3.05,2.741,2.532,2.69,1.788,1.741,2.195,2.509,2.347,2.278,2.244,2.759,2.508,2.458,2.63,2.872,2.462,2.518,2.912,2.83,2.277,2.275,2.918,2.936,2.669,2.753,3.489,3.771,2.46,2.699,1067.0,876.0,515.0,696.0,1963.0,2658.0,1486.0,1777.0,420.0,544.0,304.0,227.0,2851.0,2901.0,4358.0,4829.0,3421.0,3473.0,2220.0,1998.0,1066.0,805.0,4556.0,4476.0,2118.0,2134.0,3356.0,3118.0,1659.0,1853.0,3713.0,3292.0,1063.0,1493.0,630.0,642.0,1421.0,1530.0,641.0,770.0,1507.0,1246.0,1604.0,1663.0,3472.0,2489.0,1014.0,1069.0,4732.0,4154.0,3707.0,2769.0,526.0,523.0,5987.0,5328.0,5853.0,7261.0,3541.0,4617.0,2922.0,3486.0,3768.0,2164.0,465.0,483.0,385.0,281.0
NDARZG081LYG,2.611,2.787,2.066,1.602,2.882,2.874,2.543,2.315,3.711,3.78,3.117,3.352,3.187,3.001,2.852,2.938,3.036,3.098,3.412,3.371,2.474,2.636,2.512,2.58,2.864,3.035,2.63,2.813,2.906,2.85,3.141,2.923,3.185,3.028,3.174,3.135,2.93,2.895,3.01,3.038,2.851,2.629,2.324,2.388,2.629,2.687,2.507,2.749,2.908,2.912,2.91,2.98,2.748,2.896,2.675,2.472,2.957,3.144,2.751,2.714,3.283,3.074,2.842,2.954,4.134,4.12,2.976,2.93,1757.0,990.0,546.0,623.0,3161.0,3337.0,1211.0,1645.0,522.0,423.0,309.0,258.0,3222.0,3831.0,5508.0,6942.0,3336.0,3302.0,2735.0,2899.0,1221.0,1142.0,5652.0,5575.0,3246.0,3029.0,4116.0,2862.0,2042.0,2002.0,3746.0,3707.0,1650.0,1806.0,618.0,741.0,1773.0,2351.0,832.0,1002.0,1817.0,1744.0,1776.0,1180.0,5263.0,5830.0,1461.0,1383.0,5918.0,5528.0,4555.0,4719.0,612.0,827.0,8159.0,8019.0,9897.0,9701.0,6857.0,7128.0,4185.0,4870.0,5113.0,3802.0,552.0,518.0,620.0,384.0
NDARZG236AUT,2.742,3.015,3.143,2.424,3.302,3.409,2.704,2.577,3.535,3.914,3.923,3.623,3.265,3.306,3.147,3.067,3.382,3.188,3.587,3.82,2.791,2.929,2.639,2.592,3.465,3.437,2.57,2.688,3.204,3.243,3.297,3.143,3.156,3.151,3.26,3.52,3.303,3.203,3.434,3.285,3.253,3.104,2.288,2.188,2.485,2.466,2.761,2.96,3.118,3.09,3.174,3.03,3.499,3.568,3.208,3.122,3.599,3.537,2.828,2.806,3.37,3.334,3.293,3.14,4.174,3.747,3.193,3.031,1009.0,1074.0,646.0,590.0,2769.0,2092.0,2322.0,2069.0,722.0,649.0,282.0,267.0,3371.0,3829.0,3877.0,6098.0,3584.0,4465.0,2814.0,2448.0,1565.0,1210.0,6104.0,6250.0,2691.0,2264.0,3576.0,4044.0,1466.0,1804.0,3624.0,3609.0,1385.0,1756.0,848.0,801.0,1620.0,2062.0,703.0,802.0,1973.0,1543.0,1928.0,1957.0,4281.0,4182.0,1065.0,1407.0,5210.0,4817.0,4315.0,4616.0,545.0,699.0,6486.0,6585.0,7892.0,8008.0,6759.0,6547.0,4464.0,4668.0,4334.0,4805.0,560.0,451.0,533.0,418.0
NDARZG623FYX,2.903,2.867,2.838,2.567,2.899,2.968,2.44,2.436,3.23,4.049,3.239,3.451,3.162,3.041,2.988,2.974,3.17,3.143,3.321,3.281,2.431,2.449,2.574,2.637,3.198,3.062,2.562,2.515,2.848,3.001,3.303,3.202,2.832,2.919,2.972,2.863,2.944,2.972,3.208,2.878,2.876,3.021,2.216,2.243,2.675,2.591,2.533,2.615,2.829,2.861,2.903,2.89,3.099,3.042,2.821,2.865,3.097,3.144,2.727,2.671,3.388,3.263,2.948,3.001,3.866,3.872,3.073,3.026,1134.0,930.0,799.0,759.0,3061.0,2408.0,1405.0,1548.0,517.0,483.0,315.0,321.0,3626.0,3666.0,5379.0,6406.0,3571.0,3906.0,2406.0,2308.0,1207.0,1217.0,5991.0,5915.0,2972.0,2946.0,3109.0,2924.0,2179.0,2088.0,3542.0,3318.0,1372.0,1688.0,606.0,743.0,1553.0,1764.0,806.0,1077.0,1676.0,1496.0,1361.0,1225.0,4269.0,4288.0,1412.0,1687.0,5499.0,5367.0,4272.0,4240.0,654.0,929.0,6710.0,6214.0,8105.0,8828.0,5193.0,5550.0,3697.0,4241.0,4181.0,3845.0,534.0,594.0,422.0,332.0
NDARZG690NHH,3.044,3.082,2.118,1.956,3.098,3.169,2.347,2.253,3.059,3.146,3.075,3.127,3.09,3.198,3.087,2.992,2.967,3.202,3.485,3.314,2.408,2.389,2.573,2.591,3.427,3.075,2.462,2.481,2.992,3.063,3.351,2.972,3.167,3.027,3.175,3.209,3.347,3.428,3.44,3.12,3.254,3.025,2.081,2.323,2.586,2.507,2.862,2.821,3.054,3.145,2.943,2.887,2.953,3.017,2.93,2.916,3.305,3.183,2.748,2.811,3.502,3.302,3.056,2.998,3.209,3.197,2.988,2.852,1063.0,1124.0,536.0,684.0,1944.0,2005.0,1656.0,1819.0,592.0,479.0,575.0,414.0,3303.0,3121.0,4164.0,5866.0,3126.0,3203.0,2594.0,2727.0,1074.0,856.0,6149.0,5231.0,2618.0,2906.0,3510.0,3591.0,2217.0,2137.0,3497.0,3254.0,1436.0,1675.0,703.0,726.0,1796.0,2008.0,863.0,977.0,2181.0,1995.0,1818.0,1568.0,3786.0,3943.0,1184.0,1378.0,5373.0,5260.0,4524.0,4893.0,608.0,523.0,5272.0,5573.0,8152.0,8220.0,6484.0,5880.0,3914.0,3987.0,5348.0,4782.0,680.0,651.0,598.0,542.0
NDARZH451LRZ,2.433,2.806,2.427,2.635,2.935,2.856,2.394,2.282,3.26,3.159,2.449,2.869,2.856,2.895,2.681,2.691,2.796,2.889,3.103,3.071,2.466,2.462,2.208,2.38,2.818,2.665,2.283,2.393,2.711,2.681,2.972,3.127,2.891,2.979,2.884,3.079,2.955,2.918,2.964,2.972,2.829,2.83,2.135,2.217,2.374,2.441,2.572,2.6,2.85,2.797,2.759,2.772,2.973,2.857,2.772,2.864,3.013,3.019,2.444,2.439,3.054,3.0,2.799,2.817,3.301,3.29,2.644,2.594,884.0,818.0,521.0,654.0,2153.0,2245.0,1316.0,1692.0,508.0,406.0,623.0,490.0,3371.0,3688.0,4659.0,6127.0,3939.0,3542.0,2431.0,2302.0,1496.0,1059.0,6499.0,6313.0,3215.0,3443.0,3242.0,3373.0,2164.0,2289.0,4160.0,3139.0,1344.0,1319.0,542.0,616.0,1493.0,2270.0,869.0,1067.0,1868.0,2118.0,1376.0,1260.0,4003.0,3916.0,1266.0,1176.0,5296.0,5250.0,4785.0,5068.0,531.0,675.0,6726.0,5949.0,8160.0,7611.0,5699.0,6123.0,3740.0,4655.0,5528.0,4022.0,729.0,772.0,541.0,506.0
NDARZH672BAM,2.528,2.645,2.676,2.666,2.669,2.492,2.254,2.165,2.812,2.821,2.855,2.58,2.781,2.78,2.649,2.723,2.619,2.689,3.307,3.213,2.418,2.505,2.297,2.305,2.895,2.849,2.35,2.266,2.557,2.75,2.773,2.755,2.736,2.843,2.642,2.555,3.212,2.859,2.7,2.738,2.76,2.622,2.069,2.134,2.174,2.168,2.742,2.821,2.573,2.821,2.639,2.617,2.955,2.995,2.513,2.557,2.709,2.73,2.329,2.318,2.827,2.729,2.575,2.612,2.895,2.827,2.932,2.63,767.0,849.0,488.0,909.0,2622.0,2985.0,1579.0,1960.0,709.0,580.0,667.0,547.0,2948.0,3234.0,4287.0,7276.0,3488.0,3944.0,2247.0,2136.0,1215.0,1083.0,5911.0,5728.0,2736.0,2708.0,4449.0,3857.0,2038.0,2276.0,3456.0,3118.0,1626.0,1849.0,657.0,676.0,1272.0,1697.0,836.0,928.0,1974.0,1393.0,2099.0,1732.0,4834.0,4169.0,1367.0,1017.0,4793.0,4968.0,4265.0,4560.0,696.0,596.0,8418.0,7876.0,10092.0,8402.0,7392.0,7379.0,4164.0,5048.0,6632.0,4400.0,751.0,655.0,596.0,449.0
NDARZH930XTP,2.943,3.215,2.801,2.873,3.112,3.241,2.672,2.559,3.538,3.509,2.888,3.466,3.271,3.187,3.168,3.269,3.417,3.404,3.63,3.572,2.528,2.716,2.785,2.739,3.273,3.407,2.748,2.741,3.0,3.194,3.65,3.387,3.136,2.85,3.288,3.535,3.132,3.24,3.581,3.569,3.298,3.353,2.239,2.242,2.836,3.332,2.735,2.563,2.873,3.124,3.14,3.012,3.32,3.06,3.127,3.19,3.485,3.405,3.159,3.107,3.578,3.424,3.242,3.339,3.658,3.724,3.082,3.02,955.0,951.0,623.0,746.0,1903.0,2510.0,1440.0,1539.0,595.0,387.0,307.0,299.0,3320.0,3300.0,3814.0,4997.0,3340.0,3426.0,2282.0,2253.0,1062.0,896.0,4669.0,5360.0,2779.0,2593.0,2712.0,2705.0,1993.0,1825.0,3682.0,3294.0,1384.0,1650.0,653.0,704.0,1402.0,1349.0,718.0,954.0,1712.0,1497.0,1425.0,1342.0,4561.0,3203.0,1319.0,1181.0,5720.0,4773.0,3802.0,3961.0,467.0,735.0,6809.0,6028.0,7741.0,9226.0,3488.0,5602.0,4218.0,4671.0,5861.0,3441.0,436.0,458.0,562.0,443.0
NDARZJ414CAA,2.603,2.595,2.621,2.393,2.672,2.774,2.009,1.977,3.603,3.504,2.984,2.672,2.868,2.814,2.549,2.491,2.913,2.823,3.118,3.136,2.073,2.142,2.261,2.325,2.871,2.82,2.207,2.087,2.719,2.661,3.016,3.058,2.356,2.457,2.662,2.728,2.649,2.69,2.879,3.038,2.751,2.58,1.724,1.733,2.254,2.339,2.34,2.38,2.7,2.745,2.499,2.472,2.658,3.092,2.573,2.571,2.791,2.838,2.267,2.326,2.967,2.948,2.631,2.618,3.799,3.796,2.56,2.542,1150.0,1032.0,682.0,652.0,1963.0,2322.0,1672.0,1650.0,333.0,313.0,330.0,274.0,3310.0,3238.0,3858.0,4989.0,3577.0,3648.0,2692.0,2796.0,1326.0,1164.0,6218.0,5302.0,3482.0,3395.0,3411.0,3218.0,2032.0,2405.0,4063.0,3538.0,1469.0,1684.0,631.0,766.0,1358.0,1665.0,898.0,881.0,1669.0,1487.0,1348.0,1332.0,4523.0,4278.0,1284.0,1267.0,5033.0,4659.0,4434.0,4377.0,532.0,804.0,6713.0,7554.0,8487.0,8070.0,6436.0,5808.0,4209.0,4774.0,4539.0,4819.0,443.0,482.0,545.0,396.0
NDARZJ603JM0,2.961,2.862,2.671,2.677,2.74,2.803,2.784,2.525,3.178,2.948,2.682,2.705,2.943,3.027,2.738,2.648,2.877,2.892,3.526,3.296,2.39,2.239,2.398,2.462,2.899,2.672,2.377,2.328,2.95,2.664,3.035,2.95,3.131,3.018,3.024,2.934,2.958,2.886,2.811,2.843,2.833,2.854,2.156,2.207,2.509,2.469,2.683,2.805,2.792,2.803,2.912,2.732,2.783,2.832,2.618,2.6,2.895,2.832,2.402,2.54,3.081,3.221,2.836,2.707,2.744,2.975,3.141,3.131,1555.0,1207.0,723.0,717.0,1937.0,2427.0,1354.0,1854.0,898.0,750.0,408.0,518.0,4207.0,3722.0,5566.0,9057.0,4108.0,4976.0,2519.0,2642.0,1092.0,802.0,6611.0,6966.0,3203.0,3072.0,3776.0,3622.0,2420.0,2391.0,4117.0,4025.0,1480.0,2232.0,745.0,700.0,1749.0,2186.0,843.0,937.0,2076.0,2013.0,1846.0,1577.0,5172.0,4792.0,1463.0,1397.0,6056.0,6156.0,5255.0,5336.0,595.0,624.0,6650.0,6238.0,8964.0,8298.0,6284.0,6253.0,4443.0,4632.0,5878.0,4483.0,829.0,565.0,701.0,467.0
NDARZK732FZ0,2.739,2.822,2.693,2.882,2.977,2.994,2.341,2.333,3.222,3.349,2.403,2.442,3.073,2.883,2.735,2.754,2.838,2.804,3.073,3.261,2.458,2.395,2.359,2.405,2.883,2.641,2.467,2.315,2.592,2.713,3.058,3.046,2.816,2.874,2.885,3.119,3.038,3.018,2.778,2.805,2.915,2.817,2.206,2.174,2.58,2.437,2.688,2.613,2.882,2.917,2.763,2.645,2.667,2.787,2.695,2.577,3.039,3.035,2.57,2.568,3.023,3.015,2.827,2.83,2.818,3.559,2.873,2.764,956.0,969.0,746.0,955.0,3470.0,3379.0,1714.0,2112.0,459.0,492.0,301.0,337.0,3259.0,4042.0,4465.0,6803.0,3490.0,3860.0,2791.0,2683.0,1445.0,1253.0,5606.0,6183.0,3242.0,3440.0,3882.0,3084.0,2079.0,2591.0,3759.0,3676.0,1708.0,2092.0,849.0,741.0,1728.0,1813.0,1059.0,951.0,1872.0,1549.0,1586.0,1511.0,5379.0,4532.0,1828.0,1638.0,6110.0,6391.0,4894.0,5343.0,479.0,1077.0,7294.0,6618.0,10069.0,8795.0,6484.0,6825.0,3574.0,4452.0,4740.0,3721.0,484.0,587.0,583.0,408.0
NDARZK745JGG,2.782,2.829,2.894,2.464,3.097,2.973,2.326,2.322,3.755,3.738,2.929,3.396,3.003,3.189,2.835,2.669,3.141,3.227,3.553,3.775,2.605,2.395,2.511,2.407,3.247,3.2,2.312,2.305,2.961,2.805,3.354,3.241,2.947,2.912,3.138,3.44,2.894,3.087,3.081,3.311,2.847,3.032,2.027,2.135,2.489,2.467,2.771,3.089,2.915,2.862,2.875,2.739,3.258,3.313,2.743,2.819,3.166,3.063,2.568,2.638,3.443,3.436,2.862,2.848,3.793,4.29,3.19,3.076,1470.0,1175.0,781.0,699.0,2468.0,2736.0,2009.0,2167.0,642.0,538.0,473.0,318.0,4703.0,4428.0,5882.0,7860.0,4454.0,4415.0,2824.0,2548.0,1470.0,1200.0,7156.0,6064.0,3217.0,3079.0,3399.0,3292.0,2345.0,2392.0,4298.0,4576.0,1735.0,2311.0,695.0,1010.0,1872.0,2165.0,832.0,1046.0,1718.0,1773.0,2125.0,1816.0,5120.0,5321.0,1539.0,1448.0,5424.0,5474.0,6254.0,6156.0,726.0,1093.0,8273.0,8695.0,10696.0,10078.0,8446.0,7231.0,5410.0,5771.0,5885.0,5915.0,567.0,646.0,606.0,436.0
NDARZL799MFW,3.183,3.122,3.133,2.619,3.202,3.352,2.333,2.452,4.117,3.957,3.59,3.129,3.203,3.187,3.038,3.221,3.32,3.33,3.27,3.314,2.528,2.474,2.586,2.572,3.209,3.21,2.44,2.589,3.008,2.995,3.599,3.174,3.006,3.066,3.259,3.394,3.242,3.179,3.403,3.583,3.307,3.152,2.183,2.587,2.588,2.767,2.805,2.748,3.197,3.178,3.022,3.111,3.175,3.479,3.037,2.97,3.484,3.5,2.953,2.915,3.566,3.386,3.061,3.228,4.262,4.256,3.222,3.155,1161.0,1140.0,780.0,771.0,2626.0,2384.0,1708.0,1877.0,426.0,374.0,323.0,341.0,3619.0,3648.0,4025.0,6102.0,3405.0,3309.0,3089.0,3009.0,1108.0,1038.0,5353.0,5680.0,2822.0,2777.0,3385.0,2984.0,1760.0,2027.0,4417.0,3724.0,1299.0,1339.0,699.0,703.0,1593.0,1695.0,767.0,1002.0,2174.0,1237.0,1799.0,1611.0,4429.0,4248.0,1275.0,1361.0,5560.0,5316.0,3699.0,4134.0,680.0,789.0,6656.0,7225.0,8307.0,7905.0,4973.0,5286.0,4296.0,5271.0,6182.0,4094.0,443.0,502.0,473.0,330.0
NDARZM580BG2,3.049,2.696,2.536,2.564,2.602,2.693,2.043,2.166,2.688,2.851,2.204,2.866,2.651,2.589,2.752,2.685,2.4,2.398,2.866,2.903,2.402,2.191,2.314,2.376,2.659,2.605,2.309,2.325,2.471,2.573,2.865,2.797,2.676,2.637,3.348,2.838,2.8,2.731,2.206,2.505,2.686,2.571,2.048,1.916,2.255,2.256,2.503,2.625,2.651,2.675,2.672,2.665,2.981,3.03,2.525,2.492,2.805,2.716,2.549,2.463,3.017,2.879,2.714,2.819,2.41,2.289,2.454,2.619,1120.0,1153.0,560.0,736.0,2344.0,1749.0,2156.0,2478.0,423.0,513.0,653.0,543.0,2885.0,3401.0,4849.0,6583.0,2498.0,3772.0,2882.0,2391.0,1194.0,843.0,6326.0,6792.0,2266.0,2532.0,3735.0,3808.0,1666.0,1911.0,3786.0,2904.0,1360.0,1601.0,528.0,594.0,1388.0,1608.0,933.0,689.0,1952.0,1797.0,1906.0,2001.0,4912.0,4977.0,1305.0,970.0,4751.0,5083.0,4460.0,4440.0,368.0,687.0,7464.0,6872.0,7759.0,8193.0,5004.0,6256.0,3877.0,4236.0,4900.0,4060.0,711.0,618.0,560.0,485.0
NDARZN914GPB,2.515,2.911,2.642,2.467,3.008,2.876,2.365,2.271,3.205,3.476,3.182,3.203,3.02,2.831,2.915,2.696,2.879,2.915,3.475,3.416,2.608,2.528,2.455,2.397,2.894,2.953,2.49,2.62,2.563,2.501,2.834,3.127,2.952,2.942,3.044,3.23,3.149,3.027,3.192,3.111,2.829,2.662,2.146,2.377,2.512,2.596,2.392,2.435,2.878,2.897,2.85,2.843,3.135,3.052,2.722,2.827,3.037,3.056,2.639,2.745,3.005,2.977,2.945,2.762,3.176,3.503,2.846,2.801,995.0,1002.0,833.0,707.0,2798.0,2308.0,2054.0,2038.0,658.0,476.0,357.0,304.0,3677.0,3781.0,5797.0,4830.0,3722.0,3891.0,2334.0,2331.0,1143.0,1018.0,7485.0,7395.0,2939.0,2807.0,3832.0,3361.0,1626.0,1842.0,4022.0,3991.0,1420.0,1424.0,642.0,697.0,1455.0,1607.0,858.0,985.0,1675.0,1466.0,1868.0,1791.0,4884.0,4613.0,1354.0,1015.0,5144.0,5169.0,3821.0,4171.0,655.0,1012.0,7397.0,6511.0,7834.0,7603.0,6328.0,6283.0,4391.0,4135.0,3990.0,4477.0,546.0,408.0,405.0,351.0
NDARZP564MHU,2.357,2.485,2.408,2.367,2.529,2.564,1.989,1.884,3.31,3.365,2.63,2.713,2.755,2.725,2.432,2.499,2.815,2.697,3.037,3.06,2.058,2.056,2.142,2.272,2.692,2.613,2.197,2.117,2.544,2.636,2.839,2.796,2.36,2.415,3.013,2.689,2.599,2.621,2.732,2.747,2.518,2.556,1.616,1.81,2.073,2.121,2.341,2.315,2.506,2.541,2.345,2.428,3.024,2.849,2.408,2.464,2.734,2.669,2.35,2.202,2.803,2.917,2.459,2.588,3.413,3.806,2.33,2.277,1073.0,1171.0,753.0,781.0,2801.0,2224.0,1512.0,1564.0,440.0,464.0,271.0,268.0,3445.0,3464.0,4472.0,4797.0,3829.0,3486.0,2230.0,2465.0,1073.0,952.0,5698.0,5765.0,2788.0,2763.0,3497.0,3584.0,1925.0,2048.0,3927.0,3731.0,1423.0,1649.0,576.0,722.0,1250.0,1439.0,749.0,987.0,1544.0,1236.0,1543.0,1249.0,4084.0,4372.0,1716.0,1350.0,5170.0,5544.0,3790.0,3727.0,656.0,896.0,7497.0,6767.0,8264.0,8170.0,5151.0,5795.0,3954.0,4712.0,4301.0,4143.0,460.0,502.0,490.0,351.0
NDARZP630WYL,2.711,2.686,2.346,2.366,2.603,2.614,2.207,2.317,2.976,2.947,1.736,2.269,2.628,2.89,2.579,2.424,2.648,2.63,3.296,3.421,2.35,2.406,2.328,2.323,2.411,2.512,2.327,2.337,2.192,1.97,2.59,2.803,2.738,2.272,3.431,3.394,2.692,2.544,2.037,2.177,2.515,2.523,2.256,2.376,1.934,1.93,2.61,2.745,2.536,2.509,2.532,2.473,2.528,2.797,1.996,2.113,2.586,2.363,2.214,2.32,2.73,2.8,2.263,2.484,2.794,2.582,2.574,2.398,978.0,1033.0,584.0,1040.0,2666.0,2610.0,1747.0,1968.0,702.0,560.0,453.0,373.0,3462.0,3648.0,5836.0,6093.0,3768.0,4092.0,2645.0,2499.0,1336.0,1232.0,6399.0,6273.0,2952.0,2798.0,4439.0,4178.0,2330.0,2187.0,4037.0,3433.0,1727.0,2074.0,695.0,779.0,1546.0,2159.0,1077.0,1079.0,1902.0,1714.0,2014.0,1735.0,4783.0,4511.0,1347.0,1395.0,5795.0,5588.0,4835.0,4962.0,655.0,532.0,7016.0,7232.0,9185.0,8274.0,6138.0,6941.0,4067.0,4294.0,4363.0,4448.0,678.0,624.0,704.0,554.0
NDARZT581RNV,2.624,2.948,3.009,2.638,3.072,3.153,2.414,2.479,3.737,3.688,3.096,3.351,3.077,2.909,2.964,3.031,3.215,3.043,3.387,3.657,2.653,2.607,2.513,2.675,3.155,3.028,2.37,2.51,2.82,2.892,3.334,3.158,2.913,2.811,3.286,3.637,3.127,3.143,3.326,3.093,3.037,2.979,2.194,2.415,2.636,2.647,2.396,2.576,3.1,3.106,2.708,2.779,2.814,3.079,2.96,2.794,3.259,3.228,2.697,2.785,3.258,3.147,2.958,3.156,3.943,4.458,2.982,2.976,1001.0,1028.0,849.0,795.0,3214.0,2267.0,1783.0,1988.0,487.0,419.0,443.0,293.0,3204.0,3305.0,5214.0,6787.0,4011.0,4467.0,2861.0,2405.0,1327.0,989.0,5727.0,5539.0,3109.0,3382.0,2946.0,3230.0,1798.0,2328.0,4405.0,3929.0,1283.0,2038.0,714.0,761.0,1629.0,1790.0,843.0,1089.0,1873.0,1547.0,1865.0,1431.0,5005.0,4129.0,1165.0,1447.0,5736.0,5690.0,4737.0,4724.0,736.0,882.0,8260.0,6820.0,9712.0,8884.0,6814.0,6309.0,3771.0,4377.0,4659.0,3605.0,541.0,393.0,447.0,379.0
NDARZV421TCZ,2.829,3.173,2.717,2.631,2.934,2.972,2.315,2.338,3.702,3.385,2.936,3.378,2.891,2.927,2.879,3.02,3.062,3.066,3.501,3.401,2.53,2.459,2.426,2.597,3.181,3.16,2.262,2.236,2.878,2.948,3.045,3.1,2.892,2.892,2.981,3.109,3.095,3.078,3.224,3.251,2.963,3.01,2.046,2.045,2.566,2.638,2.783,2.637,3.034,2.988,2.784,2.782,3.388,3.145,2.838,2.818,3.164,3.208,2.812,2.735,3.129,3.096,2.994,3.019,3.683,2.911,3.001,2.841,1093.0,1081.0,716.0,803.0,2705.0,2637.0,2033.0,1978.0,508.0,509.0,277.0,238.0,3532.0,3490.0,5230.0,5792.0,3791.0,4429.0,2452.0,2350.0,1186.0,920.0,6152.0,6132.0,2820.0,2701.0,3891.0,3375.0,1864.0,1877.0,3986.0,4305.0,1458.0,1741.0,661.0,730.0,1406.0,1722.0,993.0,908.0,1650.0,1405.0,2010.0,1818.0,4354.0,4326.0,1596.0,1211.0,5835.0,5398.0,4275.0,4486.0,772.0,915.0,6915.0,7037.0,7883.0,7792.0,6196.0,6043.0,4217.0,4869.0,4664.0,4289.0,478.0,537.0,548.0,356.0
NDARZV749GAP,3.124,3.483,2.904,2.65,3.218,3.299,2.758,2.712,3.777,4.153,3.642,3.776,3.372,3.412,3.062,3.239,3.388,3.226,3.582,3.524,3.006,2.568,2.737,2.829,3.223,3.16,2.772,2.743,3.186,3.242,3.396,3.454,3.069,2.925,3.282,3.531,3.172,3.387,3.509,3.225,3.134,3.252,2.375,2.257,2.904,2.864,2.808,2.804,3.217,3.262,3.103,3.105,3.118,3.401,3.144,3.201,3.45,3.21,2.979,3.031,3.589,3.411,3.292,3.165,4.409,4.381,3.276,3.055,1317.0,975.0,856.0,728.0,2223.0,2209.0,1516.0,1783.0,400.0,378.0,295.0,303.0,3614.0,3623.0,4367.0,5805.0,4321.0,4809.0,2712.0,2431.0,1260.0,1096.0,5749.0,6096.0,3335.0,3275.0,3631.0,3446.0,2500.0,2243.0,4744.0,4229.0,1486.0,1540.0,601.0,712.0,1554.0,1782.0,757.0,1008.0,1670.0,1457.0,1761.0,1524.0,5323.0,5603.0,1480.0,1412.0,5225.0,5094.0,5144.0,5266.0,652.0,1038.0,7415.0,6600.0,8481.0,8596.0,6792.0,6671.0,3969.0,4855.0,5819.0,4517.0,596.0,532.0,423.0,344.0
NDARZV766YXP,2.744,2.914,2.748,2.638,2.712,2.739,2.032,2.061,3.785,3.825,2.729,2.927,2.83,2.858,2.735,2.73,2.851,2.791,3.373,3.166,2.433,2.483,2.366,2.381,2.9,2.832,2.281,2.101,2.74,2.564,3.19,3.116,2.737,2.778,2.985,2.871,2.697,2.665,3.09,2.929,2.711,2.757,1.892,1.86,2.203,2.196,2.488,2.439,2.675,2.758,2.64,2.656,2.912,2.985,2.588,2.602,2.934,2.832,2.443,2.449,2.96,2.94,2.828,2.847,4.166,3.725,2.468,2.492,1074.0,941.0,597.0,630.0,1938.0,1910.0,1372.0,1732.0,328.0,365.0,339.0,195.0,2864.0,3142.0,4800.0,5559.0,3191.0,3375.0,2112.0,2166.0,975.0,815.0,4363.0,4424.0,2842.0,2999.0,2804.0,2472.0,1624.0,1893.0,3393.0,3256.0,1191.0,1519.0,506.0,644.0,1521.0,1763.0,634.0,884.0,1584.0,1343.0,1489.0,1359.0,3856.0,3461.0,1085.0,1373.0,4598.0,4633.0,3673.0,4074.0,572.0,701.0,6320.0,5474.0,6463.0,6452.0,5495.0,5424.0,3392.0,3776.0,4323.0,3469.0,428.0,449.0,433.0,292.0
NDARZY101JNB,3.198,3.043,2.785,2.779,3.173,3.288,2.667,2.528,3.596,3.72,3.081,3.883,3.157,3.359,3.265,3.19,3.119,3.097,3.414,3.491,2.506,2.527,2.644,2.675,3.43,3.123,2.666,2.679,3.083,2.991,3.326,3.326,3.143,3.004,3.26,3.645,3.361,3.244,3.723,3.488,3.086,3.193,2.271,2.516,2.711,2.66,2.519,2.582,3.056,3.12,3.132,2.864,3.409,3.439,3.101,3.145,3.454,3.413,2.765,2.885,3.189,3.403,3.261,3.264,4.415,3.81,3.34,3.19,854.0,1080.0,665.0,891.0,2422.0,2019.0,1635.0,1657.0,557.0,356.0,317.0,265.0,3542.0,3412.0,4365.0,5077.0,3206.0,4079.0,2963.0,2410.0,1272.0,1133.0,4826.0,5225.0,3159.0,3234.0,3054.0,3080.0,1845.0,2045.0,3939.0,3352.0,1477.0,1542.0,615.0,611.0,1516.0,1845.0,809.0,1135.0,2224.0,1733.0,1532.0,1363.0,4175.0,4321.0,1252.0,1154.0,5225.0,4938.0,4400.0,4739.0,676.0,1079.0,7164.0,6582.0,8621.0,7775.0,5849.0,6306.0,4309.0,3726.0,4633.0,4461.0,507.0,460.0,465.0,364.0
