subject_id,f0,f1,f2,f3,f4,f5,f6,f7,f8,f9,f10,f11,f12,f13,f14,f15,f16,f17,f18,f19,f20,f21,f22,f23,f24,f25,f26,f27,f28,f29,f30,f31,f32,f33,f34,f35,f36,f37,f38,f39,f40,f41,f42,f43,f44,f45,f46,f47,f48,f49,f50,f51,f52,f53,f54,f55,f56,f57,f58,f59,f60,f61,f62,f63,f64,f65,f66,f67,f68,f69,f70,f71,f72,f73,f74,f75,f76,f77,f78,f79,f80,f81,f82,f83,f84,f85,f86,f87,f88,f89,f90,f91,f92,f93,f94,f95,f96,f97,f98,f99,f100,f101,f102,f103,f104,f105,f106,f107,f108,f109,f110,f111,f112,f113,f114,f115,f116,f117,f118,f119,f120,f121,f122,f123,f124,f125,f126,f127,f128,f129,f130,f131,f132,f133,f134,f135
A00008326,2.595,2.651,2.818,2.693,2.63,2.594,1.931,1.975,3.483,3.135,2.704,2.923,2.808,2.866,2.735,2.778,2.998,2.904,2.907,2.979,2.651,2.565,2.489,2.45,2.66,2.722,2.053,1.819,2.394,2.38,3.056,3.103,2.592,2.593,2.548,2.766,2.63,2.563,2.722,3.038,2.599,2.596,1.491,1.429,2.258,2.159,2.644,2.664,2.557,2.657,2.46,2.454,2.709,2.897,2.386,2.395,2.849,2.683,2.37,2.486,2.755,2.88,2.704,2.786,3.851,3.967,2.457,2.454,815.0,732.0,392.0,444.0,1573.0,1421.0,1088.0,1331.0,301.0,363.0,226.0,184.0,2320.0,2386.0,2823.0,3616.0,2385.0,2505.0,1864.0,1800.0,665.0,647.0,3600.0,3757.0,1915.0,2068.0,2539.0,2493.0,1368.0,1648.0,2585.0,2534.0,1216.0,1300.0,620.0,611.0,1019.0,1173.0,423.0,633.0,1343.0,1048.0,1268.0,1197.0,3005.0,3005.0,771.0,792.0,3868.0,3924.0,2636.0,2727.0,383.0,618.0,3836.0,3565.0,5746.0,5147.0,4034.0,3636.0,2802.0,3226.0,2742.0,2691.0,393.0,340.0,324.0,236.0
A00008399,2.593,2.855,2.787,2.721,3.026,2.908,2.107,2.274,3.593,3.955,2.804,2.761,3.121,2.926,2.726,2.892,2.979,2.972,3.436,3.366,2.586,2.803,2.457,2.539,2.71,2.669,2.308,2.389,2.555,2.55,3.145,3.216,2.785,2.684,2.964,3.386,2.919,2.953,2.982,2.644,2.681,2.842,1.704,1.823,2.367,2.375,2.644,2.683,2.96,3.046,2.607,2.697,2.849,3.293,2.52,2.676,3.184,3.052,2.508,2.498,3.26,3.147,2.869,2.933,3.658,4.084,2.772,2.804,1038.0,930.0,561.0,923.0,2235.0,2337.0,2201.0,2161.0,481.0,339.0,254.0,241.0,3343.0,3436.0,4385.0,5188.0,3753.0,3410.0,2527.0,2610.0,1698.0,1218.0,5119.0,5566.0,2669.0,2522.0,4108.0,3768.0,1783.0,2056.0,3659.0,3479.0,1298.0,1577.0,743.0,687.0,1414.0,1891.0,759.0,780.0,1624.0,1393.0,2209.0,1995.0,4554.0,4264.0,1439.0,1280.0,4800.0,5046.0,4462.0,4203.0,792.0,691.0,6409.0,5918.0,8081.0,7683.0,5788.0,5897.0,3960.0,4366.0,4743.0,4117.0,419.0,521.0,523.0,355.0
A00019903,2.214,2.364,2.545,2.927,2.345,2.422,1.96,1.889,2.617,2.907,2.717,2.832,2.869,2.853,2.267,2.38,2.668,2.594,2.681,2.927,2.088,2.356,2.182,2.33,2.58,2.563,2.064,2.018,2.045,2.278,2.799,2.651,2.251,2.218,2.589,2.263,2.489,2.438,2.622,2.385,2.323,2.227,1.477,1.521,1.95,2.094,2.476,2.214,2.341,2.292,2.301,2.321,2.727,2.481,2.242,2.239,2.488,2.46,2.101,2.047,2.628,2.584,2.428,2.602,3.335,4.073,2.513,2.301,983.0,937.0,428.0,530.0,2036.0,2055.0,1532.0,1722.0,311.0,337.0,317.0,265.0,2972.0,3157.0,4756.0,5016.0,3188.0,2864.0,2468.0,2419.0,1107.0,875.0,4816.0,5037.0,2476.0,2326.0,3103.0,2951.0,1718.0,1794.0,3415.0,2667.0,1331.0,1620.0,584.0,625.0,1404.0,1681.0,714.0,627.0,1456.0,1225.0,1592.0,1480.0,4161.0,4038.0,999.0,1055.0,5055.0,4848.0,3279.0,3547.0,613.0,902.0,4955.0,4997.0,7576.0,7424.0,4602.0,4597.0,3651.0,3848.0,3815.0,4061.0,402.0,450.0,428.0,319.0
A00021039,2.321,2.686,2.983,2.79,2.611,2.64,1.89,1.827,3.743,3.813,2.621,3.314,2.872,2.924,2.468,2.558,2.937,2.919,3.036,3.184,2.419,2.621,2.207,2.125,2.693,2.716,2.109,2.061,2.516,2.548,2.97,2.872,2.325,2.474,2.866,2.608,2.565,2.601,3.008,2.561,2.352,2.464,1.529,1.543,2.303,2.232,2.605,2.656,2.5,2.556,2.409,2.418,2.894,2.711,2.426,2.451,2.732,2.695,2.218,2.241,2.938,2.884,2.504,2.669,3.416,3.554,2.496,2.461,969.0,822.0,517.0,645.0,2647.0,1970.0,1429.0,1453.0,321.0,343.0,306.0,216.0,2805.0,2543.0,4473.0,5055.0,3083.0,2910.0,2138.0,2047.0,1091.0,889.0,5356.0,5849.0,2550.0,2718.0,3304.0,2823.0,1659.0,1765.0,3232.0,3154.0,1260.0,1441.0,580.0,558.0,1277.0,1400.0,637.0,912.0,1538.0,1120.0,1509.0,1334.0,4397.0,3628.0,933.0,1244.0,4516.0,5056.0,3464.0,3923.0,616.0,730.0,5748.0,5129.0,7269.0,6905.0,5004.0,4736.0,3543.0,3879.0,3599.0,3316.0,390.0,372.0,554.0,373.0
A00023510,2.738,2.82,3.044,2.647,2.84,2.777,1.766,1.931,3.679,3.499,2.651,2.939,2.989,2.909,2.567,2.612,2.805,2.906,3.128,3.036,2.382,2.333,2.384,2.372,2.695,2.612,1.918,2.053,2.467,2.476,3.036,2.807,2.588,2.601,2.508,2.462,2.831,2.726,2.917,2.748,2.637,2.551,1.48,1.482,2.088,2.316,2.573,2.643,2.843,2.808,2.586,2.471,2.946,2.994,2.558,2.536,3.031,2.879,2.325,2.28,3.09,2.885,2.535,2.757,4.064,3.787,2.812,2.565,1075.0,991.0,524.0,833.0,1715.0,2011.0,1412.0,1570.0,371.0,348.0,299.0,232.0,3414.0,2924.0,5241.0,4823.0,3252.0,2889.0,2599.0,2389.0,941.0,876.0,5280.0,5136.0,2509.0,2628.0,3264.0,2974.0,2021.0,2074.0,3286.0,3280.0,1249.0,1400.0,643.0,675.0,1173.0,1411.0,675.0,818.0,1222.0,1072.0,1504.0,1513.0,4528.0,4376.0,1240.0,993.0,4521.0,4688.0,3983.0,4444.0,747.0,849.0,5395.0,4232.0,5518.0,5585.0,5445.0,5904.0,3727.0,4333.0,4412.0,4287.0,449.0,388.0,378.0,325.0
A00025566,2.186,2.596,2.66,2.259,2.416,2.413,1.843,1.913,3.465,3.377,2.853,2.49,2.522,2.691,2.24,2.317,2.772,2.574,2.97,2.963,2.036,1.895,2.223,2.175,2.469,2.676,2.065,1.93,2.061,2.047,2.862,2.718,2.38,2.38,2.707,2.618,2.393,2.579,2.497,2.524,2.246,2.062,1.607,1.624,2.037,1.962,2.208,2.421,2.413,2.461,2.155,2.172,2.954,2.854,2.21,2.246,2.512,2.471,2.016,2.073,2.645,2.404,2.479,2.463,3.561,3.771,2.004,2.31,922.0,727.0,718.0,598.0,2007.0,1641.0,1394.0,1606.0,474.0,410.0,312.0,204.0,2553.0,2592.0,3481.0,4237.0,2724.0,2772.0,2073.0,2192.0,1109.0,791.0,4658.0,4706.0,2520.0,2466.0,3232.0,3073.0,1942.0,2021.0,2992.0,2821.0,1203.0,1349.0,518.0,575.0,1097.0,1260.0,709.0,753.0,1170.0,1164.0,1521.0,1383.0,3993.0,3669.0,1175.0,1154.0,4306.0,4315.0,3233.0,3332.0,526.0,659.0,4935.0,5192.0,6805.0,6963.0,4406.0,4548.0,3024.0,3482.0,3369.0,3334.0,475.0,434.0,329.0,256.0
A00027443,2.597,2.657,2.693,2.484,3.098,2.871,1.947,2.016,3.872,3.882,3.057,3.083,2.953,2.908,2.704,2.809,2.903,3.015,3.323,3.384,2.516,2.398,2.403,2.41,3.014,2.839,2.221,2.192,2.698,2.748,3.036,3.063,2.681,2.697,3.724,3.471,2.918,3.001,3.17,3.131,2.76,2.84,1.583,1.667,2.349,2.191,2.617,2.663,2.695,2.799,2.739,2.711,3.189,2.855,2.686,2.751,3.171,3.091,2.475,2.349,3.08,3.247,2.835,2.881,3.615,3.965,2.376,2.453,990.0,719.0,665.0,597.0,2335.0,2334.0,1699.0,1954.0,519.0,474.0,312.0,261.0,3470.0,3207.0,4371.0,6057.0,3500.0,3573.0,2603.0,2590.0,1192.0,982.0,5519.0,6333.0,2964.0,3361.0,3279.0,3666.0,2119.0,2080.0,3553.0,3259.0,1341.0,1495.0,605.0,737.0,1267.0,1609.0,825.0,1016.0,1716.0,1618.0,1699.0,1776.0,5239.0,4332.0,1084.0,1277.0,4557.0,5088.0,4345.0,4630.0,530.0,828.0,7804.0,7337.0,8413.0,7775.0,6422.0,5848.0,4424.0,4435.0,4507.0,4064.0,533.0,491.0,622.0,449.0
A00027651,2.435,2.636,2.639,2.792,2.551,2.563,1.704,1.967,3.913,3.63,3.042,3.266,2.763,2.898,2.421,2.443,2.614,2.68,3.005,3.026,2.305,2.811,2.264,2.233,2.634,2.448,2.014,1.814,2.323,2.513,2.586,2.893,2.32,2.349,3.049,3.147,2.477,2.661,2.476,2.687,2.498,2.591,1.598,1.375,2.134,2.155,2.28,2.461,2.506,2.489,2.292,2.31,3.022,2.887,2.315,2.362,2.779,2.755,2.17,2.214,2.728,2.668,2.572,2.558,3.291,3.348,2.26,2.149,848.0,886.0,502.0,320.0,1569.0,1695.0,1097.0,1093.0,344.0,309.0,263.0,185.0,2624.0,2288.0,3562.0,4392.0,2717.0,2620.0,1866.0,1774.0,725.0,712.0,3745.0,3961.0,2170.0,2267.0,2278.0,2423.0,1502.0,1629.0,2952.0,2599.0,1156.0,1101.0,500.0,578.0,1186.0,1311.0,615.0,669.0,1326.0,1145.0,937.0,869.0,3382.0,3273.0,677.0,877.0,4058.0,4208.0,3048.0,3110.0,294.0,595.0,3626.0,3793.0,5376.0,5434.0,4339.0,3977.0,3216.0,3599.0,3117.0,2780.0,403.0,347.0,367.0,266.0
A00028150,2.71,2.754,2.744,2.408,2.683,2.564,1.929,2.129,3.382,3.589,2.706,2.769,2.936,2.918,2.747,2.674,3.122,2.976,3.066,2.864,2.483,2.528,2.408,2.558,2.746,2.846,2.057,2.077,2.661,2.506,3.11,3.175,2.558,2.441,3.106,3.237,2.561,2.67,2.875,2.966,2.689,2.516,1.695,1.646,2.218,2.095,2.436,2.613,2.626,2.71,2.489,2.471,2.911,2.977,2.38,2.447,2.959,2.801,2.316,2.336,2.995,2.976,2.586,2.681,3.808,3.708,2.633,2.554,715.0,751.0,493.0,634.0,1671.0,1693.0,1316.0,1302.0,397.0,359.0,265.0,238.0,2381.0,2197.0,3882.0,4161.0,2662.0,2644.0,1833.0,2077.0,854.0,818.0,4018.0,4184.0,2247.0,1992.0,3083.0,2996.0,1492.0,1590.0,2751.0,2544.0,1183.0,1311.0,574.0,596.0,1121.0,1160.0,604.0,697.0,1355.0,1151.0,1501.0,1546.0,3583.0,3285.0,1048.0,931.0,4537.0,4581.0,2940.0,3015.0,482.0,545.0,4885.0,4666.0,5915.0,5857.0,4095.0,4279.0,2703.0,2774.0,2449.0,2564.0,417.0,439.0,290.0,216.0
A00028152,2.621,2.698,2.678,2.965,2.475,2.539,1.719,1.727,3.559,3.469,2.88,3.089,2.91,2.835,2.409,2.535,2.881,2.916,3.009,3.176,2.333,2.402,2.104,2.198,2.618,2.682,2.018,2.071,2.642,2.601,3.083,2.992,2.531,2.468,2.64,2.896,2.607,2.706,2.796,2.85,2.223,2.555,1.782,1.394,2.083,2.032,2.363,2.714,2.667,2.687,2.485,2.349,2.958,2.725,2.342,2.445,2.838,2.723,2.231,2.241,3.007,2.901,2.518,2.645,4.011,4.067,2.652,2.25,906.0,835.0,416.0,757.0,2167.0,1706.0,1637.0,1662.0,458.0,418.0,321.0,286.0,2655.0,2900.0,5024.0,5796.0,2997.0,3456.0,2368.0,2134.0,1147.0,950.0,5485.0,5562.0,2548.0,2445.0,3290.0,3058.0,1962.0,1767.0,3189.0,2814.0,1346.0,1295.0,656.0,596.0,1211.0,1450.0,684.0,733.0,1136.0,949.0,1303.0,1172.0,3806.0,3626.0,1245.0,1134.0,4364.0,4538.0,4345.0,4606.0,669.0,515.0,5441.0,5783.0,6515.0,6165.0,5282.0,5793.0,3194.0,3439.0,4450.0,3499.0,455.0,508.0,379.0,277.0
A00028177,2.58,2.994,2.983,3.268,2.777,2.699,1.894,1.861,3.75,3.575,2.824,2.743,2.776,2.878,2.679,2.705,2.864,2.714,3.107,3.144,2.46,2.791,2.256,2.444,2.816,2.854,1.904,1.912,2.646,2.582,3.19,2.865,2.765,2.723,2.801,3.027,2.833,2.755,3.238,3.051,2.721,2.806,1.649,1.76,2.345,2.329,2.803,2.751,2.775,2.84,2.569,2.569,3.084,2.955,2.549,2.692,2.972,2.929,2.404,2.385,3.028,3.027,2.793,2.835,4.02,4.008,2.881,2.75,815.0,887.0,534.0,745.0,2020.0,1910.0,1613.0,1500.0,292.0,352.0,279.0,239.0,2754.0,2900.0,3533.0,4899.0,2688.0,3271.0,2190.0,2081.0,939.0,750.0,5087.0,4788.0,2375.0,2371.0,2921.0,2862.0,1485.0,1725.0,3189.0,2832.0,1174.0,1534.0,543.0,499.0,1329.0,1491.0,574.0,645.0,1298.0,1175.0,1356.0,1449.0,3868.0,3360.0,1090.0,1110.0,4474.0,4108.0,3686.0,3470.0,607.0,808.0,4813.0,4510.0,6759.0,6265.0,4749.0,4287.0,3460.0,3535.0,3353.0,2946.0,377.0,395.0,378.0,285.0
A00028184,2.316,2.242,2.495,2.47,2.637,2.764,1.742,1.785,3.033,3.169,2.571,2.701,2.57,2.628,2.476,2.422,2.81,2.665,2.76,2.942,2.577,2.55,2.059,2.145,2.603,2.621,1.813,1.743,2.453,2.322,2.724,2.883,2.46,2.392,2.512,2.416,2.668,2.56,2.688,2.839,2.428,2.329,1.641,1.683,2.043,1.983,2.438,2.62,2.454,2.483,2.413,2.409,2.666,2.785,2.295,2.44,2.817,2.736,2.16,2.286,2.756,2.643,2.489,2.356,3.461,3.881,2.024,1.78,856.0,782.0,482.0,679.0,1748.0,1642.0,1658.0,1835.0,399.0,418.0,280.0,250.0,3508.0,3161.0,3046.0,4241.0,2331.0,2655.0,2271.0,2095.0,712.0,417.0,5585.0,4654.0,2410.0,2601.0,3305.0,3177.0,1756.0,1730.0,2772.0,2429.0,1215.0,1363.0,710.0,648.0,1067.0,1384.0,710.0,878.0,1609.0,1358.0,1845.0,1562.0,3965.0,3615.0,895.0,964.0,4266.0,4310.0,3563.0,3793.0,563.0,878.0,5135.0,5021.0,6490.0,6218.0,4368.0,4626.0,3558.0,3935.0,3053.0,3350.0,423.0,469.0,524.0,379.0
A00028185,2.317,2.428,2.764,3.054,2.871,2.775,1.747,1.91,3.074,3.49,3.052,3.512,2.845,2.847,2.486,2.56,2.976,2.894,2.901,3.133,2.412,2.882,2.149,2.223,2.91,2.697,1.99,1.934,2.762,2.46,2.845,2.827,2.5,2.484,2.584,2.832,2.894,2.93,2.846,2.775,2.66,2.749,1.654,1.534,2.006,1.973,2.783,2.511,2.774,2.824,2.445,2.453,3.219,3.047,2.489,2.628,3.063,2.871,2.261,2.28,2.761,2.91,2.701,2.664,4.123,3.673,2.505,2.489,875.0,804.0,695.0,540.0,1863.0,1512.0,1577.0,1825.0,473.0,497.0,264.0,234.0,2996.0,3059.0,4095.0,5368.0,2763.0,2987.0,2277.0,2142.0,893.0,787.0,4994.0,5030.0,2592.0,2654.0,3589.0,3604.0,1787.0,1764.0,2992.0,2726.0,1373.0,1732.0,626.0,555.0,1301.0,1542.0,655.0,790.0,1521.0,1370.0,2162.0,1741.0,3689.0,3819.0,738.0,1293.0,4265.0,4246.0,3690.0,3695.0,482.0,715.0,5726.0,4874.0,6527.0,6734.0,4848.0,5250.0,3540.0,3812.0,4099.0,3059.0,424.0,493.0,434.0,323.0
A00028192,2.36,2.614,2.703,2.461,2.532,2.5,1.713,1.847,2.963,3.454,2.552,2.764,2.695,2.681,2.426,2.474,2.77,2.809,2.838,3.065,2.355,2.193,2.072,2.234,2.617,2.536,1.987,1.914,2.355,2.596,2.789,2.783,2.249,2.429,2.728,2.863,2.528,2.608,2.466,2.53,2.421,2.457,1.715,1.711,2.168,1.978,2.501,2.55,2.438,2.526,2.257,2.433,3.034,2.863,2.318,2.43,2.739,2.808,2.177,2.173,2.808,2.892,2.594,2.509,3.224,3.489,2.307,2.466,1042.0,1131.0,669.0,573.0,2304.0,1868.0,1677.0,1513.0,522.0,417.0,274.0,260.0,2904.0,3065.0,4399.0,5190.0,3188.0,3127.0,2190.0,2097.0,1057.0,895.0,5672.0,5449.0,2484.0,2801.0,3490.0,3374.0,1893.0,1817.0,3202.0,2913.0,1334.0,1587.0,573.0,581.0,1335.0,1425.0,714.0,834.0,1602.0,1218.0,1776.0,1755.0,4617.0,4311.0,1127.0,1182.0,5635.0,4521.0,3975.0,3842.0,428.0,917.0,5692.0,6025.0,6637.0,6165.0,4781.0,4827.0,3754.0,4099.0,3535.0,3894.0,499.0,479.0,423.0,299.0
A00028207,2.414,2.592,2.845,2.476,2.724,2.539,1.713,1.939,3.606,3.488,2.646,2.857,2.59,2.89,2.5,2.554,2.758,2.81,2.881,3.01,2.579,2.632,2.03,2.083,2.663,2.893,1.915,2.02,2.531,2.553,2.754,2.765,2.43,2.297,2.544,2.503,2.929,2.689,3.075,2.687,2.411,2.436,1.39,1.57,1.936,1.929,2.532,2.799,2.513,2.472,2.558,2.433,2.636,2.878,2.392,2.533,2.917,2.793,2.177,2.36,2.905,2.854,2.594,2.503,3.959,3.758,2.582,2.358,953.0,1007.0,553.0,813.0,2019.0,1999.0,1565.0,1807.0,344.0,318.0,337.0,258.0,3011.0,2682.0,3705.0,5394.0,2891.0,3318.0,2047.0,2205.0,760.0,795.0,5213.0,5073.0,2466.0,2208.0,3176.0,3007.0,1642.0,1846.0,3457.0,3552.0,1224.0,1557.0,599.0,635.0,1159.0,1576.0,613.0,844.0,1638.0,1423.0,1686.0,1457.0,4115.0,3953.0,1320.0,1009.0,4873.0,4789.0,3772.0,3848.0,614.0,868.0,6216.0,5747.0,6348.0,6327.0,5708.0,5849.0,4322.0,4291.0,4538.0,3606.0,460.0,473.0,460.0,367.0
A00028246,2.682,2.769,2.702,2.41,2.74,2.695,2.266,2.355,3.922,4.078,2.615,2.935,2.905,2.957,2.65,2.709,2.968,2.936,3.181,3.176,2.296,2.509,2.393,2.514,2.696,2.945,2.199,2.194,2.514,2.321,3.039,3.109,2.637,2.674,2.462,2.825,2.568,2.652,2.83,2.896,2.495,2.655,1.719,1.711,2.292,2.231,2.479,2.432,2.728,2.768,2.591,2.648,3.012,3.05,2.411,2.44,2.853,2.845,2.473,2.44,2.83,2.615,2.729,2.864,3.423,4.05,2.793,2.603,889.0,802.0,464.0,647.0,1633.0,1782.0,1159.0,1424.0,262.0,257.0,279.0,245.0,2183.0,2790.0,4015.0,4290.0,2318.0,2726.0,2204.0,2096.0,1123.0,902.0,4241.0,4217.0,2320.0,2004.0,3224.0,2836.0,1684.0,1707.0,2821.0,2667.0,1100.0,1230.0,616.0,566.0,1081.0,1307.0,607.0,625.0,1205.0,1442.0,1447.0,1241.0,3247.0,3251.0,979.0,992.0,3876.0,3613.0,3441.0,3213.0,463.0,466.0,4513.0,4863.0,5986.0,6232.0,4801.0,4731.0,2937.0,2950.0,2811.0,2983.0,332.0,377.0,308.0,226.0
A00028266,2.471,2.612,2.883,2.76,2.65,2.628,1.861,2.026,3.56,3.387,2.501,3.179,2.876,2.884,2.553,2.699,2.86,2.723,2.921,2.963,2.682,2.384,2.331,2.367,2.935,2.822,2.118,2.054,2.528,2.391,3.09,2.849,2.588,2.535,3.075,3.329,2.616,2.511,2.897,2.908,2.511,2.389,1.898,1.721,2.255,2.231,2.507,2.563,2.662,2.724,2.55,2.368,3.013,2.888,2.527,2.545,2.931,2.767,2.266,2.347,2.963,2.79,2.524,2.758,3.919,3.821,2.494,2.484,876.0,665.0,518.0,749.0,2521.0,2097.0,1462.0,1468.0,454.0,390.0,262.0,188.0,2629.0,2786.0,3605.0,4652.0,2704.0,2910.0,2174.0,2075.0,804.0,847.0,4542.0,4767.0,2196.0,2278.0,3157.0,2967.0,1671.0,1709.0,3016.0,2697.0,1325.0,1368.0,522.0,591.0,1336.0,1267.0,645.0,683.0,1242.0,1021.0,1436.0,1328.0,4043.0,3656.0,1110.0,852.0,4467.0,4595.0,3164.0,3639.0,507.0,630.0,4915.0,4606.0,6766.0,5643.0,4877.0,4751.0,2878.0,3275.0,3645.0,2894.0,485.0,420.0,396.0,244.0
A00028287,2.507,2.802,2.751,2.455,2.648,2.791,1.826,1.872,3.151,3.08,2.793,2.83,2.805,2.792,2.659,2.688,2.924,2.814,2.952,3.085,2.384,2.42,2.375,2.349,2.776,2.689,2.0,1.914,2.617,2.314,3.08,2.874,2.595,2.622,2.943,3.14,2.589,2.673,2.896,2.734,2.385,2.512,1.722,1.635,2.207,1.941,2.65,2.663,2.692,2.662,2.556,2.556,2.768,3.174,2.389,2.455,2.848,2.832,2.432,2.415,2.803,2.97,2.673,2.59,3.164,3.42,2.285,2.441,752.0,861.0,609.0,727.0,2144.0,2413.0,1344.0,1299.0,400.0,384.0,244.0,244.0,2905.0,3188.0,4447.0,6011.0,2882.0,3190.0,2347.0,2058.0,1006.0,850.0,4424.0,4086.0,2581.0,2463.0,2676.0,2579.0,1706.0,1806.0,3577.0,3288.0,1470.0,1715.0,794.0,741.0,1403.0,1412.0,814.0,984.0,1625.0,1741.0,1067.0,1060.0,4505.0,3726.0,1276.0,1331.0,5154.0,4845.0,4382.0,3833.0,621.0,770.0,5644.0,6002.0,8568.0,7413.0,5047.0,4832.0,3941.0,3777.0,3566.0,3576.0,465.0,498.0,457.0,340.0
A00028339,2.458,2.528,2.797,2.707,2.627,2.513,1.78,1.758,3.375,3.362,2.411,2.565,2.711,2.755,2.44,2.554,2.777,2.936,3.078,3.04,2.668,2.262,2.189,2.251,2.763,2.778,2.197,1.927,2.565,2.368,2.912,2.885,2.383,2.386,3.158,2.872,2.489,2.523,2.773,2.843,2.469,2.404,1.512,1.471,2.136,2.192,2.461,2.831,2.502,2.501,2.386,2.389,2.734,3.008,2.348,2.387,2.75,2.569,2.211,2.243,2.859,2.825,2.49,2.628,4.133,3.848,2.314,2.476,913.0,752.0,689.0,550.0,1946.0,1698.0,1422.0,1298.0,394.0,587.0,283.0,217.0,2891.0,3467.0,3490.0,4007.0,3136.0,3222.0,2334.0,2160.0,902.0,910.0,4431.0,3935.0,2345.0,2332.0,2914.0,2467.0,1716.0,1743.0,3334.0,2979.0,1276.0,1269.0,710.0,848.0,1280.0,1418.0,605.0,686.0,1526.0,1260.0,1480.0,1361.0,3861.0,3841.0,1027.0,1130.0,4590.0,4388.0,4014.0,4028.0,482.0,777.0,4498.0,4883.0,6795.0,6259.0,5584.0,5453.0,3366.0,3376.0,3735.0,3819.0,404.0,422.0,412.0,324.0
A00028352,2.67,2.616,2.746,2.974,2.754,2.768,1.947,1.881,2.732,3.096,2.916,3.337,2.904,2.875,2.581,2.606,2.695,2.664,3.115,3.347,2.488,2.116,2.284,2.284,2.663,2.615,2.118,2.112,2.582,2.768,3.072,3.074,2.838,2.713,2.732,2.777,2.757,2.844,2.947,2.897,2.667,2.809,1.466,1.694,2.113,2.121,2.692,2.76,2.7,2.711,2.512,2.472,3.325,3.004,2.376,2.635,3.107,3.037,2.316,2.368,2.846,2.888,2.721,2.655,3.649,3.648,2.505,2.277,894.0,724.0,332.0,498.0,1478.0,1322.0,1347.0,1353.0,426.0,322.0,250.0,251.0,3037.0,2519.0,3614.0,4606.0,3003.0,2901.0,2178.0,2043.0,872.0,642.0,4408.0,4680.0,2678.0,2755.0,2682.0,2970.0,1505.0,1748.0,3138.0,3077.0,952.0,1287.0,565.0,547.0,1322.0,1281.0,639.0,813.0,1712.0,1389.0,1426.0,1416.0,3271.0,3290.0,918.0,788.0,3974.0,3855.0,3415.0,3580.0,389.0,675.0,4670.0,5339.0,5939.0,5772.0,4835.0,4103.0,3173.0,3629.0,3077.0,2693.0,359.0,460.0,412.0,313.0
A00028380,2.766,2.532,2.692,2.693,2.603,2.519,1.69,1.898,3.137,2.893,2.859,2.664,2.831,2.857,2.624,2.735,3.03,2.978,2.896,3.019,2.741,2.252,2.161,2.384,2.831,2.794,1.968,1.987,2.369,2.522,2.999,3.043,2.385,2.525,2.317,2.303,2.486,2.545,2.475,2.611,2.542,2.48,1.628,1.444,2.115,2.133,2.494,2.7,2.659,2.546,2.553,2.475,2.867,2.694,2.269,2.276,2.725,2.707,2.318,2.333,2.801,2.817,2.559,2.628,3.742,3.906,2.686,2.463,849.0,979.0,613.0,607.0,1701.0,1428.0,1127.0,1223.0,368.0,370.0,249.0,237.0,2514.0,2730.0,3805.0,4115.0,2684.0,2735.0,2241.0,2130.0,737.0,629.0,4088.0,3307.0,2318.0,2233.0,2617.0,2712.0,1555.0,1598.0,3239.0,2600.0,1389.0,1700.0,695.0,702.0,1178.0,1487.0,702.0,669.0,1500.0,1233.0,1126.0,1048.0,3617.0,3483.0,1153.0,1007.0,4299.0,4288.0,3428.0,3063.0,606.0,735.0,4595.0,4741.0,6389.0,6127.0,4798.0,5188.0,3545.0,3530.0,3506.0,3917.0,495.0,420.0,443.0,314.0
A00028389,2.424,2.54,2.869,2.77,2.651,2.735,1.931,1.996,3.646,3.647,2.447,2.958,3.048,3.049,2.433,2.483,2.767,2.707,3.182,2.994,2.23,2.448,2.183,2.214,2.858,2.842,2.154,2.074,2.47,2.477,3.007,2.961,2.546,2.46,3.323,3.106,2.674,2.612,3.087,2.862,2.465,2.396,1.617,1.651,2.037,2.196,2.613,2.57,2.579,2.658,2.356,2.43,3.03,2.826,2.447,2.485,2.834,2.837,2.267,2.176,2.698,2.701,2.494,2.597,3.702,3.684,2.488,2.235,932.0,838.0,406.0,781.0,1919.0,1892.0,1311.0,1553.0,416.0,341.0,292.0,319.0,2917.0,2797.0,3744.0,5399.0,2798.0,3113.0,2125.0,2455.0,1026.0,979.0,5328.0,5258.0,2294.0,2440.0,3920.0,3632.0,1915.0,1737.0,3037.0,2758.0,1159.0,1459.0,630.0,623.0,1187.0,1294.0,624.0,819.0,1281.0,1213.0,1507.0,1558.0,3611.0,3917.0,1282.0,1119.0,4653.0,4441.0,3739.0,3824.0,571.0,578.0,4871.0,4911.0,7048.0,6021.0,5046.0,5258.0,3673.0,4089.0,4820.0,3906.0,402.0,419.0,419.0,341.0
A00028399,2.161,2.555,2.367,2.374,2.324,2.438,1.708,1.886,3.537,3.433,2.578,2.582,2.677,2.813,2.304,2.501,2.766,2.809,2.987,2.865,1.979,2.091,2.171,2.274,2.567,2.638,2.057,2.063,2.361,2.359,2.928,2.863,2.518,2.619,2.707,2.693,2.56,2.492,2.567,2.648,2.319,2.427,1.499,1.44,2.037,2.055,2.421,2.375,2.531,2.536,2.269,2.358,2.521,2.989,2.342,2.326,2.642,2.641,2.139,2.109,2.875,2.757,2.421,2.603,3.936,3.976,2.109,2.01,1090.0,839.0,544.0,767.0,1666.0,1553.0,1495.0,1534.0,427.0,364.0,303.0,225.0,2956.0,3130.0,4350.0,4507.0,3072.0,3196.0,2435.0,2466.0,948.0,955.0,5144.0,5066.0,2563.0,2385.0,2321.0,2495.0,1679.0,1871.0,3557.0,3106.0,1269.0,1352.0,590.0,633.0,1079.0,1290.0,662.0,862.0,1301.0,1283.0,1251.0,1046.0,3747.0,3904.0,1057.0,1075.0,4730.0,4682.0,3897.0,3768.0,603.0,683.0,5605.0,5392.0,6818.0,6112.0,5421.0,4593.0,3785.0,3834.0,4419.0,3982.0,438.0,433.0,523.0,345.0
A00028400,2.33,2.487,2.707,3.122,2.657,2.661,2.013,2.003,3.716,3.312,3.348,3.082,2.859,2.744,2.552,2.478,2.879,2.86,3.125,3.103,2.456,2.73,2.168,2.236,2.904,2.773,2.096,2.047,2.852,2.569,2.861,2.824,2.552,2.611,2.691,2.715,2.761,2.616,2.715,2.771,2.591,2.508,1.47,1.392,2.178,2.197,2.476,2.641,2.586,2.651,2.411,2.427,2.5,2.834,2.434,2.608,2.862,2.817,2.283,2.201,2.929,2.823,2.627,2.693,3.873,3.578,2.297,2.471,1021.0,919.0,663.0,548.0,2446.0,2285.0,1655.0,1498.0,479.0,405.0,292.0,266.0,3127.0,3651.0,4318.0,6053.0,3647.0,4142.0,2575.0,2945.0,938.0,852.0,5978.0,5253.0,2539.0,2532.0,3617.0,3334.0,1621.0,1935.0,3884.0,3593.0,1418.0,1523.0,663.0,651.0,1244.0,1778.0,750.0,891.0,1742.0,1485.0,1499.0,1559.0,4194.0,4273.0,1199.0,999.0,5640.0,5571.0,4122.0,3743.0,450.0,765.0,5541.0,5899.0,7338.0,7683.0,5276.0,5105.0,4067.0,4299.0,3657.0,4045.0,594.0,501.0,533.0,349.0
A00028429,2.651,2.626,2.765,2.818,2.737,2.836,1.793,1.698,3.528,3.759,3.173,2.948,2.88,2.874,2.497,2.617,2.847,2.657,3.194,3.252,2.527,2.598,2.161,2.092,2.798,2.758,2.171,2.03,2.677,2.591,2.942,2.976,2.598,2.5,3.281,2.974,2.818,2.72,3.06,2.728,2.59,2.598,1.333,1.406,2.141,2.033,2.515,2.651,2.645,2.659,2.467,2.54,2.994,2.988,2.523,2.573,2.909,2.884,2.284,2.236,2.864,2.846,2.712,2.714,3.569,3.894,2.496,2.261,1019.0,951.0,567.0,621.0,2613.0,2541.0,1480.0,1460.0,438.0,398.0,305.0,256.0,3140.0,3094.0,3603.0,4944.0,3271.0,2941.0,2291.0,2289.0,994.0,780.0,4873.0,5247.0,2518.0,2701.0,2974.0,3366.0,1925.0,1896.0,3525.0,2936.0,1358.0,1679.0,588.0,644.0,1584.0,1654.0,628.0,839.0,1551.0,1335.0,1266.0,1181.0,4079.0,3828.0,1094.0,1216.0,4831.0,5095.0,3702.0,3643.0,625.0,671.0,5274.0,5427.0,7940.0,7413.0,4765.0,4704.0,3656.0,4337.0,4351.0,3537.0,464.0,423.0,473.0,364.0
A00028468,2.496,2.513,2.562,2.534,2.657,2.768,1.76,1.92,3.78,4.196,2.621,2.583,2.957,2.913,2.439,2.649,2.975,2.924,3.115,3.238,2.285,2.553,2.18,2.013,2.803,2.677,2.205,2.217,2.583,2.615,2.948,2.97,2.54,2.626,2.444,2.347,2.682,2.738,2.601,2.654,2.755,2.55,1.454,1.61,2.198,2.103,2.58,2.305,2.543,2.693,2.549,2.581,2.774,2.899,2.372,2.539,2.781,2.821,2.344,2.37,2.942,2.828,2.727,2.666,4.034,3.546,2.281,2.631,1001.0,941.0,533.0,615.0,3060.0,2415.0,1385.0,1561.0,336.0,240.0,359.0,255.0,3040.0,2947.0,4446.0,5376.0,3379.0,3375.0,2357.0,2320.0,982.0,875.0,4776.0,4763.0,2908.0,2744.0,3469.0,2704.0,1956.0,1983.0,3745.0,3305.0,1194.0,1285.0,659.0,629.0,1632.0,1700.0,689.0,823.0,1654.0,1267.0,1394.0,1363.0,4314.0,3946.0,1113.0,1134.0,4714.0,4715.0,3573.0,3996.0,583.0,920.0,6718.0,6044.0,7984.0,6971.0,5127.0,5416.0,3705.0,4215.0,4997.0,3798.0,450.0,428.0,512.0,385.0
A00028552,2.639,2.425,2.97,2.564,2.494,2.585,1.791,1.779,3.405,3.042,2.852,2.83,2.762,2.572,2.386,2.323,2.693,2.911,2.863,2.951,2.354,2.436,2.137,2.162,2.774,2.968,1.901,1.816,2.684,2.578,2.732,2.804,2.555,2.422,2.9,2.508,2.598,2.496,2.76,2.922,2.461,2.516,1.417,1.514,2.033,2.078,2.379,2.366,2.461,2.592,2.215,2.209,2.983,3.306,2.292,2.351,2.635,2.681,2.06,2.107,2.722,2.698,2.493,2.545,3.38,3.395,2.446,2.365,811.0,682.0,406.0,554.0,2046.0,1935.0,1178.0,1075.0,369.0,392.0,268.0,270.0,3127.0,2814.0,3568.0,3870.0,3088.0,2393.0,2377.0,2021.0,991.0,818.0,4613.0,4298.0,2159.0,2398.0,2875.0,2444.0,1610.0,1589.0,3082.0,2641.0,1306.0,1604.0,595.0,741.0,1083.0,1328.0,658.0,745.0,1445.0,1192.0,1321.0,985.0,3799.0,3938.0,917.0,965.0,4975.0,4874.0,3391.0,3381.0,587.0,570.0,4661.0,4582.0,6643.0,6292.0,4694.0,4735.0,3574.0,3481.0,3891.0,3543.0,463.0,406.0,354.0,308.0
A00028605,2.194,2.386,2.824,2.632,2.513,2.502,2.046,1.918,3.697,3.647,2.993,3.014,2.779,2.801,2.474,2.522,2.748,2.848,3.043,3.087,2.495,2.36,2.088,2.073,2.743,2.783,1.957,1.895,2.457,2.428,2.968,2.843,2.332,2.182,2.714,3.044,2.497,2.53,2.993,2.733,2.485,2.562,1.589,1.439,2.208,2.062,2.582,2.374,2.441,2.476,2.317,2.339,2.636,3.065,2.353,2.352,2.545,2.61,2.107,2.166,2.779,2.75,2.507,2.52,3.829,3.83,2.252,2.333,668.0,678.0,488.0,669.0,2134.0,2020.0,1728.0,1571.0,412.0,402.0,285.0,220.0,2870.0,2676.0,3649.0,3926.0,3455.0,3199.0,2064.0,1965.0,981.0,827.0,4432.0,5150.0,2302.0,2066.0,2689.0,2671.0,1805.0,1796.0,3196.0,2963.0,1140.0,1299.0,522.0,565.0,1133.0,1197.0,600.0,665.0,1291.0,1054.0,1104.0,1700.0,4016.0,3797.0,1010.0,1039.0,4249.0,4435.0,3144.0,3430.0,546.0,790.0,5028.0,4711.0,6700.0,6204.0,5281.0,4804.0,3037.0,3240.0,3309.0,3415.0,494.0,437.0,389.0,270.0
A00028613,2.401,2.451,2.978,2.778,2.303,2.292,2.005,1.932,3.445,2.879,2.9,2.473,2.932,2.844,2.487,2.416,2.69,2.706,3.094,3.105,2.455,2.345,2.191,2.355,2.608,2.796,2.185,2.045,2.397,2.628,2.871,2.828,2.276,2.311,2.955,3.135,2.579,2.412,2.595,2.614,2.367,2.19,1.421,1.458,2.013,2.041,2.53,2.405,2.375,2.421,2.336,2.419,2.926,2.839,2.261,2.275,2.515,2.549,2.108,2.201,2.8,2.513,2.519,2.678,3.928,3.936,2.406,2.434,867.0,831.0,541.0,530.0,1895.0,1792.0,1271.0,1259.0,502.0,417.0,276.0,230.0,2637.0,2998.0,3823.0,5182.0,2975.0,3153.0,2257.0,2137.0,887.0,759.0,4999.0,4625.0,2323.0,2111.0,2438.0,2070.0,1656.0,1741.0,2923.0,2763.0,1016.0,1173.0,513.0,632.0,1136.0,1600.0,642.0,705.0,1331.0,1326.0,954.0,835.0,3898.0,3599.0,1131.0,1119.0,4529.0,4287.0,3004.0,3091.0,418.0,662.0,5041.0,5144.0,6390.0,6192.0,4829.0,4833.0,3318.0,3383.0,3284.0,2917.0,451.0,380.0,425.0,278.0
A00028625,2.358,2.416,3.538,2.938,2.583,2.362,2.042,1.996,3.916,3.031,2.978,2.942,2.731,2.755,2.363,2.505,2.893,2.632,2.972,3.098,2.294,2.391,2.102,2.178,2.799,2.878,2.13,2.065,2.423,2.504,2.77,2.59,2.157,2.198,3.082,3.173,2.592,2.473,2.78,2.87,2.633,2.309,1.757,1.907,2.069,1.981,2.313,2.433,2.346,2.397,2.357,2.207,3.08,3.206,2.547,2.485,2.665,2.653,1.947,2.141,2.823,2.64,2.414,2.45,3.793,3.98,2.294,2.296,881.0,713.0,524.0,680.0,2050.0,1741.0,1360.0,1392.0,325.0,356.0,272.0,249.0,2255.0,2619.0,3529.0,4293.0,2410.0,2226.0,2090.0,1905.0,939.0,864.0,4512.0,4175.0,2155.0,2408.0,3186.0,2762.0,1673.0,1760.0,2729.0,2428.0,1187.0,1411.0,553.0,537.0,1018.0,1271.0,551.0,796.0,1130.0,1108.0,1667.0,1510.0,4129.0,3654.0,982.0,924.0,4567.0,4620.0,2841.0,3061.0,632.0,504.0,4273.0,4405.0,6324.0,6164.0,3987.0,3949.0,3006.0,3180.0,3513.0,3196.0,421.0,391.0,376.0,243.0
A00028656,2.471,2.86,2.548,2.516,2.905,2.883,2.277,2.306,3.555,3.752,2.616,2.743,2.856,2.979,2.518,2.681,2.846,2.869,3.183,3.23,2.457,2.527,2.388,2.49,2.829,2.841,2.289,2.227,2.427,2.601,3.05,3.07,2.689,2.956,3.093,3.16,2.695,2.708,3.157,2.95,2.591,2.621,1.773,1.961,2.191,2.273,2.393,2.438,2.709,2.891,2.512,2.618,3.06,2.862,2.547,2.618,3.052,2.929,2.306,2.305,3.096,3.002,2.787,2.786,3.667,3.918,2.821,2.516,1025.0,776.0,530.0,757.0,2734.0,2065.0,1624.0,1738.0,505.0,426.0,319.0,235.0,3195.0,3067.0,4845.0,5730.0,3573.0,3338.0,2845.0,2464.0,1175.0,1206.0,4778.0,5300.0,2746.0,2881.0,3440.0,3597.0,1720.0,2047.0,4065.0,3688.0,1321.0,1195.0,712.0,585.0,1088.0,1763.0,818.0,931.0,1522.0,1375.0,1750.0,1735.0,4620.0,4729.0,1244.0,1174.0,4959.0,4629.0,4118.0,3956.0,670.0,891.0,6042.0,6257.0,7449.0,7674.0,5625.0,5022.0,3554.0,3953.0,4009.0,3850.0,501.0,526.0,417.0,281.0
A00028678,2.135,2.356,2.401,2.488,2.163,2.35,1.622,1.532,3.246,3.387,1.407,0.754,2.437,2.53,2.218,2.262,2.7,2.694,2.78,2.864,2.35,2.282,1.915,1.93,2.413,2.48,1.607,1.655,2.218,2.26,2.7,2.789,2.131,2.266,2.603,2.584,2.452,2.467,2.249,2.474,2.367,2.282,1.502,1.367,1.889,1.848,2.394,2.333,2.279,2.316,2.144,2.179,2.639,2.596,2.043,1.878,2.432,2.327,1.848,1.955,2.676,2.564,2.333,2.3,3.085,3.672,1.991,1.674,869.0,803.0,363.0,388.0,1595.0,1563.0,1728.0,1580.0,324.0,417.0,190.0,159.0,3055.0,3183.0,3642.0,4421.0,3057.0,2928.0,2192.0,2253.0,859.0,746.0,4793.0,4723.0,2388.0,2297.0,2588.0,2459.0,1778.0,1815.0,3144.0,2865.0,1325.0,1645.0,607.0,583.0,1061.0,1199.0,485.0,720.0,1122.0,1019.0,1309.0,1435.0,4080.0,3847.0,866.0,905.0,4732.0,4789.0,3161.0,3450.0,472.0,563.0,3429.0,2817.0,5287.0,5797.0,5219.0,5412.0,3203.0,3617.0,4523.0,3453.0,368.0,424.0,438.0,329.0
A00028691,2.715,2.641,2.325,2.247,2.624,2.499,1.913,1.896,3.315,3.811,2.755,2.261,3.004,2.877,2.439,2.49,2.905,2.698,3.061,3.009,2.265,2.45,2.314,2.353,2.923,2.603,2.128,2.254,2.618,2.538,2.86,2.878,2.661,2.626,3.019,2.919,2.534,2.666,2.972,2.495,2.383,2.66,1.559,1.61,2.2,2.125,2.321,2.247,2.658,2.741,2.426,2.555,2.53,3.005,2.314,2.324,2.71,2.674,2.347,2.282,2.866,2.827,2.497,2.63,3.875,3.322,2.849,2.245,1016.0,868.0,719.0,568.0,1944.0,1708.0,1321.0,1431.0,380.0,369.0,282.0,220.0,2723.0,3154.0,4575.0,5082.0,2738.0,2811.0,2215.0,2269.0,946.0,764.0,5039.0,5654.0,2455.0,2637.0,3116.0,2856.0,1748.0,1926.0,3355.0,2447.0,1327.0,1523.0,633.0,640.0,1317.0,1392.0,675.0,752.0,1310.0,1067.0,1444.0,1349.0,3683.0,3595.0,1185.0,1227.0,4432.0,4214.0,3451.0,3286.0,420.0,741.0,5442.0,4824.0,6209.0,6038.0,4804.0,4554.0,3748.0,3575.0,3852.0,3546.0,385.0,420.0,403.0,349.0
A00028694,2.41,2.56,2.578,2.299,2.651,2.719,1.753,1.883,3.462,3.28,2.489,2.632,2.846,2.766,2.545,2.507,2.772,2.78,3.081,3.003,2.654,2.337,2.094,2.181,2.744,2.667,2.144,1.992,2.399,2.419,3.001,2.992,2.595,2.545,2.662,2.391,2.709,2.628,2.592,2.638,2.455,2.598,1.443,1.571,2.203,2.222,2.063,2.609,2.711,2.684,2.475,2.537,2.643,2.708,2.356,2.374,2.801,2.773,2.032,2.316,2.775,2.648,2.621,2.602,3.902,3.63,2.39,2.321,926.0,970.0,598.0,739.0,2332.0,1678.0,1174.0,1241.0,369.0,322.0,320.0,225.0,2561.0,2699.0,4790.0,4719.0,2689.0,3089.0,1928.0,1899.0,915.0,790.0,4781.0,3996.0,2755.0,2479.0,2362.0,2518.0,1734.0,2069.0,3490.0,3339.0,1371.0,1374.0,541.0,677.0,1294.0,1777.0,648.0,744.0,1348.0,1111.0,1050.0,955.0,3988.0,3941.0,1108.0,1061.0,4017.0,4485.0,4092.0,4125.0,547.0,806.0,5265.0,4532.0,6307.0,5983.0,4683.0,5018.0,3479.0,3690.0,3399.0,4018.0,392.0,346.0,407.0,299.0
A00028753,2.327,2.456,3.029,2.27,2.652,2.564,1.963,1.97,3.777,3.635,3.335,3.067,2.863,2.81,2.566,2.525,2.888,2.798,3.017,3.145,2.498,2.216,2.142,2.299,2.648,2.634,2.108,2.063,2.563,2.383,2.823,2.872,2.688,2.809,2.389,2.585,2.637,2.552,2.732,2.879,2.33,2.441,1.747,1.496,2.106,2.143,2.401,2.63,2.675,2.725,2.353,2.38,3.022,3.077,2.472,2.465,2.859,2.827,2.327,2.296,2.829,2.733,2.552,2.635,3.363,3.225,2.616,2.622,880.0,1038.0,825.0,593.0,1881.0,2084.0,1616.0,1492.0,278.0,434.0,299.0,267.0,3121.0,3375.0,4456.0,5616.0,2814.0,3444.0,2620.0,2533.0,1028.0,851.0,4308.0,4407.0,2612.0,2676.0,3196.0,3025.0,1917.0,1938.0,3520.0,3608.0,1496.0,1543.0,572.0,653.0,1461.0,1698.0,673.0,806.0,1823.0,1396.0,1695.0,1549.0,4362.0,3808.0,1470.0,1237.0,4406.0,4662.0,3680.0,3753.0,570.0,872.0,5850.0,5716.0,7002.0,6521.0,5628.0,5947.0,3913.0,4292.0,3940.0,4406.0,505.0,559.0,411.0,385.0
A00028754,2.331,2.478,2.957,2.865,2.576,2.382,1.824,1.934,2.991,3.996,2.683,2.458,2.619,2.722,2.386,2.418,2.576,2.55,2.869,2.786,2.27,2.477,2.141,2.316,2.706,2.434,2.124,2.0,2.449,2.378,2.667,2.788,2.559,2.483,2.544,2.739,2.419,2.481,2.73,2.537,2.366,2.368,1.84,1.546,2.143,2.158,2.491,2.421,2.466,2.576,2.42,2.318,2.836,2.876,2.294,2.349,2.794,2.648,2.162,2.27,2.602,2.531,2.641,2.482,3.147,3.459,2.23,2.31,830.0,984.0,602.0,603.0,1500.0,1780.0,1798.0,1577.0,350.0,302.0,324.0,263.0,2866.0,3081.0,4144.0,5280.0,2756.0,3189.0,2110.0,2103.0,1170.0,777.0,5220.0,5314.0,2595.0,2591.0,3131.0,3045.0,1639.0,1878.0,3276.0,3091.0,1225.0,1409.0,551.0,545.0,1014.0,1402.0,672.0,798.0,1384.0,1268.0,1655.0,1432.0,3477.0,3750.0,1216.0,1097.0,4089.0,3904.0,3328.0,3393.0,461.0,598.0,5345.0,5442.0,6501.0,6580.0,4509.0,4678.0,3543.0,3632.0,3467.0,3221.0,445.0,342.0,363.0,284.0
A00028784,2.461,2.803,2.631,2.621,2.853,2.725,1.737,1.706,3.052,3.072,2.88,2.613,2.823,2.771,2.581,2.549,2.768,2.954,2.84,2.966,2.451,2.363,2.262,2.247,2.61,2.665,1.906,1.807,2.474,2.465,2.848,3.035,2.633,2.58,2.642,2.738,2.595,2.688,3.004,2.955,2.508,2.683,1.465,1.487,2.152,2.076,2.519,2.701,2.588,2.635,2.468,2.568,3.096,2.943,2.536,2.498,2.888,2.867,2.331,2.326,2.911,2.968,2.734,2.654,3.633,3.562,2.91,2.298,814.0,790.0,332.0,576.0,2017.0,1823.0,1358.0,1450.0,398.0,332.0,303.0,212.0,2685.0,2790.0,3538.0,4869.0,2756.0,2473.0,2202.0,2191.0,859.0,956.0,4115.0,4261.0,2486.0,2298.0,3025.0,3058.0,1563.0,1686.0,2980.0,2550.0,1115.0,1338.0,526.0,627.0,1125.0,1306.0,581.0,803.0,1409.0,970.0,1508.0,1195.0,4087.0,3700.0,987.0,777.0,4369.0,4336.0,3178.0,3305.0,426.0,670.0,4496.0,4905.0,5877.0,5936.0,4478.0,4112.0,3396.0,3829.0,3667.0,2859.0,419.0,519.0,443.0,333.0
A00028822,2.423,2.628,2.615,2.843,2.295,2.283,1.731,1.766,3.302,3.499,2.794,2.918,2.732,2.681,2.39,2.444,2.86,2.804,2.816,2.878,2.318,2.371,2.238,2.329,2.631,2.707,1.976,1.969,2.319,2.126,2.939,2.59,2.354,2.367,2.614,3.178,2.481,2.421,2.715,2.823,2.259,2.199,1.422,1.455,2.038,2.1,2.539,2.496,2.357,2.405,2.298,2.306,2.638,2.629,2.239,2.235,2.479,2.448,2.131,2.182,2.849,2.711,2.4,2.543,4.04,3.909,2.485,2.914,924.0,903.0,914.0,661.0,1984.0,1929.0,1231.0,1266.0,477.0,418.0,271.0,213.0,2827.0,3044.0,4030.0,4664.0,2774.0,2934.0,2430.0,2272.0,964.0,750.0,4422.0,4103.0,2383.0,2171.0,2441.0,2496.0,1528.0,1936.0,3052.0,3025.0,1174.0,1362.0,530.0,547.0,1153.0,1461.0,650.0,658.0,1479.0,1298.0,1256.0,1103.0,3594.0,3359.0,1021.0,1045.0,4793.0,4365.0,3377.0,3359.0,571.0,902.0,4982.0,4725.0,6700.0,6585.0,4285.0,3978.0,3266.0,3567.0,2777.0,3033.0,484.0,523.0,377.0,244.0
A00028842,2.442,2.763,2.512,2.607,2.613,2.535,1.937,1.786,3.652,3.986,2.249,2.644,2.932,2.732,2.319,2.566,2.829,2.72,3.035,2.9,2.329,2.444,2.078,2.072,2.598,2.766,1.977,1.938,2.337,2.434,2.895,2.775,2.511,2.506,2.317,2.721,2.756,2.648,2.6,2.63,2.466,2.547,1.412,1.57,2.207,2.192,2.487,2.399,2.573,2.613,2.365,2.363,2.795,2.719,2.327,2.447,2.753,2.704,2.126,2.209,2.857,2.771,2.543,2.687,3.556,3.452,2.355,2.291,1064.0,826.0,411.0,718.0,1761.0,1687.0,1253.0,1462.0,399.0,368.0,298.0,253.0,2814.0,2733.0,4984.0,5734.0,3156.0,2818.0,2320.0,2572.0,1100.0,814.0,4823.0,4978.0,2533.0,2379.0,2979.0,2709.0,1930.0,2036.0,3158.0,3046.0,1194.0,1470.0,620.0,519.0,1142.0,1632.0,748.0,885.0,1544.0,1270.0,1362.0,1158.0,3982.0,3619.0,1135.0,1047.0,4715.0,4563.0,3083.0,3082.0,544.0,684.0,5282.0,5640.0,7126.0,7277.0,4521.0,3950.0,3404.0,4488.0,3255.0,3475.0,454.0,452.0,422.0,306.0
A00028844,2.688,3.061,2.28,2.353,2.837,2.833,2.041,1.863,3.281,3.328,3.242,3.329,3.136,2.948,2.575,2.689,3.063,2.943,3.033,3.291,2.294,2.401,2.185,2.292,2.939,2.843,2.149,2.19,2.574,2.631,3.126,3.126,2.523,2.602,2.242,2.2,2.989,3.241,3.12,2.566,2.674,2.904,1.483,1.501,2.044,1.996,2.513,2.49,2.695,2.827,2.561,2.447,2.921,2.912,2.597,2.733,3.218,3.048,2.27,2.202,3.081,2.933,2.649,2.73,3.467,3.06,2.379,2.532,1140.0,1015.0,527.0,715.0,1781.0,1819.0,1250.0,1223.0,493.0,420.0,262.0,214.0,2777.0,3128.0,4361.0,5683.0,3325.0,3574.0,2096.0,1913.0,933.0,894.0,4494.0,4003.0,2490.0,2370.0,2642.0,2466.0,1914.0,1842.0,3481.0,3295.0,1279.0,1517.0,762.0,844.0,1159.0,1296.0,628.0,716.0,1249.0,1079.0,1167.0,1257.0,3814.0,4296.0,1057.0,1107.0,4649.0,4430.0,3181.0,3710.0,572.0,614.0,4957.0,4843.0,6170.0,5938.0,5150.0,4736.0,3578.0,4206.0,4458.0,3505.0,495.0,452.0,389.0,224.0
A00028845,2.164,2.348,2.941,2.227,2.336,2.343,1.821,1.855,3.184,3.118,2.235,2.605,2.543,2.45,2.191,2.145,2.744,2.903,3.199,2.991,2.29,2.028,2.071,2.184,2.569,2.652,1.869,1.864,2.266,2.221,2.638,2.441,2.287,2.298,2.903,3.133,2.279,2.533,2.707,2.759,2.373,2.323,1.512,1.501,1.903,1.797,2.134,2.49,2.266,2.241,2.063,2.081,3.128,2.496,2.256,2.189,2.467,2.513,1.943,1.997,2.389,2.394,2.263,2.266,3.417,4.026,2.058,1.958,1233.0,869.0,618.0,585.0,2431.0,2242.0,1808.0,2071.0,481.0,410.0,320.0,227.0,2942.0,3510.0,3668.0,4505.0,3818.0,2948.0,2421.0,2448.0,1028.0,1120.0,5678.0,5728.0,2480.0,2304.0,3355.0,2655.0,2039.0,1847.0,3873.0,3395.0,1197.0,1248.0,609.0,582.0,1480.0,1443.0,790.0,839.0,1649.0,1441.0,2062.0,1563.0,4801.0,4600.0,1153.0,1280.0,5353.0,5279.0,4138.0,4567.0,433.0,937.0,5765.0,5851.0,7384.0,7316.0,5264.0,5792.0,4006.0,4690.0,4312.0,3995.0,434.0,309.0,469.0,355.0
A00028912,2.254,2.359,2.592,2.576,2.513,2.397,1.718,1.615,3.254,3.5,2.544,2.37,2.574,2.658,2.295,2.419,2.682,2.808,2.933,2.899,2.414,2.433,2.126,2.263,2.476,2.595,1.946,1.848,2.278,2.465,2.728,2.703,2.277,2.351,2.54,2.397,2.544,2.59,2.609,2.521,2.321,2.309,1.616,1.507,1.848,1.842,2.309,2.479,2.42,2.45,2.224,2.2,2.692,2.473,2.151,2.205,2.558,2.465,2.085,2.063,2.53,2.461,2.298,2.301,3.442,3.907,2.157,1.882,977.0,838.0,647.0,995.0,2136.0,1995.0,1271.0,1633.0,354.0,488.0,282.0,247.0,3100.0,2907.0,4253.0,5664.0,3052.0,3021.0,2051.0,2158.0,990.0,875.0,5019.0,4916.0,2705.0,2700.0,3309.0,3120.0,1802.0,2006.0,3053.0,3072.0,1288.0,1569.0,601.0,578.0,1219.0,1336.0,779.0,922.0,1360.0,1217.0,1557.0,1186.0,4192.0,4522.0,1225.0,1131.0,5362.0,4890.0,3598.0,4261.0,776.0,914.0,5610.0,4936.0,7914.0,6147.0,4327.0,5070.0,3554.0,4123.0,3594.0,3321.0,414.0,475.0,445.0,350.0
A00028929,2.504,2.654,2.619,2.738,2.671,2.608,1.914,1.647,3.101,3.109,3.211,2.764,2.728,2.77,2.525,2.434,2.633,2.638,2.773,2.89,2.394,2.23,2.201,2.325,2.698,2.769,1.893,1.908,2.529,2.536,2.952,2.93,2.292,2.292,2.61,2.734,2.439,2.453,2.701,2.749,2.585,2.572,1.439,1.657,2.091,1.951,2.369,2.309,2.524,2.588,2.447,2.332,3.027,2.816,2.39,2.506,2.764,2.713,2.151,2.266,2.877,2.652,2.633,2.575,3.395,3.606,2.439,2.286,868.0,737.0,515.0,583.0,1976.0,1790.0,1099.0,1374.0,345.0,390.0,247.0,249.0,3156.0,3121.0,4161.0,4653.0,2516.0,2413.0,2179.0,2121.0,867.0,812.0,4827.0,4046.0,2208.0,1944.0,2760.0,2557.0,1696.0,1678.0,2879.0,2257.0,1286.0,1495.0,552.0,587.0,1235.0,1536.0,593.0,697.0,1349.0,1263.0,1411.0,1095.0,3276.0,3455.0,1111.0,1181.0,4576.0,3993.0,3470.0,3966.0,385.0,609.0,4428.0,4574.0,5989.0,5821.0,4612.0,4248.0,3174.0,3212.0,2955.0,3103.0,382.0,440.0,339.0,258.0
A00028994,3.124,3.023,2.882,2.649,3.004,2.752,2.125,1.932,3.905,3.678,2.74,3.096,3.157,2.969,2.74,2.84,3.24,3.002,3.042,3.132,2.822,2.466,2.337,2.334,3.027,2.996,2.236,2.281,2.648,2.653,3.448,3.36,2.582,2.644,3.107,3.152,2.895,2.819,3.041,3.193,2.861,2.585,1.726,1.889,2.327,2.374,2.625,2.852,2.729,2.743,2.742,2.802,3.031,3.299,2.548,2.669,2.989,2.984,2.473,2.422,3.064,3.044,2.901,2.824,4.069,4.214,2.534,2.73,930.0,852.0,667.0,594.0,1955.0,1754.0,1183.0,1361.0,488.0,374.0,242.0,207.0,2689.0,2947.0,4116.0,5156.0,2695.0,2879.0,2057.0,1963.0,840.0,774.0,4522.0,4565.0,2230.0,2251.0,2959.0,2736.0,1623.0,1682.0,2881.0,2582.0,1210.0,1420.0,642.0,618.0,1235.0,1345.0,587.0,691.0,1285.0,986.0,1422.0,1287.0,3677.0,3660.0,978.0,1049.0,4893.0,4403.0,3285.0,3339.0,447.0,725.0,4567.0,4119.0,6112.0,5904.0,4839.0,4641.0,3088.0,3211.0,3817.0,3340.0,415.0,433.0,361.0,257.0
A00028995,2.404,2.595,2.993,2.795,2.678,2.623,1.777,1.663,2.92,2.908,2.676,2.799,2.516,2.623,2.454,2.593,2.677,2.679,2.871,2.832,2.616,2.52,2.163,2.113,2.561,2.754,1.828,1.9,2.306,2.374,2.934,2.685,2.694,2.533,2.743,2.904,2.542,2.547,2.672,2.561,2.496,2.435,1.39,1.471,2.013,1.949,2.339,2.355,2.644,2.614,2.451,2.319,2.807,2.789,2.398,2.48,2.759,2.683,2.299,2.326,2.615,2.69,2.611,2.619,3.813,3.445,2.405,2.207,700.0,724.0,430.0,618.0,1976.0,1771.0,1193.0,1286.0,380.0,337.0,247.0,224.0,2306.0,2314.0,3175.0,3459.0,2766.0,2886.0,1937.0,1928.0,753.0,637.0,3757.0,3677.0,2212.0,1872.0,2440.0,2293.0,1558.0,1762.0,2590.0,2368.0,1147.0,1170.0,514.0,642.0,1286.0,1500.0,565.0,717.0,1330.0,1299.0,1010.0,910.0,3148.0,3126.0,924.0,773.0,4197.0,4071.0,3385.0,3437.0,503.0,799.0,4301.0,4227.0,5829.0,6129.0,4749.0,4641.0,2772.0,2688.0,2621.0,3017.0,387.0,359.0,349.0,249.0
A00029075,2.417,2.708,2.754,2.446,2.649,2.686,1.93,1.827,4.024,3.792,2.665,2.94,2.822,2.919,2.497,2.698,2.837,3.264,2.854,2.843,2.266,2.135,2.377,2.498,2.659,2.732,2.137,1.989,2.632,2.556,3.025,2.9,2.42,2.318,2.604,2.765,2.654,2.687,2.884,2.818,2.527,2.578,1.59,1.56,2.173,2.076,2.333,2.298,2.536,2.615,2.421,2.302,2.745,2.873,2.494,2.458,2.755,2.708,2.348,2.292,2.777,2.63,2.595,2.635,3.703,4.081,2.177,2.129,884.0,649.0,669.0,693.0,2311.0,1935.0,1623.0,1507.0,333.0,330.0,328.0,253.0,2637.0,2858.0,3767.0,4491.0,2855.0,2525.0,2655.0,2692.0,1191.0,904.0,5240.0,4960.0,2333.0,2150.0,2911.0,2693.0,1527.0,1783.0,3355.0,2683.0,1193.0,1443.0,597.0,665.0,1374.0,1557.0,525.0,723.0,1648.0,1231.0,1337.0,1105.0,3962.0,3625.0,1165.0,1258.0,4292.0,4572.0,3530.0,3636.0,397.0,766.0,5395.0,5382.0,7240.0,6876.0,4890.0,4918.0,3579.0,3508.0,3826.0,4146.0,466.0,367.0,470.0,351.0
A00029076,2.554,2.648,2.89,2.45,2.679,2.563,1.875,1.914,3.457,3.666,2.18,2.403,2.655,2.712,2.414,2.51,2.713,2.848,3.135,3.039,2.852,2.495,1.998,2.201,2.635,2.775,1.876,1.872,2.529,2.598,3.019,2.857,2.422,2.487,2.252,2.242,2.77,2.571,2.985,2.816,2.53,2.518,1.448,1.511,1.893,1.811,2.468,2.621,2.536,2.675,2.474,2.396,2.855,2.801,2.308,2.31,2.842,2.627,2.289,2.147,2.91,2.708,2.704,2.588,3.211,3.688,2.422,2.241,1026.0,867.0,583.0,719.0,2577.0,2140.0,1821.0,1897.0,428.0,333.0,322.0,278.0,3133.0,3705.0,5394.0,6283.0,4428.0,4235.0,2656.0,2704.0,1054.0,869.0,6068.0,5975.0,2807.0,2638.0,4121.0,3604.0,2067.0,2267.0,4320.0,3781.0,1626.0,1685.0,668.0,729.0,1401.0,2895.0,745.0,948.0,1965.0,1348.0,2071.0,1864.0,4273.0,4292.0,1511.0,1257.0,5198.0,5426.0,4240.0,4245.0,476.0,1005.0,7020.0,6432.0,7445.0,8453.0,5744.0,6508.0,4103.0,4384.0,4051.0,4027.0,508.0,463.0,619.0,371.0
A00029092,2.513,2.823,2.434,2.54,2.621,2.601,1.898,1.947,3.447,2.889,2.773,2.832,2.754,2.745,2.641,2.64,2.896,2.863,3.105,3.279,2.226,2.289,2.252,2.277,2.968,2.814,1.977,1.985,2.646,2.771,3.011,3.034,2.529,2.479,2.356,2.389,2.755,2.756,3.121,2.665,2.719,2.504,1.633,1.709,2.1,2.139,2.336,2.366,2.713,2.637,2.527,2.524,2.944,2.923,2.331,2.451,2.865,2.899,2.307,2.322,2.971,2.947,2.715,2.79,3.625,3.956,2.673,2.423,1088.0,1098.0,656.0,892.0,2215.0,2569.0,1775.0,1806.0,376.0,338.0,331.0,314.0,3045.0,3697.0,4218.0,4622.0,2993.0,2937.0,2365.0,2127.0,1150.0,1149.0,5523.0,5990.0,2533.0,2978.0,3952.0,3665.0,1940.0,2020.0,4191.0,3002.0,1322.0,1536.0,784.0,752.0,1292.0,1575.0,626.0,866.0,1773.0,1617.0,1993.0,1917.0,4090.0,4098.0,1416.0,1176.0,4713.0,4656.0,4115.0,4362.0,576.0,870.0,6364.0,6379.0,7626.0,6830.0,5338.0,5491.0,3972.0,4412.0,4732.0,4119.0,505.0,503.0,593.0,380.0
A00029127,2.585,2.63,2.96,2.475,2.782,2.571,1.876,1.992,3.935,3.969,2.671,2.384,2.851,2.822,2.529,2.562,2.528,2.745,3.065,3.029,2.217,2.249,2.338,2.318,2.795,2.551,2.076,2.037,2.759,2.597,2.911,2.928,2.516,2.515,2.582,3.162,2.661,2.713,2.91,2.85,2.435,2.565,1.734,1.628,2.304,2.176,2.522,2.532,2.675,2.771,2.536,2.449,2.934,2.946,2.327,2.531,2.865,2.778,2.288,2.329,2.773,2.906,2.705,2.687,3.995,3.908,2.191,2.17,1054.0,858.0,499.0,794.0,2113.0,2459.0,1740.0,1675.0,440.0,411.0,347.0,266.0,3422.0,3235.0,4386.0,5224.0,3419.0,3346.0,2324.0,2265.0,1036.0,1115.0,5446.0,5256.0,2958.0,3084.0,3668.0,3695.0,1863.0,2110.0,3849.0,3483.0,1342.0,1558.0,652.0,634.0,1444.0,1622.0,844.0,1003.0,1773.0,1341.0,1710.0,1758.0,4159.0,4150.0,1238.0,996.0,4956.0,4922.0,4120.0,4545.0,536.0,850.0,5880.0,6565.0,8904.0,7986.0,4634.0,5391.0,4068.0,4317.0,3985.0,3910.0,574.0,471.0,500.0,380.0
A00029215,2.669,2.549,2.514,2.48,2.702,2.663,2.118,2.047,3.655,3.316,2.875,2.596,2.857,2.696,2.416,2.478,2.951,2.91,3.082,3.02,1.906,1.991,2.365,2.472,2.76,2.766,1.92,1.879,2.279,2.354,3.067,2.939,2.563,2.567,2.592,2.357,2.558,2.569,2.759,2.682,2.342,2.68,1.673,1.831,2.226,2.239,2.252,2.449,2.459,2.614,2.426,2.428,2.782,2.703,2.434,2.565,2.777,2.704,2.344,2.259,3.049,3.127,2.606,2.604,3.405,4.12,3.017,2.748,1114.0,1583.0,562.0,650.0,1674.0,1954.0,712.0,1492.0,355.0,562.0,303.0,250.0,3500.0,4095.0,5119.0,5356.0,3816.0,3600.0,2494.0,2661.0,1217.0,954.0,4301.0,4107.0,2660.0,2582.0,2529.0,3776.0,2091.0,1922.0,3639.0,3692.0,1440.0,1496.0,1000.0,1084.0,1204.0,1933.0,734.0,787.0,1121.0,1309.0,1032.0,782.0,4218.0,4794.0,1378.0,1311.0,4880.0,4714.0,4021.0,4074.0,825.0,1060.0,5219.0,4825.0,7298.0,6982.0,6034.0,5534.0,4279.0,4604.0,4488.0,4825.0,332.0,423.0,577.0,343.0
A00029219,2.523,2.428,2.115,2.536,2.455,2.455,1.824,1.719,3.765,4.029,2.397,2.269,2.801,2.935,2.387,2.306,2.706,2.863,2.939,2.87,2.027,2.116,2.173,2.183,2.573,2.701,1.975,1.902,2.434,2.393,2.873,2.958,2.233,2.552,2.744,2.601,2.53,2.477,2.488,2.428,2.246,2.441,1.407,1.451,2.117,2.045,2.467,2.301,2.361,2.405,2.225,2.207,2.641,2.502,2.259,2.187,2.585,2.519,2.074,2.163,2.722,2.817,2.436,2.47,3.804,3.514,2.327,2.48,1189.0,924.0,626.0,445.0,2329.0,2033.0,1349.0,1414.0,453.0,454.0,317.0,331.0,3280.0,2817.0,4993.0,5788.0,3523.0,3726.0,2378.0,2804.0,1140.0,1008.0,4235.0,5627.0,2618.0,2393.0,2919.0,3163.0,1987.0,1834.0,3974.0,3310.0,1345.0,1503.0,721.0,631.0,1225.0,1189.0,579.0,676.0,1639.0,1113.0,1223.0,1218.0,4243.0,4089.0,1047.0,1203.0,4859.0,5424.0,3766.0,3813.0,448.0,842.0,5573.0,5834.0,6603.0,7093.0,4968.0,5588.0,3823.0,4185.0,4772.0,3882.0,398.0,446.0,378.0,267.0
A00029231,2.514,2.783,2.869,2.887,2.866,2.754,1.857,1.864,2.917,3.05,2.903,3.222,2.835,2.798,2.532,2.747,2.925,3.081,3.171,3.125,2.723,2.69,2.163,2.311,2.844,3.027,2.124,2.18,2.581,2.521,2.929,2.888,2.603,2.576,2.923,2.936,2.775,2.837,2.933,2.743,2.754,2.811,1.31,1.311,2.183,2.133,2.784,2.871,2.585,2.726,2.495,2.586,3.1,2.969,2.505,2.451,3.011,2.874,2.397,2.296,2.738,2.786,2.797,2.707,3.7,3.637,2.43,2.378,739.0,749.0,446.0,616.0,1766.0,1534.0,1079.0,1151.0,373.0,335.0,293.0,210.0,2591.0,2422.0,3772.0,3907.0,2367.0,2402.0,1997.0,1953.0,703.0,761.0,4247.0,4365.0,2337.0,2058.0,2951.0,2754.0,1641.0,1443.0,2518.0,2200.0,1290.0,1294.0,681.0,654.0,1201.0,1157.0,599.0,847.0,1289.0,993.0,1044.0,978.0,3498.0,3651.0,993.0,973.0,4107.0,3924.0,3021.0,3115.0,427.0,506.0,4205.0,4659.0,6280.0,5793.0,4069.0,4371.0,2887.0,3446.0,3230.0,3009.0,497.0,435.0,388.0,267.0
A00029303,2.297,2.724,2.911,2.779,2.811,2.922,1.944,2.013,3.35,3.673,3.303,3.162,2.837,2.84,2.714,2.701,2.788,2.826,2.988,3.098,2.681,2.719,2.359,2.262,2.714,2.771,1.853,1.909,2.536,2.704,3.083,2.952,2.79,2.736,2.571,2.709,2.818,2.779,3.203,2.945,2.742,2.909,1.81,1.741,2.327,2.314,2.721,2.895,2.614,2.631,2.685,2.704,3.092,3.208,2.556,2.642,3.119,3.016,2.414,2.444,3.081,3.037,2.872,2.812,3.634,3.502,2.729,2.59,1127.0,1143.0,474.0,1075.0,2279.0,2304.0,1527.0,1679.0,340.0,338.0,323.0,240.0,3443.0,3134.0,3897.0,5066.0,3233.0,2918.0,2561.0,2692.0,965.0,719.0,4622.0,4365.0,2802.0,2405.0,2924.0,2538.0,1644.0,1859.0,3650.0,3034.0,1473.0,1836.0,730.0,736.0,1243.0,1326.0,576.0,798.0,1528.0,1318.0,1480.0,1381.0,4657.0,4428.0,1425.0,1106.0,4722.0,4657.0,4381.0,4227.0,714.0,923.0,5857.0,6717.0,8057.0,7653.0,5085.0,4953.0,3603.0,4650.0,5256.0,4144.0,476.0,466.0,499.0,328.0
A00029304,2.363,2.734,2.67,2.494,2.69,2.647,1.746,1.673,3.678,3.203,2.903,2.408,2.841,2.782,2.379,2.51,2.784,2.919,3.062,3.005,2.403,2.429,1.863,1.933,2.67,2.674,1.895,1.905,2.485,2.463,3.005,2.94,2.316,2.53,2.987,3.127,2.747,2.801,2.854,2.46,2.503,2.591,1.532,1.417,2.029,1.919,2.612,2.653,2.3,2.351,2.309,2.268,2.752,2.815,2.442,2.614,2.808,2.793,2.042,2.059,2.901,2.936,2.628,2.625,3.717,3.36,2.195,2.039,905.0,1004.0,440.0,606.0,2526.0,2036.0,1801.0,1544.0,445.0,407.0,290.0,262.0,3327.0,2920.0,4753.0,5243.0,3249.0,3153.0,2220.0,2394.0,843.0,852.0,5838.0,6170.0,2461.0,2383.0,3288.0,3450.0,1725.0,1736.0,3471.0,3003.0,1539.0,1759.0,714.0,739.0,1499.0,1505.0,553.0,699.0,1711.0,1283.0,1279.0,1575.0,4000.0,4061.0,1117.0,976.0,4595.0,4680.0,3623.0,3677.0,678.0,693.0,6438.0,5548.0,7978.0,6966.0,4960.0,5672.0,3615.0,3765.0,3981.0,3904.0,527.0,509.0,495.0,338.0
A00029979,2.611,2.775,2.697,2.615,2.765,2.626,1.75,2.041,3.537,3.601,3.003,2.892,2.939,2.957,2.77,2.651,2.725,2.986,3.259,3.325,2.444,2.599,2.242,2.375,2.785,2.606,2.007,2.052,2.44,2.665,3.023,3.161,2.491,2.612,2.83,3.417,2.804,2.854,3.131,2.824,2.547,2.696,1.666,1.502,2.069,2.13,2.556,2.589,2.663,2.698,2.61,2.598,2.951,2.927,2.532,2.577,2.965,2.822,2.412,2.436,3.132,3.076,2.732,2.583,3.432,3.232,2.679,2.654,1012.0,850.0,700.0,646.0,2305.0,2295.0,1388.0,1663.0,360.0,425.0,317.0,277.0,3224.0,2866.0,4582.0,5201.0,3646.0,3295.0,2270.0,2435.0,903.0,864.0,4975.0,4839.0,2883.0,2714.0,2872.0,2882.0,1947.0,1941.0,3358.0,2985.0,1381.0,1518.0,712.0,692.0,1303.0,1452.0,845.0,964.0,1671.0,1511.0,1600.0,1275.0,4003.0,3767.0,1098.0,1131.0,4760.0,4615.0,4192.0,4525.0,540.0,918.0,5764.0,6156.0,7817.0,7093.0,6332.0,6033.0,3493.0,4128.0,4101.0,3417.0,446.0,416.0,464.0,326.0
A00030913,2.587,2.664,2.813,2.804,2.841,2.697,1.913,1.908,3.393,2.966,2.551,2.998,2.802,2.878,2.625,2.634,3.045,2.965,3.201,3.1,2.449,2.587,2.172,2.174,2.574,2.576,2.014,2.033,2.539,2.39,2.949,3.081,2.632,2.513,2.464,2.864,2.653,2.725,2.789,2.648,2.817,2.688,1.509,1.564,2.241,2.26,2.582,2.686,2.739,2.816,2.563,2.51,2.856,2.892,2.402,2.523,2.972,2.854,2.34,2.266,3.191,3.03,2.769,2.736,3.766,3.682,2.315,2.654,951.0,980.0,816.0,1307.0,3099.0,3151.0,1849.0,2592.0,434.0,501.0,332.0,346.0,3763.0,3883.0,5791.0,7900.0,4292.0,4858.0,3163.0,3609.0,1434.0,1108.0,7035.0,6680.0,3275.0,3285.0,4756.0,3979.0,2678.0,2308.0,4833.0,4266.0,1645.0,2307.0,761.0,808.0,1691.0,1972.0,994.0,1081.0,1858.0,1819.0,2252.0,1604.0,6037.0,5510.0,1981.0,1610.0,7333.0,6180.0,5646.0,5748.0,933.0,920.0,6758.0,7230.0,9901.0,8628.0,6593.0,6952.0,4656.0,5546.0,4786.0,4144.0,446.0,567.0,775.0,419.0
A00030980,2.79,3.022,3.396,2.889,2.959,2.874,1.961,1.895,3.461,3.344,2.798,3.638,2.964,3.111,2.697,2.758,2.982,2.919,3.417,3.34,2.929,3.011,2.229,2.232,3.083,2.969,2.17,2.218,3.292,2.875,3.086,3.29,2.744,2.685,2.457,2.571,2.919,3.019,3.329,3.181,2.751,2.657,1.518,1.656,2.26,2.212,3.001,2.956,2.828,2.847,2.627,2.585,3.008,3.518,2.576,2.75,3.1,3.1,2.297,2.373,2.93,3.17,2.931,2.888,3.498,2.953,2.936,2.547,1402.0,999.0,535.0,738.0,1780.0,2058.0,1091.0,1177.0,300.0,255.0,287.0,228.0,2847.0,2663.0,4520.0,5537.0,2729.0,2698.0,2258.0,2061.0,806.0,713.0,3653.0,3910.0,2237.0,2521.0,2758.0,2673.0,1352.0,1614.0,3320.0,3124.0,1116.0,1362.0,625.0,589.0,1300.0,1733.0,604.0,735.0,1289.0,1148.0,1214.0,1158.0,3995.0,4185.0,1060.0,1074.0,4624.0,4501.0,3315.0,3316.0,582.0,640.0,4711.0,4774.0,6736.0,6198.0,4647.0,4506.0,3496.0,3913.0,4261.0,3659.0,398.0,380.0,389.0,336.0
A00030981,2.731,2.881,3.009,2.82,3.028,3.01,2.006,2.017,3.173,3.542,3.051,2.914,2.882,3.082,2.694,2.814,2.973,2.902,3.113,3.276,2.527,2.762,2.251,2.411,2.959,3.002,2.123,2.051,2.614,2.738,3.288,3.183,2.661,2.841,2.803,2.767,2.969,3.054,3.034,3.441,2.735,2.852,1.661,1.518,2.185,2.234,2.729,2.634,2.888,2.9,2.605,2.795,3.297,3.267,2.523,2.72,3.213,2.976,2.464,2.455,3.175,3.16,2.838,2.934,3.717,4.061,2.568,2.577,906.0,855.0,599.0,681.0,2178.0,1618.0,1562.0,1469.0,372.0,329.0,273.0,203.0,2726.0,3164.0,3376.0,3991.0,2532.0,3024.0,2377.0,1817.0,822.0,858.0,5113.0,4526.0,2395.0,2483.0,3587.0,3414.0,1394.0,1643.0,2884.0,2665.0,1099.0,1350.0,732.0,740.0,1238.0,1472.0,559.0,765.0,1439.0,1294.0,1795.0,1609.0,3796.0,4163.0,967.0,1019.0,4879.0,4615.0,3591.0,3476.0,518.0,704.0,5302.0,4938.0,6376.0,6104.0,5277.0,4850.0,3439.0,3454.0,3466.0,3442.0,410.0,387.0,503.0,386.0
A00030990,2.215,2.404,2.691,2.489,2.493,2.358,1.754,1.684,3.009,3.108,2.545,2.525,2.467,2.418,2.318,2.342,2.57,2.533,2.843,2.776,2.189,2.247,1.945,2.022,2.563,2.583,1.853,1.769,2.264,2.575,2.588,2.572,2.156,2.171,2.408,2.769,2.347,2.39,2.426,2.59,2.271,2.24,1.351,1.429,1.996,1.963,2.443,2.451,2.245,2.291,2.177,2.173,2.719,2.785,2.242,2.302,2.534,2.633,2.073,2.115,2.49,2.372,2.348,2.357,3.665,3.716,2.124,2.099,602.0,790.0,487.0,675.0,2055.0,1999.0,1406.0,1727.0,427.0,520.0,324.0,264.0,3076.0,3076.0,3366.0,4477.0,3089.0,2906.0,2224.0,2427.0,828.0,800.0,5416.0,4937.0,2538.0,2333.0,3647.0,3304.0,1727.0,1638.0,2875.0,2655.0,1239.0,1435.0,572.0,562.0,1655.0,1513.0,638.0,745.0,1677.0,1228.0,1724.0,1312.0,4202.0,3513.0,1105.0,1091.0,4205.0,5289.0,3760.0,3837.0,571.0,597.0,5869.0,5139.0,6383.0,5904.0,5003.0,5293.0,3004.0,3166.0,3042.0,3358.0,424.0,429.0,365.0,273.0
A00031167,2.729,2.8,2.979,2.517,2.861,2.606,1.986,2.015,3.439,3.525,2.719,2.801,2.843,2.935,2.592,2.511,2.724,2.907,3.16,3.206,2.82,2.604,2.349,2.277,2.858,2.896,2.118,2.046,2.626,2.848,2.943,2.964,2.535,2.552,3.093,3.572,2.605,2.669,2.573,2.847,2.475,2.631,1.498,1.575,2.214,2.192,2.691,2.773,2.764,2.729,2.599,2.641,3.095,3.102,2.406,2.591,3.054,2.855,2.418,2.407,2.923,3.082,2.646,2.6,3.504,3.378,2.464,2.743,737.0,614.0,460.0,329.0,1521.0,1569.0,1575.0,1386.0,450.0,330.0,295.0,210.0,2512.0,2463.0,3574.0,4104.0,2663.0,2986.0,1931.0,2248.0,735.0,749.0,4342.0,4772.0,2084.0,2104.0,3001.0,2973.0,1577.0,1629.0,2718.0,2342.0,1316.0,1412.0,544.0,560.0,1278.0,1339.0,577.0,723.0,1258.0,1205.0,1500.0,1593.0,3175.0,3216.0,975.0,1047.0,3814.0,4081.0,3002.0,2851.0,362.0,754.0,4736.0,4492.0,6274.0,6267.0,4846.0,4988.0,2847.0,2768.0,2386.0,2666.0,411.0,404.0,355.0,258.0
A00031217,2.54,2.739,2.6,2.437,2.441,2.752,1.907,1.943,3.147,3.172,1.135,0.879,2.857,2.746,2.634,2.661,2.735,2.731,2.986,3.161,2.418,2.405,2.305,2.297,2.638,2.653,1.842,1.821,2.554,2.504,2.935,3.015,2.457,2.643,2.365,2.501,3.029,2.884,2.277,2.844,2.536,2.477,1.603,1.435,2.628,2.043,2.514,2.53,2.681,2.165,2.686,2.612,2.813,2.937,2.267,2.364,2.783,2.792,2.19,2.311,2.684,2.682,2.805,2.736,3.197,3.61,2.372,2.453,1153.0,896.0,507.0,665.0,1827.0,1645.0,1530.0,1339.0,330.0,303.0,241.0,190.0,3248.0,3352.0,4693.0,5122.0,3547.0,3560.0,2424.0,2187.0,1009.0,883.0,5471.0,4859.0,2382.0,2880.0,2537.0,2534.0,1758.0,1836.0,4120.0,3447.0,1070.0,1521.0,638.0,669.0,1258.0,2003.0,661.0,825.0,1386.0,1626.0,1172.0,1291.0,2799.0,3981.0,1349.0,1142.0,4845.0,4625.0,3235.0,3768.0,477.0,662.0,4470.0,6179.0,7118.0,6226.0,5012.0,3507.0,3641.0,3674.0,2538.0,3593.0,383.0,448.0,509.0,347.0
A00031219,2.727,2.995,3.06,2.777,2.868,2.563,2.018,1.977,3.853,3.24,2.379,3.064,2.729,2.956,2.661,2.65,2.965,2.923,3.243,3.33,2.612,2.529,2.297,2.416,2.922,2.821,2.002,1.982,2.607,2.515,3.165,3.079,2.623,2.651,3.003,3.036,2.727,2.781,2.972,2.942,2.602,2.707,1.483,1.379,2.204,2.191,2.671,2.81,2.673,2.932,2.599,2.722,3.189,3.29,2.497,2.538,3.062,2.913,2.502,2.499,3.132,3.022,2.853,2.928,3.46,3.409,2.521,2.439,835.0,617.0,632.0,673.0,1874.0,1511.0,1485.0,1589.0,465.0,410.0,354.0,236.0,2833.0,2923.0,3902.0,4320.0,3306.0,3222.0,2322.0,2270.0,821.0,695.0,4388.0,4419.0,2753.0,2811.0,3180.0,2969.0,1842.0,1927.0,3038.0,2708.0,1414.0,1517.0,544.0,678.0,1321.0,1663.0,764.0,968.0,1738.0,1303.0,1475.0,1344.0,3794.0,4136.0,1095.0,1100.0,4965.0,4731.0,3548.0,3498.0,524.0,731.0,5204.0,5020.0,7009.0,6744.0,5121.0,5817.0,3552.0,3637.0,3781.0,3844.0,399.0,457.0,518.0,361.0
A00031272,2.569,2.794,2.626,2.461,2.867,2.624,1.759,1.757,4.01,3.822,2.764,3.137,2.913,2.924,2.363,2.531,2.892,2.845,3.278,3.383,2.404,2.294,1.955,2.114,3.062,2.832,1.881,1.851,2.671,2.732,3.047,3.09,2.805,2.625,2.642,2.905,2.986,2.871,3.037,2.88,2.489,2.494,1.607,1.707,2.225,2.302,2.549,2.751,2.799,2.82,2.476,2.43,3.237,3.41,2.436,2.578,2.949,2.802,2.144,2.249,3.223,3.23,2.766,2.748,4.068,4.345,2.628,2.774,1301.0,940.0,672.0,799.0,1951.0,1565.0,1584.0,1444.0,395.0,283.0,340.0,263.0,3228.0,3477.0,5165.0,5950.0,3308.0,3242.0,2620.0,2451.0,942.0,842.0,4535.0,4447.0,2412.0,2648.0,2762.0,2318.0,1920.0,1956.0,3344.0,3251.0,1629.0,1942.0,608.0,705.0,1607.0,1944.0,670.0,894.0,1676.0,1310.0,1344.0,1184.0,4166.0,3879.0,1558.0,1312.0,4381.0,4379.0,3643.0,3913.0,486.0,683.0,5324.0,5738.0,7805.0,7464.0,4923.0,4289.0,3930.0,4340.0,4179.0,3765.0,434.0,427.0,422.0,351.0
A00031452,2.516,2.584,2.459,2.603,2.784,2.581,1.855,1.857,3.324,3.085,2.761,2.919,2.847,2.87,2.541,2.552,3.06,2.885,3.116,2.968,2.194,2.229,2.33,2.391,2.747,2.664,2.113,1.988,2.538,2.583,2.946,2.897,2.425,2.503,2.688,2.547,2.55,2.616,2.879,2.733,2.456,2.424,1.627,1.549,2.165,2.226,2.301,2.599,2.635,2.595,2.48,2.426,2.851,2.36,2.407,2.444,2.816,2.705,2.304,2.362,2.986,2.713,2.444,2.649,3.72,3.973,2.289,2.289,1044.0,977.0,379.0,507.0,2303.0,1856.0,1661.0,1451.0,410.0,371.0,300.0,265.0,2965.0,3038.0,3819.0,4817.0,3144.0,3171.0,2110.0,2446.0,1008.0,976.0,5247.0,5399.0,2557.0,2549.0,2954.0,2890.0,1649.0,1764.0,3287.0,3220.0,1759.0,1284.0,544.0,662.0,1329.0,1255.0,833.0,991.0,1799.0,1262.0,1243.0,1559.0,4169.0,3954.0,934.0,695.0,4784.0,4849.0,3221.0,3809.0,505.0,877.0,6205.0,6433.0,7247.0,6124.0,5256.0,4498.0,3846.0,3985.0,4075.0,3693.0,377.0,523.0,454.0,303.0
A00031459,2.561,2.7,2.302,2.889,2.636,2.544,1.753,1.92,3.85,2.744,2.674,3.221,2.785,2.869,2.494,2.631,2.885,2.858,3.252,3.124,2.335,2.372,2.197,2.284,2.696,2.553,2.001,1.991,2.588,2.517,3.119,3.003,2.445,2.446,3.119,3.23,2.875,2.763,2.837,2.672,2.641,2.527,1.597,1.429,2.039,2.128,2.566,2.635,2.67,2.628,2.535,2.529,2.874,2.958,2.451,2.463,2.887,2.758,2.222,2.14,2.858,2.935,2.641,2.699,3.395,3.887,2.054,2.019,912.0,890.0,370.0,880.0,2334.0,1845.0,1693.0,1759.0,458.0,443.0,335.0,244.0,2794.0,3065.0,5054.0,6040.0,2748.0,3018.0,2098.0,2275.0,798.0,808.0,5251.0,5014.0,2330.0,2602.0,3466.0,3186.0,1825.0,2002.0,3107.0,2845.0,1307.0,1558.0,579.0,596.0,1325.0,1330.0,519.0,781.0,1280.0,1141.0,1750.0,1481.0,3795.0,3971.0,1146.0,955.0,4659.0,4786.0,3675.0,3618.0,806.0,878.0,5784.0,5475.0,6906.0,5980.0,5239.0,5629.0,3373.0,3604.0,3550.0,3459.0,380.0,481.0,374.0,337.0
A00031549,2.754,2.475,2.591,2.72,2.842,2.672,1.859,1.971,3.082,3.263,2.568,2.884,2.823,2.74,2.611,2.569,2.755,2.699,3.14,3.207,2.28,2.532,2.315,2.328,2.759,2.743,2.019,2.027,2.561,2.65,3.009,2.921,2.686,2.621,2.901,2.89,2.859,2.857,2.775,2.799,2.589,2.86,1.585,1.556,2.254,2.156,2.127,2.457,2.552,2.736,2.588,2.462,3.024,3.121,2.362,2.637,2.971,2.876,2.37,2.406,2.928,2.946,2.707,2.688,2.794,2.911,2.7,2.75,1183.0,864.0,826.0,698.0,2333.0,2704.0,1550.0,1609.0,489.0,372.0,346.0,277.0,3297.0,3288.0,4339.0,6025.0,3659.0,3192.0,2538.0,2380.0,1230.0,1097.0,5343.0,5499.0,2558.0,2743.0,3266.0,3484.0,1768.0,1989.0,3555.0,2894.0,1309.0,1406.0,657.0,649.0,1225.0,1469.0,711.0,932.0,1493.0,1534.0,1619.0,1544.0,4380.0,3996.0,1284.0,1472.0,5663.0,5493.0,4543.0,4814.0,548.0,889.0,6728.0,6584.0,7847.0,7520.0,6077.0,6423.0,3601.0,4091.0,4567.0,3483.0,358.0,450.0,489.0,330.0
A00031605,2.473,2.68,2.595,2.515,2.567,2.599,1.775,1.824,3.201,3.183,2.576,2.936,2.466,2.608,2.545,2.462,2.649,2.808,2.818,2.924,2.439,2.466,2.177,2.059,2.463,2.557,1.714,1.694,2.418,2.257,2.901,2.928,2.557,2.492,2.39,2.389,2.75,2.473,2.719,2.696,2.376,2.425,1.381,1.311,2.102,2.084,2.613,2.408,2.46,2.519,2.436,2.36,2.726,2.928,2.404,2.44,2.844,2.62,2.167,2.214,2.838,2.753,2.69,2.625,2.941,3.459,2.162,2.005,828.0,810.0,461.0,676.0,1866.0,1709.0,1343.0,1572.0,409.0,337.0,275.0,205.0,3512.0,3242.0,4092.0,4763.0,2981.0,3323.0,2597.0,2068.0,867.0,817.0,4238.0,4511.0,2460.0,2253.0,2630.0,2773.0,1678.0,1887.0,3147.0,2775.0,1189.0,1283.0,677.0,680.0,1045.0,1363.0,548.0,677.0,1220.0,1119.0,1363.0,1206.0,3826.0,3951.0,1022.0,799.0,4352.0,4344.0,3151.0,3239.0,604.0,740.0,4913.0,4847.0,6435.0,6076.0,4444.0,4919.0,3382.0,3456.0,3120.0,3503.0,486.0,379.0,427.0,306.0
A00031625,2.49,2.681,3.224,2.593,2.887,2.739,1.862,2.036,3.311,3.642,2.906,2.862,2.814,2.948,2.471,2.599,2.808,2.885,3.255,3.214,2.268,2.661,2.269,2.344,2.687,2.776,2.153,2.057,2.503,2.595,3.04,2.976,2.572,2.595,2.478,2.935,2.803,2.72,2.818,2.828,2.488,2.54,1.417,1.531,2.078,2.261,2.799,2.652,2.483,2.529,2.524,2.651,2.675,3.377,2.487,2.517,2.971,2.904,2.341,2.297,2.934,3.035,2.56,2.728,3.984,4.007,2.573,2.33,983.0,782.0,426.0,572.0,1808.0,1510.0,1291.0,1329.0,534.0,288.0,308.0,211.0,2858.0,2690.0,4623.0,4264.0,3096.0,2988.0,2169.0,2010.0,849.0,606.0,4291.0,4422.0,2695.0,2311.0,2851.0,2560.0,1541.0,1772.0,2980.0,2711.0,1242.0,1880.0,624.0,653.0,1070.0,1340.0,704.0,780.0,1342.0,1234.0,1160.0,1075.0,3400.0,4448.0,1088.0,1010.0,4141.0,3798.0,4089.0,3308.0,391.0,670.0,5431.0,5324.0,6546.0,6657.0,3971.0,5666.0,3164.0,3288.0,4005.0,4226.0,433.0,427.0,388.0,312.0
A00031683,2.244,2.623,2.711,2.556,2.628,2.413,1.79,1.795,3.66,3.339,3.133,3.095,2.667,2.734,2.538,2.626,2.874,2.911,2.937,3.195,2.439,2.451,2.225,2.214,2.794,2.659,2.007,2.148,2.468,2.299,2.891,2.835,2.39,2.323,2.788,2.872,2.587,2.671,2.563,2.703,2.413,2.449,1.417,1.593,2.131,2.118,2.502,2.585,2.377,2.58,2.397,2.473,2.734,2.828,2.297,2.48,2.814,2.722,2.224,2.372,2.95,2.829,2.62,2.608,3.723,3.96,2.291,2.576,1011.0,958.0,601.0,662.0,2194.0,2592.0,1657.0,1876.0,643.0,614.0,321.0,255.0,3363.0,4041.0,5657.0,6294.0,4019.0,4246.0,2682.0,2329.0,1140.0,1094.0,5847.0,5416.0,2713.0,2854.0,3904.0,3008.0,1772.0,2304.0,4419.0,3511.0,1583.0,1816.0,806.0,779.0,1242.0,1601.0,754.0,820.0,1404.0,1254.0,1987.0,1434.0,4218.0,4892.0,1255.0,1292.0,5350.0,5109.0,4232.0,4734.0,698.0,1088.0,6054.0,6470.0,9158.0,8392.0,6350.0,6125.0,3753.0,3711.0,4106.0,3652.0,584.0,520.0,463.0,337.0
A00031794,2.376,2.643,2.693,2.769,2.576,2.414,1.739,1.788,3.326,3.752,2.645,2.969,2.88,2.778,2.6,2.46,2.716,2.837,2.804,2.865,2.248,2.267,2.153,2.223,2.596,2.879,1.928,1.908,2.392,2.497,3.091,3.01,2.515,2.462,2.898,2.683,2.655,2.5,2.894,2.768,2.397,2.547,1.655,1.479,2.06,1.896,2.343,2.576,2.59,2.533,2.391,2.363,2.847,2.847,2.379,2.46,2.888,2.766,2.183,2.134,2.769,2.766,2.538,2.592,4.117,4.048,2.494,2.269,830.0,892.0,537.0,569.0,1838.0,1836.0,1479.0,1550.0,435.0,390.0,275.0,236.0,2565.0,2858.0,4558.0,5442.0,2525.0,3140.0,2091.0,2233.0,1027.0,877.0,4450.0,4484.0,2342.0,2059.0,3115.0,2850.0,1726.0,1522.0,3170.0,2705.0,1250.0,1309.0,557.0,586.0,1126.0,1421.0,617.0,824.0,1271.0,1091.0,1688.0,1369.0,3881.0,3303.0,1204.0,1145.0,4695.0,4644.0,3795.0,3695.0,646.0,546.0,4463.0,4501.0,6140.0,5393.0,4991.0,5656.0,3302.0,3248.0,3281.0,3323.0,433.0,359.0,349.0,310.0
A00031871,2.347,2.742,2.896,2.838,2.682,2.616,1.794,1.946,3.51,3.499,2.525,2.839,2.686,2.707,2.401,2.638,2.899,2.863,3.047,3.204,2.514,2.538,2.231,2.349,2.526,2.75,2.002,1.97,2.368,2.394,2.927,2.92,2.355,2.306,2.762,3.215,2.638,2.746,2.909,2.848,2.64,2.59,1.567,1.575,2.112,2.051,2.612,2.676,2.743,2.713,2.499,2.453,2.924,2.759,2.334,2.576,2.877,2.861,2.267,2.292,2.899,2.852,2.611,2.612,3.615,3.257,2.43,2.372,1007.0,865.0,627.0,813.0,2641.0,2324.0,1599.0,1793.0,608.0,640.0,378.0,288.0,3394.0,3511.0,4250.0,4941.0,3913.0,3271.0,2511.0,2545.0,973.0,943.0,5863.0,5978.0,2861.0,2586.0,3258.0,2959.0,2161.0,2034.0,3902.0,3367.0,1379.0,1656.0,629.0,676.0,1630.0,1748.0,751.0,758.0,1673.0,1556.0,1493.0,1327.0,4384.0,3838.0,1207.0,1111.0,5309.0,5013.0,4275.0,4630.0,770.0,963.0,7020.0,7204.0,8557.0,7584.0,6180.0,6287.0,3831.0,4575.0,4588.0,4084.0,541.0,553.0,440.0,279.0
A00031894,2.592,2.543,2.899,2.461,2.742,2.586,1.754,1.819,3.424,3.67,2.077,2.556,2.887,2.823,2.457,2.495,2.895,2.944,2.966,3.116,2.34,2.397,2.102,2.24,2.632,2.46,2.12,2.038,2.304,2.125,3.074,3.077,2.309,2.393,2.633,2.604,2.7,2.711,2.644,2.647,2.306,2.427,1.619,1.466,1.948,2.019,2.34,2.597,2.357,2.382,2.409,2.411,2.668,2.666,2.151,2.41,2.769,2.621,2.056,2.094,2.927,2.878,2.576,2.546,3.512,3.754,2.089,2.078,1206.0,1169.0,973.0,717.0,2665.0,2685.0,1667.0,1963.0,461.0,439.0,349.0,282.0,3374.0,3329.0,5405.0,6477.0,3732.0,3942.0,2589.0,2332.0,1289.0,1313.0,5416.0,5254.0,3022.0,3372.0,4111.0,3257.0,2031.0,1801.0,4388.0,3997.0,1567.0,1630.0,747.0,799.0,1325.0,1874.0,926.0,1106.0,1654.0,1839.0,1911.0,1502.0,4889.0,5164.0,1515.0,1379.0,6452.0,5516.0,4666.0,4703.0,749.0,969.0,7388.0,7587.0,8284.0,8076.0,6446.0,7056.0,4603.0,4782.0,4566.0,4430.0,473.0,487.0,556.0,418.0
A00032007,2.342,2.603,2.401,2.784,2.812,2.649,1.984,2.132,3.58,3.247,3.146,3.128,2.888,2.846,2.578,2.691,2.98,3.062,3.035,3.075,2.677,2.6,2.24,2.304,2.877,3.01,1.901,2.133,2.622,2.628,2.997,3.016,2.521,2.462,2.824,3.497,3.051,2.76,2.823,2.927,2.647,2.672,1.628,1.556,2.228,2.233,2.825,2.318,2.787,2.821,2.464,2.453,2.914,2.856,2.437,2.462,2.857,2.878,2.269,2.274,2.843,2.854,2.637,2.728,4.066,3.877,2.652,2.523,1095.0,1081.0,539.0,940.0,3065.0,3097.0,2128.0,1738.0,525.0,366.0,355.0,275.0,3353.0,3508.0,4842.0,6478.0,4669.0,3965.0,2808.0,2701.0,1301.0,984.0,6211.0,5762.0,2942.0,2820.0,3905.0,4498.0,1940.0,2157.0,4966.0,3578.0,1405.0,1730.0,620.0,634.0,1523.0,2166.0,854.0,913.0,1712.0,2003.0,2027.0,1939.0,4242.0,3782.0,1159.0,1221.0,5304.0,5167.0,3815.0,4101.0,731.0,843.0,6743.0,6748.0,9497.0,8702.0,5515.0,5494.0,4177.0,4252.0,4953.0,3454.0,496.0,607.0,491.0,370.0
A00032010,2.254,2.058,2.6,2.581,2.371,2.333,1.834,2.01,3.485,3.769,2.518,2.463,2.675,2.664,2.364,2.341,2.718,2.734,2.663,2.725,2.298,2.802,2.281,2.321,2.298,2.484,2.04,1.844,2.269,2.184,2.783,2.715,2.255,2.414,2.793,3.066,2.292,2.402,2.564,2.596,2.171,2.203,1.717,1.572,1.924,1.99,2.441,2.233,2.276,2.342,2.349,2.267,2.38,2.734,2.164,2.144,2.434,2.465,2.183,2.209,2.502,2.366,2.313,2.376,3.308,3.273,2.343,2.356,802.0,824.0,370.0,660.0,1824.0,1961.0,1514.0,1632.0,394.0,274.0,237.0,245.0,2838.0,3154.0,4580.0,4626.0,2766.0,2685.0,2819.0,2477.0,835.0,939.0,5757.0,5136.0,2333.0,2290.0,3156.0,3249.0,1672.0,1834.0,3416.0,2708.0,1392.0,1409.0,543.0,600.0,1183.0,1558.0,591.0,705.0,1339.0,1313.0,1840.0,1441.0,4303.0,4477.0,1041.0,1079.0,4962.0,5007.0,3260.0,4168.0,489.0,798.0,4803.0,5158.0,7237.0,6730.0,5406.0,5298.0,3941.0,3920.0,4526.0,3908.0,451.0,371.0,488.0,340.0
A00032862,2.395,2.743,2.509,2.475,2.366,2.301,1.715,1.851,2.959,3.229,2.622,2.585,2.909,2.823,2.41,2.418,2.717,2.718,2.797,3.078,2.499,2.473,2.135,2.095,2.623,2.64,1.998,2.027,2.489,2.357,2.825,2.799,2.308,2.404,2.675,2.744,2.668,2.629,2.905,2.651,2.332,2.271,1.425,1.421,2.206,2.16,2.492,2.516,2.429,2.472,2.351,2.422,2.78,3.021,2.173,2.316,2.554,2.585,2.204,2.224,2.887,2.822,2.528,2.585,3.767,3.616,2.675,2.558,897.0,1103.0,712.0,1044.0,2484.0,2641.0,1405.0,1508.0,497.0,470.0,329.0,311.0,2967.0,3054.0,4178.0,5246.0,3633.0,3571.0,2444.0,2164.0,1049.0,742.0,5439.0,5145.0,2448.0,2333.0,3383.0,3193.0,1854.0,1989.0,3765.0,3409.0,1493.0,1705.0,721.0,669.0,1379.0,1615.0,616.0,801.0,1617.0,1312.0,1488.0,1398.0,3982.0,4147.0,1234.0,1349.0,5528.0,5100.0,3522.0,3505.0,756.0,935.0,6463.0,6845.0,8022.0,7573.0,5662.0,5522.0,4015.0,4096.0,3406.0,3195.0,478.0,478.0,451.0,357.0
A00032875,2.658,2.827,2.692,2.486,2.657,2.631,1.908,1.667,3.214,2.792,2.924,2.784,2.96,2.915,2.625,2.733,2.761,2.802,2.96,2.834,2.317,2.356,2.186,2.188,2.801,2.859,1.964,1.988,2.528,2.608,2.92,2.97,2.382,2.63,2.647,2.728,2.572,2.655,2.681,3.105,2.546,2.534,1.375,1.487,2.108,2.127,2.517,2.46,2.539,2.566,2.475,2.442,2.837,2.969,2.492,2.55,2.882,2.777,2.346,2.345,2.965,2.99,2.686,2.775,3.369,3.72,2.496,2.577,906.0,843.0,662.0,537.0,1695.0,1948.0,1214.0,1347.0,378.0,410.0,251.0,232.0,2577.0,2786.0,4442.0,5561.0,3205.0,3144.0,2488.0,2390.0,809.0,817.0,3920.0,3827.0,2439.0,2124.0,2694.0,2711.0,1593.0,1594.0,3293.0,2812.0,1223.0,1487.0,596.0,666.0,1092.0,1301.0,635.0,693.0,1111.0,1316.0,1066.0,954.0,3595.0,3429.0,994.0,1221.0,4646.0,4107.0,3244.0,3286.0,427.0,823.0,4846.0,5217.0,5838.0,6067.0,5196.0,5650.0,3091.0,3419.0,3093.0,2873.0,483.0,448.0,388.0,249.0
A00032876,2.278,2.529,2.604,2.3,2.375,2.298,1.724,1.87,3.369,3.305,2.671,2.585,2.7,2.804,2.322,2.356,2.818,2.807,2.959,2.988,2.219,2.152,2.081,2.13,2.612,2.586,2.056,1.922,2.304,2.248,2.833,2.736,2.266,2.288,2.739,3.125,2.304,2.297,2.632,2.599,2.273,2.25,1.515,1.389,2.159,2.023,2.255,2.426,2.348,2.329,2.158,2.203,2.587,2.775,2.125,2.202,2.456,2.416,2.141,2.152,2.636,2.472,2.38,2.436,3.764,3.937,2.5,2.514,689.0,757.0,631.0,794.0,2394.0,2161.0,1334.0,1256.0,444.0,381.0,247.0,209.0,2301.0,2445.0,3358.0,5117.0,2838.0,3175.0,2055.0,1992.0,958.0,723.0,4371.0,4170.0,2254.0,2124.0,2851.0,2701.0,1567.0,1531.0,2974.0,3067.0,1324.0,1381.0,536.0,547.0,1508.0,1706.0,625.0,648.0,1491.0,1254.0,1098.0,1077.0,3828.0,3908.0,1165.0,1094.0,4424.0,4641.0,3091.0,3078.0,464.0,607.0,4540.0,4740.0,6633.0,6416.0,4847.0,4717.0,2951.0,3242.0,3734.0,2829.0,393.0,368.0,293.0,259.0
A00033011,2.369,2.748,3.145,2.853,2.862,2.82,1.91,1.903,3.222,3.387,2.83,3.341,2.79,2.753,2.561,2.663,2.83,2.898,3.122,3.136,2.312,2.635,2.324,2.38,2.751,3.038,2.186,1.977,2.534,2.763,2.971,2.671,2.806,2.709,2.604,3.18,2.788,2.883,2.868,2.815,2.63,2.618,1.809,1.767,2.246,2.287,2.839,2.632,2.798,2.844,2.477,2.56,2.853,2.977,2.526,2.566,2.972,2.946,2.355,2.36,2.831,2.911,2.761,2.852,3.806,3.939,2.609,2.759,848.0,671.0,522.0,623.0,1843.0,1911.0,1406.0,1168.0,552.0,509.0,276.0,258.0,3101.0,3193.0,4066.0,4800.0,2941.0,2992.0,2255.0,2011.0,947.0,691.0,4224.0,4595.0,2315.0,2105.0,2667.0,2676.0,1487.0,1655.0,2748.0,2517.0,1061.0,1490.0,526.0,702.0,1279.0,1521.0,622.0,683.0,1361.0,1199.0,1265.0,1255.0,3642.0,3183.0,944.0,978.0,3846.0,4146.0,3526.0,3258.0,509.0,716.0,4972.0,5167.0,5450.0,5308.0,4964.0,4515.0,2725.0,3201.0,3278.0,3277.0,451.0,534.0,391.0,246.0
A00033021,2.421,2.515,2.632,2.515,2.583,2.583,1.985,1.688,3.217,3.637,2.824,2.836,2.649,2.641,2.47,2.504,2.778,2.758,2.93,3.078,2.315,2.191,2.158,2.185,2.707,2.665,2.026,1.963,2.663,2.53,2.762,2.828,2.35,2.609,2.511,2.414,2.661,2.615,2.74,2.766,2.5,2.346,1.638,1.711,2.238,2.248,2.474,2.598,2.647,2.56,2.39,2.376,2.827,3.147,2.405,2.381,2.652,2.645,2.201,2.161,2.736,2.616,2.612,2.733,3.802,3.378,2.574,2.533,780.0,832.0,482.0,478.0,1546.0,1489.0,1314.0,1353.0,341.0,393.0,240.0,193.0,2465.0,2333.0,3787.0,4461.0,2665.0,2980.0,2123.0,1912.0,724.0,880.0,4306.0,4374.0,1958.0,2130.0,2878.0,2804.0,1615.0,1579.0,2881.0,2701.0,1087.0,1189.0,505.0,508.0,923.0,1132.0,489.0,602.0,1079.0,1051.0,1312.0,1540.0,3287.0,3349.0,846.0,937.0,3895.0,3975.0,3066.0,3334.0,316.0,519.0,4307.0,3893.0,5453.0,5528.0,4287.0,4295.0,2800.0,3065.0,2987.0,2687.0,366.0,406.0,366.0,268.0
A00033180,2.563,2.921,2.98,2.595,2.793,2.789,1.669,1.764,3.438,3.283,3.154,2.731,2.839,2.952,2.588,2.61,2.868,2.896,3.118,3.097,2.433,2.488,2.188,2.215,2.687,2.729,1.947,1.926,2.483,2.611,3.109,2.837,2.427,2.511,2.734,3.25,2.715,2.925,2.754,2.842,2.709,2.632,1.527,1.324,2.049,2.075,2.621,2.647,2.611,2.694,2.405,2.449,3.214,3.235,2.543,2.638,2.984,2.97,2.26,2.303,2.964,2.904,2.778,2.73,3.293,3.644,2.388,2.312,926.0,997.0,752.0,789.0,2175.0,2391.0,1366.0,1414.0,395.0,337.0,296.0,251.0,2650.0,2941.0,4938.0,5507.0,2881.0,3416.0,2002.0,2071.0,944.0,916.0,4419.0,4235.0,2705.0,2858.0,3025.0,2889.0,1619.0,1807.0,3543.0,3337.0,1234.0,1371.0,520.0,548.0,1345.0,1477.0,768.0,756.0,1493.0,1369.0,1294.0,1296.0,4057.0,3862.0,1312.0,1138.0,4127.0,4420.0,4141.0,4092.0,639.0,825.0,6320.0,6421.0,6271.0,6238.0,5669.0,5557.0,3506.0,3487.0,3273.0,3468.0,445.0,371.0,374.0,289.0
A00033231,2.576,2.963,3.303,2.497,2.879,2.972,1.79,1.91,3.761,3.972,2.909,3.181,2.926,2.996,2.62,2.711,2.879,2.963,3.026,3.289,2.779,2.485,2.14,2.342,2.803,2.826,2.158,2.125,2.83,2.693,3.235,3.224,2.541,2.634,2.585,2.685,2.789,3.004,3.058,3.181,2.727,2.808,1.447,1.542,2.188,2.175,2.659,2.751,2.811,2.876,2.525,2.63,3.308,3.249,2.677,2.667,3.1,3.003,2.342,2.343,2.956,2.957,2.717,2.814,4.069,3.597,2.527,2.479,1218.0,1075.0,714.0,674.0,2494.0,2064.0,1816.0,1986.0,292.0,287.0,330.0,271.0,3804.0,3531.0,6079.0,6839.0,3604.0,3153.0,2697.0,2343.0,1255.0,960.0,5633.0,6465.0,2761.0,2708.0,4032.0,3825.0,1972.0,1964.0,4141.0,3324.0,1303.0,1554.0,782.0,795.0,1317.0,2072.0,828.0,905.0,1653.0,1346.0,1826.0,1727.0,4741.0,4836.0,1161.0,1362.0,5121.0,5492.0,4857.0,4684.0,615.0,986.0,7173.0,5900.0,7042.0,7849.0,6845.0,6537.0,4037.0,4429.0,5549.0,4113.0,459.0,493.0,510.0,322.0
A00033232,2.564,2.669,3.074,2.743,2.81,2.669,1.754,1.866,3.27,4.046,2.646,2.799,2.935,2.864,2.56,2.549,2.956,2.852,3.15,3.214,2.35,2.536,2.327,2.35,2.768,2.94,2.059,1.967,2.666,2.698,2.877,2.973,2.635,2.587,2.57,2.435,2.758,2.855,3.067,2.704,2.444,2.624,1.828,1.436,2.118,2.135,2.658,2.753,2.553,2.705,2.603,2.451,3.277,2.918,2.408,2.616,2.966,2.977,2.335,2.317,2.728,2.774,2.555,2.697,3.873,3.878,1.973,2.016,1339.0,1222.0,501.0,541.0,2054.0,2194.0,1134.0,1396.0,310.0,261.0,271.0,253.0,2901.0,3068.0,4871.0,5339.0,3700.0,3703.0,2311.0,2371.0,1131.0,918.0,4024.0,4376.0,2779.0,2802.0,3442.0,3030.0,1795.0,1907.0,4511.0,3952.0,1299.0,1687.0,728.0,679.0,1390.0,1485.0,644.0,756.0,1489.0,1259.0,1404.0,1228.0,4483.0,4197.0,1157.0,1326.0,5310.0,5243.0,3764.0,3731.0,519.0,802.0,5548.0,5650.0,7293.0,7890.0,4753.0,4981.0,4012.0,4286.0,5001.0,4761.0,447.0,464.0,544.0,311.0
A00033247,2.645,2.828,2.849,2.435,2.765,2.8,1.957,1.974,3.216,3.824,2.704,2.983,2.895,2.956,2.649,2.701,2.929,2.88,3.241,3.296,2.671,2.672,2.348,2.391,2.831,2.828,2.13,2.138,2.699,2.633,3.182,3.169,2.517,2.584,3.069,3.289,2.888,2.781,3.097,2.866,2.646,2.67,1.846,1.666,2.267,2.261,2.614,2.737,2.829,2.844,2.549,2.618,2.934,3.074,2.559,2.71,3.023,2.993,2.357,2.383,3.054,3.043,2.891,2.767,3.618,3.785,2.99,2.892,982.0,973.0,667.0,688.0,2591.0,2280.0,1438.0,1436.0,478.0,414.0,344.0,266.0,3021.0,2785.0,4534.0,5325.0,3362.0,3422.0,2316.0,2077.0,923.0,755.0,4577.0,4945.0,2881.0,2900.0,3341.0,3241.0,1921.0,1804.0,3493.0,3451.0,1404.0,1606.0,610.0,646.0,1407.0,1331.0,687.0,887.0,1785.0,1334.0,1701.0,1541.0,4077.0,3906.0,1171.0,1362.0,4614.0,4937.0,3597.0,3565.0,642.0,794.0,5696.0,5277.0,7170.0,6820.0,5604.0,5199.0,3568.0,3755.0,3383.0,3300.0,438.0,479.0,395.0,343.0
A00033248,2.558,2.502,2.749,2.332,2.717,2.71,1.975,2.095,3.39,3.378,2.633,2.901,2.804,2.713,2.435,2.585,2.784,2.663,3.162,3.124,2.512,2.382,2.176,2.308,2.687,2.707,2.154,2.201,2.482,2.139,2.996,2.901,2.526,2.644,2.729,2.869,2.713,2.844,2.554,2.75,2.585,2.592,1.749,1.717,1.95,1.96,2.597,2.55,2.571,2.613,2.46,2.608,2.657,3.107,2.257,2.517,2.981,2.826,2.335,2.206,2.89,2.951,2.686,2.655,3.198,3.362,2.598,2.482,988.0,911.0,480.0,561.0,2211.0,1897.0,2020.0,2015.0,491.0,416.0,289.0,244.0,3096.0,3042.0,4336.0,5128.0,2900.0,3396.0,2356.0,2354.0,977.0,814.0,5596.0,5375.0,2511.0,2470.0,3758.0,3558.0,1543.0,1739.0,3215.0,2533.0,1426.0,1516.0,659.0,672.0,1495.0,1432.0,632.0,798.0,1980.0,1594.0,2163.0,1815.0,4020.0,4159.0,1197.0,1200.0,5250.0,4979.0,3794.0,3834.0,548.0,652.0,5664.0,6422.0,7028.0,6919.0,5235.0,4640.0,4004.0,4057.0,4231.0,3713.0,435.0,471.0,401.0,370.0
A00033609,2.332,2.729,2.659,2.277,2.693,2.635,1.913,1.863,3.482,3.602,2.035,1.991,2.667,2.712,2.371,2.53,2.655,2.683,2.954,3.022,2.217,2.367,2.073,2.085,2.533,2.526,1.914,1.872,2.27,2.412,2.99,2.903,2.496,2.512,2.646,2.669,2.759,2.731,2.635,2.548,2.43,2.418,1.416,1.54,2.077,2.106,2.414,2.545,2.681,2.683,2.527,2.481,2.852,2.852,2.347,2.36,2.752,2.671,2.15,2.238,2.927,2.714,2.564,2.566,3.706,3.443,2.285,2.255,780.0,874.0,596.0,631.0,2221.0,1900.0,1727.0,2170.0,499.0,456.0,315.0,260.0,3239.0,3269.0,5145.0,4819.0,3559.0,3588.0,2640.0,2776.0,1151.0,888.0,5238.0,5332.0,3159.0,2990.0,3730.0,3889.0,1934.0,2125.0,3228.0,3161.0,1414.0,1541.0,624.0,739.0,1366.0,1478.0,783.0,1048.0,1635.0,1507.0,1829.0,1795.0,4855.0,4202.0,1367.0,1265.0,4859.0,4886.0,4155.0,4520.0,496.0,804.0,6455.0,6314.0,8376.0,7910.0,5838.0,5463.0,3543.0,3711.0,3887.0,4677.0,502.0,465.0,436.0,394.0
A00033640,2.367,2.54,3.028,2.474,2.871,2.907,1.831,1.965,3.92,4.031,3.03,2.926,2.704,2.895,2.545,2.627,2.935,2.917,3.109,3.201,2.918,2.56,2.264,2.292,2.918,2.675,1.978,1.969,2.662,2.875,3.095,3.01,2.662,2.657,2.574,2.583,2.76,2.805,2.759,2.576,2.71,2.669,1.613,1.492,1.988,2.134,2.568,2.752,2.784,2.86,2.55,2.436,2.961,3.099,2.555,2.567,3.071,3.099,2.194,2.23,2.956,2.936,2.666,2.645,2.979,3.318,2.147,2.266,1004.0,840.0,560.0,561.0,2926.0,2196.0,1728.0,1823.0,320.0,323.0,332.0,225.0,3398.0,2990.0,4933.0,5848.0,2802.0,3288.0,2199.0,2219.0,931.0,895.0,5659.0,5219.0,2442.0,2608.0,4112.0,3355.0,1743.0,1812.0,3369.0,3150.0,1451.0,1563.0,697.0,722.0,1395.0,1323.0,609.0,801.0,1590.0,921.0,1997.0,1747.0,4995.0,4445.0,1181.0,1074.0,4614.0,4936.0,4163.0,4301.0,521.0,709.0,6415.0,5525.0,6878.0,6632.0,5531.0,5079.0,3659.0,4136.0,4332.0,3560.0,434.0,421.0,412.0,304.0
A00033643,2.671,2.729,2.385,2.423,2.766,2.671,1.69,1.907,4.039,3.738,3.118,3.246,2.795,2.805,2.583,2.598,2.734,2.702,3.078,3.218,2.366,2.333,2.108,2.089,2.719,2.703,1.856,1.984,2.553,2.595,3.163,3.02,2.587,2.585,2.673,2.804,2.782,2.768,2.703,2.822,2.673,2.68,1.371,1.327,2.012,1.98,2.42,2.396,2.482,2.583,2.538,2.552,2.983,3.005,2.504,2.595,3.039,2.951,2.263,2.285,2.998,2.946,2.705,2.668,3.958,3.677,2.391,2.479,1050.0,872.0,515.0,646.0,1925.0,1578.0,1260.0,1419.0,303.0,300.0,297.0,188.0,3316.0,3091.0,4229.0,5517.0,2971.0,2928.0,2200.0,2096.0,1064.0,894.0,5233.0,5317.0,2280.0,2299.0,2842.0,2723.0,1697.0,1846.0,3541.0,3210.0,1279.0,1415.0,657.0,597.0,1205.0,1778.0,637.0,697.0,1477.0,1217.0,1384.0,1174.0,3985.0,3664.0,1102.0,1232.0,4396.0,4691.0,3477.0,3469.0,405.0,654.0,5963.0,5271.0,6075.0,5772.0,4992.0,5037.0,3370.0,3653.0,3690.0,3146.0,442.0,412.0,464.0,368.0
A00033647,2.389,2.33,2.781,2.6,2.42,2.345,1.639,1.797,3.589,3.688,2.925,2.772,2.668,2.608,2.451,2.454,2.766,2.743,2.987,2.903,2.131,2.363,2.092,2.078,2.79,2.681,1.866,1.755,2.383,2.343,2.728,2.842,2.483,2.543,2.906,2.813,2.613,2.458,2.866,3.002,2.465,2.312,1.505,1.498,2.183,2.069,2.544,2.279,2.412,2.687,2.2,2.38,2.975,2.765,2.325,2.391,2.641,2.634,2.11,2.281,2.684,2.713,2.572,2.517,3.501,4.077,2.051,2.158,767.0,808.0,491.0,442.0,2010.0,2019.0,1307.0,1900.0,348.0,391.0,262.0,264.0,2438.0,2592.0,3301.0,4248.0,2549.0,2134.0,2105.0,2056.0,1041.0,762.0,4823.0,5045.0,2356.0,2504.0,3435.0,3288.0,1633.0,1880.0,2770.0,2117.0,1316.0,1433.0,603.0,626.0,1137.0,1268.0,556.0,614.0,1659.0,1015.0,1881.0,1440.0,3535.0,3843.0,866.0,1112.0,4498.0,4714.0,3645.0,3216.0,430.0,678.0,5262.0,4579.0,7209.0,6070.0,4451.0,4541.0,3105.0,3313.0,3629.0,2903.0,402.0,359.0,547.0,295.0
A00033673,2.637,2.962,2.579,2.386,2.682,2.725,1.917,1.992,3.299,3.172,2.769,2.662,2.926,2.998,2.499,2.828,2.975,3.034,2.952,3.059,2.408,2.513,2.288,2.368,2.763,2.919,2.197,1.993,2.546,2.835,3.133,3.16,2.548,2.611,2.83,2.918,2.552,2.546,2.723,2.889,2.619,2.685,1.546,1.455,2.273,2.223,2.441,2.597,2.52,2.676,2.527,2.546,3.052,2.849,2.465,2.449,2.738,2.782,2.396,2.398,2.909,2.883,2.727,2.769,4.142,3.389,2.094,2.403,855.0,773.0,500.0,538.0,1981.0,2026.0,1030.0,1160.0,359.0,376.0,287.0,191.0,2415.0,2312.0,3139.0,3886.0,2412.0,2469.0,1959.0,1823.0,742.0,735.0,4350.0,4000.0,2199.0,2008.0,2539.0,2547.0,1438.0,1479.0,2731.0,2438.0,1114.0,1059.0,510.0,450.0,1009.0,1412.0,561.0,749.0,1052.0,992.0,1104.0,1063.0,4030.0,3942.0,998.0,870.0,4419.0,4160.0,2849.0,2845.0,403.0,721.0,4444.0,4425.0,6663.0,5898.0,4222.0,4152.0,3097.0,3678.0,3311.0,2781.0,355.0,344.0,410.0,260.0
A00033734,2.576,2.529,2.721,2.582,2.758,2.724,2.055,2.027,3.365,3.783,2.778,3.086,2.938,2.988,2.541,2.623,2.838,2.688,2.775,2.878,2.605,2.795,2.372,2.51,2.794,2.671,2.177,2.236,2.558,2.476,2.844,2.958,2.55,2.476,2.75,2.718,2.692,2.816,2.951,2.649,2.498,2.623,1.578,1.638,2.282,2.166,2.474,2.719,2.61,2.625,2.53,2.48,2.878,3.059,2.266,2.528,2.926,2.707,2.341,2.43,2.736,2.934,2.736,2.576,3.401,3.524,2.612,2.462,812.0,631.0,480.0,669.0,2013.0,1948.0,1292.0,1374.0,362.0,353.0,266.0,231.0,2825.0,2568.0,3858.0,4393.0,2287.0,2649.0,2360.0,1935.0,682.0,745.0,4159.0,4220.0,2257.0,2442.0,2763.0,2796.0,1605.0,1579.0,2431.0,2363.0,1311.0,1431.0,653.0,640.0,1209.0,1580.0,562.0,664.0,1410.0,1296.0,1365.0,1188.0,3869.0,3706.0,955.0,878.0,4676.0,4753.0,3402.0,3781.0,398.0,522.0,5792.0,5379.0,6399.0,6128.0,4988.0,4827.0,2939.0,3201.0,3252.0,3211.0,366.0,533.0,394.0,284.0
A00033735,2.336,2.383,2.723,2.421,2.473,2.406,1.832,1.834,3.818,3.365,2.758,2.837,2.805,2.869,2.439,2.394,2.934,2.656,2.947,3.082,2.291,2.2,2.017,2.155,2.905,2.887,2.084,1.961,2.659,2.493,2.748,2.664,2.248,2.403,2.818,3.106,2.396,2.426,2.652,2.813,2.399,2.237,1.597,1.553,2.072,1.941,2.277,2.498,2.443,2.443,2.278,2.309,2.916,3.291,2.383,2.482,2.681,2.606,2.065,2.113,2.664,2.655,2.574,2.524,3.792,3.85,2.398,2.339,707.0,682.0,490.0,725.0,1886.0,2024.0,1308.0,1514.0,323.0,349.0,293.0,277.0,2444.0,2710.0,3649.0,4435.0,2540.0,2449.0,1940.0,1793.0,860.0,787.0,4439.0,4633.0,2070.0,2076.0,3229.0,3009.0,1530.0,1721.0,2681.0,2356.0,1218.0,1274.0,463.0,557.0,1082.0,1282.0,659.0,755.0,1125.0,1060.0,1687.0,1426.0,3677.0,3486.0,955.0,850.0,4516.0,4625.0,3155.0,3013.0,548.0,609.0,4807.0,4496.0,6482.0,6044.0,4686.0,4734.0,2674.0,2975.0,2901.0,2668.0,374.0,376.0,325.0,250.0
A00033747,2.654,2.686,3.068,2.667,2.902,2.855,2.172,2.309,4.12,3.713,3.109,3.427,2.934,2.842,2.733,2.764,3.07,3.071,3.168,3.22,2.488,2.645,2.357,2.483,2.906,2.738,2.301,2.134,2.473,2.948,3.144,3.212,2.766,2.786,3.294,3.14,2.937,2.771,3.211,2.919,2.724,2.701,1.93,1.889,2.242,2.388,2.614,2.774,2.856,2.844,2.639,2.601,2.934,3.324,2.451,2.721,3.131,2.92,2.528,2.602,2.978,2.928,2.86,2.872,3.676,3.783,2.672,2.692,931.0,834.0,479.0,432.0,2276.0,2014.0,1359.0,1421.0,311.0,337.0,234.0,240.0,2499.0,2631.0,3828.0,4023.0,2448.0,2475.0,1811.0,1824.0,928.0,888.0,4455.0,3973.0,2232.0,2046.0,3022.0,2733.0,1488.0,1558.0,2924.0,2462.0,1230.0,1153.0,593.0,645.0,1189.0,1217.0,616.0,734.0,1436.0,1155.0,1506.0,1481.0,3489.0,3771.0,1017.0,1025.0,4320.0,4483.0,3505.0,3507.0,336.0,769.0,4648.0,4936.0,6104.0,6437.0,4928.0,5352.0,3508.0,3599.0,3087.0,3453.0,350.0,357.0,371.0,310.0
A00033752,2.687,2.39,2.342,2.456,2.479,2.54,1.938,1.857,2.933,3.374,2.656,2.977,2.884,2.92,2.499,2.633,3.018,2.86,2.939,2.903,2.203,2.289,2.238,2.217,2.466,2.718,2.14,1.934,2.41,2.447,2.733,2.788,2.486,2.507,3.019,3.126,2.694,2.544,2.576,2.792,2.47,2.357,1.677,1.567,2.128,2.177,2.411,2.334,2.576,2.592,2.429,2.5,2.894,2.847,2.437,2.423,2.689,2.673,2.271,2.217,2.752,2.775,2.595,2.753,3.662,4.028,2.479,2.17,769.0,645.0,585.0,649.0,2619.0,2128.0,1833.0,1805.0,448.0,379.0,309.0,220.0,2659.0,2842.0,3520.0,4009.0,3113.0,2710.0,2131.0,2112.0,1255.0,958.0,5134.0,4971.0,2458.0,2145.0,3150.0,3016.0,1984.0,1772.0,3075.0,2649.0,948.0,1216.0,551.0,573.0,1210.0,1524.0,676.0,694.0,1232.0,1068.0,1680.0,1479.0,3671.0,3627.0,987.0,1131.0,4280.0,4188.0,2932.0,3447.0,542.0,782.0,5201.0,5132.0,6123.0,6066.0,4796.0,4433.0,3371.0,3957.0,3512.0,3131.0,410.0,392.0,512.0,343.0
A00033764,2.238,2.641,2.739,2.546,2.53,2.62,1.805,1.904,3.132,3.565,2.94,2.968,2.748,2.691,2.618,2.66,2.979,3.007,3.031,3.238,2.59,2.364,2.181,2.149,2.609,2.677,2.009,1.948,2.341,2.376,2.796,2.923,2.513,2.323,2.473,2.897,2.613,2.679,2.745,2.768,2.392,2.669,1.564,1.482,2.099,1.921,2.344,2.48,2.612,2.538,2.53,2.383,2.775,2.8,2.299,2.446,2.823,2.694,2.258,2.341,2.869,2.746,2.646,2.623,3.827,3.502,2.193,2.438,926.0,835.0,481.0,708.0,1879.0,1982.0,1862.0,1902.0,594.0,377.0,276.0,232.0,3215.0,2899.0,4582.0,5199.0,3320.0,3076.0,2172.0,2017.0,1083.0,926.0,5783.0,5141.0,2546.0,2121.0,3549.0,3699.0,1599.0,1831.0,3257.0,3221.0,1275.0,1496.0,707.0,638.0,1064.0,1512.0,622.0,799.0,1503.0,1369.0,1601.0,1552.0,4210.0,3702.0,1106.0,968.0,4321.0,4353.0,3960.0,3665.0,606.0,796.0,5631.0,6082.0,6683.0,6118.0,5690.0,5191.0,3050.0,3401.0,3387.0,3663.0,374.0,453.0,394.0,272.0
A00033832,2.563,2.445,2.673,2.629,2.547,2.528,1.842,1.717,2.97,3.3,2.368,2.746,2.552,2.672,2.356,2.45,2.77,2.681,2.972,2.956,2.509,2.257,2.114,2.126,2.686,2.594,2.017,1.984,2.382,2.322,2.785,2.787,2.407,2.515,2.749,3.036,2.554,2.682,2.752,2.434,2.378,2.405,1.526,1.526,2.299,2.277,2.512,2.549,2.618,2.529,2.489,2.474,2.744,2.817,2.147,2.392,2.746,2.712,2.301,2.3,2.919,2.972,2.564,2.691,4.133,3.598,2.594,2.406,928.0,795.0,593.0,768.0,2719.0,2174.0,1929.0,1878.0,536.0,442.0,332.0,244.0,3216.0,2898.0,3762.0,5280.0,3697.0,3946.0,2265.0,2175.0,1066.0,967.0,5677.0,6235.0,2684.0,2790.0,3862.0,4196.0,1837.0,1927.0,3457.0,3372.0,1535.0,1736.0,620.0,662.0,1326.0,1525.0,735.0,950.0,1458.0,1104.0,1783.0,2047.0,4381.0,4035.0,1101.0,1301.0,5458.0,5936.0,3710.0,4055.0,479.0,786.0,6362.0,5561.0,8376.0,7347.0,5115.0,4388.0,3920.0,3951.0,4118.0,3483.0,476.0,478.0,525.0,343.0
A00033834,2.516,2.662,2.621,2.444,2.606,2.735,2.054,1.878,3.523,3.664,2.768,2.769,2.832,2.868,2.572,2.578,2.895,2.879,3.015,3.002,2.343,2.223,2.289,2.361,2.631,2.677,1.951,1.926,2.321,2.161,2.823,2.955,2.572,2.509,2.856,3.0,2.699,2.606,2.692,2.818,2.465,2.47,1.743,1.569,2.3,2.325,2.485,2.529,2.534,2.643,2.4,2.364,2.634,2.7,2.328,2.346,2.755,2.724,2.39,2.45,2.783,2.74,2.638,2.572,3.623,3.445,2.593,2.599,884.0,837.0,557.0,865.0,2166.0,1937.0,1311.0,1455.0,409.0,402.0,289.0,234.0,2585.0,2631.0,3933.0,5206.0,2670.0,2880.0,2276.0,1954.0,899.0,861.0,4696.0,4618.0,2525.0,2405.0,3327.0,3092.0,1700.0,1705.0,2921.0,2629.0,1621.0,1696.0,520.0,535.0,1176.0,1394.0,595.0,719.0,1615.0,1227.0,1271.0,1267.0,4402.0,4063.0,1043.0,1350.0,4903.0,4795.0,3434.0,3821.0,725.0,825.0,4726.0,4949.0,7886.0,6709.0,4819.0,4889.0,3332.0,3352.0,3401.0,3150.0,425.0,425.0,392.0,267.0
A00033849,2.17,2.23,2.785,2.633,2.651,2.532,1.695,1.624,3.591,3.803,2.419,2.417,2.632,2.717,2.266,2.315,2.603,2.669,2.771,2.772,2.49,2.232,2.054,2.122,2.533,2.4,1.765,1.847,2.289,2.285,2.788,2.687,2.335,2.373,2.704,2.914,2.479,2.436,2.512,2.605,2.372,2.431,1.448,1.376,1.947,1.934,2.326,2.48,2.582,2.616,2.223,2.164,2.633,2.67,2.21,2.312,2.716,2.6,2.112,2.144,2.705,2.568,2.461,2.426,3.25,3.385,1.94,1.892,911.0,919.0,580.0,481.0,1595.0,1565.0,1197.0,1205.0,454.0,414.0,265.0,204.0,2783.0,2434.0,3889.0,4443.0,2554.0,3029.0,1779.0,1850.0,908.0,737.0,4235.0,3897.0,2192.0,2134.0,2258.0,2269.0,1508.0,1585.0,2780.0,2580.0,1264.0,1331.0,603.0,614.0,977.0,1250.0,562.0,646.0,923.0,861.0,1138.0,1175.0,3326.0,3362.0,878.0,978.0,4046.0,3960.0,2822.0,3129.0,548.0,740.0,4247.0,4207.0,6104.0,5992.0,3796.0,3923.0,3751.0,3298.0,2928.0,2819.0,443.0,412.0,403.0,290.0
A00033903,2.614,2.587,3.11,2.819,2.814,2.667,1.807,1.868,4.008,4.17,3.183,2.956,2.858,2.871,2.648,2.674,2.9,2.693,2.956,3.19,2.571,2.634,2.173,2.281,2.729,2.965,2.14,1.997,2.418,2.394,2.9,2.91,2.526,2.605,2.936,3.236,2.689,2.64,2.776,2.906,2.605,2.498,1.452,1.619,2.323,2.343,2.473,2.719,2.673,2.711,2.463,2.592,3.315,3.092,2.61,2.573,2.922,2.903,2.39,2.295,2.842,2.688,2.805,2.808,3.442,3.964,2.597,2.643,738.0,723.0,522.0,439.0,1365.0,1648.0,1301.0,1414.0,276.0,319.0,253.0,261.0,2482.0,2960.0,3567.0,4416.0,2373.0,2860.0,1968.0,1814.0,787.0,753.0,4043.0,4295.0,2265.0,2129.0,3155.0,2999.0,1629.0,1512.0,2630.0,2214.0,1165.0,1151.0,533.0,565.0,1083.0,1081.0,624.0,664.0,1197.0,1074.0,1605.0,1373.0,3589.0,3587.0,867.0,848.0,4014.0,3777.0,3246.0,3126.0,401.0,544.0,3792.0,4018.0,5805.0,5344.0,4544.0,4973.0,2891.0,2970.0,2996.0,2783.0,506.0,351.0,381.0,236.0
A00033963,2.643,2.906,2.593,2.437,2.547,2.732,1.652,1.743,3.378,3.588,3.15,2.823,2.47,2.762,2.591,2.709,2.756,2.749,2.75,2.779,2.125,2.285,2.04,2.221,2.6,2.637,1.725,1.849,2.444,2.454,2.908,2.971,2.317,2.416,2.11,2.562,2.712,2.624,2.875,2.998,2.496,2.509,1.334,1.368,2.115,2.005,2.548,2.471,2.383,2.41,2.494,2.418,2.871,2.97,2.506,2.444,2.63,2.705,2.281,2.269,2.862,2.855,2.644,2.65,3.775,3.592,2.283,2.527,900.0,749.0,789.0,554.0,1509.0,1820.0,1477.0,1452.0,464.0,310.0,312.0,244.0,3240.0,2920.0,3661.0,4264.0,3037.0,2937.0,2284.0,2386.0,791.0,653.0,3981.0,3726.0,2515.0,2334.0,2723.0,2789.0,1931.0,1697.0,2992.0,2746.0,1158.0,1437.0,623.0,560.0,977.0,1738.0,605.0,686.0,1307.0,1124.0,1459.0,1406.0,3336.0,3394.0,774.0,1156.0,4149.0,4301.0,3249.0,3210.0,577.0,645.0,5537.0,4557.0,5669.0,5690.0,4920.0,4883.0,3334.0,3416.0,3315.0,3220.0,493.0,437.0,423.0,255.0
A00033998,2.701,2.818,2.721,2.381,2.708,2.761,1.995,2.242,3.424,3.928,2.857,2.773,2.998,2.897,2.747,2.876,3.188,3.092,3.025,3.133,2.363,2.579,2.458,2.583,2.762,2.924,2.239,2.169,2.293,2.489,3.347,3.212,2.91,2.786,2.867,3.056,2.744,2.794,2.711,2.903,2.545,2.528,1.954,1.587,2.031,2.077,2.478,2.518,2.801,2.747,2.7,2.678,2.645,2.79,2.393,2.455,2.972,2.943,2.408,2.399,3.197,3.219,2.8,2.753,3.973,3.369,2.743,2.736,853.0,945.0,811.0,765.0,2492.0,2705.0,1692.0,1604.0,479.0,502.0,357.0,259.0,3508.0,3240.0,3639.0,4915.0,3057.0,3206.0,2669.0,2855.0,995.0,805.0,5120.0,4603.0,2654.0,2508.0,2712.0,2923.0,1962.0,1905.0,3212.0,2850.0,1252.0,1653.0,661.0,704.0,1145.0,1432.0,824.0,982.0,1377.0,1287.0,1472.0,1352.0,4380.0,4603.0,1187.0,1302.0,5548.0,5089.0,3634.0,3943.0,657.0,930.0,6869.0,6976.0,8051.0,7543.0,5804.0,6386.0,4172.0,4211.0,5033.0,4043.0,549.0,551.0,488.0,375.0
A00034073,2.536,2.609,2.332,2.524,2.911,2.916,1.817,2.033,3.82,3.126,2.687,2.971,2.938,2.993,2.557,2.6,3.039,2.994,3.168,3.303,2.312,2.49,2.218,2.346,2.759,2.722,2.084,1.96,2.614,2.725,3.257,3.204,2.573,2.639,2.544,2.443,2.784,2.988,2.795,3.008,2.828,2.703,1.534,1.768,2.008,2.052,2.457,2.527,2.624,2.713,2.539,2.475,2.886,3.102,2.427,2.524,3.037,2.917,2.266,2.308,2.81,3.022,2.633,2.673,4.032,3.8,2.238,2.519,1295.0,930.0,564.0,835.0,2122.0,2078.0,1652.0,1848.0,354.0,292.0,284.0,226.0,2838.0,2769.0,4565.0,5358.0,3086.0,2956.0,2100.0,1967.0,1154.0,808.0,6188.0,6516.0,2599.0,2991.0,3836.0,3380.0,1838.0,2272.0,3764.0,3567.0,1224.0,1511.0,670.0,659.0,1316.0,1321.0,714.0,948.0,1566.0,1416.0,1735.0,1593.0,3940.0,3569.0,1152.0,1237.0,4528.0,4410.0,3852.0,4144.0,503.0,818.0,5812.0,5943.0,7353.0,6808.0,4940.0,4714.0,3555.0,4192.0,3871.0,3352.0,377.0,464.0,430.0,285.0
A00034074,2.852,2.671,2.616,2.519,2.921,2.726,1.984,2.032,2.694,2.829,2.977,3.169,2.921,2.933,2.783,2.68,2.79,3.054,3.319,3.306,2.259,2.22,2.186,2.372,2.792,2.851,2.016,2.063,2.298,2.538,3.012,3.018,2.768,2.715,2.86,3.046,2.807,2.896,3.139,2.992,2.63,2.977,1.627,1.72,2.292,2.286,2.601,2.819,2.749,2.742,2.579,2.563,2.921,2.837,2.402,2.609,2.945,2.924,2.472,2.575,3.126,3.176,2.941,2.894,3.112,3.51,2.874,2.659,893.0,723.0,609.0,697.0,2087.0,1607.0,1314.0,1608.0,547.0,456.0,316.0,221.0,3269.0,3114.0,4032.0,5022.0,3657.0,3403.0,2152.0,2077.0,1135.0,880.0,4986.0,4682.0,2719.0,2617.0,2954.0,2874.0,1629.0,1769.0,3266.0,2791.0,1659.0,1489.0,621.0,650.0,1387.0,1654.0,770.0,1014.0,1704.0,1355.0,1538.0,1180.0,3904.0,4155.0,1176.0,1234.0,4971.0,4929.0,3901.0,3767.0,595.0,736.0,6102.0,5532.0,7676.0,6761.0,5048.0,5203.0,3473.0,3496.0,4085.0,3522.0,437.0,326.0,476.0,314.0
A00034093,2.309,2.135,2.256,2.227,2.497,2.435,1.738,1.851,3.069,3.491,2.921,2.942,2.713,2.729,2.299,2.261,2.727,2.703,2.791,2.896,2.345,2.001,2.176,2.162,2.57,2.558,1.922,1.838,2.288,2.398,2.685,2.703,2.251,2.365,2.704,2.423,2.544,2.423,2.653,2.75,2.36,2.176,1.583,1.486,1.96,1.869,2.368,2.436,2.435,2.476,2.368,2.347,2.607,2.309,2.264,2.326,2.491,2.539,2.03,2.077,2.446,2.465,2.369,2.508,3.175,3.506,2.04,2.158,1179.0,961.0,416.0,562.0,1861.0,1548.0,1600.0,1520.0,459.0,412.0,302.0,249.0,3202.0,3029.0,3917.0,6043.0,3340.0,3164.0,2491.0,2304.0,914.0,811.0,5018.0,4269.0,2508.0,2337.0,2669.0,2702.0,1776.0,1618.0,3585.0,3284.0,1428.0,1409.0,558.0,592.0,1203.0,1491.0,683.0,832.0,1267.0,1273.0,1153.0,1166.0,4517.0,4583.0,1213.0,1098.0,4278.0,4888.0,3805.0,4026.0,460.0,876.0,6091.0,5314.0,7097.0,6943.0,5672.0,4788.0,3630.0,4047.0,5151.0,3743.0,413.0,460.0,394.0,282.0
A00034193,2.652,2.557,3.267,2.604,2.715,2.758,1.928,1.889,3.362,3.016,2.701,2.938,2.776,2.659,2.547,2.664,2.78,2.923,3.252,3.303,2.57,2.625,2.202,2.255,2.739,2.718,2.012,1.977,2.399,2.621,2.989,2.999,2.54,2.568,2.81,3.038,2.737,2.759,2.707,2.856,2.739,2.691,1.778,1.696,2.244,2.227,2.643,2.674,2.843,2.912,2.649,2.634,2.81,3.122,2.455,2.621,2.942,2.887,2.352,2.315,2.976,2.816,2.742,2.672,3.707,3.47,2.38,2.398,1110.0,1202.0,647.0,1080.0,2364.0,1867.0,1326.0,1439.0,517.0,469.0,366.0,248.0,3929.0,3893.0,5080.0,5283.0,3291.0,3575.0,2392.0,2522.0,950.0,807.0,4764.0,4903.0,2915.0,2496.0,3151.0,2830.0,2136.0,1909.0,3656.0,3435.0,1495.0,1610.0,738.0,721.0,1804.0,1936.0,727.0,917.0,1863.0,1378.0,1460.0,1256.0,4962.0,4515.0,1354.0,1284.0,4988.0,5173.0,3578.0,3597.0,818.0,774.0,6257.0,5794.0,7932.0,6625.0,5547.0,5438.0,4332.0,4211.0,4436.0,4624.0,379.0,432.0,532.0,400.0
A00034385,2.418,2.648,2.524,2.348,2.729,2.668,1.946,1.947,3.531,3.553,2.815,2.86,2.792,2.797,2.524,2.511,2.856,2.804,3.156,3.204,2.434,2.432,2.219,2.306,2.919,2.8,1.958,2.018,2.677,2.626,2.881,2.89,2.608,2.556,2.636,3.136,2.779,2.661,3.008,2.775,2.636,2.632,1.485,1.364,2.215,2.143,2.321,2.521,2.693,2.783,2.469,2.488,2.814,3.073,2.459,2.468,2.896,2.836,2.278,2.27,2.887,2.721,2.731,2.657,3.703,3.817,2.609,2.618,855.0,650.0,524.0,617.0,1688.0,1731.0,1522.0,1477.0,487.0,324.0,278.0,229.0,2676.0,2716.0,3513.0,4264.0,2761.0,2940.0,1890.0,2021.0,1038.0,882.0,4237.0,4923.0,2531.0,2297.0,3030.0,2953.0,1565.0,1784.0,2925.0,2634.0,1125.0,1319.0,634.0,599.0,1301.0,1441.0,679.0,846.0,1382.0,1342.0,1442.0,1168.0,3798.0,3779.0,1164.0,1001.0,3774.0,4095.0,3377.0,3617.0,397.0,672.0,4991.0,4838.0,5911.0,5706.0,5043.0,5396.0,3360.0,3340.0,3592.0,3625.0,470.0,382.0,406.0,368.0
A00034400,2.168,2.775,2.589,2.82,2.479,2.539,1.516,1.697,3.208,3.771,2.853,3.277,2.745,2.78,2.328,2.473,2.943,3.024,2.916,2.939,2.24,1.953,2.087,2.293,2.702,2.623,1.827,1.898,2.281,2.453,3.118,2.909,2.383,2.362,2.674,2.885,2.259,2.447,2.628,2.792,2.143,2.216,1.409,1.376,2.078,2.037,2.482,2.467,2.323,2.377,2.419,2.255,2.873,2.722,2.401,2.344,2.592,2.587,2.06,2.128,2.902,2.887,2.496,2.563,3.848,3.952,2.358,2.192,732.0,804.0,729.0,691.0,1690.0,1781.0,1427.0,1386.0,460.0,351.0,222.0,226.0,2216.0,2310.0,3558.0,4450.0,2300.0,2581.0,1952.0,1933.0,837.0,648.0,4432.0,4941.0,2134.0,2240.0,2907.0,2695.0,1425.0,1649.0,2795.0,2583.0,1081.0,1340.0,522.0,498.0,1074.0,1255.0,521.0,600.0,1186.0,1017.0,1381.0,1069.0,3218.0,3072.0,1005.0,1143.0,3676.0,3707.0,3011.0,3158.0,505.0,665.0,4274.0,4272.0,5981.0,5352.0,4428.0,4072.0,2947.0,3309.0,3063.0,2636.0,341.0,415.0,321.0,263.0
A00034827,2.648,2.669,2.807,2.763,2.453,2.453,1.78,1.858,3.241,3.295,2.926,3.005,2.654,2.686,2.503,2.452,2.731,2.956,3.099,2.828,2.757,2.358,2.265,2.367,2.762,2.687,1.94,1.971,2.45,2.425,2.993,2.928,2.406,2.404,2.431,2.381,2.549,2.453,2.778,2.824,2.496,2.544,1.311,1.488,1.899,1.962,2.465,2.732,2.435,2.434,2.408,2.314,2.776,2.811,2.374,2.352,2.655,2.654,2.125,2.146,2.733,2.753,2.501,2.55,3.261,3.214,2.432,2.195,894.0,891.0,664.0,1025.0,2643.0,2570.0,2019.0,2183.0,393.0,406.0,346.0,306.0,3237.0,3548.0,4958.0,5313.0,4010.0,4396.0,2238.0,2431.0,1053.0,848.0,5818.0,5251.0,2661.0,2551.0,3657.0,3235.0,1970.0,2109.0,3678.0,3275.0,1686.0,1783.0,689.0,762.0,1233.0,1338.0,570.0,797.0,1363.0,1177.0,1804.0,1628.0,4379.0,3997.0,1449.0,1106.0,4879.0,4940.0,4529.0,4815.0,670.0,1178.0,5621.0,5847.0,8732.0,7987.0,6203.0,5852.0,3552.0,3946.0,3339.0,3441.0,430.0,538.0,440.0,293.0
A00034854,2.421,2.706,2.729,2.59,2.63,2.702,1.701,1.663,2.906,2.727,2.939,2.855,2.597,2.806,2.533,2.594,2.824,2.774,3.045,3.252,2.624,2.536,1.988,2.026,2.797,2.808,1.812,1.834,2.434,2.425,2.837,2.953,2.435,2.601,2.785,3.191,2.73,2.779,2.96,2.682,2.62,2.724,1.554,1.482,2.243,2.257,2.64,2.638,2.626,2.651,2.385,2.3,2.907,2.932,2.462,2.608,2.862,2.828,2.289,2.24,2.894,3.002,2.711,2.794,3.778,4.02,2.175,2.504,1484.0,779.0,459.0,875.0,2913.0,2543.0,1777.0,1729.0,570.0,525.0,285.0,276.0,3384.0,3403.0,4825.0,5229.0,3996.0,3766.0,2439.0,2353.0,983.0,934.0,5123.0,5935.0,2874.0,2638.0,3871.0,3877.0,2088.0,2079.0,4255.0,3608.0,1538.0,1644.0,749.0,799.0,1399.0,1471.0,773.0,737.0,1537.0,1199.0,1833.0,1919.0,4375.0,4765.0,1273.0,1136.0,4956.0,5148.0,4177.0,4031.0,650.0,945.0,6266.0,6012.0,8661.0,8032.0,6176.0,6309.0,4257.0,4047.0,4801.0,4293.0,441.0,431.0,556.0,321.0
A00034987,2.498,2.689,2.655,2.918,2.789,2.748,1.781,1.916,3.342,3.221,2.666,2.756,3.012,2.811,2.382,2.504,2.953,2.978,3.121,3.205,2.322,2.577,2.111,2.152,2.763,2.699,1.979,1.964,2.518,2.367,2.973,2.827,2.307,2.344,3.109,2.894,2.68,2.632,2.772,3.017,2.517,2.364,1.397,1.521,2.021,2.053,2.614,2.687,2.698,2.737,2.355,2.348,2.787,2.696,2.377,2.568,2.958,2.832,2.059,2.183,2.912,2.948,2.606,2.657,3.786,4.109,2.246,2.13,967.0,751.0,467.0,650.0,2036.0,1868.0,1252.0,1404.0,480.0,409.0,254.0,215.0,2719.0,2720.0,3993.0,4734.0,2915.0,2573.0,1949.0,1908.0,832.0,516.0,4106.0,3915.0,2379.0,2564.0,3030.0,2831.0,1670.0,1646.0,2991.0,2987.0,1099.0,1281.0,584.0,625.0,1062.0,1338.0,586.0,727.0,1294.0,1159.0,1702.0,1243.0,3657.0,3461.0,1006.0,955.0,4293.0,4437.0,3156.0,3057.0,586.0,789.0,5750.0,5168.0,5950.0,5376.0,4549.0,4533.0,3175.0,3579.0,3241.0,2765.0,422.0,382.0,408.0,290.0
A00035036,2.639,3.079,3.041,2.595,2.719,2.536,1.776,1.887,3.364,2.704,2.839,3.212,2.772,2.809,2.374,2.56,2.921,2.798,3.073,3.133,2.165,2.387,2.106,2.25,2.761,2.894,1.893,1.81,2.677,2.534,2.874,2.916,2.334,2.513,2.943,2.896,2.768,2.727,2.835,2.754,2.709,2.698,1.467,1.431,2.029,2.029,2.637,2.63,2.627,2.535,2.46,2.519,3.315,3.157,2.433,2.571,2.865,2.753,2.1,2.157,2.961,2.709,2.398,2.579,3.444,3.46,2.346,2.454,890.0,922.0,451.0,540.0,1542.0,1567.0,1475.0,1573.0,404.0,500.0,275.0,219.0,2949.0,2786.0,3517.0,4989.0,3069.0,2578.0,2110.0,2050.0,922.0,719.0,4685.0,5217.0,2217.0,2043.0,2278.0,2686.0,1769.0,1742.0,2829.0,2826.0,1207.0,1369.0,539.0,607.0,1317.0,1289.0,621.0,715.0,1337.0,1118.0,1300.0,1298.0,3865.0,3406.0,977.0,940.0,4441.0,4525.0,2949.0,3079.0,451.0,515.0,4231.0,4162.0,5773.0,5665.0,4439.0,4644.0,3155.0,3955.0,4154.0,2991.0,404.0,366.0,453.0,331.0
A00035072,2.685,2.988,2.412,2.72,2.81,2.704,2.011,1.919,3.34,3.944,2.441,3.408,2.814,2.899,2.656,2.784,2.737,2.852,3.07,3.162,2.475,2.354,2.23,2.446,2.827,2.961,2.084,1.863,2.506,2.714,3.067,3.016,2.529,2.547,2.842,3.119,2.734,2.676,2.976,2.966,2.638,2.571,1.591,1.63,2.328,2.182,2.58,2.592,2.581,2.747,2.625,2.632,3.049,2.846,2.518,2.535,2.933,2.884,2.396,2.406,3.035,3.071,2.803,2.746,3.876,3.629,2.713,2.428,786.0,831.0,486.0,702.0,2030.0,1870.0,1314.0,1428.0,419.0,292.0,286.0,201.0,2467.0,2954.0,3593.0,5096.0,2811.0,2993.0,2415.0,2139.0,899.0,852.0,4344.0,4549.0,2341.0,2282.0,2849.0,2666.0,1519.0,1666.0,3315.0,2754.0,1182.0,1211.0,596.0,597.0,1379.0,1753.0,645.0,647.0,1504.0,1373.0,1336.0,1118.0,3892.0,3322.0,993.0,1074.0,4010.0,3855.0,3023.0,3460.0,598.0,743.0,5423.0,5063.0,6097.0,5468.0,5164.0,4723.0,3481.0,3613.0,3747.0,2962.0,421.0,443.0,475.0,316.0
A00035291,2.544,2.745,2.539,2.567,2.887,2.805,1.879,1.901,3.324,3.438,2.869,2.394,3.048,2.922,2.573,2.579,2.92,3.075,3.149,3.373,2.372,2.522,2.161,2.381,2.74,2.842,2.14,2.032,2.517,2.455,3.19,3.053,2.499,2.601,2.997,3.029,2.654,2.819,2.657,2.841,2.601,2.446,1.558,1.608,2.019,2.222,2.727,2.773,2.602,2.702,2.511,2.61,2.932,3.021,2.36,2.464,2.918,2.837,2.296,2.308,3.057,3.124,2.577,2.564,3.887,3.636,2.664,2.534,1180.0,962.0,704.0,1016.0,2236.0,2339.0,1511.0,1596.0,473.0,337.0,313.0,273.0,2925.0,3322.0,4387.0,5692.0,3128.0,3495.0,2538.0,2183.0,1175.0,966.0,4523.0,4578.0,2815.0,2582.0,3508.0,3326.0,1708.0,1700.0,3566.0,3273.0,1379.0,1650.0,629.0,693.0,1295.0,1792.0,855.0,922.0,1556.0,1486.0,1514.0,1236.0,4516.0,4291.0,1492.0,1272.0,5450.0,4531.0,3710.0,4020.0,668.0,837.0,5636.0,6576.0,7968.0,7379.0,5758.0,5511.0,3764.0,3878.0,4756.0,3340.0,453.0,436.0,421.0,339.0
A00035337,2.265,2.651,2.892,2.248,2.478,2.439,1.797,2.213,3.669,4.152,2.752,2.798,2.901,2.736,2.444,2.489,2.81,2.572,3.04,3.143,2.127,2.567,2.099,2.416,2.647,2.789,2.003,1.933,2.434,2.478,2.953,2.841,2.444,2.569,2.846,3.543,2.505,2.398,2.629,2.589,2.28,2.251,1.648,1.522,2.022,1.939,2.46,2.34,2.401,2.519,2.329,2.388,2.783,3.288,2.268,2.145,2.653,2.7,2.202,2.324,2.661,2.51,2.391,2.374,3.779,4.101,2.4,2.161,664.0,723.0,592.0,581.0,1929.0,1720.0,1365.0,1172.0,388.0,317.0,281.0,186.0,2365.0,2543.0,3343.0,4331.0,2544.0,2496.0,1857.0,1703.0,888.0,802.0,4372.0,4939.0,2009.0,2077.0,2899.0,2626.0,1424.0,1464.0,2664.0,2390.0,957.0,1178.0,484.0,508.0,1087.0,1154.0,516.0,686.0,1354.0,1095.0,1717.0,1593.0,3167.0,3357.0,948.0,1099.0,4269.0,4126.0,3128.0,3327.0,454.0,723.0,5598.0,4895.0,5667.0,5632.0,4095.0,4020.0,2617.0,3293.0,3022.0,2445.0,361.0,405.0,339.0,240.0
A00035364,2.782,2.836,2.443,2.426,2.733,2.822,1.913,1.767,3.329,3.489,2.109,2.553,2.886,2.763,2.761,2.755,2.902,2.831,3.063,3.315,2.303,2.577,2.356,2.459,2.576,2.683,2.046,1.92,2.338,2.302,3.063,3.068,2.546,2.67,2.878,2.996,2.979,2.785,2.907,2.482,2.768,2.574,1.774,1.675,2.196,2.251,2.613,2.733,2.769,2.668,2.59,2.619,2.805,2.805,2.272,2.501,2.946,2.725,2.402,2.458,3.103,3.041,2.736,2.829,3.096,3.744,2.958,2.687,1384.0,1163.0,580.0,726.0,2346.0,2089.0,1722.0,1633.0,375.0,491.0,332.0,253.0,3624.0,3900.0,5578.0,7027.0,4776.0,4082.0,3178.0,2739.0,1508.0,1352.0,5487.0,5556.0,2997.0,2931.0,3442.0,2880.0,1754.0,2033.0,4928.0,4116.0,1670.0,1957.0,733.0,762.0,1376.0,2245.0,792.0,874.0,1934.0,1991.0,1494.0,1274.0,5402.0,4905.0,1551.0,1614.0,5010.0,5002.0,4850.0,5762.0,662.0,1081.0,7311.0,7493.0,9801.0,9406.0,6444.0,6877.0,4125.0,4629.0,5808.0,4645.0,414.0,527.0,543.0,381.0
A00035378,2.329,2.65,2.674,2.183,2.539,2.603,1.57,1.868,3.731,3.855,2.712,2.68,2.681,2.774,2.5,2.559,2.842,2.776,2.856,2.832,2.143,2.428,2.185,2.123,2.752,2.876,1.931,1.883,2.523,2.451,2.937,2.82,2.622,2.801,2.843,2.905,2.502,2.751,2.807,2.819,2.399,2.411,1.435,1.713,2.298,2.181,2.425,2.377,2.65,2.643,2.458,2.403,2.882,2.588,2.431,2.506,2.912,2.872,2.244,2.247,2.872,2.722,2.697,2.742,4.012,3.704,1.974,2.631,709.0,704.0,365.0,539.0,1752.0,1421.0,1180.0,1216.0,370.0,449.0,223.0,242.0,2522.0,2462.0,2951.0,3690.0,2272.0,2171.0,1712.0,1685.0,686.0,628.0,4446.0,4203.0,1835.0,1695.0,2190.0,2426.0,1395.0,1466.0,2163.0,2053.0,1108.0,1190.0,561.0,620.0,859.0,1256.0,524.0,663.0,1101.0,1127.0,1199.0,1047.0,3126.0,2977.0,898.0,919.0,4086.0,3840.0,2721.0,3074.0,360.0,545.0,4459.0,4393.0,5628.0,5581.0,3819.0,3452.0,2514.0,3050.0,2674.0,2343.0,394.0,339.0,444.0,215.0
A00035440,2.548,2.54,2.647,2.498,2.502,2.486,1.809,1.908,3.21,3.798,2.578,2.871,2.793,2.649,2.371,2.388,2.664,2.876,2.947,2.891,2.169,2.457,2.038,2.073,2.7,2.69,1.905,1.808,2.52,2.579,2.768,2.752,2.495,2.571,2.258,2.389,2.485,2.553,2.919,2.554,2.48,2.279,1.489,1.488,2.042,1.986,2.623,2.619,2.57,2.535,2.393,2.381,2.585,3.008,2.338,2.249,2.858,2.738,2.121,2.089,2.672,2.751,2.527,2.446,3.353,3.545,2.236,2.17,756.0,782.0,477.0,788.0,1759.0,1252.0,1178.0,1457.0,333.0,258.0,286.0,214.0,2378.0,2481.0,3444.0,4092.0,2357.0,2495.0,2041.0,1932.0,825.0,692.0,4073.0,3588.0,2255.0,2211.0,2766.0,2723.0,1601.0,1685.0,2996.0,2467.0,1183.0,1252.0,499.0,527.0,925.0,1167.0,624.0,775.0,1266.0,1187.0,1627.0,1402.0,3643.0,3671.0,937.0,919.0,4249.0,4228.0,3037.0,2905.0,630.0,518.0,4674.0,4542.0,5615.0,5478.0,4037.0,4169.0,3371.0,3293.0,3003.0,3201.0,402.0,357.0,439.0,291.0
A00035504,2.481,2.718,2.63,2.162,2.737,2.593,1.741,1.981,3.634,3.779,3.08,2.727,2.873,2.848,2.542,2.609,2.816,2.809,3.143,3.127,2.212,2.544,2.201,2.284,2.864,2.861,1.904,1.931,2.672,2.745,2.978,2.517,2.375,2.378,2.682,2.897,2.857,2.65,2.954,2.873,2.667,2.623,1.585,1.443,2.036,2.028,2.526,2.632,2.522,2.487,2.507,2.483,2.968,3.079,2.516,2.475,2.826,2.773,2.169,2.197,3.129,2.979,2.676,2.711,3.826,4.503,2.6,2.406,945.0,931.0,523.0,669.0,2424.0,1988.0,1713.0,1707.0,484.0,349.0,271.0,249.0,2663.0,2947.0,4616.0,5088.0,2752.0,2701.0,2174.0,2142.0,913.0,854.0,5444.0,5118.0,2549.0,2198.0,3832.0,3543.0,1854.0,1930.0,3170.0,2182.0,1353.0,1519.0,644.0,577.0,1029.0,1527.0,589.0,703.0,1284.0,1327.0,2021.0,1832.0,3733.0,4156.0,1198.0,1063.0,4607.0,4459.0,4003.0,4195.0,460.0,571.0,5111.0,4920.0,6003.0,6250.0,5338.0,5754.0,3480.0,3485.0,3569.0,4101.0,496.0,469.0,394.0,345.0
A00035535,2.485,2.684,2.837,2.41,2.749,2.777,1.837,2.01,3.448,3.486,2.542,2.899,2.8,2.757,2.516,2.617,2.904,2.709,3.027,3.086,2.442,2.803,2.29,2.271,2.734,2.822,2.129,2.023,2.714,2.499,2.867,2.828,2.559,2.661,2.909,3.014,2.79,2.637,2.786,2.728,2.605,2.577,1.803,1.62,2.198,2.197,2.693,2.584,2.708,2.707,2.492,2.462,2.664,2.88,2.433,2.526,2.893,2.817,2.265,2.241,2.814,2.593,2.617,2.647,3.579,3.878,2.086,2.115,1273.0,1072.0,447.0,722.0,2303.0,2115.0,1683.0,1779.0,379.0,458.0,308.0,206.0,3057.0,3481.0,4436.0,4699.0,3124.0,3573.0,2458.0,2149.0,925.0,870.0,5211.0,5912.0,2614.0,2625.0,3984.0,3329.0,1586.0,2036.0,3988.0,3663.0,1445.0,1455.0,656.0,676.0,1270.0,1583.0,679.0,817.0,1267.0,1409.0,1866.0,1737.0,3911.0,3721.0,945.0,1026.0,4513.0,4771.0,4053.0,4208.0,562.0,793.0,6207.0,5532.0,7191.0,6822.0,5448.0,5629.0,4203.0,4366.0,4251.0,3720.0,499.0,465.0,521.0,434.0
A00035553,2.63,2.694,2.574,2.519,2.647,2.626,1.878,1.958,3.701,3.464,2.658,2.623,2.817,2.839,2.555,2.631,2.841,2.805,3.038,3.19,2.13,2.234,2.211,2.262,2.779,2.753,1.932,1.973,2.446,2.441,2.887,2.772,2.348,2.372,2.585,2.921,2.63,2.809,2.639,2.942,2.298,2.23,1.556,1.547,2.099,2.005,2.389,2.272,2.488,2.622,2.437,2.45,3.278,2.92,2.354,2.273,2.807,2.915,2.261,2.188,2.865,3.001,2.662,2.737,3.414,3.479,2.364,2.436,1006.0,1110.0,650.0,652.0,2464.0,2453.0,2099.0,2249.0,512.0,412.0,276.0,248.0,3081.0,3147.0,4440.0,4704.0,3281.0,3122.0,2307.0,2208.0,1310.0,1075.0,5402.0,5670.0,2859.0,2819.0,4075.0,3880.0,1818.0,1881.0,3570.0,3023.0,1349.0,1464.0,739.0,749.0,1685.0,1540.0,814.0,994.0,1775.0,1240.0,2204.0,2007.0,3951.0,4144.0,1278.0,1222.0,4640.0,4922.0,4129.0,4257.0,598.0,793.0,6605.0,5846.0,7276.0,6378.0,5524.0,5684.0,3749.0,3967.0,3462.0,3485.0,454.0,468.0,471.0,357.0
A00035606,2.491,2.611,2.626,2.495,2.633,2.626,1.675,1.641,3.6,3.705,2.497,2.302,2.736,2.595,2.384,2.435,2.726,2.652,2.838,2.919,2.633,2.415,2.06,2.277,2.493,2.528,1.987,2.014,2.267,2.317,2.82,2.787,2.365,2.307,2.878,2.959,2.384,2.445,2.611,2.527,2.392,2.477,1.592,1.401,2.013,1.925,2.474,2.63,2.513,2.55,2.298,2.231,2.492,2.824,2.252,2.276,2.724,2.697,2.104,2.178,2.629,2.676,2.531,2.336,3.321,3.659,2.386,2.373,1017.0,797.0,458.0,495.0,1915.0,1885.0,1226.0,1454.0,424.0,368.0,261.0,234.0,2853.0,3283.0,4688.0,4893.0,3163.0,3648.0,2044.0,2040.0,817.0,903.0,4478.0,4172.0,2675.0,2683.0,2822.0,2677.0,1693.0,1800.0,3550.0,3290.0,1271.0,1209.0,651.0,585.0,1248.0,1510.0,594.0,770.0,1146.0,971.0,1289.0,1055.0,3686.0,3691.0,902.0,780.0,4237.0,4027.0,3810.0,4278.0,429.0,830.0,4791.0,4823.0,6401.0,5931.0,4979.0,5234.0,3509.0,3641.0,3584.0,3642.0,413.0,430.0,409.0,314.0
A00035608,2.352,2.603,2.629,2.465,2.743,2.695,1.856,1.77,3.379,3.488,2.902,3.037,2.74,2.88,2.459,2.536,2.893,2.938,3.104,3.057,2.61,2.334,2.155,2.18,2.93,2.933,1.902,1.852,2.702,2.551,2.924,2.975,2.517,2.443,2.459,2.463,2.872,2.874,2.781,2.775,2.506,2.487,1.703,1.588,2.088,1.979,2.146,2.393,2.761,2.663,2.429,2.378,3.24,3.287,2.496,2.521,2.971,2.96,2.211,2.234,2.967,3.09,2.731,2.558,3.821,3.624,2.531,2.401,1094.0,989.0,408.0,735.0,2411.0,2208.0,1659.0,1672.0,397.0,435.0,389.0,283.0,3137.0,3001.0,5506.0,6706.0,3620.0,3803.0,2568.0,2544.0,881.0,1048.0,5364.0,5102.0,2780.0,2693.0,3435.0,3644.0,1707.0,1918.0,3848.0,3844.0,1782.0,1729.0,558.0,645.0,1732.0,1708.0,957.0,1142.0,1845.0,1571.0,1903.0,1725.0,4670.0,4505.0,1448.0,1165.0,5074.0,5270.0,4053.0,4333.0,536.0,641.0,6379.0,6791.0,8743.0,8149.0,5922.0,5742.0,3520.0,3573.0,3891.0,4091.0,413.0,511.0,414.0,364.0
A00035625,2.512,2.413,2.789,2.624,2.659,2.501,1.742,1.675,3.218,3.204,3.193,2.657,2.682,2.76,2.567,2.525,2.853,2.786,2.96,3.063,2.325,2.377,2.192,2.243,2.734,2.712,2.08,1.869,2.489,2.315,2.805,2.769,2.492,2.52,2.719,2.911,2.593,2.564,2.792,2.681,2.389,2.518,1.534,1.829,2.232,2.217,2.465,2.637,2.548,2.699,2.441,2.449,2.886,3.098,2.298,2.353,2.725,2.702,2.295,2.277,2.821,2.745,2.726,2.621,3.486,3.763,2.207,2.453,1288.0,1073.0,854.0,626.0,2225.0,2429.0,1280.0,1454.0,569.0,589.0,353.0,328.0,3106.0,3193.0,4798.0,6331.0,3437.0,3254.0,2275.0,2337.0,843.0,845.0,5337.0,4678.0,2716.0,2522.0,3263.0,3380.0,2005.0,2307.0,3620.0,3570.0,1338.0,1440.0,768.0,766.0,1346.0,1423.0,706.0,784.0,1617.0,1172.0,1330.0,1120.0,4118.0,4484.0,1166.0,1437.0,5108.0,4900.0,3466.0,3822.0,622.0,1028.0,6295.0,6330.0,7223.0,7218.0,5012.0,5046.0,3887.0,4261.0,4488.0,4227.0,455.0,473.0,448.0,332.0
A00035699,2.548,2.767,2.995,2.715,2.9,2.71,1.867,2.063,3.779,4.057,3.038,2.702,2.852,2.945,2.51,2.627,2.773,2.854,3.001,3.118,2.341,2.246,2.249,2.396,2.782,2.809,2.143,1.916,2.555,2.483,3.031,2.756,2.67,2.616,2.662,2.654,2.7,2.605,2.57,2.695,2.545,2.392,1.628,1.476,2.215,2.222,2.641,2.664,2.723,2.749,2.464,2.466,2.996,3.118,2.317,2.481,2.827,2.78,2.237,2.355,2.846,2.653,2.587,2.643,3.97,3.695,2.593,2.746,753.0,761.0,639.0,481.0,1879.0,2027.0,1146.0,1358.0,341.0,310.0,263.0,270.0,2506.0,2579.0,3461.0,3776.0,2181.0,2481.0,2047.0,2056.0,744.0,720.0,3494.0,3813.0,2310.0,2153.0,2669.0,2243.0,1485.0,1454.0,2596.0,2433.0,1163.0,1283.0,505.0,614.0,1138.0,1252.0,629.0,664.0,1284.0,1108.0,1203.0,1065.0,3997.0,3619.0,910.0,1053.0,4450.0,4726.0,2828.0,3108.0,506.0,556.0,4436.0,4229.0,6533.0,6504.0,4472.0,4939.0,3062.0,3038.0,2681.0,2799.0,375.0,395.0,313.0,277.0
A00035744,2.386,2.297,2.803,2.271,2.263,2.495,1.584,1.798,2.809,3.25,2.804,2.758,2.561,2.516,2.369,2.41,2.642,2.858,2.927,2.86,2.121,2.065,2.175,2.255,2.516,2.327,1.778,1.762,2.35,2.389,2.646,2.657,2.337,2.332,2.417,2.97,2.351,2.641,2.839,2.385,2.423,2.206,1.386,1.318,1.949,1.981,2.194,2.186,2.459,2.452,2.168,2.271,2.36,2.91,2.242,2.342,2.64,2.58,2.103,2.068,2.593,2.741,2.492,2.558,3.724,3.646,2.126,2.287,1389.0,851.0,580.0,575.0,2270.0,2257.0,1507.0,1664.0,455.0,397.0,273.0,226.0,3437.0,3402.0,4331.0,5587.0,3507.0,3284.0,2446.0,2388.0,1228.0,1016.0,5648.0,5484.0,2840.0,2795.0,2689.0,2554.0,1935.0,1870.0,3582.0,3366.0,1306.0,1498.0,599.0,495.0,1253.0,1293.0,787.0,784.0,1546.0,1207.0,1480.0,1255.0,4335.0,4170.0,1415.0,1056.0,4967.0,4296.0,3777.0,3806.0,505.0,804.0,5579.0,6094.0,7582.0,7497.0,5416.0,5027.0,4120.0,4113.0,4469.0,3751.0,514.0,360.0,462.0,359.0
A00035765,2.637,2.851,2.69,2.603,2.626,2.722,1.577,1.589,3.318,3.429,2.804,2.829,2.782,2.799,2.459,2.577,2.757,2.876,3.116,3.036,2.592,2.38,2.058,2.102,2.736,2.748,1.757,1.808,2.412,2.6,3.093,2.891,2.443,2.596,2.516,2.292,2.768,2.701,2.616,2.787,2.269,2.462,1.448,1.362,1.993,2.049,2.483,2.563,2.725,2.58,2.332,2.4,3.257,2.839,2.457,2.401,2.783,2.826,2.207,1.98,2.841,2.731,2.521,2.494,4.277,3.822,2.473,2.378,1015.0,1009.0,755.0,567.0,1997.0,1834.0,1277.0,1308.0,438.0,372.0,283.0,255.0,2622.0,2809.0,4266.0,5430.0,2843.0,2830.0,2056.0,2346.0,662.0,827.0,4340.0,3651.0,2240.0,1995.0,2488.0,2508.0,1902.0,1771.0,3235.0,3022.0,1299.0,1521.0,630.0,656.0,1132.0,1324.0,584.0,664.0,1229.0,989.0,1194.0,997.0,3588.0,3967.0,1221.0,905.0,4366.0,4437.0,2825.0,3739.0,430.0,758.0,5011.0,4610.0,6653.0,6599.0,5171.0,3588.0,3418.0,3543.0,4063.0,3741.0,431.0,422.0,347.0,256.0
A00035798,2.589,2.869,2.823,2.456,2.609,2.523,1.781,1.802,3.069,3.107,2.701,2.833,2.719,2.775,2.535,2.644,2.787,2.745,3.016,3.019,2.503,2.303,2.187,2.296,2.77,2.578,1.953,1.841,2.347,2.35,2.865,2.92,2.202,2.512,2.828,3.027,2.641,2.657,2.797,2.63,2.59,2.579,1.462,1.423,2.045,2.075,2.53,2.602,2.485,2.419,2.632,2.522,3.014,2.932,2.276,2.448,2.758,2.683,2.268,2.109,2.873,2.989,2.581,2.535,3.112,3.295,1.96,2.016,850.0,940.0,607.0,739.0,2352.0,1841.0,1709.0,1855.0,449.0,368.0,333.0,278.0,3378.0,3297.0,4671.0,5223.0,3334.0,3039.0,2429.0,2650.0,999.0,883.0,5899.0,5581.0,2584.0,2603.0,3523.0,3319.0,2112.0,1858.0,3333.0,2876.0,1490.0,1664.0,616.0,661.0,1296.0,1142.0,708.0,830.0,1590.0,1090.0,1687.0,1822.0,4419.0,3819.0,961.0,1180.0,4707.0,5352.0,3376.0,3882.0,678.0,726.0,6071.0,5256.0,8596.0,7924.0,4903.0,4693.0,4226.0,4236.0,3988.0,3742.0,454.0,573.0,475.0,337.0
A00035827,2.272,2.4,2.407,2.588,2.556,2.491,1.831,1.761,3.173,3.573,2.674,2.778,2.886,2.689,2.475,2.501,2.941,2.76,2.911,2.95,2.535,2.426,2.121,2.104,2.747,2.644,2.076,1.996,2.484,2.376,2.85,2.832,2.423,2.482,2.694,2.7,2.561,2.749,2.29,2.626,2.434,2.398,1.531,1.574,2.038,2.052,2.574,2.517,2.502,2.56,2.611,2.464,2.417,2.577,2.427,2.406,2.723,2.732,2.336,2.275,2.721,2.81,2.524,2.518,3.002,3.447,2.392,2.401,965.0,962.0,525.0,738.0,2589.0,2109.0,1577.0,1620.0,513.0,426.0,303.0,243.0,2745.0,2682.0,4605.0,5900.0,3184.0,3442.0,2356.0,2270.0,948.0,937.0,5423.0,5397.0,2246.0,2389.0,3551.0,3371.0,2008.0,2023.0,3620.0,3306.0,1282.0,1596.0,629.0,647.0,1298.0,1422.0,523.0,789.0,1417.0,1197.0,1529.0,1468.0,4345.0,4355.0,1197.0,1191.0,5158.0,5099.0,3257.0,3605.0,360.0,896.0,5991.0,6232.0,8093.0,7348.0,4907.0,5242.0,3646.0,3813.0,3221.0,3520.0,550.0,463.0,444.0,355.0
A00035840,2.605,2.642,2.506,2.576,2.82,2.737,2.197,2.206,3.556,3.824,3.043,2.754,2.988,2.93,2.625,2.705,3.041,2.94,3.098,3.293,2.399,2.324,2.46,2.516,2.887,2.833,2.267,2.24,2.502,2.615,2.972,2.962,2.772,2.71,3.249,3.332,2.721,2.641,2.96,2.762,2.63,2.819,1.918,1.889,2.254,2.238,2.58,2.418,2.797,2.938,2.699,2.736,3.227,3.193,2.461,2.496,3.006,2.96,2.465,2.467,3.07,2.984,2.845,2.852,3.979,4.094,2.552,2.651,789.0,595.0,568.0,660.0,2135.0,2175.0,1428.0,1237.0,334.0,361.0,266.0,243.0,2493.0,2528.0,2820.0,3477.0,2435.0,2263.0,2181.0,2024.0,738.0,820.0,4124.0,4015.0,2712.0,2841.0,2644.0,2618.0,1661.0,1780.0,2406.0,2356.0,1257.0,1336.0,471.0,514.0,1380.0,1567.0,655.0,853.0,1445.0,1199.0,1191.0,1188.0,3462.0,3830.0,1146.0,1089.0,5101.0,4761.0,2701.0,2845.0,586.0,712.0,5929.0,5581.0,7700.0,7310.0,4168.0,4416.0,3204.0,3846.0,3562.0,2905.0,366.0,483.0,407.0,306.0
A00035879,2.595,2.963,3.05,2.641,2.938,2.834,1.922,2.031,3.301,3.271,2.973,2.721,3.026,3.048,2.644,2.719,2.99,2.883,3.224,3.381,2.768,2.665,2.23,2.236,3.117,3.029,2.139,2.137,2.889,2.649,3.214,3.206,2.605,2.558,3.057,3.178,2.938,3.007,3.185,3.011,2.677,2.592,1.876,1.778,2.091,2.022,2.673,3.03,2.861,2.923,2.646,2.536,3.069,3.336,2.483,2.685,3.1,3.05,2.23,2.402,3.211,3.224,2.916,2.834,4.089,3.475,2.702,2.794,1201.0,663.0,638.0,515.0,2163.0,1596.0,1424.0,1520.0,485.0,445.0,265.0,236.0,2805.0,2819.0,3858.0,4753.0,3323.0,2925.0,2470.0,2013.0,758.0,821.0,5082.0,5127.0,2455.0,2396.0,3130.0,3301.0,1542.0,1874.0,3225.0,3046.0,1342.0,1462.0,597.0,625.0,1325.0,1286.0,592.0,709.0,1584.0,1136.0,1455.0,1459.0,3674.0,3447.0,1017.0,885.0,4908.0,4708.0,2866.0,3079.0,400.0,703.0,4859.0,4853.0,6599.0,6468.0,5348.0,4794.0,3373.0,3627.0,4018.0,3055.0,426.0,423.0,422.0,278.0
A00035881,2.625,2.921,2.638,2.323,2.763,2.877,1.773,1.833,3.219,4.111,2.697,2.878,2.92,2.848,2.528,2.605,2.926,2.86,3.113,3.119,2.694,2.285,2.174,2.136,2.75,2.872,2.004,2.078,2.665,2.56,2.93,3.053,2.494,2.447,2.536,2.946,2.894,2.904,2.923,2.901,2.684,2.677,1.491,1.517,2.074,2.125,2.554,2.574,2.709,2.794,2.485,2.471,2.57,3.232,2.51,2.613,2.996,2.878,2.229,2.212,2.939,3.038,2.577,2.691,3.298,3.905,2.307,2.272,1095.0,1061.0,714.0,928.0,1835.0,2252.0,1585.0,1634.0,406.0,344.0,330.0,275.0,3115.0,2893.0,4649.0,5525.0,3505.0,3286.0,2458.0,2586.0,778.0,927.0,5244.0,4712.0,2971.0,3099.0,3629.0,3408.0,2404.0,2292.0,3719.0,3447.0,1472.0,1480.0,613.0,612.0,1296.0,1426.0,808.0,831.0,1596.0,1476.0,1885.0,1698.0,4230.0,4106.0,1191.0,1006.0,4335.0,4236.0,3842.0,4256.0,587.0,909.0,6085.0,6413.0,7037.0,6776.0,5554.0,5440.0,3508.0,3613.0,3897.0,3401.0,492.0,477.0,389.0,276.0
A00035926,2.584,2.768,2.585,2.487,2.988,2.83,2.074,2.091,3.517,2.525,3.37,2.962,2.872,2.814,2.653,2.762,2.988,3.033,3.15,3.256,2.262,2.583,2.255,2.347,3.041,2.87,2.102,1.947,2.609,2.841,3.225,3.162,2.653,2.623,2.87,2.472,2.893,3.034,3.216,2.949,2.775,2.894,1.737,1.67,2.291,2.296,2.573,2.621,2.848,3.065,2.56,2.651,3.109,3.152,2.62,2.809,3.144,3.148,2.306,2.36,2.875,2.975,2.655,2.853,3.604,3.876,2.478,2.467,776.0,823.0,410.0,351.0,1865.0,1671.0,1606.0,1449.0,337.0,499.0,305.0,235.0,3763.0,3056.0,4280.0,5342.0,3833.0,3272.0,2373.0,2324.0,1368.0,1140.0,5781.0,5678.0,2449.0,2717.0,2772.0,2673.0,1909.0,1853.0,3483.0,2884.0,1397.0,1440.0,648.0,647.0,1179.0,1527.0,756.0,817.0,1600.0,1256.0,1333.0,1364.0,4279.0,4297.0,1009.0,1101.0,4440.0,4702.0,3889.0,3787.0,353.0,731.0,5113.0,5357.0,7315.0,7377.0,4932.0,4776.0,3566.0,3725.0,5265.0,3882.0,516.0,470.0,406.0,332.0
A00035941,2.743,2.669,3.054,2.886,2.914,2.753,1.993,1.94,3.239,2.757,3.168,2.449,2.662,2.771,2.643,2.638,2.922,2.94,2.935,2.956,2.646,2.474,2.18,2.3,2.69,2.686,2.003,2.07,2.533,2.496,3.101,3.186,2.623,2.712,2.527,2.795,2.84,2.719,2.951,2.518,2.587,2.636,1.497,1.467,2.096,1.934,2.771,2.686,2.593,2.644,2.595,2.636,3.014,3.186,2.439,2.492,3.031,2.907,2.28,2.342,2.858,3.038,2.767,2.64,3.632,3.75,2.4,2.376,980.0,989.0,487.0,673.0,2209.0,1950.0,1414.0,1594.0,312.0,417.0,283.0,237.0,2551.0,2880.0,3990.0,5142.0,2782.0,3092.0,2297.0,2149.0,1135.0,1036.0,4973.0,4853.0,2566.0,2257.0,3260.0,3472.0,1508.0,1753.0,3659.0,2975.0,1390.0,1682.0,630.0,685.0,1334.0,1627.0,598.0,704.0,1455.0,1453.0,1680.0,1429.0,3758.0,3741.0,1153.0,1102.0,5058.0,4787.0,4048.0,4222.0,459.0,657.0,5407.0,5304.0,7073.0,6696.0,5333.0,5733.0,3495.0,3646.0,3410.0,3093.0,431.0,461.0,427.0,324.0
A00035951,2.345,2.529,2.685,2.494,2.555,2.622,1.721,1.711,3.213,3.217,3.027,2.654,2.603,2.695,2.371,2.406,2.726,2.752,2.918,3.013,2.393,2.36,2.097,2.218,2.817,2.747,1.867,1.902,2.458,2.617,2.884,2.869,2.386,2.526,2.631,2.551,2.68,2.708,2.891,2.627,2.532,2.528,1.586,1.505,2.083,2.056,2.503,2.62,2.602,2.565,2.357,2.368,3.155,2.848,2.374,2.393,2.764,2.695,2.16,2.122,2.924,3.006,2.517,2.562,4.012,3.759,2.31,2.419,1014.0,776.0,621.0,903.0,2068.0,1827.0,1320.0,1356.0,439.0,504.0,317.0,257.0,3247.0,3532.0,4170.0,6045.0,3277.0,2973.0,2424.0,2677.0,883.0,654.0,4968.0,5273.0,2444.0,2341.0,2549.0,2487.0,2047.0,2054.0,3356.0,2979.0,1455.0,1747.0,572.0,588.0,1428.0,1601.0,723.0,821.0,1947.0,1440.0,1358.0,1181.0,4119.0,3917.0,1150.0,1167.0,5053.0,5098.0,3760.0,3872.0,646.0,747.0,5498.0,5334.0,7341.0,6570.0,5349.0,5592.0,3560.0,4046.0,4814.0,3737.0,513.0,490.0,454.0,290.0
A00035960,2.551,3.03,2.996,2.773,2.832,2.828,2.041,2.237,3.703,3.57,2.837,2.983,2.96,3.0,2.642,2.765,2.965,2.991,3.169,3.298,2.762,2.535,2.493,2.525,2.726,2.774,2.126,2.199,2.55,2.606,3.064,3.115,2.817,2.653,3.068,3.102,2.867,3.013,2.825,2.767,2.862,2.964,1.696,1.684,2.426,2.406,2.833,2.716,2.861,2.861,2.602,2.639,3.025,2.835,2.426,2.635,3.008,2.938,2.49,2.562,3.1,3.197,2.774,2.889,3.721,3.825,3.011,2.979,1269.0,1198.0,774.0,670.0,2594.0,2573.0,1471.0,1612.0,493.0,492.0,329.0,292.0,3313.0,3806.0,4586.0,5906.0,3957.0,3685.0,2673.0,2667.0,959.0,838.0,5133.0,5025.0,2717.0,2643.0,3132.0,2947.0,1821.0,2004.0,4180.0,3831.0,1287.0,1875.0,791.0,795.0,1543.0,1518.0,623.0,829.0,1470.0,1220.0,1471.0,1399.0,4484.0,4601.0,1183.0,1094.0,5013.0,4878.0,4499.0,3818.0,609.0,1066.0,6520.0,6573.0,7961.0,7979.0,5745.0,5517.0,4017.0,4790.0,4778.0,3838.0,495.0,420.0,422.0,352.0
A00037081,2.568,2.464,3.267,2.623,2.529,2.578,1.725,1.793,2.5,3.599,2.812,2.589,2.682,2.749,2.403,2.506,2.993,2.745,2.888,2.964,2.472,2.398,2.052,2.138,2.622,2.585,1.959,1.876,2.423,2.629,2.856,2.757,2.49,2.482,2.582,2.682,2.518,2.405,2.503,2.383,2.494,2.434,1.798,1.634,2.031,1.96,2.485,2.432,2.56,2.69,2.319,2.212,3.031,2.926,2.319,2.266,2.693,2.665,2.114,2.134,2.746,2.77,2.476,2.512,3.887,4.154,2.356,2.146,787.0,656.0,531.0,543.0,1852.0,1787.0,1157.0,1221.0,364.0,284.0,286.0,236.0,2218.0,2322.0,3488.0,4942.0,2404.0,2463.0,1945.0,1788.0,788.0,779.0,3733.0,3484.0,2282.0,2128.0,2656.0,2460.0,1510.0,1568.0,2954.0,2437.0,1117.0,1304.0,571.0,550.0,1123.0,1273.0,586.0,689.0,1341.0,1041.0,1218.0,1117.0,3533.0,3365.0,977.0,1024.0,3948.0,4125.0,3079.0,3260.0,403.0,600.0,5375.0,4937.0,5822.0,5637.0,4769.0,4814.0,2846.0,3321.0,3549.0,2695.0,400.0,365.0,358.0,266.0
A00037110,2.248,2.536,2.252,2.828,2.758,2.742,1.784,1.993,3.581,3.492,2.995,2.874,2.743,2.751,2.609,2.683,2.639,3.04,3.068,2.789,2.435,2.487,2.301,2.4,2.731,2.737,2.012,2.037,2.374,2.458,2.958,2.92,2.525,2.562,2.568,2.863,2.675,2.678,2.763,2.899,2.53,2.641,1.517,1.525,2.124,2.138,2.494,2.48,2.583,2.625,2.451,2.434,2.871,2.736,2.522,2.482,2.8,2.843,2.414,2.379,2.879,2.946,2.482,2.503,3.316,4.071,2.163,2.361,804.0,633.0,305.0,391.0,1748.0,1767.0,1134.0,1046.0,383.0,318.0,250.0,194.0,2594.0,2865.0,3013.0,3578.0,2162.0,1980.0,1928.0,2053.0,769.0,654.0,3760.0,3773.0,2024.0,1941.0,1974.0,1925.0,1557.0,1636.0,2528.0,1770.0,1277.0,1454.0,514.0,615.0,970.0,1266.0,493.0,607.0,1182.0,1119.0,958.0,963.0,3671.0,3588.0,882.0,804.0,4347.0,4208.0,2801.0,2879.0,373.0,668.0,4032.0,4132.0,6326.0,5769.0,3973.0,4060.0,3165.0,2897.0,3138.0,2988.0,343.0,415.0,355.0,283.0
A00037112,2.458,2.87,3.12,3.065,2.61,2.685,1.777,1.979,3.691,3.802,2.971,2.592,2.748,2.868,2.606,2.839,2.872,3.096,3.264,3.166,2.565,2.533,2.101,2.129,2.949,2.949,1.983,1.967,2.577,2.497,3.174,3.062,2.5,2.556,2.81,2.675,2.747,2.59,2.886,2.914,2.642,2.84,1.603,1.496,2.187,2.163,2.629,2.589,2.706,2.737,2.408,2.41,3.004,3.459,2.371,2.572,2.874,2.736,2.355,2.29,2.923,2.826,2.782,2.864,3.604,3.475,2.588,2.564,788.0,761.0,531.0,783.0,2080.0,1729.0,1468.0,1686.0,351.0,327.0,287.0,231.0,2500.0,2476.0,3164.0,4334.0,2478.0,2790.0,2072.0,2340.0,860.0,961.0,4361.0,4832.0,2258.0,2036.0,3587.0,2940.0,1705.0,1775.0,2917.0,2632.0,1203.0,1074.0,611.0,629.0,1139.0,1287.0,550.0,884.0,1215.0,1051.0,1699.0,1464.0,3571.0,3190.0,1051.0,1002.0,4117.0,4435.0,3267.0,3371.0,638.0,731.0,4827.0,4640.0,6883.0,6166.0,4812.0,4978.0,3135.0,3388.0,3797.0,2884.0,434.0,391.0,438.0,280.0
A00037115,2.647,2.609,2.592,2.762,2.448,2.662,1.61,1.712,3.739,3.709,2.549,2.661,2.565,2.678,2.384,2.562,2.819,2.723,2.968,3.177,2.168,2.367,2.101,2.021,2.624,2.641,1.862,1.903,2.428,2.362,2.892,2.837,2.413,2.407,2.747,2.574,2.505,2.594,2.713,2.79,2.535,2.518,1.412,1.439,2.208,2.269,2.525,2.621,2.427,2.329,2.389,2.41,2.784,2.862,2.198,2.365,2.889,2.697,2.215,2.268,2.846,2.768,2.551,2.646,3.27,3.76,2.141,2.055,1004.0,806.0,496.0,809.0,2147.0,2018.0,1528.0,1613.0,367.0,327.0,270.0,228.0,3324.0,2665.0,4371.0,4663.0,3206.0,3561.0,2663.0,2104.0,992.0,847.0,4851.0,5064.0,2842.0,2262.0,3810.0,3419.0,1715.0,1985.0,3473.0,3567.0,1409.0,1627.0,672.0,657.0,1360.0,1520.0,836.0,696.0,1473.0,1744.0,1499.0,1330.0,4132.0,3966.0,1243.0,1155.0,5186.0,5402.0,3671.0,3997.0,581.0,721.0,5591.0,6144.0,7671.0,7858.0,4705.0,4903.0,3905.0,4236.0,4258.0,4178.0,450.0,396.0,433.0,389.0
A00037117,2.356,2.625,2.558,2.47,2.632,2.602,1.899,1.964,2.992,2.721,2.91,2.962,2.974,2.733,2.632,2.551,2.805,2.846,3.134,3.144,2.545,2.674,2.185,2.328,2.9,2.901,2.107,2.025,2.508,2.709,2.76,2.874,2.561,2.491,2.432,2.707,2.883,2.775,3.01,3.05,2.822,2.836,1.671,1.7,2.071,2.126,2.556,2.534,2.623,2.763,2.506,2.445,3.332,3.119,2.456,2.487,2.864,2.87,2.168,2.271,2.952,3.028,2.711,2.568,3.476,3.691,2.514,2.307,787.0,673.0,577.0,640.0,1895.0,2039.0,1443.0,1449.0,469.0,445.0,301.0,264.0,2868.0,3188.0,3477.0,4296.0,3099.0,2941.0,2089.0,2049.0,1065.0,837.0,5176.0,5145.0,2182.0,2124.0,3410.0,3036.0,1660.0,1784.0,3022.0,2877.0,1198.0,1456.0,687.0,595.0,902.0,1278.0,586.0,722.0,1296.0,1295.0,1441.0,1243.0,3839.0,4054.0,1075.0,1095.0,4432.0,4387.0,3536.0,3800.0,372.0,716.0,5577.0,5468.0,6957.0,6949.0,4602.0,4484.0,3477.0,3522.0,4340.0,3665.0,491.0,481.0,340.0,292.0
A00037118,2.65,2.797,3.107,2.835,2.856,2.855,1.866,1.928,3.368,3.906,2.583,2.726,2.935,2.823,2.472,2.7,2.904,2.678,3.317,3.301,2.44,2.548,2.292,2.319,2.779,2.832,1.961,1.98,2.406,2.649,3.045,2.935,2.567,2.596,2.854,3.196,2.648,2.858,2.917,2.927,2.541,2.582,1.606,1.683,2.289,2.086,2.654,2.563,2.803,2.851,2.492,2.562,2.982,2.971,2.354,2.539,2.917,2.876,2.438,2.325,3.139,3.117,2.645,2.717,3.811,3.435,2.906,2.838,890.0,912.0,515.0,1068.0,2627.0,2278.0,1468.0,1737.0,453.0,392.0,369.0,285.0,3307.0,3035.0,3922.0,5822.0,3411.0,3558.0,2405.0,2472.0,1140.0,936.0,5973.0,5621.0,2606.0,2361.0,4018.0,3667.0,2160.0,1964.0,3803.0,3410.0,1434.0,1634.0,713.0,779.0,1335.0,1549.0,801.0,773.0,1484.0,1414.0,1761.0,1534.0,3863.0,3732.0,1275.0,1060.0,4977.0,5225.0,4083.0,4448.0,836.0,866.0,5911.0,5790.0,8127.0,8225.0,5259.0,5574.0,3859.0,3874.0,4433.0,3426.0,477.0,492.0,369.0,346.0
A00037120,2.318,2.327,2.51,2.427,2.422,2.433,1.773,1.947,3.662,3.933,2.512,2.59,2.539,2.73,2.357,2.339,2.706,2.801,2.809,2.985,2.149,2.269,2.061,1.981,2.554,2.712,1.798,1.774,2.287,2.425,2.534,2.63,2.263,2.133,2.64,3.119,2.475,2.477,2.452,2.812,2.243,2.384,1.504,1.472,1.788,1.738,2.078,2.251,2.368,2.42,2.254,2.139,2.903,2.599,2.208,2.316,2.586,2.545,2.042,2.016,2.428,2.665,2.548,2.457,3.786,3.564,2.189,1.819,739.0,559.0,589.0,733.0,1780.0,1746.0,1598.0,1548.0,512.0,398.0,312.0,218.0,3138.0,2717.0,3394.0,4483.0,3495.0,3360.0,2098.0,1938.0,948.0,979.0,4743.0,4433.0,2242.0,2148.0,3275.0,3018.0,1609.0,1617.0,2833.0,2525.0,1271.0,1360.0,591.0,627.0,989.0,1226.0,681.0,751.0,1388.0,1137.0,1547.0,1349.0,3433.0,4034.0,1231.0,1056.0,4363.0,4054.0,2867.0,3248.0,407.0,774.0,4516.0,4586.0,5840.0,5635.0,4783.0,4949.0,2888.0,3399.0,3450.0,3099.0,475.0,540.0,364.0,296.0
A00037122,2.368,2.309,2.435,2.347,2.597,2.685,1.917,2.02,3.129,3.402,2.523,2.332,2.813,2.75,2.515,2.606,2.672,2.905,3.181,3.05,2.111,2.35,2.197,2.243,2.677,2.795,2.003,1.937,2.415,2.282,3.016,3.066,2.429,2.691,2.84,3.145,2.708,2.698,2.709,2.737,2.27,2.414,1.505,1.641,1.991,1.847,2.314,2.273,2.561,2.581,2.42,2.29,2.722,2.612,2.346,2.371,2.765,2.63,2.303,2.249,2.89,2.881,2.759,2.571,3.499,3.209,2.238,2.257,954.0,784.0,724.0,669.0,2014.0,1993.0,1769.0,2058.0,653.0,488.0,308.0,272.0,3271.0,3324.0,4308.0,5638.0,3141.0,3083.0,2405.0,2622.0,1346.0,1196.0,5727.0,6650.0,2956.0,2621.0,3660.0,3836.0,2109.0,2097.0,3613.0,3279.0,1376.0,1503.0,588.0,642.0,1418.0,1911.0,792.0,827.0,1616.0,1830.0,1870.0,1743.0,4040.0,4060.0,1301.0,1317.0,4410.0,4589.0,3889.0,4066.0,520.0,831.0,6510.0,5453.0,7389.0,7831.0,5847.0,6289.0,3763.0,4194.0,4361.0,3667.0,451.0,522.0,408.0,323.0
A00037123,2.644,2.641,2.514,2.302,2.748,2.692,1.762,1.858,3.111,3.246,3.1,2.885,2.86,2.862,2.581,2.68,2.872,2.927,2.954,3.03,2.489,2.786,2.155,2.236,2.625,2.527,2.066,1.912,2.465,2.472,2.911,2.944,2.49,2.577,2.588,2.871,2.523,2.738,2.668,2.716,2.331,2.532,1.43,1.464,2.108,2.146,2.339,2.702,2.505,2.449,2.541,2.561,2.76,2.953,2.158,2.387,2.849,2.71,2.288,2.317,3.052,3.074,2.756,2.689,3.261,3.417,2.453,2.417,1170.0,823.0,436.0,882.0,2239.0,2183.0,1426.0,1700.0,409.0,377.0,281.0,226.0,3274.0,3458.0,4563.0,5127.0,3090.0,3171.0,2511.0,2533.0,975.0,763.0,4632.0,5180.0,2485.0,2516.0,3192.0,3100.0,1552.0,1940.0,3545.0,2899.0,1343.0,1520.0,759.0,802.0,1265.0,1634.0,648.0,793.0,1477.0,1431.0,1408.0,1221.0,4243.0,4370.0,1237.0,923.0,4709.0,4834.0,4054.0,4281.0,617.0,796.0,5903.0,5703.0,7658.0,7065.0,5063.0,5656.0,3810.0,4034.0,4711.0,4037.0,330.0,387.0,515.0,333.0
A00037125,2.806,2.812,2.996,2.513,2.575,2.677,2.021,1.961,3.37,3.311,3.031,4.251,2.986,2.716,2.526,2.887,3.151,2.793,3.453,3.661,2.671,2.664,2.258,2.512,3.045,2.963,2.304,2.025,3.066,3.002,3.212,3.275,2.654,2.569,3.158,3.298,2.765,3.022,2.691,3.025,2.692,2.475,1.827,1.912,2.252,2.006,2.748,2.846,2.485,2.84,2.612,2.634,3.55,3.44,2.598,2.663,2.91,2.826,2.218,2.207,3.27,3.078,2.837,2.745,3.597,3.667,2.859,2.714,1217.0,1047.0,579.0,782.0,3090.0,1962.0,1451.0,1499.0,376.0,441.0,333.0,239.0,3516.0,3397.0,5021.0,5718.0,3554.0,3202.0,2432.0,2075.0,1104.0,839.0,5202.0,4431.0,2483.0,2898.0,2616.0,2981.0,1657.0,1733.0,3588.0,3481.0,1542.0,1718.0,579.0,728.0,1592.0,1486.0,663.0,893.0,1745.0,1227.0,1427.0,1210.0,4610.0,4552.0,1378.0,1199.0,5060.0,5140.0,4506.0,4954.0,572.0,727.0,5868.0,5688.0,8181.0,7618.0,6432.0,6057.0,4515.0,4624.0,5283.0,4327.0,356.0,394.0,507.0,394.0
A00037126,2.654,2.876,2.534,2.826,2.842,2.929,1.967,2.072,3.429,3.921,3.128,3.042,3.101,2.932,2.699,2.775,3.05,2.961,3.21,3.376,2.528,2.451,2.381,2.62,2.778,3.043,2.404,2.326,2.886,2.937,3.288,3.315,2.631,2.694,2.913,2.94,2.787,3.039,3.219,3.401,2.85,3.062,1.549,1.572,2.181,2.239,2.734,2.887,2.696,2.772,2.685,2.643,3.494,3.098,2.728,2.747,3.043,2.955,2.417,2.428,3.015,2.975,2.831,2.885,4.003,3.483,2.404,2.948,1387.0,1005.0,745.0,546.0,2540.0,2517.0,1818.0,1692.0,460.0,359.0,361.0,349.0,4114.0,3897.0,5530.0,6984.0,4150.0,4508.0,2734.0,2681.0,1282.0,1049.0,6074.0,5905.0,3133.0,2896.0,3739.0,3630.0,2182.0,2112.0,4363.0,3751.0,1434.0,1916.0,697.0,750.0,1545.0,1737.0,750.0,842.0,1922.0,1611.0,1867.0,1661.0,4461.0,4393.0,1434.0,1290.0,4722.0,5025.0,4398.0,4448.0,570.0,981.0,7202.0,6841.0,8685.0,8323.0,7291.0,6990.0,4496.0,4981.0,5152.0,4443.0,466.0,491.0,575.0,407.0
A00037160,2.837,3.025,2.679,2.608,2.873,2.795,1.974,1.961,3.049,3.481,2.371,2.8,3.049,2.904,2.833,2.766,3.029,2.797,3.177,3.122,2.578,2.682,2.164,2.354,2.712,2.69,2.218,2.357,2.25,2.411,3.147,3.34,2.721,3.116,2.829,3.031,2.9,2.928,2.882,2.869,2.669,2.553,1.518,1.559,2.261,2.271,2.54,2.617,2.572,2.639,2.65,2.67,2.914,2.852,2.274,2.65,3.015,2.916,2.513,2.407,3.099,3.157,2.913,2.722,3.47,3.169,2.669,2.432,1260.0,1086.0,866.0,788.0,2587.0,2728.0,1742.0,1828.0,558.0,424.0,320.0,262.0,3595.0,3743.0,5088.0,6248.0,4126.0,3969.0,3031.0,2610.0,1455.0,1116.0,5764.0,5647.0,2886.0,2666.0,4040.0,3563.0,1765.0,2161.0,4084.0,3701.0,1634.0,1541.0,678.0,694.0,1374.0,1824.0,760.0,847.0,1625.0,1414.0,1776.0,1504.0,4824.0,4890.0,1302.0,1412.0,5567.0,6085.0,4628.0,5401.0,717.0,1046.0,5902.0,6595.0,7786.0,7690.0,6539.0,6640.0,3972.0,4386.0,4718.0,4572.0,469.0,493.0,461.0,342.0
A00037170,2.628,2.814,2.805,2.461,2.809,2.746,1.842,1.895,3.71,3.494,2.625,2.811,2.724,2.763,2.398,2.664,2.987,2.904,2.987,3.218,2.676,2.437,2.248,2.315,2.929,2.737,1.989,2.054,2.638,2.611,3.04,3.03,2.576,2.6,2.433,2.69,2.733,2.818,2.737,2.775,2.432,2.585,1.478,1.632,2.134,2.043,2.439,2.624,2.71,2.786,2.469,2.443,2.772,2.841,2.364,2.604,2.939,2.845,2.259,2.26,2.878,3.037,2.572,2.618,3.869,3.291,2.293,2.326,1139.0,829.0,513.0,917.0,2313.0,2137.0,1590.0,1874.0,392.0,427.0,277.0,257.0,3425.0,3151.0,4755.0,5685.0,3335.0,3292.0,2686.0,2130.0,977.0,966.0,5409.0,5806.0,2719.0,2832.0,3557.0,3107.0,1634.0,2102.0,3243.0,3135.0,1357.0,1496.0,729.0,636.0,1523.0,1614.0,725.0,889.0,1836.0,1374.0,1755.0,1439.0,3634.0,3538.0,1277.0,1050.0,4549.0,4754.0,4370.0,4816.0,767.0,964.0,5701.0,5839.0,7441.0,6671.0,5588.0,5271.0,3416.0,3968.0,5052.0,3819.0,404.0,460.0,462.0,266.0
A00037198,2.487,2.63,3.158,2.49,2.462,2.628,1.748,1.861,3.181,2.914,2.727,2.896,2.605,2.638,2.458,2.501,2.8,2.875,3.026,3.146,2.111,2.31,2.017,2.101,2.649,2.818,1.988,2.096,2.374,2.647,2.927,2.898,2.367,2.307,2.898,2.754,2.605,2.57,2.646,2.863,2.412,2.485,1.463,1.453,2.081,1.969,2.514,2.512,2.513,2.498,2.287,2.383,2.98,2.818,2.294,2.353,2.732,2.648,2.192,2.182,2.992,3.0,2.627,2.656,4.14,3.558,2.639,2.586,726.0,710.0,556.0,598.0,2057.0,1725.0,1242.0,1355.0,328.0,381.0,289.0,242.0,2743.0,2543.0,3566.0,4116.0,2517.0,2611.0,1963.0,1858.0,961.0,839.0,4187.0,4308.0,2111.0,2217.0,2524.0,2481.0,1553.0,1480.0,2569.0,2594.0,1290.0,1417.0,651.0,594.0,1165.0,1161.0,640.0,866.0,1468.0,1049.0,1389.0,1324.0,3613.0,3279.0,1172.0,1071.0,4334.0,4442.0,3327.0,2867.0,500.0,742.0,5395.0,5264.0,6672.0,6165.0,4260.0,4373.0,3068.0,3142.0,2732.0,2875.0,356.0,340.0,359.0,255.0
A00037244,2.228,2.55,2.556,2.874,2.245,2.151,1.781,1.736,3.004,2.955,2.192,2.637,2.695,2.506,2.198,2.319,2.753,2.878,2.692,2.857,2.2,2.415,1.957,2.034,2.856,2.66,2.084,1.887,2.398,2.284,2.831,2.63,2.178,2.117,2.696,2.805,2.472,2.451,2.369,2.449,2.236,2.32,1.393,1.597,2.029,2.291,2.462,2.478,1.799,2.202,2.269,2.289,2.831,2.784,2.259,2.069,2.531,2.516,2.064,1.969,2.601,2.463,2.36,2.311,3.172,3.684,2.067,1.946,1226.0,850.0,557.0,529.0,1702.0,2464.0,1400.0,1427.0,574.0,432.0,371.0,265.0,3212.0,3182.0,4234.0,4109.0,2978.0,2564.0,2049.0,1975.0,915.0,796.0,5147.0,4885.0,2307.0,2363.0,3231.0,3214.0,1614.0,1810.0,3145.0,2496.0,1154.0,1282.0,557.0,594.0,1795.0,1701.0,620.0,750.0,1691.0,959.0,1491.0,1385.0,3521.0,2448.0,953.0,1049.0,3528.0,5016.0,3302.0,2906.0,433.0,867.0,6793.0,5656.0,6290.0,7171.0,3170.0,4509.0,3349.0,3527.0,4103.0,2497.0,485.0,477.0,368.0,305.0
A00037266,2.539,2.773,3.125,3.107,2.855,2.742,1.903,1.915,3.608,2.97,3.258,3.405,2.718,2.755,2.621,2.679,3.202,3.0,3.053,3.296,2.406,2.416,2.196,2.218,3.052,2.759,2.163,2.022,2.773,2.679,3.265,3.16,2.592,2.708,2.48,2.574,3.05,2.82,3.051,2.883,2.647,2.573,1.706,1.718,2.3,2.353,2.56,2.634,2.725,2.723,2.575,2.563,3.022,3.407,2.446,2.617,3.073,2.911,2.301,2.263,3.139,3.125,2.861,2.793,4.082,3.086,2.415,2.522,887.0,736.0,705.0,612.0,1802.0,1563.0,1413.0,1467.0,383.0,374.0,309.0,267.0,2866.0,2604.0,3784.0,4693.0,2688.0,3160.0,2252.0,2069.0,847.0,1022.0,4098.0,4276.0,2292.0,2576.0,2768.0,2561.0,1900.0,1956.0,2899.0,2606.0,1330.0,1387.0,645.0,584.0,1181.0,1255.0,705.0,878.0,1602.0,1071.0,1719.0,1557.0,3584.0,3842.0,1016.0,1355.0,4654.0,4884.0,3515.0,3956.0,475.0,708.0,6115.0,5075.0,7418.0,6627.0,4815.0,5172.0,3246.0,3342.0,3541.0,3029.0,474.0,450.0,432.0,302.0
A00037267,2.495,2.564,2.557,2.25,2.592,2.476,1.828,1.796,3.691,3.577,2.702,2.945,2.736,2.721,2.367,2.422,2.711,2.796,2.858,2.913,2.271,2.098,2.101,2.265,2.669,2.557,1.753,1.893,2.523,2.385,2.814,2.945,2.457,2.412,2.632,2.512,2.628,2.552,2.631,2.57,2.36,2.27,1.793,1.704,2.014,1.944,2.306,2.393,2.495,2.53,2.405,2.356,2.649,3.051,2.447,2.46,2.823,2.791,2.18,2.192,2.777,2.804,2.503,2.456,3.831,3.563,2.359,2.254,1209.0,750.0,627.0,758.0,1757.0,1922.0,1485.0,1555.0,332.0,451.0,280.0,238.0,2848.0,2517.0,4555.0,5173.0,3408.0,3260.0,2246.0,2043.0,1182.0,955.0,4745.0,4877.0,2617.0,2704.0,3327.0,3340.0,2009.0,1729.0,3564.0,3249.0,1329.0,1327.0,627.0,624.0,1224.0,1423.0,766.0,824.0,1551.0,1260.0,1944.0,1535.0,4449.0,4265.0,1187.0,1263.0,4221.0,4531.0,3576.0,3650.0,590.0,579.0,5296.0,5061.0,6329.0,5978.0,4405.0,4413.0,3358.0,3852.0,4148.0,3555.0,484.0,471.0,353.0,282.0
A00037368,2.568,2.828,3.092,3.021,3.118,3.029,1.765,1.912,3.225,3.199,2.853,2.922,2.933,2.942,2.629,2.668,3.04,2.878,2.871,3.16,2.636,2.747,2.219,2.331,2.877,2.986,2.2,2.135,2.535,2.826,3.082,2.98,2.627,2.611,2.45,2.683,3.092,2.909,3.027,3.256,2.612,2.585,1.555,1.624,1.999,1.97,2.74,2.604,2.703,2.672,2.555,2.684,2.871,3.299,2.635,2.616,3.091,3.14,2.299,2.318,2.983,3.077,2.759,2.602,3.606,3.392,2.695,2.629,1575.0,861.0,744.0,623.0,2118.0,2386.0,1241.0,1352.0,558.0,571.0,309.0,240.0,2984.0,3542.0,5352.0,6955.0,3951.0,3541.0,2226.0,2062.0,858.0,803.0,5026.0,5515.0,2813.0,3042.0,3268.0,2719.0,2045.0,2215.0,3618.0,3249.0,1316.0,1446.0,598.0,736.0,1321.0,1409.0,649.0,788.0,1398.0,1158.0,1641.0,1210.0,4278.0,3606.0,1284.0,1307.0,4180.0,5219.0,3706.0,3787.0,572.0,808.0,5724.0,5630.0,6936.0,7228.0,4893.0,4635.0,3174.0,3671.0,3766.0,3553.0,510.0,522.0,360.0,254.0
A00037377,2.702,2.533,2.637,2.866,2.431,2.45,1.792,1.786,3.726,3.249,2.871,2.883,2.665,2.827,2.31,2.421,2.879,2.847,3.061,3.09,2.244,2.217,2.126,2.094,2.639,2.738,2.128,1.978,2.384,2.344,2.954,2.917,2.287,2.223,2.55,2.81,2.58,2.511,2.602,2.729,2.535,2.508,1.419,1.444,1.987,2.021,2.43,2.539,2.336,2.373,2.349,2.239,2.783,2.896,2.307,2.307,2.51,2.536,2.017,1.947,2.917,2.719,2.433,2.473,3.53,3.584,2.056,2.194,1126.0,1051.0,804.0,651.0,1714.0,1898.0,1222.0,1365.0,426.0,377.0,291.0,256.0,3245.0,3110.0,5258.0,5240.0,3247.0,3158.0,2512.0,2411.0,1132.0,1069.0,4485.0,4953.0,2701.0,2626.0,3047.0,3173.0,2071.0,2160.0,3175.0,3267.0,1504.0,1602.0,733.0,691.0,1136.0,1690.0,690.0,875.0,1310.0,1303.0,1101.0,1023.0,4140.0,4710.0,1137.0,1187.0,4906.0,4661.0,3700.0,3988.0,603.0,964.0,5941.0,5495.0,7343.0,6786.0,5444.0,5771.0,3704.0,3526.0,4406.0,4363.0,478.0,419.0,391.0,395.0
A00037378,2.622,2.607,2.469,2.639,2.878,2.764,1.713,1.851,3.415,3.504,2.434,2.913,2.776,2.792,2.352,2.471,2.802,2.93,3.009,3.242,2.133,2.325,2.132,2.207,2.689,2.677,2.129,1.998,2.654,2.38,3.106,2.959,2.578,2.689,2.234,2.439,2.876,2.714,2.761,3.039,2.548,2.55,1.781,1.533,1.942,1.959,2.623,2.601,2.614,2.704,2.501,2.441,2.732,2.867,2.308,2.494,2.935,2.828,2.2,2.161,3.058,3.037,2.585,2.7,3.5,3.547,2.475,2.674,1188.0,953.0,389.0,885.0,2127.0,1961.0,1359.0,1713.0,364.0,334.0,297.0,301.0,3149.0,3070.0,4457.0,5238.0,3294.0,2975.0,2917.0,2707.0,947.0,816.0,5011.0,4738.0,2592.0,2691.0,2964.0,3169.0,1805.0,1948.0,3743.0,3206.0,1421.0,1548.0,604.0,654.0,1328.0,1525.0,658.0,959.0,1550.0,1495.0,1426.0,1394.0,4321.0,4123.0,1271.0,1262.0,4908.0,4995.0,3753.0,4291.0,762.0,614.0,6018.0,6034.0,7545.0,7096.0,5009.0,5202.0,4152.0,4680.0,4517.0,3761.0,377.0,406.0,573.0,375.0
A00037386,2.372,2.457,2.661,2.473,2.57,2.672,1.879,1.878,3.216,3.029,2.578,2.54,2.782,2.876,2.47,2.602,2.846,2.642,2.767,2.821,2.363,2.479,2.256,2.282,2.581,2.8,2.038,1.944,2.23,2.423,2.792,2.722,2.458,2.459,2.768,2.824,2.57,2.472,2.679,2.94,2.23,2.454,1.333,1.391,2.1,2.099,2.481,2.43,2.556,2.6,2.439,2.502,2.9,2.853,2.276,2.4,2.793,2.803,2.219,2.343,2.846,2.788,2.573,2.595,3.68,3.486,2.242,2.144,918.0,966.0,636.0,571.0,2207.0,1975.0,1668.0,1738.0,459.0,438.0,270.0,267.0,3094.0,2907.0,3760.0,4570.0,3104.0,2847.0,2338.0,2251.0,883.0,966.0,4817.0,4606.0,2396.0,2465.0,3243.0,3366.0,1839.0,1739.0,3334.0,3069.0,1564.0,1476.0,599.0,664.0,995.0,1260.0,642.0,869.0,1239.0,1310.0,1704.0,1513.0,4353.0,4024.0,1110.0,1285.0,4693.0,4872.0,3783.0,3871.0,490.0,726.0,6018.0,5657.0,7234.0,7052.0,5238.0,5356.0,4147.0,4216.0,3869.0,3763.0,464.0,428.0,447.0,371.0
A00037387,2.618,2.983,2.781,2.715,2.765,2.85,1.833,1.959,3.874,4.244,2.813,3.132,2.874,2.893,2.666,2.724,2.885,2.858,3.146,3.096,2.377,2.067,2.2,2.199,3.026,3.083,2.065,1.983,2.786,2.862,3.18,3.07,2.52,2.699,2.393,2.981,2.93,2.976,3.093,2.989,2.772,2.719,1.527,1.356,2.077,2.017,2.745,2.744,2.779,2.729,2.533,2.507,3.547,3.426,2.634,2.622,3.099,3.119,2.251,2.231,2.919,3.005,2.707,2.715,3.223,3.402,2.449,2.566,873.0,791.0,515.0,773.0,1988.0,1554.0,1722.0,1913.0,354.0,296.0,313.0,254.0,2765.0,2565.0,3839.0,4869.0,3243.0,3087.0,2067.0,2191.0,835.0,872.0,5399.0,5614.0,2427.0,2268.0,3194.0,3001.0,1644.0,1645.0,3189.0,2874.0,1247.0,1365.0,591.0,678.0,1053.0,1289.0,709.0,888.0,1502.0,1227.0,1838.0,1528.0,3479.0,3123.0,1147.0,1117.0,4190.0,3938.0,3737.0,3776.0,517.0,578.0,5382.0,5772.0,6455.0,5466.0,5595.0,5864.0,3242.0,3674.0,3592.0,2925.0,382.0,413.0,428.0,295.0
A00037396,2.538,2.621,2.588,2.336,2.588,2.53,1.792,1.888,3.386,2.846,2.466,2.867,2.639,2.695,2.539,2.554,2.672,2.75,2.705,2.842,2.234,2.286,2.122,2.113,2.477,2.473,2.007,1.855,2.319,2.23,2.792,2.829,2.132,2.469,2.585,2.611,2.28,2.459,2.876,2.651,2.36,2.679,1.672,1.772,2.093,2.147,2.373,2.331,2.316,2.413,2.431,2.47,2.537,2.764,2.19,2.467,2.689,2.593,2.354,2.358,2.849,3.001,2.592,2.551,3.452,3.741,2.098,2.245,970.0,813.0,739.0,863.0,2585.0,2515.0,1855.0,1988.0,424.0,509.0,282.0,275.0,3768.0,3719.0,4626.0,6072.0,3880.0,3914.0,2572.0,2949.0,1221.0,1263.0,6101.0,5973.0,3020.0,2785.0,4229.0,3539.0,2181.0,1998.0,3749.0,3775.0,1533.0,1694.0,703.0,777.0,1756.0,1722.0,711.0,919.0,1978.0,1405.0,1879.0,1609.0,4247.0,4046.0,1407.0,1236.0,5184.0,4996.0,5000.0,4770.0,868.0,794.0,6250.0,6463.0,9063.0,8372.0,6269.0,6468.0,3623.0,4506.0,4857.0,3825.0,491.0,560.0,498.0,342.0
A00037439,2.57,2.832,2.716,2.344,2.685,2.408,1.747,1.772,3.322,2.809,2.456,2.512,2.709,2.908,2.455,2.631,2.91,2.852,2.843,2.885,2.571,2.495,2.174,2.319,2.757,2.693,2.12,2.038,2.393,2.198,2.987,2.892,2.501,2.516,2.754,2.843,2.468,2.617,2.889,2.822,2.375,2.542,1.579,1.648,2.104,2.023,2.364,2.566,2.562,2.587,2.475,2.464,2.502,2.832,2.254,2.459,2.755,2.6,2.274,2.343,2.918,2.996,2.699,2.634,3.232,3.964,2.448,2.424,969.0,912.0,632.0,843.0,1853.0,1790.0,1366.0,1627.0,551.0,517.0,276.0,282.0,3204.0,3119.0,4139.0,5009.0,3644.0,3654.0,2288.0,2325.0,820.0,743.0,5184.0,4307.0,2403.0,2426.0,2862.0,3149.0,2002.0,1739.0,3605.0,3016.0,1143.0,1702.0,620.0,725.0,1259.0,1506.0,694.0,817.0,1418.0,1366.0,1298.0,1203.0,3703.0,4403.0,1231.0,1024.0,5325.0,5138.0,3253.0,3662.0,701.0,767.0,4775.0,5494.0,7155.0,7439.0,5122.0,5300.0,3528.0,3887.0,3628.0,3439.0,447.0,463.0,507.0,319.0
A00037445,2.53,2.496,2.861,2.273,2.606,2.432,1.696,1.757,3.399,2.949,2.431,2.664,2.671,2.713,2.461,2.399,2.798,2.9,3.032,2.941,2.607,2.358,2.056,2.15,2.771,2.597,1.881,1.909,2.264,2.384,2.754,2.809,2.313,2.447,2.602,2.63,2.778,2.594,2.738,2.781,2.507,2.483,1.722,1.527,1.983,1.995,2.567,2.561,2.459,2.546,2.316,2.359,2.812,2.972,2.225,2.379,2.814,2.769,2.111,2.139,2.827,2.773,2.583,2.595,3.525,3.949,2.177,2.292,954.0,705.0,691.0,509.0,2104.0,2288.0,1113.0,1268.0,410.0,350.0,235.0,216.0,2874.0,2825.0,3817.0,4061.0,3093.0,2979.0,2178.0,2136.0,789.0,705.0,4230.0,3951.0,2317.0,2395.0,2637.0,2547.0,1679.0,1561.0,3286.0,3083.0,1373.0,1535.0,628.0,690.0,1286.0,1485.0,650.0,844.0,1505.0,1337.0,1120.0,901.0,3626.0,3812.0,1131.0,1158.0,4938.0,4868.0,3704.0,3617.0,458.0,783.0,5089.0,5997.0,6254.0,6722.0,5282.0,5497.0,3635.0,4023.0,3548.0,3778.0,473.0,517.0,506.0,403.0
A00037457,2.44,2.623,2.353,2.581,2.562,2.59,1.895,1.839,3.548,3.963,2.718,2.685,2.735,2.893,2.576,2.668,2.986,2.801,3.059,3.072,2.484,2.417,2.419,2.534,2.724,2.698,2.039,2.016,2.314,2.424,2.939,2.914,2.582,2.607,2.842,3.142,2.579,2.636,2.794,3.06,2.289,2.585,1.637,1.409,2.383,2.39,2.625,2.539,2.776,2.718,2.466,2.505,2.963,3.028,2.414,2.434,2.866,2.812,2.322,2.283,2.812,2.981,2.81,2.637,3.64,4.212,2.222,2.326,866.0,909.0,508.0,818.0,2345.0,2167.0,1448.0,1537.0,469.0,384.0,332.0,245.0,2768.0,3153.0,4041.0,4845.0,3153.0,3075.0,2726.0,2225.0,894.0,800.0,4477.0,4494.0,2612.0,2687.0,2962.0,3004.0,1540.0,1860.0,3367.0,2940.0,1300.0,1688.0,501.0,537.0,1427.0,1666.0,704.0,863.0,1546.0,1524.0,1516.0,1477.0,4182.0,4037.0,1151.0,1036.0,5474.0,5219.0,3673.0,3728.0,622.0,732.0,5263.0,5530.0,7916.0,7393.0,5127.0,5173.0,4020.0,4163.0,3645.0,3259.0,456.0,400.0,430.0,373.0
A00037458,2.437,2.528,2.696,2.391,2.931,2.731,1.85,1.82,3.815,3.751,2.476,2.863,2.829,2.746,2.629,2.559,2.801,2.745,2.774,3.005,2.286,2.382,2.051,2.178,2.58,2.638,2.088,2.006,2.467,2.468,2.861,3.046,2.343,2.507,2.976,2.892,2.618,2.506,2.748,2.734,2.397,2.439,1.57,1.368,2.198,2.043,2.521,2.698,2.438,2.596,2.648,2.505,2.692,3.209,2.399,2.484,2.961,2.757,2.228,2.294,2.832,2.936,2.696,2.575,3.045,3.543,2.544,2.356,997.0,956.0,648.0,659.0,2213.0,1765.0,1579.0,1587.0,329.0,353.0,300.0,269.0,2603.0,2747.0,3929.0,4323.0,2402.0,2536.0,2281.0,1851.0,807.0,665.0,4675.0,4410.0,2233.0,2116.0,2980.0,2886.0,1481.0,1768.0,2846.0,2679.0,1382.0,1478.0,656.0,675.0,1711.0,1538.0,523.0,641.0,1818.0,1375.0,1654.0,1533.0,3941.0,4062.0,1153.0,1141.0,4171.0,4736.0,2870.0,2957.0,484.0,878.0,6176.0,5905.0,7154.0,6849.0,4494.0,4694.0,3356.0,3400.0,3593.0,3497.0,322.0,416.0,386.0,281.0
A00037459,2.324,2.408,2.931,2.592,2.595,2.627,1.891,1.762,3.576,3.558,2.628,2.695,2.722,2.751,2.389,2.399,2.876,2.649,3.145,3.262,2.579,2.481,2.052,2.198,2.94,2.884,2.038,2.112,2.772,2.828,2.899,2.705,2.342,2.328,3.005,3.459,2.809,2.749,2.764,2.788,2.769,2.62,1.611,1.727,1.884,1.996,2.557,2.612,2.525,2.586,2.28,2.354,2.881,3.386,2.427,2.419,2.873,2.855,2.103,2.128,2.751,2.756,2.482,2.364,4.087,4.23,2.013,1.92,998.0,717.0,632.0,612.0,2419.0,2546.0,1273.0,1637.0,416.0,379.0,296.0,257.0,2618.0,2922.0,4251.0,5225.0,3084.0,3339.0,2015.0,1972.0,868.0,767.0,4976.0,5128.0,2388.0,2427.0,3104.0,2383.0,1726.0,1615.0,3415.0,3229.0,1263.0,1547.0,531.0,512.0,1243.0,1451.0,628.0,880.0,1543.0,1428.0,1306.0,1123.0,3700.0,3984.0,1256.0,1043.0,5243.0,4773.0,3814.0,3427.0,689.0,729.0,6009.0,6591.0,7217.0,7397.0,4384.0,4732.0,3805.0,3944.0,3263.0,2865.0,433.0,380.0,469.0,355.0
A00037476,2.602,2.834,2.739,2.621,2.882,2.772,1.924,1.892,3.731,4.028,2.919,3.005,3.063,3.001,2.625,2.696,2.936,2.868,3.437,3.552,2.605,3.186,2.261,2.376,2.819,2.863,2.153,2.079,2.618,2.674,3.318,3.109,2.564,2.652,3.006,3.051,2.957,2.854,2.883,2.841,2.736,2.769,1.786,1.805,2.326,2.263,3.016,2.63,2.826,2.926,2.653,2.627,3.008,3.239,2.503,2.627,3.084,2.985,2.333,2.357,3.107,3.063,2.827,2.819,3.431,3.686,2.897,2.673,1001.0,917.0,721.0,661.0,1856.0,2222.0,1845.0,1789.0,397.0,420.0,309.0,262.0,3881.0,3666.0,4790.0,5946.0,4233.0,4617.0,2350.0,2310.0,940.0,691.0,6830.0,4964.0,2922.0,2822.0,3547.0,3130.0,2026.0,1959.0,3859.0,4244.0,1377.0,1641.0,823.0,745.0,1288.0,1242.0,801.0,1024.0,1591.0,1402.0,1962.0,1736.0,4558.0,4387.0,1062.0,1371.0,5001.0,5235.0,4004.0,4410.0,616.0,801.0,5653.0,5837.0,7991.0,8325.0,5400.0,5648.0,3647.0,3487.0,3101.0,3733.0,441.0,469.0,391.0,378.0
A00037492,2.519,2.506,2.504,2.336,2.295,2.53,1.547,1.69,3.291,3.516,2.412,3.201,2.668,2.66,2.509,2.512,2.778,2.816,2.896,2.943,2.215,2.45,2.19,2.15,2.634,2.578,1.929,1.715,2.434,2.48,3.006,2.938,2.284,2.335,2.668,2.768,2.562,2.461,2.77,2.627,2.493,2.378,1.339,1.358,1.957,2.025,2.397,2.33,2.535,2.243,2.521,2.329,2.851,2.982,2.221,2.285,2.68,2.574,2.132,2.218,2.91,2.803,2.296,2.458,3.666,3.714,1.994,2.471,1109.0,1090.0,560.0,794.0,2572.0,2152.0,1215.0,1299.0,452.0,459.0,323.0,233.0,2958.0,3178.0,3818.0,5816.0,2971.0,2785.0,2453.0,2538.0,954.0,824.0,4095.0,4371.0,2897.0,2743.0,2564.0,2294.0,1903.0,1767.0,3018.0,2860.0,1157.0,1390.0,640.0,639.0,1348.0,1565.0,717.0,838.0,1776.0,1368.0,1243.0,944.0,4490.0,3702.0,1237.0,1265.0,4541.0,5203.0,3327.0,3678.0,560.0,913.0,5914.0,5807.0,7094.0,7070.0,5062.0,4570.0,3557.0,4104.0,4518.0,3562.0,540.0,532.0,524.0,312.0
A00037510,2.403,2.548,2.532,2.285,2.571,2.508,1.827,1.847,3.494,3.805,2.677,3.036,2.824,2.875,2.44,2.475,2.721,2.699,2.931,3.081,2.366,2.316,2.321,2.413,2.798,2.648,2.021,1.867,2.218,2.395,3.059,2.796,2.45,2.521,2.649,2.769,2.678,2.548,2.632,2.797,2.598,2.427,1.531,1.433,2.207,2.213,2.349,2.616,2.502,2.585,2.367,2.29,2.872,2.801,2.447,2.317,2.728,2.718,2.221,2.27,3.018,2.91,2.556,2.635,3.824,4.088,2.369,2.414,880.0,760.0,624.0,763.0,2694.0,2138.0,1291.0,1403.0,432.0,308.0,349.0,284.0,3027.0,3825.0,4996.0,5301.0,3108.0,3442.0,2777.0,2376.0,917.0,805.0,4592.0,4661.0,2613.0,2617.0,2817.0,2610.0,1869.0,2235.0,3823.0,3379.0,1472.0,1506.0,620.0,656.0,1298.0,1446.0,722.0,893.0,1496.0,1362.0,1272.0,1098.0,4182.0,3755.0,1342.0,1002.0,4871.0,4925.0,3892.0,4220.0,565.0,1140.0,6650.0,5867.0,7552.0,6757.0,5141.0,5119.0,3900.0,3724.0,3876.0,3551.0,564.0,447.0,478.0,331.0
A00037511,2.586,2.685,2.825,2.649,2.763,2.578,1.857,2.066,2.991,3.75,2.736,2.752,2.753,2.717,2.429,2.471,2.923,2.958,3.062,3.248,2.678,2.34,2.078,2.325,2.794,2.91,2.124,2.05,2.406,2.378,2.965,3.034,2.486,2.526,2.555,2.838,2.716,2.672,2.602,2.413,2.446,2.668,1.837,1.716,2.052,2.098,2.329,2.697,2.597,2.645,2.408,2.415,2.716,2.8,2.382,2.339,2.822,2.707,2.158,2.22,3.074,3.074,2.53,2.598,3.609,4.125,2.41,2.488,1128.0,880.0,1019.0,893.0,2624.0,2546.0,1718.0,1736.0,469.0,431.0,343.0,304.0,3105.0,2832.0,4794.0,4983.0,3334.0,3108.0,2511.0,2185.0,846.0,1032.0,5180.0,4641.0,2722.0,2771.0,3850.0,3588.0,2164.0,2207.0,3310.0,3175.0,1616.0,1580.0,615.0,579.0,1549.0,1702.0,852.0,988.0,1778.0,1232.0,2013.0,1770.0,4365.0,4243.0,1174.0,1266.0,5218.0,5336.0,3681.0,3858.0,801.0,1320.0,6346.0,6750.0,7589.0,8126.0,5830.0,5767.0,4008.0,4564.0,4138.0,4194.0,449.0,501.0,492.0,375.0
A00037522,2.341,2.314,2.64,2.267,2.545,2.413,1.816,1.993,4.522,4.016,3.249,2.956,2.874,2.928,2.573,2.472,2.97,3.139,3.039,2.979,2.495,2.211,2.435,2.443,2.847,2.873,2.168,1.965,2.502,2.304,2.88,2.825,2.55,2.401,2.976,3.153,2.602,2.661,2.757,2.392,2.383,2.563,1.704,1.692,2.121,2.113,2.008,2.486,2.423,2.611,2.361,2.391,2.594,2.672,2.232,2.307,2.625,2.551,2.304,2.285,2.955,2.711,2.543,2.613,4.093,4.231,2.57,2.481,824.0,783.0,596.0,823.0,2408.0,2143.0,1258.0,1299.0,382.0,393.0,306.0,237.0,2683.0,2506.0,3988.0,4623.0,2570.0,2698.0,1999.0,2357.0,960.0,896.0,4131.0,4073.0,2475.0,2395.0,2881.0,2765.0,1956.0,1927.0,2987.0,2454.0,1327.0,1507.0,615.0,641.0,1178.0,1259.0,604.0,890.0,1326.0,979.0,1353.0,1127.0,3261.0,3648.0,1144.0,924.0,4904.0,4971.0,3776.0,3857.0,658.0,889.0,6261.0,5903.0,6561.0,6615.0,4779.0,5107.0,3364.0,3229.0,2884.0,3126.0,473.0,442.0,330.0,280.0
A00037545,2.544,2.549,2.434,2.096,2.601,2.511,1.836,1.841,3.372,3.138,2.589,2.722,2.602,2.73,2.548,2.553,2.711,2.821,2.97,2.752,2.103,2.094,2.168,2.298,2.623,2.41,2.002,1.894,2.228,2.276,2.784,2.888,2.236,2.46,2.573,2.723,2.491,2.511,2.417,2.436,2.18,2.323,1.486,1.557,2.047,2.114,2.442,1.962,2.35,2.513,2.293,2.407,2.612,2.629,2.259,2.364,2.645,2.705,2.412,2.298,2.546,2.573,2.487,2.594,3.349,3.649,1.992,2.106,824.0,862.0,492.0,637.0,1744.0,1908.0,1408.0,1460.0,407.0,433.0,289.0,244.0,2622.0,2518.0,3307.0,4262.0,2954.0,3103.0,1953.0,2057.0,1021.0,720.0,3806.0,4147.0,2267.0,2210.0,2276.0,1845.0,1755.0,1862.0,3043.0,2441.0,1252.0,1379.0,512.0,548.0,1449.0,1763.0,674.0,855.0,1437.0,1280.0,1099.0,943.0,3396.0,3562.0,768.0,1112.0,4425.0,4238.0,4041.0,3841.0,408.0,623.0,5186.0,5117.0,6221.0,5765.0,5418.0,5418.0,3490.0,3408.0,3827.0,3242.0,381.0,381.0,452.0,342.0
A00037582,2.47,2.703,2.591,2.566,2.546,2.511,1.832,1.859,3.186,3.047,2.709,2.526,2.636,2.719,2.348,2.346,2.606,2.657,3.153,3.115,2.298,2.198,2.102,2.112,2.626,2.544,1.903,2.029,2.545,2.369,2.808,2.826,2.475,2.332,2.793,3.09,2.697,2.686,2.512,2.748,2.254,2.347,1.701,1.596,2.018,2.003,2.319,2.396,2.448,2.516,2.295,2.256,2.607,2.917,2.228,2.368,2.694,2.641,2.025,2.104,3.016,2.98,2.513,2.483,3.154,3.666,2.378,2.37,1211.0,1006.0,569.0,648.0,2502.0,2114.0,2030.0,1782.0,452.0,412.0,322.0,264.0,3443.0,3075.0,4507.0,5812.0,3496.0,3286.0,2209.0,2258.0,1402.0,1262.0,4992.0,4798.0,2652.0,2782.0,3030.0,3331.0,1712.0,1729.0,3471.0,2952.0,1239.0,1452.0,535.0,627.0,1308.0,1364.0,858.0,847.0,1837.0,1367.0,1310.0,1491.0,4039.0,3936.0,1208.0,1111.0,4926.0,5271.0,4297.0,4316.0,613.0,561.0,5843.0,5713.0,7523.0,6635.0,4964.0,4931.0,3601.0,4027.0,4659.0,3996.0,442.0,486.0,452.0,344.0
A00037588,2.035,2.639,2.602,2.224,2.512,2.517,1.808,1.778,3.169,3.484,2.478,2.864,2.812,2.795,2.464,2.479,2.711,2.817,2.853,2.995,2.08,2.059,2.268,2.25,2.677,2.668,2.036,1.875,2.472,2.382,2.95,2.815,2.482,2.472,2.676,2.938,2.523,2.65,2.587,2.707,2.303,2.312,1.658,1.397,2.164,2.115,2.371,2.396,2.423,2.638,2.539,2.498,2.717,2.84,2.241,2.257,2.745,2.658,2.221,2.22,2.84,2.67,2.531,2.496,3.151,3.64,2.087,2.078,1309.0,1044.0,565.0,697.0,2457.0,2395.0,1246.0,1358.0,459.0,394.0,295.0,270.0,3548.0,3693.0,4797.0,5560.0,3754.0,3793.0,2296.0,2356.0,919.0,910.0,5136.0,4908.0,2634.0,2772.0,2962.0,2668.0,2236.0,1926.0,3709.0,3534.0,1176.0,1401.0,612.0,650.0,1319.0,1318.0,824.0,927.0,1546.0,1289.0,1170.0,1075.0,4276.0,3913.0,1223.0,1093.0,4712.0,5033.0,3291.0,3819.0,663.0,796.0,6349.0,6204.0,7375.0,7288.0,4944.0,5289.0,3653.0,4136.0,3816.0,3519.0,468.0,525.0,447.0,322.0
A00037589,2.448,2.397,2.205,2.395,2.564,2.475,1.939,2.021,3.269,3.412,2.913,2.717,2.611,2.704,2.298,2.47,2.881,2.941,2.973,2.98,2.076,2.274,2.114,2.201,2.723,2.494,1.98,1.896,2.344,2.34,2.653,2.724,2.34,2.482,2.644,2.387,2.469,2.538,2.686,2.7,2.353,2.306,1.566,1.436,2.172,2.097,2.217,2.297,2.442,2.586,2.332,2.414,2.611,2.381,2.353,2.447,2.618,2.612,2.185,2.138,2.67,2.476,2.512,2.406,3.997,4.24,2.277,2.22,817.0,620.0,355.0,689.0,1884.0,1919.0,1147.0,1084.0,329.0,357.0,296.0,212.0,2341.0,2305.0,3250.0,3943.0,2543.0,2130.0,2198.0,2075.0,857.0,790.0,3735.0,4021.0,2229.0,2383.0,2165.0,2473.0,1749.0,1766.0,2712.0,2355.0,1352.0,1433.0,502.0,514.0,1366.0,1526.0,609.0,755.0,1441.0,1148.0,1029.0,988.0,3930.0,3858.0,1078.0,859.0,4929.0,4790.0,2583.0,2871.0,502.0,744.0,4620.0,4681.0,7401.0,6499.0,4013.0,4293.0,2858.0,3075.0,3349.0,3150.0,359.0,363.0,374.0,310.0
A00037635,2.32,2.427,2.601,2.204,2.615,2.518,1.783,1.896,3.438,3.264,2.733,3.049,2.759,2.653,2.446,2.424,2.831,2.689,2.912,2.84,2.441,2.172,2.244,2.266,2.611,2.657,2.138,2.057,2.41,2.346,2.744,2.765,2.308,2.636,2.643,2.813,2.622,2.657,2.518,2.494,2.283,2.382,1.631,1.722,1.999,1.967,2.345,2.43,2.409,2.648,2.387,2.457,2.577,2.847,2.177,2.453,2.754,2.697,2.302,2.264,2.491,2.594,2.419,2.453,3.486,3.624,2.279,2.178,1112.0,774.0,530.0,796.0,1746.0,1770.0,1341.0,1708.0,467.0,491.0,321.0,266.0,3071.0,3104.0,4619.0,5609.0,4144.0,4241.0,2517.0,2770.0,950.0,1033.0,5480.0,5345.0,2780.0,2484.0,3318.0,3310.0,1945.0,1940.0,4260.0,3476.0,1324.0,1399.0,673.0,749.0,1362.0,1487.0,860.0,1035.0,2089.0,1713.0,1506.0,1237.0,4630.0,4118.0,1198.0,1076.0,4737.0,4510.0,3252.0,3807.0,590.0,775.0,6111.0,5416.0,6629.0,6276.0,5294.0,5550.0,3360.0,3647.0,3938.0,3764.0,514.0,423.0,419.0,307.0
A00037646,2.607,2.645,3.068,2.921,2.554,2.552,1.769,1.81,3.302,3.296,3.023,2.689,2.778,2.807,2.546,2.514,2.593,2.797,2.95,3.178,2.438,2.999,2.07,2.241,2.923,2.888,2.087,2.132,2.472,2.38,3.016,2.985,2.293,2.443,2.763,2.703,2.584,2.397,2.977,2.806,2.38,2.273,1.485,1.438,1.944,1.957,2.684,2.486,2.325,2.384,2.396,2.344,3.227,2.85,2.354,2.349,2.687,2.654,2.198,2.18,2.92,2.811,2.517,2.418,3.914,3.781,2.202,2.613,884.0,771.0,647.0,449.0,1794.0,1957.0,1328.0,1393.0,395.0,418.0,264.0,243.0,2495.0,2475.0,3434.0,4097.0,2808.0,2618.0,2068.0,1923.0,835.0,600.0,4760.0,4819.0,2276.0,1996.0,3128.0,3042.0,1686.0,1805.0,2674.0,2532.0,1322.0,1645.0,514.0,487.0,1085.0,1601.0,598.0,613.0,1094.0,1081.0,1498.0,1215.0,3453.0,3534.0,910.0,1111.0,4198.0,4070.0,3039.0,3196.0,469.0,817.0,4480.0,4361.0,6457.0,6510.0,4719.0,5196.0,3117.0,3352.0,2847.0,2812.0,368.0,410.0,396.0,275.0
A00037647,2.426,2.641,2.677,2.792,2.781,2.698,1.887,1.936,3.017,3.61,2.783,2.836,2.749,2.913,2.476,2.578,2.819,2.792,3.249,3.183,2.384,2.346,2.282,2.291,2.74,2.93,1.944,1.97,2.376,2.738,3.102,3.002,2.473,2.509,2.81,2.776,2.597,2.661,2.862,2.734,2.47,2.485,1.628,1.575,2.142,2.161,2.504,2.439,2.725,2.745,2.358,2.392,3.345,3.006,2.483,2.667,2.998,2.839,2.157,2.171,2.84,2.875,2.623,2.691,3.74,3.81,2.392,2.753,1062.0,987.0,613.0,647.0,2070.0,2329.0,1561.0,1714.0,478.0,297.0,309.0,269.0,3167.0,3323.0,4233.0,5382.0,2580.0,3230.0,1937.0,2096.0,1118.0,870.0,4916.0,4950.0,2375.0,2357.0,3789.0,3361.0,1775.0,1542.0,3971.0,3344.0,1167.0,1415.0,749.0,714.0,1526.0,1411.0,740.0,819.0,1583.0,1117.0,1840.0,1640.0,3732.0,3952.0,1001.0,1209.0,4216.0,4481.0,3650.0,3199.0,478.0,678.0,5783.0,4958.0,6210.0,5773.0,4782.0,5137.0,3573.0,3708.0,4095.0,3161.0,374.0,435.0,407.0,313.0
A00037725,2.357,2.338,2.591,2.374,2.619,2.575,1.74,1.754,3.21,3.846,2.37,2.802,2.617,2.66,2.23,2.379,2.724,2.765,3.013,3.161,2.249,2.318,1.893,2.043,2.705,2.444,1.846,1.864,2.335,2.344,2.826,2.771,2.111,2.46,2.697,2.604,2.69,2.712,2.66,2.602,2.635,2.515,1.56,1.572,1.945,1.946,2.336,2.422,2.351,2.371,2.112,2.19,2.886,2.83,2.333,2.599,2.79,2.619,2.039,1.936,3.031,3.016,2.558,2.588,3.93,3.391,2.3,2.13,964.0,1029.0,986.0,771.0,2668.0,2274.0,1455.0,1587.0,424.0,396.0,276.0,236.0,2911.0,2947.0,4350.0,5438.0,3193.0,3448.0,2258.0,2290.0,1062.0,1210.0,5327.0,4654.0,2205.0,2406.0,3155.0,3240.0,1823.0,1783.0,3439.0,3233.0,1565.0,1609.0,614.0,614.0,1398.0,1487.0,616.0,683.0,1722.0,1408.0,1631.0,1238.0,4159.0,3889.0,1324.0,1481.0,4796.0,5209.0,3571.0,3724.0,530.0,904.0,6173.0,6265.0,7540.0,7905.0,4830.0,5038.0,3631.0,3856.0,3714.0,4274.0,439.0,473.0,423.0,360.0
A00037768,2.372,2.75,2.415,2.309,2.42,2.394,1.84,1.675,3.566,3.123,2.609,2.953,2.668,2.638,2.229,2.325,2.792,2.756,2.881,3.132,2.663,2.718,2.005,2.102,2.512,2.523,1.999,2.003,2.285,2.198,2.877,2.73,2.068,2.253,3.163,3.256,2.496,2.542,2.549,2.499,2.33,2.317,1.473,1.5,1.881,1.913,2.544,2.458,2.472,2.554,2.051,2.094,2.557,2.742,2.137,2.13,2.508,2.443,2.027,2.051,2.789,2.766,2.326,2.467,3.691,3.104,2.573,2.504,737.0,724.0,457.0,406.0,2748.0,2183.0,1173.0,989.0,389.0,368.0,281.0,252.0,2352.0,2822.0,3296.0,3616.0,2488.0,2563.0,2241.0,2109.0,1053.0,934.0,5066.0,5144.0,2269.0,2350.0,3357.0,3148.0,1599.0,1716.0,3035.0,2680.0,1290.0,1425.0,609.0,579.0,1358.0,1772.0,662.0,701.0,1452.0,1397.0,1698.0,1445.0,3637.0,4163.0,1085.0,990.0,4532.0,4494.0,3509.0,3705.0,381.0,752.0,5599.0,4999.0,6864.0,6394.0,4317.0,4293.0,3354.0,3339.0,2936.0,2860.0,377.0,452.0,369.0,293.0
A00037784,2.457,3.043,3.412,2.481,2.923,2.676,1.867,1.929,4.137,3.781,2.673,2.489,2.986,2.882,2.564,2.614,2.831,2.889,3.169,3.175,2.617,2.279,2.251,2.194,2.935,2.904,2.012,1.988,2.584,2.764,3.144,3.196,2.604,2.586,2.787,2.757,2.705,3.079,2.879,2.944,2.742,2.447,1.581,1.541,2.229,2.096,2.753,2.712,2.717,2.852,2.66,2.571,3.371,3.166,2.564,2.587,3.052,3.067,2.202,2.273,3.02,3.046,2.858,2.754,3.203,3.187,2.574,2.556,927.0,881.0,646.0,512.0,1841.0,1650.0,1182.0,1169.0,299.0,302.0,263.0,202.0,2454.0,2448.0,3724.0,4377.0,2759.0,2623.0,1891.0,2027.0,701.0,728.0,3605.0,4317.0,2000.0,2095.0,2744.0,2519.0,1553.0,1403.0,2922.0,2728.0,1266.0,1423.0,638.0,675.0,967.0,1083.0,563.0,755.0,1245.0,1167.0,1350.0,1311.0,3687.0,3537.0,1061.0,1088.0,4377.0,4107.0,2558.0,2905.0,485.0,834.0,4283.0,4169.0,5696.0,5769.0,4268.0,4238.0,3172.0,3194.0,3257.0,3596.0,343.0,403.0,345.0,245.0
A00037817,2.543,2.585,2.331,2.275,2.566,2.568,1.819,2.09,3.268,3.289,2.928,2.714,2.769,2.76,2.374,2.654,2.865,2.775,2.681,2.809,2.15,2.152,2.188,2.339,2.641,2.65,2.024,2.082,2.453,2.434,2.922,2.719,2.462,2.51,2.373,2.53,2.644,2.691,2.781,2.573,2.363,2.577,1.596,1.554,2.093,2.059,2.356,2.212,2.446,2.472,2.367,2.378,2.723,2.497,2.391,2.421,2.695,2.591,2.148,2.242,2.85,2.82,2.498,2.763,3.244,3.295,2.754,2.308,1029.0,831.0,681.0,786.0,2253.0,2305.0,1120.0,1369.0,437.0,403.0,311.0,228.0,2865.0,2868.0,4464.0,4461.0,3375.0,3005.0,2601.0,2283.0,897.0,759.0,4862.0,4133.0,2220.0,2409.0,3206.0,2975.0,1482.0,1760.0,3695.0,3097.0,1429.0,1584.0,659.0,696.0,1337.0,1449.0,587.0,830.0,1508.0,1189.0,1431.0,824.0,3808.0,3939.0,1035.0,1287.0,5119.0,4960.0,3646.0,3700.0,524.0,942.0,5321.0,4990.0,6954.0,6688.0,5263.0,5019.0,3713.0,4057.0,3596.0,3336.0,543.0,356.0,431.0,337.0
A00037818,2.067,2.295,2.419,2.592,2.483,2.434,1.551,1.644,2.941,2.949,2.283,2.385,2.671,2.628,2.175,2.372,2.645,2.672,2.837,2.729,2.58,2.346,2.033,2.082,2.719,2.607,1.957,1.908,2.171,2.297,2.47,2.568,2.142,2.159,2.607,2.633,2.478,2.449,2.465,2.404,2.241,2.351,1.491,1.43,2.035,1.898,2.548,2.513,2.343,2.553,2.225,2.17,2.836,2.605,2.22,2.197,2.533,2.466,2.022,2.118,2.503,2.562,2.43,2.353,3.185,3.777,2.052,2.052,1052.0,1049.0,682.0,689.0,1991.0,1901.0,1671.0,1454.0,532.0,464.0,326.0,252.0,3117.0,3211.0,5454.0,5922.0,3254.0,2937.0,2149.0,2513.0,797.0,820.0,4736.0,4537.0,2412.0,2048.0,2612.0,2588.0,1910.0,1931.0,3388.0,3254.0,1452.0,1569.0,566.0,580.0,1224.0,1482.0,688.0,771.0,1296.0,1213.0,1368.0,1376.0,3813.0,3850.0,931.0,914.0,4440.0,4258.0,4345.0,4591.0,638.0,893.0,5988.0,5756.0,6999.0,7173.0,5200.0,5213.0,3847.0,3713.0,3629.0,4457.0,487.0,414.0,367.0,313.0
A00037831,2.62,2.562,3.035,2.673,2.661,2.45,1.731,1.649,3.697,3.609,2.959,2.537,2.918,2.889,2.479,2.471,2.475,2.881,2.87,2.958,2.382,2.288,2.043,2.126,2.804,2.8,1.99,1.935,2.521,2.565,3.035,3.077,2.487,2.451,2.606,2.561,2.553,2.729,2.91,2.889,2.524,2.645,1.513,1.744,2.102,2.002,2.348,2.704,2.606,2.615,2.499,2.373,2.979,2.828,2.472,2.562,2.834,2.799,2.111,2.226,2.662,2.757,2.636,2.543,4.11,3.783,2.146,2.148,846.0,766.0,461.0,740.0,1881.0,1938.0,1148.0,1212.0,343.0,405.0,298.0,256.0,2710.0,3173.0,3956.0,4731.0,3162.0,3111.0,2094.0,1960.0,801.0,676.0,4642.0,4299.0,2484.0,2280.0,2513.0,2228.0,1865.0,1865.0,3260.0,2947.0,1313.0,1327.0,568.0,624.0,1449.0,1542.0,597.0,651.0,1330.0,1132.0,1240.0,1101.0,3616.0,3389.0,1231.0,1158.0,4190.0,4637.0,2968.0,3093.0,383.0,600.0,4303.0,4257.0,5887.0,5696.0,4384.0,4528.0,3168.0,3219.0,3384.0,3357.0,385.0,408.0,409.0,318.0
A00037866,2.44,2.338,2.796,2.23,2.382,2.383,1.618,1.714,3.707,3.446,2.149,2.906,2.678,2.713,2.28,2.326,2.595,2.579,3.04,2.982,2.55,2.139,2.011,2.042,2.598,2.557,1.844,1.703,2.243,2.285,2.642,2.711,2.409,2.35,2.439,2.629,2.475,2.614,2.655,2.363,2.156,2.218,1.468,1.351,1.757,1.769,2.361,2.561,2.272,2.445,2.3,2.2,2.522,2.839,2.11,2.276,2.629,2.531,1.977,1.948,2.66,2.643,2.387,2.368,3.153,3.459,2.227,1.966,1208.0,844.0,621.0,896.0,2127.0,2567.0,1737.0,1849.0,327.0,474.0,304.0,263.0,3447.0,3366.0,5458.0,6234.0,3314.0,3188.0,2310.0,2316.0,928.0,1115.0,5324.0,5137.0,2306.0,2403.0,4047.0,3826.0,1934.0,1816.0,3323.0,3610.0,1473.0,1415.0,652.0,739.0,1551.0,1633.0,772.0,796.0,1758.0,1505.0,1847.0,1608.0,4692.0,5351.0,1371.0,1117.0,5137.0,4829.0,3831.0,4073.0,563.0,914.0,6263.0,6697.0,7631.0,7294.0,5269.0,5133.0,3621.0,4157.0,3850.0,4337.0,442.0,518.0,461.0,422.0
A00037877,2.722,2.83,2.961,2.79,2.825,2.681,1.962,2.055,3.367,3.706,2.974,2.921,2.94,2.971,2.689,2.656,3.0,2.925,3.255,3.344,2.337,2.467,2.208,2.421,2.755,2.833,2.081,2.12,2.633,2.663,3.225,3.107,2.585,2.758,2.727,2.925,2.674,2.827,2.735,2.717,2.526,2.366,1.595,1.795,2.066,2.147,2.784,2.716,2.602,2.688,2.571,2.616,3.045,3.143,2.45,2.543,2.999,2.916,2.449,2.465,3.163,2.97,2.687,2.669,3.305,3.511,2.695,2.863,1022.0,1121.0,628.0,770.0,2327.0,2378.0,1323.0,1756.0,500.0,407.0,324.0,266.0,3588.0,3589.0,4426.0,5739.0,3457.0,3103.0,2241.0,2253.0,1071.0,837.0,5696.0,5003.0,2692.0,2620.0,3798.0,3685.0,1830.0,1794.0,3698.0,3168.0,1453.0,1466.0,678.0,797.0,1696.0,1976.0,932.0,995.0,2005.0,1586.0,1647.0,1357.0,3934.0,4158.0,1020.0,1366.0,4793.0,4967.0,4094.0,4185.0,512.0,795.0,6996.0,7498.0,7671.0,7912.0,6643.0,7174.0,4057.0,4393.0,4846.0,4447.0,453.0,464.0,562.0,372.0
A00038115,2.34,2.656,2.292,2.387,2.503,2.621,1.768,1.829,3.139,3.445,2.678,2.724,2.804,2.761,2.435,2.499,2.689,2.597,2.953,3.086,2.126,2.314,2.104,2.211,2.617,2.71,2.113,1.942,2.558,2.28,2.777,2.729,2.371,2.442,2.869,2.878,2.501,2.826,2.968,2.84,2.452,2.605,1.47,1.597,2.116,2.186,2.203,2.365,2.484,2.565,2.49,2.417,2.648,2.978,2.375,2.57,2.76,2.684,2.213,2.243,2.924,2.835,2.568,2.709,3.484,3.886,2.329,2.567,841.0,942.0,568.0,818.0,1962.0,1937.0,1466.0,1456.0,461.0,372.0,339.0,268.0,2743.0,3591.0,4154.0,4854.0,3782.0,3356.0,2408.0,2402.0,1157.0,965.0,4939.0,4524.0,2868.0,2619.0,3351.0,2865.0,1684.0,2070.0,4154.0,3296.0,1160.0,1270.0,712.0,688.0,1159.0,1312.0,766.0,952.0,1515.0,1402.0,1439.0,1173.0,3767.0,3721.0,1198.0,1175.0,4512.0,4268.0,4310.0,4512.0,681.0,987.0,6514.0,6160.0,7248.0,6615.0,6439.0,6897.0,3756.0,4151.0,4282.0,3780.0,403.0,438.0,501.0,329.0
A00038159,2.591,2.663,2.971,2.706,2.619,2.66,1.975,2.059,3.823,3.721,2.843,2.778,2.699,2.638,2.572,2.572,2.882,2.773,3.195,3.135,2.694,2.777,2.038,2.402,2.594,2.798,2.103,1.999,2.482,2.566,2.988,2.954,2.458,2.663,2.436,2.558,2.809,2.657,2.721,2.705,2.686,2.671,1.597,1.668,2.006,2.033,2.457,2.608,2.667,2.661,2.58,2.492,3.061,2.907,2.395,2.418,2.949,2.878,2.306,2.349,2.852,2.774,2.521,2.679,3.951,3.605,2.243,2.512,1001.0,987.0,521.0,581.0,1945.0,2167.0,1691.0,1657.0,356.0,282.0,270.0,240.0,3035.0,3159.0,4569.0,4815.0,3130.0,3239.0,2026.0,2004.0,904.0,953.0,4583.0,5232.0,2491.0,2296.0,3058.0,3119.0,1719.0,1685.0,3323.0,3287.0,1294.0,1377.0,704.0,684.0,1240.0,1541.0,668.0,797.0,1515.0,1330.0,1737.0,1592.0,3787.0,3770.0,1219.0,1047.0,4706.0,4548.0,3702.0,3852.0,555.0,838.0,5973.0,6641.0,6812.0,6427.0,4619.0,4950.0,3737.0,4115.0,4083.0,3793.0,440.0,372.0,452.0,332.0
A00038189,2.563,2.584,2.934,2.554,2.684,2.481,1.707,1.668,3.664,3.736,2.784,2.849,2.737,2.869,2.443,2.533,2.867,2.701,3.198,3.074,2.487,2.295,2.156,2.163,2.843,2.821,1.928,1.773,2.213,2.425,3.121,2.885,2.425,2.386,2.884,3.364,2.845,2.707,2.83,2.799,2.326,2.627,1.535,1.451,2.028,2.004,2.577,2.685,2.633,2.757,2.489,2.404,2.983,2.885,2.405,2.526,2.944,2.804,2.238,2.228,2.996,2.828,2.578,2.585,3.714,3.9,2.282,2.514,837.0,764.0,680.0,751.0,1652.0,1801.0,1371.0,1359.0,432.0,388.0,281.0,254.0,2683.0,3106.0,4489.0,5200.0,2771.0,3512.0,2249.0,2244.0,938.0,810.0,5101.0,5217.0,2569.0,2383.0,3423.0,2981.0,1640.0,1741.0,3137.0,2942.0,1289.0,1424.0,693.0,644.0,1208.0,1775.0,762.0,803.0,1444.0,1525.0,1606.0,1530.0,3635.0,3414.0,1112.0,1114.0,5033.0,4429.0,3164.0,3111.0,475.0,746.0,5371.0,5040.0,6682.0,6760.0,4839.0,4675.0,3519.0,3481.0,3264.0,3420.0,457.0,401.0,434.0,296.0
A00038285,2.643,2.816,2.851,2.539,2.833,2.755,2.011,2.054,3.456,4.131,2.547,3.066,2.901,2.878,2.789,2.739,3.147,3.068,3.452,3.249,2.306,2.318,2.4,2.449,2.823,2.822,2.158,2.191,2.732,2.569,3.273,3.364,2.793,2.574,2.614,2.978,2.882,2.836,2.835,3.094,2.644,2.706,1.548,1.427,2.207,2.209,2.595,2.67,2.685,2.826,2.69,2.576,2.918,3.113,2.536,2.603,3.067,2.929,2.445,2.415,2.937,2.996,2.888,2.99,3.734,3.624,2.501,2.571,1115.0,919.0,710.0,891.0,2858.0,2680.0,1868.0,1665.0,357.0,345.0,321.0,268.0,3445.0,3310.0,3783.0,4626.0,3282.0,3460.0,2320.0,2359.0,1063.0,1190.0,6433.0,5892.0,2959.0,2702.0,3400.0,3175.0,2005.0,1984.0,3787.0,3256.0,1356.0,1261.0,730.0,702.0,1568.0,1630.0,790.0,844.0,1488.0,1415.0,1402.0,1425.0,4002.0,4229.0,1243.0,1416.0,5295.0,5003.0,3945.0,4581.0,691.0,725.0,6871.0,6373.0,6972.0,7227.0,5787.0,5259.0,4005.0,4453.0,4801.0,4510.0,399.0,456.0,431.0,342.0
A00038411,2.41,2.489,2.787,2.707,2.767,2.668,1.665,1.849,3.011,3.216,2.588,2.323,2.726,2.704,2.49,2.551,2.829,2.762,2.91,2.928,2.35,2.397,2.181,2.269,2.603,2.644,1.945,1.907,2.323,2.361,2.819,2.774,2.504,2.556,2.694,2.768,2.625,2.482,2.589,2.794,2.316,2.579,1.488,1.408,2.225,2.131,2.511,2.462,2.715,2.788,2.346,2.356,2.859,2.956,2.307,2.473,2.861,2.798,2.135,2.231,2.699,2.573,2.579,2.548,3.39,3.597,2.168,2.237,914.0,844.0,625.0,577.0,2018.0,2280.0,1514.0,1686.0,569.0,507.0,289.0,290.0,3009.0,3551.0,4024.0,4975.0,3772.0,3581.0,2259.0,2347.0,893.0,894.0,5436.0,4894.0,2740.0,2520.0,3653.0,3129.0,1776.0,1876.0,4035.0,3408.0,1387.0,1438.0,567.0,675.0,1295.0,1365.0,674.0,767.0,1340.0,1295.0,1568.0,1432.0,4085.0,3844.0,1200.0,1075.0,4493.0,4389.0,3571.0,3740.0,515.0,871.0,5446.0,5377.0,6603.0,6583.0,5055.0,5115.0,3761.0,3979.0,4614.0,4459.0,479.0,470.0,429.0,321.0
A00038414,2.495,2.56,2.692,2.513,2.588,2.619,2.06,1.97,3.467,3.534,2.818,2.74,2.839,2.926,2.471,2.549,2.671,2.651,3.077,3.2,2.426,2.548,2.208,2.256,2.71,2.654,2.22,2.244,2.457,2.491,2.872,2.98,2.421,2.415,2.894,3.04,2.544,2.681,2.851,2.796,2.51,2.716,1.597,1.781,2.255,2.194,2.42,2.288,2.517,2.502,2.55,2.445,3.04,2.984,2.36,2.53,2.736,2.69,2.187,2.207,2.784,2.728,2.617,2.487,3.851,3.953,2.205,2.563,1143.0,815.0,529.0,668.0,2243.0,2241.0,1384.0,1489.0,455.0,467.0,306.0,245.0,2752.0,2870.0,5449.0,7044.0,3083.0,2927.0,2017.0,1953.0,889.0,774.0,5119.0,5177.0,2431.0,2262.0,3385.0,3212.0,1737.0,1755.0,3453.0,3235.0,1195.0,1448.0,664.0,665.0,982.0,1130.0,548.0,712.0,1042.0,1000.0,1715.0,1542.0,4240.0,4601.0,1087.0,1237.0,5076.0,5166.0,3066.0,3758.0,453.0,582.0,5034.0,5262.0,6611.0,6195.0,4959.0,4543.0,3179.0,3766.0,3400.0,3201.0,448.0,430.0,383.0,240.0
A00038424,2.43,2.545,2.59,2.279,2.495,2.617,1.991,1.948,3.273,3.359,2.851,2.853,2.727,2.809,2.576,2.512,2.647,2.909,3.008,2.947,2.388,2.472,2.128,2.398,2.644,2.785,1.912,1.965,2.478,2.453,2.892,2.925,2.377,2.631,2.735,2.772,2.414,2.518,2.524,2.937,2.392,2.421,1.84,1.635,2.197,2.167,2.564,2.479,2.451,2.536,2.336,2.48,2.713,2.747,2.275,2.35,2.667,2.622,2.242,2.257,2.864,2.799,2.605,2.585,3.587,4.095,2.682,2.433,879.0,896.0,641.0,630.0,2537.0,1921.0,1278.0,1349.0,475.0,449.0,279.0,280.0,2577.0,2743.0,4150.0,5236.0,2911.0,2760.0,2660.0,2451.0,1074.0,861.0,4191.0,4065.0,2776.0,2752.0,2845.0,2666.0,2116.0,1946.0,3021.0,2650.0,1264.0,1554.0,580.0,619.0,1253.0,1416.0,712.0,839.0,1618.0,1461.0,1224.0,1093.0,4547.0,4561.0,1134.0,1171.0,5146.0,5183.0,3233.0,3845.0,591.0,851.0,5421.0,5393.0,7139.0,7476.0,5060.0,5556.0,3804.0,3760.0,3668.0,3588.0,496.0,468.0,436.0,286.0
A00038519,2.512,2.28,3.175,2.262,2.505,2.432,1.893,1.971,3.251,3.428,2.852,2.767,2.859,2.795,2.286,2.359,2.744,2.756,2.916,2.794,2.127,2.256,2.121,2.181,2.699,2.59,2.193,1.902,2.551,2.648,2.663,2.578,2.409,2.305,2.731,2.545,2.427,2.545,2.728,2.532,2.462,2.204,1.685,1.645,2.008,1.944,2.513,2.577,2.484,2.633,2.303,2.309,2.908,2.8,2.393,2.316,2.616,2.605,2.016,2.112,2.813,2.711,2.47,2.457,3.391,3.799,2.539,2.295,966.0,1119.0,684.0,737.0,3025.0,2421.0,1435.0,1675.0,447.0,457.0,300.0,232.0,3372.0,3374.0,4785.0,5275.0,3440.0,3738.0,2704.0,2530.0,1126.0,853.0,5329.0,5355.0,2673.0,2464.0,3049.0,3226.0,1628.0,1845.0,3787.0,3456.0,1480.0,1730.0,613.0,591.0,1349.0,1443.0,606.0,721.0,1347.0,1166.0,1581.0,1565.0,4071.0,4213.0,1306.0,1230.0,5982.0,5248.0,3515.0,3517.0,674.0,1048.0,5743.0,5515.0,7432.0,7073.0,4514.0,5256.0,3698.0,3995.0,3761.0,3957.0,474.0,432.0,428.0,309.0
A00038520,2.38,2.509,2.811,2.608,2.579,2.674,1.593,1.814,3.408,3.638,3.239,3.176,2.936,2.882,2.507,2.559,2.889,2.699,2.96,2.874,2.348,2.343,2.274,2.148,2.561,2.681,1.991,1.798,2.419,2.319,2.873,2.981,2.234,2.339,2.927,3.048,2.571,2.55,2.768,2.739,2.336,2.496,1.482,1.367,1.82,1.923,2.384,2.565,2.371,2.478,2.382,2.395,2.766,2.669,2.399,2.518,2.725,2.637,2.149,2.155,2.682,2.813,2.623,2.547,4.023,4.049,2.25,2.24,824.0,866.0,491.0,754.0,2390.0,1790.0,1266.0,1422.0,524.0,428.0,238.0,209.0,2756.0,2703.0,4759.0,4614.0,3044.0,3098.0,2289.0,2346.0,782.0,827.0,4407.0,4931.0,2088.0,1938.0,2823.0,2741.0,1571.0,1580.0,3105.0,3086.0,1314.0,1479.0,553.0,636.0,1187.0,1306.0,569.0,707.0,1489.0,1106.0,1249.0,1128.0,3738.0,3945.0,1085.0,921.0,4953.0,4747.0,3459.0,3734.0,578.0,648.0,5689.0,5314.0,7125.0,6461.0,4920.0,6041.0,3344.0,3540.0,3305.0,3291.0,415.0,407.0,411.0,259.0
A00038522,2.369,2.576,2.853,2.569,2.626,2.586,1.87,2.025,2.884,3.471,2.869,2.906,2.899,2.8,2.469,2.769,3.071,2.814,3.172,3.165,2.328,2.301,2.208,2.249,2.859,2.86,2.075,2.093,2.554,2.464,2.953,2.904,2.414,2.544,3.105,3.232,2.618,2.682,2.79,2.993,2.468,2.697,1.453,1.654,2.177,2.071,2.692,2.637,2.745,2.669,2.625,2.582,3.247,3.152,2.39,2.448,2.826,2.777,2.377,2.323,2.889,2.933,2.662,2.723,3.202,3.41,2.226,2.169,1073.0,1010.0,832.0,788.0,2749.0,2055.0,1437.0,1783.0,550.0,499.0,314.0,255.0,3283.0,3416.0,3905.0,6220.0,3691.0,3374.0,2234.0,2367.0,1123.0,818.0,5291.0,5099.0,2438.0,2243.0,3580.0,3372.0,1985.0,2025.0,3957.0,2911.0,1347.0,1732.0,716.0,819.0,1792.0,1466.0,660.0,754.0,1637.0,1402.0,1853.0,1396.0,4359.0,4227.0,1197.0,1156.0,4865.0,5307.0,3751.0,3431.0,530.0,861.0,7267.0,6171.0,8033.0,8022.0,5395.0,5390.0,3444.0,4090.0,5395.0,3477.0,400.0,345.0,509.0,292.0
A00038603,2.827,3.144,2.646,2.615,2.634,2.551,2.013,2.032,2.987,2.907,2.364,2.68,2.749,2.806,2.506,2.739,2.962,2.892,3.291,3.274,2.539,2.359,2.115,2.363,2.883,3.013,2.217,2.288,2.598,2.61,2.861,2.713,2.598,2.752,3.165,3.287,2.944,2.857,3.027,2.392,2.685,2.568,1.591,1.71,2.125,2.215,2.442,2.622,2.613,2.715,2.638,2.761,3.083,3.231,2.43,2.588,2.927,2.818,2.212,2.254,2.868,3.0,2.769,2.828,3.057,2.922,2.686,2.814,1014.0,1115.0,796.0,953.0,2709.0,2100.0,1585.0,1741.0,562.0,433.0,287.0,246.0,3684.0,3711.0,5039.0,5736.0,4310.0,5090.0,2229.0,2233.0,941.0,767.0,4921.0,4626.0,2531.0,2057.0,3558.0,3700.0,1843.0,1868.0,4174.0,4019.0,1419.0,1366.0,599.0,896.0,1523.0,1508.0,710.0,679.0,1722.0,1421.0,1826.0,1740.0,4270.0,4108.0,1356.0,1202.0,4678.0,5015.0,3525.0,3734.0,761.0,835.0,6200.0,6214.0,7567.0,7301.0,5951.0,5664.0,4218.0,3892.0,3968.0,3442.0,465.0,432.0,423.0,390.0
A00038605,2.687,2.649,2.971,2.495,2.718,2.623,2.003,1.985,2.948,2.861,3.042,3.172,2.712,2.709,2.5,2.778,2.904,2.844,2.906,3.005,2.462,2.57,2.262,2.274,2.629,2.648,1.951,2.086,2.89,2.978,2.896,2.789,2.479,2.495,2.82,2.871,2.632,2.765,3.089,2.885,2.554,2.575,1.649,1.804,2.066,2.066,2.59,2.686,2.464,2.638,2.45,2.448,3.278,3.486,2.483,2.579,2.967,2.841,2.232,2.292,2.617,2.689,2.651,2.646,2.905,3.433,2.519,2.082,1013.0,873.0,649.0,501.0,1907.0,1622.0,1148.0,1349.0,396.0,494.0,287.0,226.0,3082.0,2875.0,4442.0,3796.0,2540.0,2869.0,2181.0,1985.0,819.0,752.0,4775.0,5582.0,2118.0,2127.0,2500.0,2303.0,1570.0,1453.0,2849.0,2638.0,1401.0,1654.0,462.0,602.0,1348.0,1713.0,593.0,706.0,1459.0,1267.0,1015.0,965.0,3712.0,3790.0,1064.0,1062.0,4270.0,4502.0,3545.0,3470.0,452.0,573.0,5655.0,4837.0,5837.0,6347.0,5328.0,5403.0,3169.0,3463.0,3350.0,3518.0,358.0,384.0,398.0,327.0
A00038623,2.667,2.712,2.755,2.656,2.485,2.51,1.879,1.879,3.294,3.768,2.791,3.059,2.774,2.62,2.453,2.521,2.921,2.961,2.975,3.137,2.312,2.433,2.298,2.259,2.847,2.915,2.055,1.94,2.494,2.498,2.957,2.758,2.431,2.437,2.961,2.832,2.529,2.551,2.7,2.785,2.424,2.458,1.554,1.654,2.108,2.127,2.564,2.373,2.621,2.6,2.36,2.412,3.071,2.83,2.271,2.268,2.622,2.595,2.189,2.198,2.99,2.936,2.545,2.561,3.416,3.943,2.526,2.58,874.0,936.0,788.0,675.0,2051.0,2043.0,1644.0,1626.0,420.0,340.0,289.0,296.0,3489.0,3269.0,3763.0,5168.0,3494.0,4153.0,2233.0,2316.0,943.0,765.0,5558.0,5213.0,2481.0,2102.0,3222.0,3284.0,1945.0,1808.0,3263.0,2898.0,1172.0,1445.0,558.0,661.0,1226.0,1405.0,654.0,720.0,1507.0,1388.0,1534.0,1691.0,4175.0,3666.0,984.0,1160.0,4417.0,4443.0,3154.0,3595.0,573.0,797.0,5768.0,5676.0,7059.0,7036.0,5280.0,4636.0,3703.0,3806.0,3682.0,3157.0,499.0,415.0,486.0,382.0
A00038642,2.728,2.759,2.91,2.792,2.759,2.562,1.915,1.987,3.656,3.456,2.335,2.742,2.824,2.901,2.579,2.686,2.849,2.91,3.167,3.127,2.687,2.636,2.394,2.375,2.705,2.58,2.242,2.297,2.466,2.549,3.052,3.05,2.573,2.696,2.993,3.301,2.792,2.76,2.665,2.801,2.463,2.607,1.976,1.658,2.377,2.361,2.748,2.867,2.62,2.713,2.638,2.543,3.216,2.929,2.293,2.429,2.924,2.766,2.332,2.324,2.872,3.052,2.828,2.721,3.539,3.549,2.332,2.521,1115.0,963.0,468.0,682.0,2254.0,2033.0,1561.0,1495.0,491.0,540.0,362.0,280.0,3226.0,3617.0,4584.0,6287.0,3390.0,3807.0,2269.0,2180.0,1124.0,824.0,5221.0,5829.0,2864.0,2823.0,3511.0,3612.0,2065.0,2157.0,3929.0,3318.0,1178.0,1367.0,696.0,694.0,1468.0,1749.0,809.0,777.0,1825.0,1478.0,1609.0,1459.0,4243.0,4068.0,1013.0,1107.0,5075.0,5238.0,4092.0,4245.0,633.0,795.0,6621.0,5538.0,7101.0,6950.0,5678.0,4719.0,3425.0,3795.0,4621.0,3849.0,487.0,515.0,405.0,282.0
A00038718,2.636,2.765,2.718,3.108,2.742,2.684,1.795,1.97,4.049,3.653,2.268,2.915,2.876,2.921,2.63,2.628,2.877,3.017,3.386,3.4,2.394,2.505,2.318,2.463,2.818,2.845,2.119,1.949,2.447,2.537,3.131,3.227,2.403,2.556,3.164,3.395,2.95,2.843,3.08,2.747,2.718,2.794,1.469,1.47,2.137,2.098,2.695,2.655,2.663,2.725,2.572,2.511,3.083,3.024,2.347,2.553,2.927,2.823,2.239,2.214,3.04,2.9,2.783,2.672,3.565,3.748,2.388,2.304,1287.0,940.0,640.0,553.0,2382.0,3169.0,1386.0,1574.0,543.0,401.0,303.0,248.0,3111.0,3249.0,4209.0,4673.0,3449.0,2983.0,2104.0,1975.0,836.0,846.0,4104.0,4117.0,2752.0,2498.0,2968.0,2447.0,1791.0,1797.0,3544.0,2883.0,1332.0,1380.0,599.0,631.0,1344.0,1931.0,784.0,902.0,1321.0,1412.0,1229.0,1110.0,4168.0,4386.0,1023.0,1211.0,5326.0,5433.0,3458.0,3650.0,587.0,856.0,5814.0,5861.0,7587.0,7998.0,4630.0,5439.0,3701.0,3967.0,3978.0,3811.0,475.0,410.0,591.0,389.0
A00038731,2.616,2.87,2.905,2.423,2.7,2.667,2.006,2.082,3.214,3.143,2.847,2.781,2.707,2.74,2.61,2.636,2.807,2.858,3.122,3.277,2.624,2.478,2.143,2.275,2.756,2.83,2.101,2.134,2.377,2.601,2.858,3.013,2.524,2.424,3.139,3.26,2.74,2.774,2.836,2.522,2.445,2.561,1.917,1.784,2.157,2.119,2.514,2.563,2.65,2.611,2.577,2.428,2.941,3.037,2.378,2.481,2.939,2.815,2.308,2.464,2.942,2.791,2.733,2.676,2.843,3.545,2.509,2.834,1147.0,826.0,576.0,585.0,2102.0,2199.0,1658.0,1457.0,554.0,457.0,310.0,286.0,2832.0,3330.0,3678.0,5048.0,3098.0,3166.0,2112.0,2340.0,1036.0,851.0,5246.0,5171.0,2441.0,2186.0,3050.0,2644.0,1736.0,1678.0,3248.0,2634.0,1149.0,1401.0,525.0,512.0,1427.0,1484.0,758.0,773.0,1297.0,1538.0,1476.0,1276.0,3505.0,3495.0,1210.0,1208.0,4438.0,4147.0,3372.0,3931.0,452.0,875.0,6452.0,6182.0,7070.0,6792.0,4681.0,4360.0,3587.0,3926.0,4158.0,3143.0,436.0,374.0,445.0,334.0
A00038805,2.187,2.337,2.518,2.775,2.32,2.275,1.893,1.963,3.311,3.435,2.574,2.402,2.659,2.531,2.274,2.244,2.657,2.76,2.771,2.682,2.486,2.364,1.953,2.012,2.584,2.52,1.916,1.98,2.406,2.264,2.571,2.465,2.322,2.259,2.722,2.999,2.426,2.375,2.484,2.747,2.102,2.004,1.453,1.47,1.917,1.827,2.419,2.528,2.251,2.243,2.149,2.185,2.663,2.618,2.125,2.125,2.398,2.37,1.959,1.968,2.521,2.46,2.494,2.259,3.254,3.338,2.054,2.044,788.0,834.0,975.0,561.0,2537.0,2294.0,1989.0,1931.0,399.0,369.0,345.0,242.0,2919.0,2741.0,3653.0,4872.0,3097.0,2890.0,2505.0,2359.0,892.0,1015.0,5073.0,5102.0,2635.0,2798.0,3736.0,3559.0,1792.0,1977.0,3499.0,3015.0,1686.0,1718.0,626.0,479.0,1191.0,1724.0,803.0,910.0,1301.0,1470.0,1825.0,1804.0,4824.0,3865.0,1157.0,996.0,5483.0,4855.0,4196.0,4376.0,518.0,1098.0,6504.0,5902.0,7253.0,7650.0,5885.0,5848.0,3574.0,4001.0,3971.0,4322.0,331.0,456.0,444.0,340.0
A00038806,2.36,2.611,2.463,2.419,2.45,2.578,1.755,1.839,3.549,3.797,2.375,2.662,2.775,2.761,2.347,2.557,2.779,2.84,2.988,2.892,2.199,2.226,2.086,2.19,2.623,2.727,1.902,1.878,2.391,2.57,2.83,2.628,2.417,2.461,2.505,2.3,2.71,2.508,2.88,2.638,2.311,2.328,1.565,1.415,2.023,2.074,2.2,2.489,2.57,2.384,2.156,2.359,3.103,2.922,2.332,2.289,2.608,2.7,2.106,2.105,2.706,2.669,2.37,2.549,3.293,3.836,2.363,2.25,1043.0,840.0,663.0,805.0,2275.0,2474.0,1482.0,1696.0,375.0,275.0,285.0,265.0,3177.0,3375.0,4583.0,5196.0,3196.0,3639.0,2786.0,2597.0,1216.0,957.0,4916.0,4963.0,2801.0,2585.0,3504.0,3328.0,1649.0,1828.0,4019.0,3740.0,1460.0,1438.0,734.0,702.0,1527.0,1650.0,673.0,803.0,1625.0,1379.0,1619.0,1253.0,3991.0,4052.0,1416.0,1260.0,5041.0,5274.0,4075.0,3761.0,603.0,684.0,5555.0,6210.0,7490.0,6924.0,5730.0,6054.0,3764.0,4155.0,4259.0,3452.0,471.0,507.0,485.0,376.0
A00038817,2.527,2.528,2.472,2.356,2.561,2.724,1.788,1.774,3.356,3.061,3.058,3.205,2.707,2.792,2.576,2.693,2.843,2.817,3.043,3.033,2.216,2.283,2.32,2.302,2.888,2.911,2.045,1.923,2.57,2.52,3.082,2.978,2.501,2.469,2.542,2.732,2.743,2.769,2.887,2.937,2.536,2.438,1.388,1.44,2.094,2.213,2.432,2.556,2.64,2.58,2.466,2.524,2.651,2.834,2.493,2.637,2.914,2.838,2.309,2.396,2.808,2.778,2.633,2.738,3.717,3.883,2.425,2.307,889.0,854.0,529.0,739.0,2186.0,1563.0,1545.0,1547.0,385.0,391.0,258.0,225.0,2719.0,2725.0,3411.0,3723.0,2477.0,2926.0,1980.0,2001.0,1051.0,746.0,4431.0,4583.0,2224.0,2170.0,3006.0,2840.0,1472.0,1717.0,3210.0,3013.0,1361.0,1431.0,539.0,576.0,1150.0,1282.0,636.0,770.0,1484.0,941.0,1459.0,1287.0,3690.0,3642.0,1178.0,1082.0,3984.0,4349.0,3252.0,3444.0,578.0,703.0,5113.0,4534.0,6543.0,6192.0,4652.0,4761.0,3530.0,3560.0,3160.0,3535.0,375.0,415.0,427.0,341.0
A00038832,2.875,2.866,2.934,2.95,2.752,2.855,2.032,2.177,2.955,3.315,3.122,2.788,2.777,2.801,2.683,2.771,2.964,2.853,3.184,3.34,2.495,2.71,2.178,2.32,2.775,3.198,2.117,2.094,2.513,2.622,3.065,3.105,2.664,2.762,3.095,3.066,2.762,2.621,3.251,2.977,2.642,2.727,1.538,1.621,2.357,2.273,2.693,2.64,2.694,2.661,2.487,2.528,2.989,3.532,2.498,2.582,3.167,3.074,2.506,2.307,3.063,3.047,2.866,2.852,4.173,3.381,2.473,2.581,680.0,803.0,377.0,502.0,2110.0,1903.0,1272.0,1429.0,437.0,374.0,231.0,248.0,2583.0,2753.0,3010.0,4361.0,2659.0,2597.0,1822.0,1717.0,875.0,717.0,4371.0,4846.0,2122.0,1975.0,2551.0,2520.0,1648.0,1342.0,2890.0,2385.0,1020.0,1072.0,506.0,506.0,1185.0,1307.0,487.0,779.0,1305.0,979.0,1328.0,1158.0,3507.0,3135.0,759.0,866.0,4051.0,4297.0,3141.0,3212.0,348.0,404.0,4474.0,4268.0,5581.0,5184.0,4121.0,4691.0,2878.0,3647.0,3359.0,2485.0,440.0,403.0,363.0,289.0
A00038957,2.499,2.621,2.644,2.443,2.616,2.462,1.941,1.82,3.777,3.605,2.508,2.796,2.731,2.671,2.422,2.482,2.653,2.609,2.722,2.932,2.125,2.396,2.185,2.219,2.441,2.498,1.958,1.853,2.305,2.23,2.705,2.735,2.542,2.44,2.422,2.494,2.501,2.504,2.531,2.38,2.229,2.256,1.404,1.457,2.162,1.991,2.37,2.395,2.574,2.657,2.316,2.348,2.844,2.588,2.176,2.386,2.718,2.64,2.115,2.179,2.878,2.853,2.456,2.46,3.729,3.667,2.461,2.414,717.0,792.0,690.0,648.0,2151.0,1838.0,1572.0,1699.0,375.0,317.0,303.0,215.0,3105.0,2605.0,4121.0,5327.0,3015.0,3256.0,2413.0,2083.0,807.0,784.0,4464.0,4796.0,2469.0,2120.0,2909.0,2902.0,1595.0,1773.0,3291.0,3110.0,1307.0,1355.0,660.0,710.0,1257.0,1615.0,632.0,763.0,1403.0,1351.0,1667.0,1469.0,3687.0,3514.0,1014.0,1097.0,4514.0,4329.0,2966.0,3145.0,498.0,987.0,6309.0,4983.0,6785.0,5962.0,5292.0,5104.0,3346.0,3653.0,3674.0,3273.0,442.0,404.0,391.0,306.0
A00039040,2.414,1.99,2.289,2.801,2.489,2.456,1.727,1.813,3.002,2.615,3.128,2.864,2.501,2.52,2.499,2.399,2.592,2.712,2.685,2.678,2.253,2.384,2.267,2.169,2.606,2.629,1.902,1.834,2.299,2.215,2.495,2.711,2.239,2.428,2.478,2.817,2.303,2.514,2.575,2.542,2.119,2.335,1.776,1.627,2.141,2.064,2.732,2.319,2.382,2.625,2.33,2.405,2.324,2.189,2.341,2.308,2.639,2.742,2.236,2.296,2.426,2.667,2.431,2.452,3.583,3.625,2.416,2.315,892.0,716.0,388.0,311.0,1514.0,1723.0,1395.0,1321.0,487.0,455.0,313.0,200.0,2563.0,2743.0,3229.0,4624.0,2902.0,2513.0,2276.0,2252.0,853.0,740.0,3498.0,3590.0,2081.0,1921.0,2765.0,2787.0,1748.0,1791.0,2740.0,2332.0,1290.0,1522.0,442.0,471.0,1238.0,1314.0,568.0,705.0,1282.0,1034.0,1394.0,1199.0,3583.0,3330.0,747.0,1030.0,4253.0,3596.0,3263.0,3265.0,406.0,890.0,4317.0,4372.0,6462.0,5844.0,4819.0,4523.0,3243.0,3411.0,3837.0,3497.0,375.0,438.0,362.0,265.0
A00039041,2.521,2.719,2.886,2.65,2.592,2.583,2.096,1.885,3.174,3.065,3.135,3.067,2.823,2.87,2.635,2.564,2.694,2.984,3.191,3.221,2.299,2.24,2.19,2.215,2.626,2.71,2.036,2.203,2.655,2.617,2.88,2.594,2.251,2.245,2.478,3.06,2.633,2.73,2.86,2.903,2.536,2.449,1.573,1.545,2.258,2.065,2.283,2.566,2.47,2.644,2.414,2.406,2.887,2.639,2.372,2.423,2.827,2.713,2.122,2.313,3.002,2.954,2.684,2.63,3.863,3.755,2.508,2.554,754.0,742.0,380.0,679.0,1879.0,1907.0,1582.0,1733.0,546.0,398.0,278.0,242.0,2875.0,2803.0,3554.0,5208.0,2726.0,2465.0,2163.0,1987.0,950.0,739.0,4312.0,4370.0,2502.0,2368.0,3149.0,3296.0,1665.0,1553.0,2743.0,2304.0,1258.0,1313.0,562.0,499.0,1148.0,1312.0,641.0,817.0,1311.0,1137.0,1630.0,1684.0,3886.0,3428.0,995.0,867.0,4021.0,4414.0,3412.0,3667.0,566.0,472.0,5399.0,4665.0,6701.0,5604.0,5243.0,5045.0,2947.0,3532.0,3600.0,3209.0,417.0,379.0,407.0,258.0
A00039075,2.651,2.6,2.519,2.601,2.762,2.662,1.996,2.182,3.383,3.248,2.115,2.705,2.769,2.864,2.679,2.738,2.925,3.037,3.212,3.17,2.452,2.605,2.317,2.38,2.807,2.709,1.955,2.04,2.418,2.481,3.064,3.048,2.593,2.726,2.48,2.543,2.681,2.887,2.849,2.657,2.44,2.638,1.666,1.65,2.261,2.246,2.594,2.579,2.747,2.709,2.672,2.566,2.721,2.976,2.335,2.566,2.88,2.823,2.553,2.567,3.083,3.12,2.776,2.843,3.224,3.293,2.361,2.67,1612.0,995.0,1026.0,762.0,2725.0,2765.0,1860.0,2077.0,405.0,493.0,318.0,309.0,3886.0,3539.0,4717.0,5964.0,3581.0,3811.0,2841.0,2798.0,1120.0,1018.0,6099.0,6397.0,3195.0,3017.0,2915.0,2903.0,1979.0,2289.0,4009.0,3753.0,1815.0,1776.0,752.0,664.0,1841.0,1993.0,878.0,1004.0,1810.0,1640.0,1463.0,1332.0,4249.0,4266.0,1320.0,1729.0,5081.0,5182.0,3960.0,4525.0,663.0,1250.0,8626.0,8441.0,9952.0,9881.0,5836.0,5529.0,4644.0,5029.0,5176.0,4105.0,468.0,536.0,562.0,424.0
A00039083,2.422,2.654,2.873,2.601,2.582,2.69,2.059,1.898,2.957,3.834,3.084,2.991,2.669,2.803,2.381,2.461,2.735,2.761,3.123,3.009,2.868,2.715,2.174,2.184,2.893,2.74,1.927,2.037,2.667,2.614,2.835,2.706,2.398,2.68,2.99,2.544,2.526,2.601,2.75,2.849,2.361,2.253,1.537,1.701,2.183,2.11,2.768,2.684,2.685,2.678,2.567,2.394,3.051,3.098,2.399,2.333,2.799,2.793,2.182,2.329,2.935,2.836,2.578,2.554,3.422,3.749,2.528,2.701,913.0,757.0,453.0,559.0,1772.0,1679.0,1345.0,1599.0,443.0,291.0,253.0,217.0,2720.0,2337.0,4150.0,4377.0,2593.0,2705.0,2056.0,2072.0,674.0,584.0,4799.0,4403.0,1842.0,2034.0,3190.0,2694.0,1545.0,1592.0,2820.0,2568.0,1224.0,1307.0,588.0,598.0,1234.0,1269.0,579.0,648.0,1263.0,1176.0,1559.0,1348.0,3388.0,3226.0,878.0,883.0,4541.0,4950.0,2868.0,3411.0,476.0,491.0,4691.0,4736.0,6676.0,5979.0,4526.0,4071.0,3126.0,3596.0,3082.0,3265.0,403.0,385.0,373.0,282.0
A00039084,2.363,2.765,2.943,2.436,2.82,2.792,1.68,1.777,3.968,3.445,3.032,2.97,2.753,2.723,2.439,2.583,2.713,2.756,3.128,3.196,2.328,2.354,2.049,2.16,2.77,2.87,1.895,1.994,2.642,2.55,2.762,2.748,2.625,2.654,2.986,3.307,2.816,2.791,2.868,2.826,2.725,2.752,1.401,1.502,2.192,2.114,2.376,2.491,2.729,2.68,2.436,2.374,2.9,3.301,2.378,2.622,2.916,2.845,2.242,2.18,2.743,2.858,2.499,2.614,3.498,4.088,2.175,2.314,1222.0,973.0,504.0,708.0,2395.0,2297.0,1525.0,1399.0,411.0,426.0,306.0,240.0,2899.0,3317.0,4706.0,6106.0,3517.0,3044.0,2390.0,2158.0,960.0,893.0,4739.0,5007.0,2682.0,2636.0,2783.0,3106.0,1644.0,1806.0,3543.0,2905.0,1223.0,1363.0,657.0,743.0,1331.0,1921.0,700.0,914.0,1472.0,1412.0,1450.0,1322.0,3994.0,3742.0,1382.0,1173.0,4448.0,4561.0,3903.0,4034.0,665.0,745.0,6095.0,5433.0,8074.0,7120.0,4682.0,4636.0,3783.0,3961.0,4858.0,3622.0,399.0,413.0,497.0,377.0
A00039118,2.515,2.821,3.103,2.895,2.716,2.663,1.886,1.977,3.355,3.583,3.087,3.097,2.886,2.715,2.679,2.733,2.888,2.871,3.185,3.0,2.519,2.81,2.319,2.329,2.789,2.658,1.965,1.846,2.369,2.362,3.125,3.044,2.618,2.571,2.829,3.031,2.624,2.741,2.902,2.963,2.598,2.458,1.565,1.527,2.316,2.132,2.686,2.698,2.707,2.754,2.556,2.511,2.791,3.006,2.415,2.523,2.929,2.855,2.425,2.441,2.859,2.835,2.855,2.84,3.424,3.783,2.595,2.648,883.0,847.0,535.0,604.0,1828.0,1652.0,1416.0,1473.0,413.0,328.0,246.0,256.0,2789.0,2915.0,3632.0,4431.0,2322.0,2631.0,1885.0,1929.0,740.0,678.0,5101.0,5246.0,2254.0,2199.0,2639.0,2828.0,1428.0,1627.0,2860.0,2681.0,1087.0,1190.0,552.0,597.0,1234.0,1314.0,608.0,580.0,1282.0,981.0,1464.0,1362.0,3384.0,3186.0,760.0,870.0,4203.0,4111.0,3045.0,3309.0,538.0,649.0,4237.0,4337.0,5711.0,5104.0,4440.0,4062.0,3212.0,3467.0,2672.0,2675.0,355.0,375.0,389.0,255.0
A00039143,2.377,2.846,2.76,2.641,2.692,2.529,1.96,2.036,2.775,3.267,2.781,2.797,2.668,2.91,2.608,2.621,2.622,2.655,3.166,3.062,2.518,2.652,2.19,2.304,2.78,2.586,2.072,2.012,2.511,2.435,2.969,3.012,2.688,2.564,2.791,3.036,2.528,2.706,2.789,2.793,2.528,2.502,1.521,1.698,2.328,2.212,2.446,2.552,2.574,2.609,2.534,2.544,2.961,2.989,2.252,2.429,2.883,2.731,2.246,2.273,2.915,2.843,2.675,2.645,3.234,3.275,2.306,2.662,738.0,941.0,493.0,634.0,2404.0,1952.0,1893.0,1800.0,472.0,368.0,270.0,257.0,2719.0,3153.0,4714.0,4843.0,2513.0,3051.0,2232.0,2119.0,945.0,874.0,5231.0,4981.0,2433.0,2402.0,3023.0,3638.0,1669.0,1775.0,3222.0,2993.0,1330.0,1609.0,616.0,644.0,1285.0,1482.0,634.0,888.0,1364.0,1337.0,1960.0,1860.0,4428.0,4305.0,1333.0,1147.0,4700.0,4716.0,3534.0,3581.0,597.0,647.0,5845.0,5482.0,7939.0,7153.0,4826.0,5165.0,3419.0,3243.0,3385.0,3348.0,391.0,317.0,365.0,321.0
A00039159,2.723,2.427,2.786,2.686,2.829,2.709,1.848,2.069,3.439,3.733,3.05,2.598,2.773,2.79,2.539,2.593,2.798,2.937,3.195,3.166,2.578,2.571,2.193,2.365,2.729,2.894,2.098,2.168,2.529,2.602,3.173,3.026,2.674,2.517,2.944,2.948,2.593,2.792,3.109,2.649,2.66,2.628,1.675,1.48,2.17,2.046,2.65,2.624,2.576,2.713,2.487,2.463,3.197,2.912,2.411,2.48,2.957,2.911,2.307,2.278,2.884,2.822,2.781,2.66,3.29,3.771,2.558,2.574,967.0,891.0,618.0,690.0,2909.0,2525.0,1714.0,1556.0,399.0,314.0,318.0,303.0,2852.0,3146.0,4790.0,6107.0,3000.0,3564.0,2777.0,2481.0,1090.0,1048.0,5422.0,6026.0,3249.0,2585.0,3502.0,3098.0,1962.0,1965.0,3768.0,3319.0,1283.0,1500.0,618.0,603.0,2080.0,2075.0,717.0,860.0,2053.0,1352.0,1732.0,1537.0,4591.0,4312.0,1281.0,1388.0,4731.0,5131.0,3721.0,4419.0,535.0,1051.0,5848.0,5732.0,7371.0,7354.0,5746.0,6156.0,3483.0,4371.0,4420.0,3979.0,392.0,405.0,478.0,282.0
A00039218,2.673,2.804,2.592,2.579,2.735,2.469,1.826,1.919,3.37,3.611,2.681,3.044,2.785,2.736,2.544,2.689,3.036,2.788,3.069,2.948,2.2,2.23,2.102,2.187,2.583,2.68,2.021,2.013,2.532,2.496,2.945,3.074,2.219,2.5,2.945,2.79,2.799,2.828,3.02,2.636,2.49,2.765,1.342,1.499,2.1,2.039,2.446,2.501,2.539,2.585,2.501,2.527,2.897,2.934,2.265,2.45,2.71,2.707,2.227,2.33,3.067,2.997,2.67,2.564,3.427,3.789,2.475,2.39,1256.0,795.0,674.0,826.0,2062.0,2108.0,1614.0,1638.0,496.0,442.0,304.0,242.0,3152.0,3744.0,5009.0,5451.0,3183.0,3626.0,2611.0,2598.0,1080.0,867.0,5402.0,5287.0,2661.0,2611.0,3674.0,3361.0,1675.0,1914.0,3359.0,3236.0,1576.0,1846.0,790.0,737.0,1430.0,1648.0,656.0,854.0,1616.0,1469.0,1601.0,1415.0,4497.0,4433.0,1300.0,1529.0,4894.0,4905.0,4359.0,4345.0,653.0,867.0,7150.0,6482.0,8290.0,7289.0,5765.0,5620.0,3499.0,3668.0,3943.0,3924.0,483.0,476.0,404.0,286.0
A00039249,2.453,2.712,2.886,2.546,2.511,2.485,1.938,1.851,3.653,3.819,2.457,2.706,2.791,2.844,2.448,2.631,2.69,2.718,3.027,3.048,2.263,2.283,2.215,2.38,2.904,2.711,2.045,2.034,2.344,2.426,2.883,2.88,2.527,2.544,2.76,2.914,2.53,2.47,2.971,2.788,2.443,2.383,1.563,1.498,2.3,2.35,2.491,2.448,2.64,2.661,2.351,2.458,2.955,2.634,2.206,2.48,2.772,2.741,2.31,2.258,2.804,2.816,2.671,2.765,4.031,4.353,2.3,2.559,737.0,812.0,492.0,521.0,1866.0,1656.0,1159.0,1293.0,416.0,319.0,253.0,245.0,2240.0,2376.0,3481.0,3826.0,2739.0,2816.0,1845.0,1913.0,866.0,704.0,4338.0,4014.0,2031.0,1885.0,2540.0,2290.0,1523.0,1389.0,2663.0,2285.0,1022.0,963.0,480.0,540.0,1077.0,1411.0,608.0,611.0,1504.0,1163.0,1202.0,1136.0,3092.0,3056.0,910.0,889.0,3939.0,3837.0,2687.0,2969.0,394.0,557.0,4730.0,4165.0,5583.0,5402.0,4113.0,4413.0,2701.0,2787.0,2922.0,2276.0,394.0,378.0,375.0,223.0
A00039276,2.532,2.627,2.863,2.685,2.439,2.467,2.042,1.991,3.423,3.824,2.59,2.779,2.673,2.789,2.536,2.452,2.755,3.006,3.028,3.074,2.449,2.303,2.336,2.427,2.652,2.766,2.065,2.019,2.326,2.483,2.983,2.82,2.387,2.459,2.957,2.822,2.627,2.462,2.647,2.858,2.201,2.449,1.664,1.743,2.03,1.971,2.462,2.545,2.46,2.488,2.413,2.536,2.767,2.822,2.318,2.25,2.624,2.572,2.242,2.196,2.861,2.804,2.546,2.539,3.527,4.071,2.424,2.709,959.0,843.0,516.0,708.0,2339.0,2160.0,1545.0,1808.0,496.0,430.0,330.0,224.0,2768.0,2754.0,3813.0,4508.0,2745.0,2748.0,2315.0,1963.0,907.0,945.0,4771.0,5655.0,2487.0,2466.0,3573.0,3535.0,1717.0,1886.0,3221.0,2973.0,1253.0,1530.0,600.0,589.0,1071.0,1353.0,644.0,651.0,1330.0,986.0,1929.0,1834.0,3791.0,3717.0,1350.0,1194.0,5050.0,4786.0,3857.0,3861.0,638.0,775.0,5575.0,5329.0,7415.0,6844.0,5362.0,6330.0,3617.0,3399.0,3570.0,3562.0,461.0,378.0,404.0,300.0
A00039331,2.607,2.425,2.748,2.275,2.65,2.556,1.649,1.721,3.265,3.293,2.761,2.751,2.844,2.64,2.532,2.401,2.752,2.795,2.647,2.697,2.22,2.127,1.812,2.092,2.566,2.538,1.86,1.797,2.238,2.397,2.786,2.946,2.296,2.346,2.805,2.886,2.436,2.44,2.961,2.796,2.475,2.486,1.399,1.281,2.001,1.909,2.268,2.507,2.474,2.537,2.331,2.278,2.639,2.765,2.314,2.399,2.737,2.703,2.131,2.121,2.612,2.67,2.601,2.372,3.765,3.938,2.13,1.915,905.0,945.0,448.0,516.0,1851.0,2151.0,1201.0,1252.0,477.0,454.0,239.0,219.0,2330.0,2631.0,4237.0,5160.0,2827.0,2887.0,2705.0,2451.0,904.0,761.0,4336.0,3524.0,2481.0,2455.0,2441.0,2198.0,1535.0,1817.0,3079.0,2846.0,1440.0,1537.0,554.0,583.0,1217.0,1519.0,623.0,655.0,1186.0,1281.0,1185.0,956.0,3775.0,3794.0,1074.0,1146.0,4960.0,5008.0,3371.0,3490.0,565.0,730.0,4321.0,4396.0,6509.0,6589.0,4479.0,4468.0,3192.0,3363.0,3091.0,2956.0,435.0,387.0,377.0,269.0
A00039353,2.499,2.587,2.484,2.933,2.613,2.554,1.608,1.602,3.083,2.753,2.942,2.725,2.793,2.8,2.449,2.508,2.956,2.778,2.938,2.892,2.641,2.639,2.009,2.058,2.699,2.654,1.814,1.814,2.409,2.559,2.81,2.898,2.365,2.373,2.546,2.641,2.463,2.496,2.69,2.716,2.407,2.477,1.228,1.315,2.198,2.03,2.563,2.508,2.396,2.476,2.302,2.34,2.883,3.129,2.323,2.547,2.728,2.573,2.099,2.091,2.67,2.799,2.645,2.505,3.521,3.646,2.335,2.231,732.0,662.0,206.0,343.0,1503.0,1539.0,1139.0,1130.0,392.0,406.0,251.0,243.0,2422.0,2426.0,3435.0,5061.0,2679.0,2430.0,1946.0,1798.0,678.0,614.0,4206.0,4173.0,2071.0,2135.0,1994.0,2272.0,1314.0,1404.0,2780.0,2542.0,1138.0,1319.0,484.0,586.0,919.0,1156.0,476.0,666.0,998.0,914.0,946.0,978.0,3156.0,2975.0,766.0,735.0,3728.0,3658.0,2860.0,2904.0,377.0,496.0,4014.0,3697.0,6009.0,5474.0,4514.0,4252.0,2760.0,3058.0,3025.0,2498.0,366.0,398.0,330.0,202.0
A00039431,2.607,2.503,2.673,2.455,2.623,2.646,1.877,1.879,3.839,3.778,2.878,3.107,2.566,2.69,2.282,2.454,2.842,2.655,2.872,2.924,2.243,2.274,2.059,2.163,2.851,2.703,1.964,1.967,2.57,2.665,2.699,2.737,2.29,2.388,2.477,2.269,2.688,2.578,2.722,2.98,2.468,2.442,1.577,1.53,1.901,1.942,2.333,2.529,2.512,2.552,2.367,2.351,2.796,3.212,2.405,2.45,2.875,2.769,2.209,2.166,2.824,2.754,2.342,2.424,3.824,3.624,2.048,2.069,864.0,704.0,423.0,512.0,2423.0,1874.0,1518.0,1497.0,347.0,423.0,282.0,211.0,2594.0,2758.0,3301.0,4862.0,2879.0,2861.0,2264.0,2433.0,971.0,813.0,4812.0,4642.0,2329.0,2202.0,3332.0,3295.0,1670.0,1726.0,2739.0,2736.0,1317.0,1388.0,632.0,725.0,1230.0,1559.0,793.0,956.0,1527.0,1302.0,1667.0,1542.0,3990.0,3835.0,929.0,980.0,4829.0,5045.0,3402.0,3294.0,396.0,556.0,5609.0,5138.0,6659.0,5964.0,4973.0,4407.0,3582.0,3927.0,3840.0,3232.0,456.0,440.0,646.0,383.0
A00039432,2.312,2.398,2.906,2.86,2.482,2.712,1.906,1.83,3.784,3.856,2.873,2.861,2.61,2.514,2.461,2.642,2.62,2.688,2.875,2.999,2.084,2.428,2.118,2.311,2.547,2.507,2.061,1.952,2.32,2.295,2.982,2.796,2.37,2.54,2.626,2.899,2.644,2.72,2.893,2.732,2.469,2.592,1.573,1.447,2.106,2.191,2.478,2.594,2.652,2.68,2.583,2.652,2.635,3.019,2.482,2.525,2.986,2.911,2.394,2.419,2.802,2.926,2.466,2.668,3.529,3.39,2.36,2.166,809.0,767.0,650.0,630.0,1994.0,1957.0,1658.0,1618.0,405.0,442.0,295.0,268.0,2628.0,2812.0,3873.0,4592.0,2777.0,2954.0,1865.0,1851.0,915.0,744.0,5169.0,5273.0,2165.0,2413.0,3028.0,3036.0,1709.0,1800.0,3100.0,2811.0,1432.0,1478.0,624.0,604.0,1148.0,1224.0,611.0,718.0,1232.0,1145.0,1510.0,1365.0,3597.0,3465.0,1097.0,1088.0,4086.0,4425.0,2942.0,3162.0,539.0,609.0,5510.0,5184.0,6487.0,6757.0,4690.0,4948.0,3430.0,4067.0,3836.0,2743.0,426.0,364.0,394.0,304.0
A00039461,2.645,2.885,2.38,2.222,2.752,2.7,1.879,1.832,3.11,3.905,2.755,2.748,2.866,3.04,2.749,2.83,2.943,3.15,3.065,3.075,2.343,2.206,2.198,2.418,2.657,2.551,2.028,2.088,2.452,2.226,3.057,3.087,2.581,2.571,2.58,2.941,2.877,2.793,2.656,3.021,2.698,2.721,1.378,1.341,2.214,2.216,2.38,2.518,2.478,2.475,2.67,2.516,2.711,2.61,2.349,2.546,2.758,2.738,2.292,2.414,3.22,3.074,2.787,2.774,3.47,3.555,2.34,2.368,1105.0,989.0,679.0,815.0,2582.0,2433.0,1675.0,1652.0,560.0,441.0,312.0,267.0,2983.0,3414.0,4235.0,5153.0,4581.0,3901.0,2823.0,2899.0,1380.0,1297.0,5240.0,5467.0,2859.0,2585.0,3614.0,3080.0,1840.0,2166.0,4054.0,3424.0,1410.0,1386.0,671.0,740.0,1432.0,1934.0,803.0,845.0,1625.0,1431.0,1619.0,1492.0,4829.0,4646.0,1275.0,1253.0,5595.0,6144.0,4144.0,4296.0,653.0,987.0,7329.0,6322.0,7438.0,7126.0,6493.0,6109.0,4178.0,4431.0,4959.0,4216.0,539.0,635.0,577.0,373.0
A00039463,2.558,2.623,2.928,2.627,2.87,2.822,1.86,1.973,3.38,3.304,3.067,3.027,2.717,2.94,2.698,2.702,2.894,2.974,3.206,3.352,2.489,2.669,2.263,2.426,2.747,2.847,2.115,2.187,2.696,2.854,3.103,2.988,2.848,2.638,3.09,3.084,2.772,2.731,2.905,2.824,2.634,2.824,1.607,1.615,2.217,2.086,2.668,2.794,2.748,2.843,2.641,2.806,2.972,3.305,2.485,2.754,3.057,3.008,2.373,2.412,2.864,2.987,2.756,2.813,3.48,3.457,2.834,2.688,710.0,729.0,574.0,619.0,1756.0,1683.0,1365.0,1495.0,481.0,356.0,258.0,238.0,2461.0,2554.0,3618.0,4361.0,2429.0,2616.0,1909.0,1848.0,823.0,668.0,4384.0,4051.0,2075.0,1983.0,2382.0,2562.0,1405.0,1450.0,2609.0,2174.0,1194.0,1465.0,497.0,703.0,1088.0,1280.0,521.0,696.0,1148.0,1101.0,1566.0,1307.0,3267.0,3219.0,993.0,999.0,4154.0,4201.0,3218.0,3083.0,516.0,636.0,4416.0,4496.0,5628.0,5358.0,5056.0,4933.0,2854.0,2955.0,2447.0,2726.0,330.0,406.0,328.0,260.0
A00039488,2.684,2.909,2.34,2.26,2.81,2.699,1.795,1.791,2.546,3.053,2.296,2.724,2.814,2.783,2.428,2.42,2.848,2.758,3.22,3.197,2.628,2.691,2.154,2.322,2.771,2.653,1.969,2.111,2.469,2.437,2.999,3.035,2.46,2.56,2.538,2.715,3.038,2.9,3.028,2.956,2.595,2.822,1.613,1.637,2.095,2.054,2.923,2.907,2.85,2.824,2.359,2.408,3.129,2.632,2.36,2.455,2.876,2.864,2.18,2.102,2.961,3.053,2.551,2.651,3.122,3.514,2.882,2.817,1109.0,1234.0,368.0,535.0,2686.0,2341.0,1303.0,1466.0,353.0,341.0,270.0,254.0,3265.0,3003.0,4523.0,6688.0,3162.0,3006.0,2228.0,2520.0,871.0,935.0,4661.0,5243.0,2767.0,2627.0,3771.0,3466.0,2037.0,1934.0,3876.0,3178.0,1687.0,1780.0,713.0,591.0,1311.0,1421.0,655.0,793.0,1425.0,1242.0,1652.0,1455.0,4225.0,3787.0,989.0,1040.0,4486.0,4819.0,4092.0,4216.0,554.0,952.0,6810.0,6271.0,8298.0,7663.0,5012.0,5148.0,3703.0,4123.0,5030.0,3971.0,417.0,394.0,449.0,332.0
A00039490,2.446,2.515,2.468,2.395,2.378,2.39,1.735,1.722,3.734,3.827,2.457,2.459,2.626,2.596,2.327,2.222,2.709,2.846,2.824,2.769,2.169,2.471,2.058,2.125,2.677,2.602,1.869,1.818,2.371,2.519,2.596,2.603,1.902,2.077,2.447,2.509,2.254,2.404,2.885,2.629,1.947,2.259,1.546,1.51,1.868,1.857,2.419,2.38,2.176,2.169,2.125,2.15,2.662,2.66,2.091,2.151,2.303,2.303,1.936,2.016,2.522,2.512,2.353,2.227,3.851,3.989,1.999,2.094,1081.0,1129.0,1168.0,1318.0,2743.0,2695.0,1470.0,1448.0,647.0,478.0,322.0,238.0,2951.0,3283.0,5310.0,5556.0,2927.0,3045.0,2389.0,2515.0,1041.0,786.0,4500.0,4134.0,2549.0,2712.0,3352.0,2988.0,1951.0,1868.0,3160.0,2806.0,1575.0,1826.0,613.0,856.0,1203.0,1511.0,645.0,811.0,1142.0,1072.0,1441.0,1562.0,4187.0,4781.0,1064.0,1204.0,5654.0,5572.0,3710.0,3852.0,923.0,1233.0,5433.0,5534.0,8228.0,7252.0,5303.0,5034.0,4290.0,3725.0,2888.0,3851.0,442.0,529.0,388.0,304.0
A00039500,2.647,2.76,2.554,2.599,2.632,2.625,1.704,1.879,3.285,3.004,2.885,3.049,2.514,2.737,2.538,2.571,2.707,3.046,3.047,3.058,2.302,2.446,2.196,2.189,2.674,2.694,1.791,1.882,2.438,2.491,2.888,2.803,2.63,2.358,2.342,2.49,2.583,2.619,2.718,2.565,2.382,2.36,1.618,1.463,2.102,2.089,2.612,2.663,2.548,2.549,2.404,2.383,2.695,2.659,2.474,2.471,2.809,2.683,2.193,2.306,2.87,2.764,2.55,2.625,3.553,3.492,2.339,2.674,1123.0,814.0,461.0,502.0,1955.0,1801.0,1538.0,1565.0,354.0,419.0,263.0,219.0,3039.0,2586.0,4595.0,4805.0,3411.0,2979.0,2660.0,2229.0,830.0,777.0,4935.0,5080.0,2347.0,2438.0,2544.0,2572.0,1441.0,1958.0,3420.0,3181.0,1201.0,1582.0,643.0,613.0,1253.0,1388.0,582.0,816.0,1435.0,1060.0,1405.0,1245.0,3957.0,3691.0,1127.0,979.0,4497.0,4457.0,3733.0,3607.0,486.0,833.0,4405.0,4503.0,6801.0,6630.0,5530.0,5346.0,3503.0,3673.0,3990.0,3876.0,381.0,400.0,520.0,310.0
A00039559,2.104,2.684,2.783,2.722,2.496,2.428,1.752,1.956,3.664,3.788,2.697,2.924,2.634,2.537,2.214,2.362,2.66,2.754,3.075,3.064,2.31,2.549,2.176,2.202,2.816,2.564,1.954,1.839,2.617,2.275,2.76,2.571,2.508,2.496,2.307,2.423,2.625,2.409,2.584,2.524,2.494,2.451,1.667,1.503,2.07,2.083,2.46,2.532,2.447,2.357,2.218,2.269,3.088,2.786,2.307,2.303,2.699,2.683,2.008,2.085,2.72,2.645,2.404,2.381,3.548,3.409,2.037,2.576,835.0,732.0,491.0,527.0,1631.0,1760.0,984.0,1209.0,405.0,306.0,273.0,214.0,2635.0,2823.0,3182.0,4518.0,2904.0,3008.0,2196.0,1948.0,847.0,616.0,4262.0,4841.0,2194.0,2399.0,2713.0,2498.0,1615.0,1674.0,3029.0,2593.0,1075.0,1234.0,611.0,604.0,1057.0,1586.0,574.0,749.0,1221.0,1071.0,1101.0,939.0,3717.0,3433.0,914.0,1039.0,4340.0,4467.0,3323.0,2898.0,355.0,659.0,4674.0,4455.0,5973.0,5566.0,5064.0,4657.0,3218.0,3787.0,3614.0,2985.0,392.0,412.0,467.0,234.0
A00039560,2.566,2.746,2.613,2.331,2.77,2.793,1.846,2.058,3.254,3.19,2.818,2.972,2.659,2.754,2.525,2.613,2.828,2.924,2.931,2.858,2.38,2.306,2.096,2.151,2.617,2.475,1.828,1.806,2.367,2.284,2.956,2.934,2.674,2.756,2.552,2.674,2.672,2.789,2.75,2.672,2.533,2.741,1.499,1.431,2.216,2.232,2.46,2.579,2.636,2.704,2.61,2.481,2.644,2.885,2.39,2.631,3.0,2.893,2.372,2.381,2.928,2.859,2.692,2.688,3.362,4.092,2.259,2.395,830.0,710.0,715.0,622.0,1905.0,1867.0,1955.0,1916.0,427.0,519.0,250.0,202.0,3340.0,2934.0,4006.0,5433.0,3326.0,3476.0,2427.0,2386.0,935.0,889.0,5123.0,5407.0,2475.0,2368.0,3418.0,3133.0,1599.0,1946.0,2952.0,2743.0,1326.0,1224.0,499.0,528.0,1036.0,1337.0,544.0,694.0,1209.0,991.0,1725.0,1581.0,3783.0,3339.0,1099.0,921.0,4160.0,4740.0,3151.0,3547.0,519.0,886.0,4580.0,4623.0,6103.0,6436.0,4910.0,5759.0,3146.0,3190.0,3131.0,2897.0,356.0,436.0,447.0,285.0
A00039593,2.446,2.874,2.879,2.739,2.607,2.592,1.859,1.991,3.795,4.17,2.435,2.895,2.732,2.798,2.496,2.551,2.852,2.868,2.962,2.989,2.442,2.771,2.193,2.255,2.717,2.586,2.006,1.966,2.313,2.575,2.952,2.89,2.534,2.416,3.08,3.228,2.697,2.638,2.8,2.916,2.455,2.485,1.641,1.632,2.258,2.169,2.546,2.458,2.606,2.697,2.357,2.463,2.963,2.796,2.388,2.442,2.759,2.665,2.142,2.161,2.823,2.738,2.475,2.563,3.634,3.915,2.701,2.852,777.0,821.0,657.0,632.0,1896.0,1761.0,1202.0,1324.0,574.0,443.0,277.0,212.0,2998.0,3036.0,3760.0,4627.0,2946.0,3191.0,2135.0,2429.0,899.0,804.0,4882.0,4282.0,2191.0,2164.0,3147.0,3247.0,1845.0,1619.0,3062.0,2472.0,1323.0,1631.0,620.0,670.0,1030.0,1458.0,512.0,697.0,1183.0,1273.0,1578.0,1439.0,3756.0,3958.0,901.0,960.0,4242.0,4347.0,3053.0,3248.0,620.0,799.0,4577.0,4784.0,6304.0,6654.0,4769.0,4295.0,3356.0,3438.0,3105.0,3359.0,477.0,441.0,373.0,289.0
A00039607,2.501,2.739,2.048,2.236,2.648,2.758,1.731,1.902,3.102,3.351,2.622,2.635,2.657,2.691,2.41,2.524,2.679,2.605,2.881,2.89,2.077,2.08,2.171,2.328,2.661,2.362,2.034,1.944,2.398,2.261,2.697,2.714,2.202,2.37,2.309,2.86,2.383,2.558,2.637,2.547,2.234,2.506,1.497,1.398,2.098,2.068,2.483,2.314,2.522,2.446,2.45,2.391,2.583,2.685,2.239,2.411,2.882,2.797,2.291,2.341,2.749,2.846,2.605,2.553,3.249,3.48,2.31,2.226,1086.0,941.0,631.0,837.0,2231.0,1898.0,1227.0,1372.0,484.0,366.0,261.0,233.0,2782.0,2972.0,3937.0,4540.0,3143.0,2925.0,2070.0,1999.0,1101.0,921.0,4459.0,4196.0,2350.0,2401.0,2736.0,2513.0,1851.0,1929.0,3123.0,2856.0,1275.0,1491.0,667.0,691.0,1061.0,1335.0,640.0,710.0,1297.0,1230.0,1117.0,1008.0,3357.0,3389.0,1137.0,1151.0,3968.0,4143.0,3360.0,3692.0,560.0,841.0,5076.0,4901.0,6551.0,6064.0,4392.0,4095.0,3182.0,3651.0,3240.0,2899.0,470.0,467.0,417.0,287.0
A00039635,2.314,2.265,2.373,2.414,2.242,2.437,1.493,1.691,3.891,4.015,2.289,2.788,2.545,2.601,2.302,2.344,2.57,2.652,2.695,2.671,2.555,2.476,2.101,1.968,2.507,2.53,1.885,1.884,2.414,2.228,2.699,2.915,2.26,2.37,2.672,2.443,2.259,2.342,2.721,2.372,2.139,2.327,1.424,1.374,1.997,2.056,2.354,2.361,2.495,2.408,2.28,2.327,2.759,2.616,2.15,2.269,2.645,2.607,2.102,2.103,2.62,2.559,2.473,2.409,3.675,3.557,2.063,2.259,938.0,776.0,562.0,711.0,2484.0,1995.0,1588.0,1784.0,313.0,312.0,319.0,256.0,3165.0,3726.0,4380.0,4457.0,3525.0,3148.0,2303.0,2486.0,986.0,840.0,5683.0,6029.0,2465.0,2398.0,4214.0,3639.0,1794.0,1987.0,3355.0,2704.0,1643.0,1492.0,729.0,819.0,1571.0,1412.0,741.0,770.0,1621.0,1271.0,2014.0,1455.0,3803.0,4162.0,1135.0,928.0,4488.0,4938.0,4184.0,3994.0,527.0,723.0,6059.0,5971.0,7410.0,6712.0,6275.0,6267.0,3491.0,4419.0,3390.0,3508.0,453.0,462.0,538.0,314.0
A00039636,2.466,2.651,2.738,2.704,2.569,2.417,1.746,1.825,3.175,3.366,2.701,2.859,2.701,2.694,2.564,2.613,2.851,2.703,2.929,3.127,2.514,2.209,2.132,2.302,2.678,2.778,2.059,1.864,2.485,2.401,2.793,2.653,2.558,2.516,2.754,2.554,2.625,2.574,2.638,2.64,2.428,2.476,1.337,1.463,1.949,2.028,2.562,2.535,2.404,2.493,2.466,2.508,2.744,3.071,2.3,2.398,2.823,2.694,2.31,2.236,2.842,2.753,2.543,2.645,3.814,4.224,1.955,2.49,990.0,948.0,615.0,567.0,2393.0,1967.0,1102.0,1249.0,525.0,393.0,303.0,228.0,3038.0,3257.0,5172.0,6662.0,3074.0,3802.0,2386.0,2126.0,851.0,742.0,4802.0,4139.0,2625.0,2330.0,3027.0,2331.0,1655.0,1830.0,3118.0,2785.0,1289.0,1541.0,611.0,641.0,1277.0,1493.0,832.0,961.0,1643.0,1394.0,1178.0,827.0,3936.0,3939.0,874.0,1081.0,4990.0,4706.0,3632.0,3411.0,651.0,662.0,5925.0,5716.0,7231.0,7802.0,5681.0,5679.0,3294.0,3326.0,3577.0,3110.0,488.0,492.0,401.0,279.0
A00039655,2.52,2.684,3.013,2.76,2.77,2.614,1.897,1.767,3.299,3.572,2.841,2.917,2.775,2.706,2.576,2.482,2.871,2.919,3.006,2.786,2.334,2.453,2.146,2.33,2.7,2.665,1.814,1.768,2.465,2.498,2.974,3.046,2.489,2.614,2.865,2.835,2.633,2.596,2.714,2.801,2.416,2.497,1.433,1.55,2.055,2.056,2.454,2.437,2.548,2.781,2.414,2.357,2.792,2.848,2.333,2.411,2.667,2.639,2.178,2.245,2.836,2.92,2.648,2.64,3.783,3.715,2.699,2.321,828.0,846.0,759.0,866.0,2381.0,2295.0,1794.0,1971.0,372.0,457.0,298.0,275.0,3338.0,3093.0,4309.0,6271.0,3185.0,3103.0,2545.0,2830.0,1110.0,1003.0,6246.0,6293.0,2757.0,2418.0,3672.0,3742.0,2001.0,1917.0,3815.0,2897.0,1650.0,1917.0,585.0,628.0,1320.0,1423.0,813.0,776.0,1715.0,1397.0,1865.0,1686.0,4480.0,3820.0,1114.0,1333.0,4832.0,5339.0,4122.0,4208.0,886.0,1104.0,6993.0,5779.0,7886.0,7455.0,6279.0,5588.0,3382.0,4234.0,4554.0,2662.0,406.0,411.0,466.0,286.0
A00039657,2.722,2.589,2.594,2.373,2.562,2.45,1.992,1.963,3.035,2.922,2.705,2.942,2.698,2.791,2.312,2.55,2.619,2.705,2.886,3.011,2.349,2.49,2.092,2.151,2.896,2.656,2.093,1.938,2.328,2.447,2.857,2.762,2.272,2.467,2.964,3.334,2.544,2.386,2.876,2.981,2.434,2.481,1.747,1.542,2.092,1.917,2.319,2.467,2.478,2.488,2.421,2.413,2.827,2.743,2.324,2.548,2.872,2.715,2.132,2.202,2.756,2.784,2.56,2.587,3.592,3.873,2.571,2.328,746.0,761.0,482.0,543.0,1654.0,1402.0,1015.0,1223.0,466.0,456.0,319.0,246.0,2329.0,2672.0,3456.0,4083.0,2844.0,3086.0,1856.0,1753.0,854.0,689.0,4075.0,3891.0,1837.0,2043.0,2305.0,2512.0,1479.0,1495.0,2423.0,2269.0,1077.0,1101.0,514.0,520.0,891.0,1316.0,481.0,640.0,1101.0,993.0,1208.0,1045.0,3417.0,3047.0,883.0,936.0,4199.0,4591.0,2702.0,2723.0,429.0,606.0,3983.0,3788.0,5161.0,5070.0,3690.0,3421.0,2698.0,2972.0,3462.0,2806.0,420.0,420.0,381.0,262.0
A00039669,2.558,2.545,3.068,2.807,2.722,2.616,1.8,1.857,3.675,4.322,2.717,2.824,2.76,2.811,2.617,2.554,2.808,2.969,2.875,2.905,2.714,2.398,2.33,2.355,2.816,2.815,1.996,2.103,2.455,2.443,2.808,2.905,2.588,2.656,2.92,2.767,2.335,2.618,2.848,2.909,2.393,2.499,1.641,1.59,2.133,2.229,2.536,2.49,2.495,2.539,2.517,2.526,2.762,2.95,2.301,2.486,2.837,2.703,2.267,2.261,2.885,2.833,2.745,2.691,4.081,3.831,2.147,2.198,893.0,685.0,455.0,705.0,2429.0,1987.0,1439.0,1421.0,413.0,392.0,326.0,295.0,3312.0,3149.0,4277.0,5326.0,3247.0,3213.0,2497.0,2434.0,873.0,859.0,5351.0,5279.0,2350.0,2256.0,2892.0,2984.0,1901.0,1809.0,3225.0,3020.0,1290.0,1430.0,527.0,670.0,984.0,1286.0,568.0,726.0,1123.0,1030.0,1269.0,1168.0,3786.0,3679.0,1065.0,840.0,4405.0,4645.0,3265.0,3580.0,693.0,763.0,5154.0,5013.0,6397.0,5942.0,4469.0,4819.0,3671.0,3917.0,4036.0,3367.0,510.0,528.0,394.0,316.0
A00039685,2.338,2.511,2.879,2.434,2.576,2.53,1.825,1.883,3.317,3.34,2.722,2.885,2.947,2.815,2.406,2.561,2.766,2.7,2.712,2.793,2.273,2.359,2.014,2.081,2.872,2.645,2.153,1.947,2.395,2.59,2.869,2.801,2.095,2.164,3.235,3.356,2.761,2.649,3.016,2.532,2.484,2.722,1.491,1.575,2.439,2.5,2.397,2.416,2.122,2.189,2.447,2.453,2.809,2.918,2.423,2.516,2.744,2.711,2.185,2.057,2.773,2.839,2.547,2.553,3.499,3.685,2.428,2.347,739.0,808.0,542.0,567.0,1773.0,1992.0,1404.0,1314.0,529.0,491.0,291.0,238.0,2531.0,2672.0,3331.0,3432.0,3007.0,2856.0,1815.0,1979.0,942.0,773.0,4603.0,4204.0,2062.0,2061.0,2427.0,2692.0,1724.0,1754.0,3225.0,2731.0,1043.0,1074.0,493.0,496.0,1366.0,1670.0,615.0,736.0,1401.0,1242.0,1346.0,1270.0,2817.0,2614.0,1061.0,975.0,3720.0,3714.0,2994.0,2939.0,445.0,678.0,6115.0,6746.0,6212.0,6485.0,3212.0,3293.0,3702.0,3662.0,2689.0,2178.0,470.0,464.0,365.0,304.0
A00039699,2.388,2.403,2.691,2.471,2.597,2.408,1.78,1.811,3.397,3.299,2.397,2.514,2.553,2.465,2.295,2.327,2.681,2.886,2.848,2.926,2.494,2.325,1.978,2.083,2.602,2.576,1.879,1.936,2.282,2.343,2.652,2.827,2.282,2.235,2.263,2.052,2.449,2.479,2.866,2.451,2.258,2.346,1.511,1.578,2.052,1.98,2.162,2.426,2.545,2.53,2.265,2.22,2.776,3.024,2.247,2.316,2.676,2.667,1.998,2.169,2.596,2.55,2.459,2.401,3.796,3.541,2.341,2.222,969.0,844.0,666.0,630.0,2251.0,1934.0,1680.0,1615.0,435.0,501.0,338.0,253.0,3482.0,3380.0,5033.0,5780.0,3660.0,3462.0,2889.0,2369.0,934.0,943.0,5364.0,4696.0,2752.0,2888.0,3247.0,3362.0,1989.0,2074.0,3810.0,3411.0,1378.0,1342.0,781.0,718.0,1423.0,1530.0,751.0,828.0,1519.0,1260.0,1500.0,1328.0,4321.0,3822.0,1093.0,1291.0,4420.0,4530.0,4078.0,4474.0,797.0,914.0,6747.0,5614.0,7292.0,6891.0,6170.0,6248.0,3626.0,3750.0,3811.0,4242.0,409.0,425.0,397.0,301.0
A00039700,2.603,2.538,2.787,2.403,2.664,2.712,1.874,2.032,3.333,3.641,2.821,2.838,2.792,2.724,2.603,2.578,2.888,3.005,3.136,3.202,2.622,2.666,2.258,2.348,2.813,2.615,1.957,1.924,2.493,2.546,3.077,2.999,2.343,2.586,2.664,2.801,2.834,2.855,2.899,2.865,2.529,2.556,1.707,1.68,2.048,2.012,2.613,2.536,2.405,2.483,2.42,2.535,2.914,3.113,2.527,2.53,2.786,2.775,2.202,2.29,2.827,2.821,2.712,2.553,3.974,3.729,2.445,2.543,939.0,969.0,661.0,576.0,1825.0,1702.0,1515.0,1727.0,569.0,391.0,299.0,261.0,2975.0,3234.0,4568.0,5750.0,3441.0,3660.0,2020.0,1979.0,873.0,777.0,5340.0,5003.0,2504.0,2711.0,3550.0,3103.0,1707.0,1990.0,3773.0,3172.0,1540.0,1560.0,671.0,685.0,1094.0,1320.0,577.0,707.0,1158.0,1057.0,1732.0,1359.0,4283.0,4053.0,1131.0,1077.0,4811.0,4807.0,3739.0,3150.0,586.0,785.0,5949.0,5499.0,6401.0,6283.0,5458.0,5347.0,3579.0,3325.0,4066.0,3606.0,533.0,465.0,343.0,329.0
A00039755,2.71,2.661,2.636,2.421,2.783,2.65,1.775,1.901,4.133,4.187,2.826,3.221,2.89,2.956,2.627,2.634,3.076,2.919,3.1,3.071,2.486,2.554,2.23,2.29,2.98,2.88,1.955,1.926,2.58,2.607,3.109,3.026,2.503,2.502,2.678,3.048,2.671,2.796,3.066,2.971,2.41,2.663,1.349,1.401,2.065,2.065,2.645,2.726,2.568,2.684,2.421,2.474,2.875,3.028,2.326,2.605,2.975,2.829,2.358,2.38,2.931,3.053,2.702,2.732,3.93,4.103,2.581,2.777,927.0,881.0,597.0,739.0,1940.0,1913.0,1072.0,1163.0,421.0,378.0,272.0,261.0,2738.0,2818.0,4098.0,5144.0,2763.0,2909.0,2168.0,1960.0,855.0,667.0,4046.0,4276.0,2273.0,2110.0,2622.0,2470.0,1779.0,1677.0,2963.0,2724.0,1436.0,1522.0,551.0,637.0,1165.0,1460.0,660.0,638.0,1249.0,1238.0,1030.0,857.0,3612.0,3420.0,1117.0,1244.0,4405.0,4169.0,3025.0,3220.0,583.0,777.0,5554.0,5242.0,6688.0,6701.0,4679.0,4725.0,3254.0,3356.0,3281.0,3166.0,449.0,377.0,370.0,256.0
A00039756,2.106,2.207,3.002,2.461,2.473,2.359,1.826,1.993,3.24,3.346,2.981,2.607,2.621,2.727,2.178,2.279,2.567,2.673,2.841,2.803,2.313,2.129,2.092,2.143,2.289,2.384,2.018,1.869,2.234,2.444,2.686,2.56,2.311,2.385,2.968,3.333,2.439,2.397,2.509,2.628,2.379,2.232,1.492,1.378,2.005,2.062,2.521,2.285,2.486,2.506,2.238,2.247,3.086,2.808,2.183,2.223,2.66,2.631,2.111,2.045,2.618,2.467,2.372,2.36,3.604,3.981,2.5,2.268,783.0,806.0,455.0,446.0,1874.0,2103.0,1337.0,1350.0,367.0,410.0,235.0,212.0,2402.0,2428.0,3614.0,4089.0,2699.0,2648.0,1894.0,1914.0,1020.0,843.0,4362.0,3886.0,2259.0,2178.0,2736.0,2710.0,1575.0,1729.0,3098.0,2675.0,1080.0,1230.0,444.0,469.0,1085.0,1268.0,577.0,657.0,1080.0,1060.0,1450.0,1254.0,3478.0,3284.0,808.0,902.0,4595.0,4213.0,3171.0,3458.0,352.0,619.0,4413.0,5032.0,5989.0,6127.0,4430.0,4245.0,3224.0,3081.0,3347.0,2916.0,378.0,370.0,355.0,287.0
A00039758,2.396,2.488,2.729,2.393,2.578,2.538,1.806,1.935,3.499,3.746,2.437,2.545,2.94,2.812,2.434,2.501,2.801,2.86,2.814,3.032,2.228,2.287,2.328,2.356,2.618,2.517,2.078,2.02,2.59,2.513,2.891,2.824,2.511,2.638,2.822,2.869,2.576,2.505,2.567,2.882,2.259,2.33,1.612,1.641,2.178,2.209,2.431,2.381,2.713,2.687,2.426,2.417,2.758,2.815,2.31,2.409,2.593,2.565,2.224,2.159,2.746,2.734,2.521,2.637,3.43,3.902,2.349,2.223,952.0,883.0,726.0,747.0,2494.0,2576.0,1592.0,1722.0,477.0,448.0,288.0,241.0,2923.0,3147.0,4330.0,5093.0,3450.0,3398.0,2583.0,2345.0,1164.0,1192.0,5340.0,5783.0,2868.0,2958.0,3586.0,3409.0,1958.0,2131.0,3775.0,3278.0,1649.0,1455.0,581.0,646.0,1524.0,1392.0,785.0,728.0,1375.0,1131.0,1474.0,1349.0,4646.0,4479.0,1176.0,1284.0,4911.0,5508.0,3982.0,4111.0,631.0,1026.0,5912.0,6027.0,7352.0,7563.0,5236.0,5038.0,3980.0,4180.0,4243.0,3420.0,595.0,480.0,405.0,366.0
A00039783,2.561,2.599,2.743,2.784,2.545,2.627,2.132,2.172,3.33,3.183,3.32,2.651,2.852,2.766,2.332,2.405,2.736,2.811,2.948,3.044,2.147,2.436,2.112,2.261,2.914,2.981,1.988,1.99,2.459,2.737,2.609,2.868,2.574,2.393,2.905,2.658,2.686,2.551,3.055,3.027,2.392,2.311,1.681,1.709,2.115,2.212,2.454,2.748,2.577,2.476,2.381,2.337,3.223,3.41,2.429,2.379,2.847,2.713,2.195,2.234,2.754,2.642,2.52,2.529,3.584,3.635,2.385,2.343,803.0,700.0,536.0,533.0,1928.0,1727.0,1704.0,1825.0,404.0,412.0,339.0,248.0,2581.0,2598.0,3850.0,4473.0,2766.0,2636.0,2193.0,1918.0,810.0,845.0,4619.0,5405.0,1846.0,1857.0,3161.0,3207.0,1384.0,1476.0,2860.0,2500.0,1078.0,1197.0,526.0,680.0,1171.0,1984.0,571.0,662.0,1396.0,1436.0,1750.0,1664.0,3534.0,3488.0,847.0,893.0,4240.0,4206.0,3337.0,3483.0,483.0,556.0,4977.0,4562.0,5475.0,5522.0,5228.0,5141.0,2918.0,2912.0,3162.0,3079.0,425.0,421.0,343.0,277.0
A00039819,2.475,2.79,2.544,2.598,2.935,2.908,1.849,2.047,2.752,2.91,3.356,3.347,2.818,2.835,2.526,2.738,2.955,3.061,3.055,3.307,2.552,2.625,2.233,2.31,2.825,2.636,1.998,2.123,2.542,2.303,3.122,2.994,2.567,2.545,2.672,3.15,2.805,2.994,3.117,2.712,2.558,2.629,1.555,1.572,2.194,2.241,2.543,2.75,2.695,2.752,2.571,2.623,2.582,2.856,2.383,2.602,3.074,2.896,2.45,2.321,3.221,3.028,2.679,2.838,2.986,3.264,2.312,2.565,1255.0,957.0,499.0,1037.0,2265.0,2393.0,1665.0,1852.0,549.0,437.0,228.0,246.0,3658.0,3638.0,4684.0,6524.0,3684.0,3464.0,2767.0,2244.0,978.0,826.0,5277.0,6078.0,2825.0,2971.0,3024.0,3115.0,2042.0,2030.0,3710.0,3005.0,1539.0,1754.0,630.0,713.0,1465.0,1820.0,861.0,887.0,1322.0,1513.0,1689.0,1517.0,3928.0,3819.0,1267.0,1074.0,4885.0,4793.0,4317.0,4338.0,739.0,946.0,5307.0,5676.0,7835.0,7393.0,6210.0,6445.0,3784.0,4269.0,5307.0,3649.0,427.0,421.0,521.0,329.0
A00039846,2.424,2.752,2.959,2.903,2.728,2.698,1.777,1.901,3.609,3.434,2.57,2.899,2.765,2.698,2.612,2.715,2.943,2.973,3.055,3.091,2.001,2.199,2.193,2.269,2.688,2.768,1.835,1.89,2.543,2.584,3.011,3.025,2.87,2.759,2.154,1.995,2.617,2.698,2.746,2.906,2.664,2.535,1.425,1.552,2.101,2.246,2.656,2.703,2.709,2.667,2.536,2.522,2.91,2.912,2.459,2.478,2.835,2.896,2.392,2.269,2.809,2.702,2.709,2.8,3.682,3.675,2.397,2.219,763.0,726.0,523.0,618.0,1796.0,1678.0,1253.0,1394.0,396.0,337.0,268.0,234.0,2861.0,2621.0,3677.0,4075.0,3292.0,3361.0,2218.0,2040.0,1015.0,762.0,4101.0,3533.0,2365.0,2366.0,2482.0,2473.0,1577.0,1607.0,3160.0,2681.0,1242.0,1275.0,643.0,635.0,1070.0,1362.0,524.0,690.0,1108.0,1114.0,1386.0,1099.0,3521.0,3327.0,932.0,983.0,3879.0,4186.0,3633.0,3601.0,432.0,658.0,4016.0,4420.0,5629.0,5553.0,4998.0,4960.0,3114.0,3310.0,3479.0,3066.0,410.0,469.0,384.0,320.0
A00039866,2.807,3.045,2.859,2.697,2.977,2.965,2.019,2.121,3.779,3.755,3.215,3.013,2.868,2.863,2.697,2.747,3.212,3.148,3.194,3.444,2.502,2.466,2.219,2.313,2.788,2.892,2.103,2.107,2.816,2.835,3.192,3.119,2.705,2.764,3.249,3.646,2.885,3.128,3.432,3.451,2.811,2.844,1.822,1.573,2.207,2.251,2.852,2.754,2.681,2.67,2.723,2.719,3.133,3.409,2.753,2.745,3.177,3.132,2.474,2.478,3.239,3.196,2.843,2.82,3.793,4.095,2.658,2.618,1066.0,1031.0,648.0,907.0,2590.0,1981.0,1061.0,1269.0,359.0,343.0,284.0,282.0,2777.0,2972.0,4484.0,4945.0,2913.0,3581.0,2110.0,2045.0,904.0,680.0,4232.0,4159.0,2557.0,2446.0,2385.0,2486.0,1558.0,1509.0,3132.0,2949.0,1217.0,1347.0,548.0,596.0,1070.0,1119.0,652.0,718.0,1347.0,1017.0,1316.0,1130.0,3602.0,3773.0,1155.0,1142.0,4501.0,4403.0,3214.0,3452.0,594.0,664.0,6441.0,6173.0,6434.0,6339.0,5314.0,5526.0,3218.0,3210.0,4033.0,3649.0,404.0,415.0,351.0,272.0
A00039895,2.594,2.311,2.549,2.405,2.425,2.541,1.768,2.067,3.386,3.901,2.397,2.721,2.79,2.757,2.429,2.543,3.015,2.759,2.995,3.13,2.322,2.526,2.159,2.361,2.803,2.84,1.816,2.069,2.454,2.61,3.019,3.045,2.26,2.521,2.657,2.979,2.732,2.674,2.584,2.517,2.38,2.254,1.672,1.574,2.097,1.868,2.53,2.325,2.565,2.574,2.314,2.386,2.857,2.849,2.145,2.348,2.587,2.591,2.069,2.235,2.893,2.964,2.594,2.448,3.269,3.837,2.43,2.226,846.0,782.0,639.0,754.0,2290.0,2350.0,1636.0,1538.0,407.0,487.0,302.0,251.0,3226.0,2991.0,3863.0,4943.0,3689.0,3278.0,2433.0,2044.0,1039.0,867.0,4191.0,5108.0,2383.0,2207.0,2597.0,2833.0,1633.0,1752.0,3291.0,3190.0,1242.0,1398.0,522.0,602.0,1199.0,1486.0,669.0,686.0,1264.0,1505.0,1524.0,1363.0,3539.0,3357.0,1083.0,1201.0,4679.0,4543.0,3359.0,3520.0,544.0,806.0,6062.0,5746.0,6876.0,6942.0,5297.0,5109.0,3364.0,3570.0,3439.0,3167.0,472.0,362.0,399.0,297.0
A00039916,2.246,2.248,2.783,2.567,2.435,2.507,1.655,1.86,3.416,3.551,3.314,3.297,2.674,2.733,2.442,2.542,2.808,2.724,2.731,3.043,2.361,2.54,2.148,2.172,2.752,2.824,1.982,1.859,2.531,2.672,2.807,2.789,2.38,2.396,2.891,3.243,2.472,2.54,2.701,2.697,2.473,2.45,1.498,1.262,1.758,1.95,2.635,2.253,2.532,2.51,2.114,2.333,2.98,2.891,2.43,2.369,2.618,2.636,2.212,2.01,2.59,2.585,2.287,2.484,3.737,3.196,2.342,2.452,730.0,783.0,506.0,497.0,2030.0,1956.0,1114.0,1581.0,379.0,370.0,294.0,194.0,2846.0,2574.0,3381.0,4454.0,2701.0,2517.0,2651.0,2257.0,1108.0,782.0,4283.0,4519.0,2252.0,2219.0,3469.0,2850.0,1466.0,1452.0,2835.0,2517.0,1039.0,1313.0,581.0,522.0,1181.0,1183.0,590.0,704.0,1380.0,1100.0,1705.0,1212.0,3546.0,3572.0,926.0,1143.0,4409.0,4245.0,3313.0,3440.0,510.0,512.0,4061.0,4341.0,6636.0,5721.0,5049.0,4981.0,3109.0,3214.0,3733.0,3306.0,299.0,387.0,380.0,262.0
A00039943,2.74,3.247,3.105,2.819,2.803,2.865,1.799,1.959,2.973,2.985,2.629,2.75,2.941,2.838,2.582,2.799,3.093,2.904,3.343,3.125,2.542,2.447,2.323,2.364,2.913,2.867,2.202,2.135,2.662,2.665,3.22,3.177,2.676,2.72,3.463,3.13,2.744,2.956,3.095,2.834,2.624,2.679,1.671,1.468,2.108,2.188,2.858,2.918,2.691,2.751,2.741,2.661,3.189,3.06,2.583,2.646,3.049,2.974,2.462,2.416,2.989,3.125,2.947,2.834,3.611,3.652,2.695,2.532,1112.0,1089.0,564.0,914.0,2272.0,1951.0,1664.0,1826.0,549.0,540.0,354.0,273.0,3035.0,3323.0,5664.0,7076.0,3963.0,4069.0,2385.0,2747.0,1374.0,1187.0,5854.0,5752.0,3173.0,3039.0,3931.0,3769.0,1995.0,2205.0,4416.0,4138.0,1574.0,1833.0,831.0,724.0,1665.0,1713.0,832.0,1191.0,1860.0,1568.0,1823.0,1777.0,5128.0,4579.0,1549.0,1352.0,5342.0,5662.0,4707.0,4623.0,593.0,882.0,8761.0,7845.0,8718.0,7842.0,6844.0,6866.0,4152.0,4823.0,4148.0,3916.0,410.0,436.0,493.0,329.0
A00039951,2.878,2.907,2.709,2.711,3.087,3.028,2.112,2.107,3.632,3.986,3.109,3.267,3.094,3.114,2.927,2.833,3.044,3.199,3.305,3.271,2.133,2.411,2.612,2.646,2.964,3.123,2.444,2.214,2.65,2.632,3.251,3.309,2.939,2.909,3.04,3.197,3.087,2.928,3.235,3.349,2.766,2.917,1.729,1.52,2.382,2.512,2.588,2.48,2.774,2.874,2.891,2.858,3.339,2.932,2.718,2.766,3.189,2.967,2.669,2.706,3.323,3.257,3.07,3.043,4.376,4.221,2.884,2.833,984.0,1027.0,513.0,863.0,1832.0,1804.0,1077.0,1046.0,533.0,654.0,324.0,251.0,3156.0,3207.0,4496.0,5633.0,2865.0,3571.0,2402.0,2182.0,1144.0,848.0,4383.0,4725.0,2475.0,2258.0,3307.0,2951.0,2048.0,1793.0,3031.0,2914.0,1021.0,1294.0,636.0,684.0,1319.0,1354.0,709.0,813.0,1563.0,1579.0,1183.0,1065.0,4359.0,3884.0,1268.0,1190.0,5136.0,4858.0,3429.0,3170.0,581.0,658.0,5503.0,5543.0,6086.0,6085.0,4814.0,4906.0,3296.0,3721.0,3286.0,3445.0,462.0,455.0,427.0,327.0
A00039952,2.45,2.655,2.297,2.409,2.474,2.418,1.99,2.036,3.344,3.549,2.531,2.757,3.001,2.829,2.358,2.636,3.017,2.744,3.073,3.026,2.39,2.464,2.336,2.415,2.583,2.646,2.085,2.073,2.294,2.258,3.014,2.798,2.537,2.375,2.795,3.103,2.501,2.459,2.55,2.579,2.216,2.422,1.469,1.55,2.106,1.989,2.217,2.365,2.442,2.485,2.453,2.415,2.708,2.751,2.222,2.296,2.589,2.611,2.348,2.354,2.823,2.777,2.46,2.547,4.29,4.243,2.52,2.454,786.0,791.0,532.0,720.0,1973.0,1860.0,1667.0,1813.0,457.0,415.0,278.0,243.0,2930.0,3029.0,3733.0,4869.0,2827.0,2716.0,2124.0,2045.0,961.0,1010.0,4892.0,4345.0,2384.0,2361.0,3237.0,3112.0,1695.0,1714.0,2778.0,2615.0,1371.0,1277.0,649.0,677.0,1251.0,1661.0,678.0,760.0,1406.0,1103.0,1855.0,1672.0,3715.0,3753.0,1119.0,1202.0,4619.0,4839.0,3202.0,3421.0,552.0,663.0,5553.0,5588.0,6864.0,6272.0,5019.0,5473.0,2983.0,3288.0,3376.0,3461.0,459.0,530.0,360.0,290.0
A00039965,2.304,2.538,2.634,2.846,2.603,2.502,1.969,2.217,3.291,2.936,2.923,2.889,2.705,2.755,2.357,2.424,2.484,2.782,2.862,2.649,2.106,2.608,2.294,2.231,2.553,2.677,2.027,2.061,2.368,2.33,2.699,2.864,2.421,2.663,2.253,2.539,2.663,2.634,2.54,2.515,2.344,2.251,1.648,1.655,2.169,2.062,2.644,2.053,2.318,2.493,2.285,2.244,2.617,2.637,2.36,2.458,2.668,2.788,2.218,2.228,2.595,2.594,2.491,2.437,4.0,3.375,2.294,2.318,740.0,766.0,515.0,456.0,1982.0,1803.0,1392.0,1417.0,347.0,377.0,298.0,270.0,2767.0,2478.0,3891.0,4984.0,2826.0,2651.0,2333.0,2265.0,961.0,607.0,4088.0,4735.0,2142.0,2076.0,3064.0,3165.0,1465.0,1673.0,3167.0,2426.0,1233.0,1500.0,712.0,542.0,1182.0,1332.0,656.0,771.0,1174.0,1034.0,1921.0,1898.0,3868.0,3641.0,596.0,1153.0,5139.0,4995.0,3675.0,3863.0,369.0,750.0,5397.0,4895.0,6273.0,5863.0,5018.0,5083.0,3099.0,3597.0,3407.0,3168.0,347.0,407.0,387.0,287.0
A00039966,2.691,2.762,2.978,2.323,2.792,2.786,1.866,1.826,3.719,4.282,3.173,2.844,2.909,2.891,2.665,2.735,2.98,2.875,2.919,3.042,2.321,2.929,2.403,2.483,2.759,2.807,2.032,2.048,2.341,2.572,3.049,2.866,2.61,2.625,3.137,3.325,2.84,2.647,3.044,2.924,2.462,2.416,1.696,1.625,2.302,2.294,2.714,2.55,2.783,2.814,2.55,2.472,3.036,2.758,2.434,2.501,2.903,2.867,2.305,2.36,3.001,2.848,2.747,2.756,3.758,4.034,2.738,2.605,824.0,782.0,416.0,700.0,1995.0,1762.0,1196.0,1326.0,397.0,456.0,226.0,193.0,2561.0,2685.0,3550.0,4492.0,2508.0,2567.0,2170.0,2058.0,820.0,851.0,4647.0,4051.0,2492.0,2439.0,2884.0,2415.0,1613.0,1768.0,2734.0,2358.0,1252.0,1183.0,626.0,576.0,960.0,1355.0,617.0,765.0,1405.0,1040.0,1423.0,1110.0,3645.0,3693.0,1001.0,950.0,4355.0,4847.0,3613.0,3834.0,519.0,790.0,4982.0,4416.0,5802.0,5353.0,5151.0,5606.0,3086.0,3359.0,3460.0,2805.0,503.0,470.0,388.0,244.0
A00039975,2.563,2.606,3.09,2.431,2.514,2.683,1.728,2.035,3.229,3.462,3.207,2.884,2.96,2.772,2.551,2.641,2.77,2.715,2.931,2.972,2.692,2.573,2.247,2.421,2.709,2.745,2.203,1.95,2.687,2.578,2.839,2.822,2.455,2.736,3.45,2.909,2.525,2.676,2.625,2.772,2.372,2.371,1.473,1.503,2.177,2.266,2.422,2.767,2.669,2.646,2.585,2.52,2.927,2.974,2.448,2.475,2.758,2.807,2.359,2.287,2.964,2.907,2.694,2.735,3.729,3.393,2.779,2.77,794.0,844.0,621.0,566.0,2335.0,1779.0,1442.0,1427.0,329.0,330.0,318.0,284.0,2377.0,3047.0,4156.0,4889.0,2422.0,2962.0,2459.0,2344.0,860.0,816.0,4749.0,3897.0,2278.0,2052.0,3026.0,2966.0,1792.0,1615.0,2764.0,2764.0,1379.0,1228.0,528.0,612.0,1201.0,1509.0,596.0,745.0,1353.0,1086.0,1522.0,1282.0,3685.0,3620.0,954.0,981.0,4833.0,4754.0,3288.0,3539.0,417.0,856.0,4785.0,4390.0,7042.0,6969.0,4228.0,4573.0,3754.0,3598.0,3502.0,3190.0,339.0,266.0,441.0,321.0
A00039988,2.3,2.512,2.669,2.484,2.57,2.429,2.125,1.935,3.222,3.123,2.749,2.569,2.604,2.762,2.228,2.321,2.728,2.839,2.988,2.884,1.833,2.144,2.273,2.371,2.663,2.822,2.059,2.01,2.347,2.503,2.644,2.809,2.528,2.585,2.634,2.799,2.482,2.484,2.625,2.783,2.231,2.385,1.582,1.717,2.014,2.004,2.245,2.319,2.437,2.465,2.192,2.296,2.946,2.651,2.308,2.297,2.61,2.685,2.014,2.071,2.578,2.475,2.526,2.49,3.945,4.083,2.132,2.305,565.0,757.0,552.0,616.0,1935.0,1906.0,1685.0,1812.0,491.0,380.0,269.0,207.0,2274.0,2585.0,3278.0,4469.0,2392.0,2219.0,2352.0,2267.0,990.0,1072.0,4870.0,5036.0,2313.0,1961.0,3265.0,3037.0,1819.0,1718.0,2838.0,2293.0,1070.0,1322.0,548.0,558.0,1198.0,1220.0,599.0,645.0,1573.0,1304.0,1837.0,1452.0,3486.0,3319.0,1014.0,1053.0,4191.0,4167.0,2919.0,3116.0,427.0,648.0,4268.0,4963.0,6408.0,5658.0,4729.0,5704.0,3258.0,3481.0,2861.0,2298.0,440.0,396.0,363.0,226.0
A00040055,2.518,2.347,2.836,2.587,2.392,2.365,1.856,1.975,3.451,3.332,3.045,3.148,2.691,2.736,2.406,2.523,2.974,2.876,2.962,3.091,2.302,2.306,2.283,2.354,2.742,2.817,1.814,1.947,2.553,2.639,2.89,2.507,2.584,2.293,2.964,3.214,2.628,2.447,2.698,2.688,2.535,2.386,1.601,1.42,2.088,2.223,2.56,2.565,2.541,2.459,2.337,2.24,3.122,3.036,2.295,2.385,2.584,2.59,2.332,2.244,2.8,2.799,2.556,2.629,3.764,3.875,2.438,2.634,779.0,754.0,560.0,555.0,2194.0,1835.0,1512.0,1249.0,431.0,355.0,284.0,230.0,3077.0,2624.0,3317.0,4058.0,2399.0,2661.0,2177.0,2028.0,812.0,798.0,3607.0,3990.0,2235.0,2091.0,2022.0,2355.0,1700.0,1502.0,2968.0,2390.0,1142.0,1303.0,616.0,605.0,1160.0,1394.0,548.0,651.0,1422.0,1203.0,1118.0,1045.0,3882.0,3914.0,1133.0,1097.0,4632.0,4406.0,3155.0,3660.0,435.0,657.0,4873.0,4438.0,7469.0,7394.0,4436.0,4751.0,3720.0,3354.0,3430.0,3497.0,353.0,430.0,471.0,310.0
A00040091,2.405,2.798,3.03,2.869,2.582,2.696,1.903,1.923,3.436,3.775,3.075,2.803,2.774,2.839,2.448,2.61,2.821,2.794,3.2,3.167,2.169,2.276,2.111,2.322,2.8,2.932,1.971,2.037,2.684,2.474,2.953,2.882,2.486,2.434,2.612,2.554,2.786,2.645,2.818,3.082,2.637,2.685,1.52,1.5,2.169,2.125,2.53,2.587,2.652,2.509,2.55,2.495,2.941,3.391,2.466,2.422,2.751,2.828,2.282,2.313,2.714,2.797,2.635,2.732,3.856,3.779,2.456,2.337,900.0,675.0,477.0,539.0,1848.0,1793.0,1274.0,1322.0,446.0,396.0,269.0,279.0,2848.0,2807.0,3436.0,4196.0,2646.0,2996.0,2096.0,2007.0,878.0,881.0,4197.0,4195.0,2590.0,2355.0,3171.0,2706.0,1690.0,1811.0,2561.0,2626.0,1295.0,1475.0,613.0,613.0,1105.0,1363.0,561.0,716.0,1377.0,1153.0,1395.0,1323.0,3921.0,3560.0,1016.0,981.0,4474.0,4379.0,3166.0,3229.0,580.0,539.0,4571.0,4706.0,6984.0,6383.0,4617.0,4468.0,3782.0,3535.0,3652.0,3194.0,397.0,498.0,408.0,410.0
A00040104,2.546,2.788,2.805,2.67,2.813,3.016,2.037,1.871,3.513,3.567,2.994,2.791,2.884,2.812,2.606,2.717,3.083,3.089,2.804,3.014,2.125,2.115,2.384,2.547,2.708,2.721,2.108,2.084,2.475,2.551,2.94,3.087,2.535,2.813,2.889,2.836,2.841,2.743,2.706,2.928,2.499,2.612,1.672,1.605,2.262,2.254,2.658,2.407,2.476,2.623,2.712,2.732,3.136,2.68,2.443,2.49,2.892,2.959,2.6,2.594,2.91,2.837,2.777,2.75,4.039,4.062,2.516,2.52,879.0,859.0,483.0,757.0,2158.0,1858.0,1482.0,1371.0,365.0,362.0,253.0,199.0,2462.0,2667.0,4082.0,4117.0,2655.0,2601.0,1956.0,1809.0,957.0,776.0,4306.0,4086.0,2194.0,2224.0,3086.0,3028.0,1647.0,1620.0,2948.0,2365.0,1213.0,1305.0,629.0,595.0,1162.0,1303.0,537.0,633.0,1271.0,1148.0,1377.0,1407.0,3513.0,3663.0,1072.0,993.0,4210.0,4550.0,3098.0,3280.0,533.0,605.0,4707.0,4321.0,5927.0,5714.0,3966.0,4379.0,2968.0,3172.0,3109.0,3030.0,435.0,385.0,303.0,228.0
A00040116,2.6,2.86,2.67,2.404,2.657,2.469,1.61,1.855,2.743,2.768,2.739,2.805,2.961,2.946,2.421,2.646,2.88,2.776,3.003,2.966,2.277,2.316,2.224,2.296,2.733,2.547,2.116,2.086,2.662,2.444,2.998,2.989,2.594,2.407,2.732,2.845,2.557,2.62,3.036,2.822,2.21,2.523,1.41,1.523,2.204,2.229,2.473,2.558,2.659,2.574,2.366,2.299,2.777,3.113,2.336,2.336,2.653,2.597,2.206,2.059,2.991,2.815,2.647,2.731,3.735,3.882,2.317,2.377,1084.0,698.0,552.0,613.0,1620.0,1888.0,1332.0,1542.0,397.0,406.0,267.0,275.0,2824.0,3029.0,4551.0,4503.0,3217.0,2613.0,2141.0,2134.0,974.0,907.0,4593.0,4613.0,2328.0,2403.0,2816.0,2644.0,1738.0,1621.0,3288.0,2761.0,1050.0,1251.0,613.0,622.0,1243.0,1585.0,637.0,792.0,1230.0,1396.0,1423.0,1103.0,3543.0,3385.0,1019.0,1004.0,4392.0,4292.0,3433.0,3309.0,565.0,576.0,4479.0,4589.0,6000.0,6005.0,4322.0,4449.0,3162.0,3615.0,3000.0,3062.0,449.0,409.0,390.0,338.0
A00040117,2.984,3.188,3.225,2.996,2.904,2.862,2.06,2.256,3.03,2.785,3.677,3.932,3.06,3.173,2.955,2.889,3.029,3.201,3.425,3.772,2.683,2.844,2.454,2.573,3.103,3.046,2.436,2.278,2.893,3.105,3.337,3.364,2.926,2.846,2.765,2.923,3.177,2.871,3.306,3.302,3.274,3.134,1.791,1.75,2.483,2.377,2.783,2.707,2.736,2.732,2.856,2.921,3.566,3.562,2.883,2.913,3.147,3.218,2.48,2.484,3.458,3.471,2.937,3.002,2.711,2.607,3.114,3.205,1089.0,967.0,576.0,520.0,2257.0,1696.0,1374.0,1423.0,342.0,523.0,283.0,242.0,3037.0,3128.0,5018.0,6685.0,2979.0,3047.0,2528.0,2002.0,1121.0,1129.0,5260.0,5087.0,2743.0,3025.0,2946.0,3168.0,1485.0,1831.0,3461.0,2931.0,1243.0,1589.0,617.0,640.0,1276.0,1544.0,767.0,949.0,1516.0,1253.0,1342.0,1312.0,4142.0,3677.0,1213.0,1181.0,4908.0,5215.0,4610.0,4757.0,572.0,689.0,6006.0,5075.0,7455.0,6524.0,6139.0,5812.0,4092.0,4251.0,5666.0,4437.0,409.0,382.0,498.0,356.0
A00040151,2.424,2.924,2.485,2.24,2.743,2.575,1.945,1.75,3.365,3.459,3.437,3.268,2.76,2.714,2.443,2.551,2.727,2.884,2.955,3.115,2.278,2.434,2.204,2.282,2.764,2.893,2.138,1.895,2.286,2.488,3.101,2.947,2.413,2.22,2.609,2.76,2.489,2.691,2.701,2.774,2.561,2.661,1.584,1.479,2.208,2.245,2.341,2.476,2.649,2.55,2.479,2.476,2.692,2.671,2.382,2.53,2.937,2.791,2.34,2.454,3.141,3.099,2.605,2.663,3.548,3.733,2.976,2.78,1038.0,852.0,523.0,888.0,2582.0,2396.0,1305.0,1545.0,499.0,330.0,286.0,252.0,3385.0,3168.0,4075.0,5382.0,2679.0,3255.0,2620.0,2245.0,1069.0,837.0,4617.0,4890.0,2750.0,2782.0,2818.0,2915.0,1730.0,1744.0,3421.0,3447.0,1303.0,1554.0,612.0,590.0,1272.0,1679.0,721.0,829.0,1409.0,1265.0,1589.0,1252.0,4463.0,4519.0,1163.0,1231.0,4905.0,5368.0,3333.0,3590.0,752.0,807.0,6010.0,5974.0,7157.0,6942.0,4686.0,4976.0,3916.0,4043.0,4322.0,3557.0,470.0,412.0,380.0,299.0
A00040152,2.427,2.579,3.272,2.337,2.504,2.311,1.967,1.831,3.432,3.444,2.71,2.779,2.778,2.812,2.441,2.512,2.826,2.878,3.006,2.908,2.648,2.17,2.168,2.32,2.827,2.615,2.117,2.06,2.391,2.392,2.858,2.933,2.338,2.495,2.872,2.685,2.488,2.403,2.569,2.636,2.212,2.321,1.63,1.563,2.019,1.967,2.377,2.576,2.444,2.6,2.421,2.416,2.416,2.804,2.292,2.305,2.616,2.623,2.194,2.218,2.798,2.648,2.487,2.597,4.076,3.908,2.239,2.392,999.0,768.0,796.0,662.0,2090.0,2529.0,1697.0,1582.0,478.0,407.0,398.0,279.0,2722.0,2743.0,5256.0,5353.0,3179.0,2851.0,2457.0,2695.0,923.0,983.0,5011.0,4880.0,2578.0,2381.0,3165.0,2769.0,2129.0,2141.0,3318.0,2793.0,1297.0,1333.0,562.0,663.0,1386.0,1705.0,759.0,818.0,1546.0,1746.0,1564.0,1432.0,4004.0,3969.0,1199.0,1087.0,4936.0,5115.0,4027.0,4140.0,636.0,950.0,5548.0,5473.0,7346.0,7438.0,6334.0,5929.0,3795.0,4139.0,4686.0,4362.0,405.0,446.0,423.0,337.0
A00040174,2.398,2.753,2.589,2.643,2.682,2.709,1.963,1.848,3.278,3.411,2.757,2.421,2.743,2.891,2.474,2.572,2.817,2.69,3.206,3.235,2.435,2.514,2.282,2.337,2.786,2.707,2.082,2.09,2.479,2.576,2.974,2.957,2.598,2.633,2.803,3.098,2.715,2.564,2.817,2.881,2.597,2.643,1.706,1.702,2.192,1.99,2.624,2.49,2.637,2.626,2.436,2.487,3.107,3.236,2.445,2.477,2.731,2.663,2.324,2.413,2.762,2.784,2.546,2.567,4.003,4.124,2.335,2.443,852.0,776.0,473.0,777.0,2052.0,1852.0,1446.0,1427.0,573.0,419.0,263.0,253.0,3417.0,3110.0,4398.0,4746.0,2749.0,2767.0,2355.0,2352.0,985.0,678.0,4790.0,4463.0,2549.0,2437.0,3098.0,3107.0,1699.0,1793.0,3025.0,2798.0,1129.0,1472.0,637.0,589.0,1391.0,1861.0,753.0,985.0,1563.0,1401.0,1379.0,1276.0,3843.0,3620.0,1014.0,1087.0,4455.0,5041.0,3572.0,3678.0,625.0,686.0,5402.0,4556.0,7225.0,6232.0,5343.0,5282.0,3739.0,3839.0,4391.0,4106.0,470.0,421.0,616.0,379.0
A00040181,2.255,2.357,2.839,2.486,2.444,2.419,1.705,1.8,3.042,3.066,3.052,3.019,2.563,2.571,2.366,2.387,2.809,2.909,3.026,2.996,2.361,2.867,2.078,2.125,2.648,2.681,1.998,1.842,2.229,2.381,2.686,2.706,2.103,2.313,2.401,2.722,2.479,2.501,2.816,2.73,2.407,2.245,1.401,1.382,1.902,1.913,2.642,2.494,2.285,2.391,2.242,2.227,2.976,2.854,2.394,2.453,2.524,2.595,2.026,1.991,2.499,2.526,2.428,2.465,3.27,3.916,1.964,2.127,883.0,689.0,626.0,526.0,1787.0,1895.0,1414.0,1476.0,367.0,331.0,280.0,238.0,2688.0,2393.0,3657.0,4729.0,2591.0,3088.0,2146.0,2152.0,711.0,709.0,4626.0,5273.0,2468.0,2352.0,2726.0,2613.0,1745.0,1751.0,2798.0,2677.0,1402.0,1456.0,603.0,527.0,1423.0,1567.0,596.0,646.0,1548.0,1368.0,1285.0,1144.0,3599.0,3505.0,919.0,1036.0,4169.0,4446.0,3364.0,3486.0,523.0,766.0,5156.0,5676.0,6544.0,6267.0,4578.0,4908.0,3526.0,3841.0,3533.0,3073.0,377.0,397.0,507.0,358.0
A00040182,2.367,2.57,2.411,2.305,2.498,2.562,1.871,1.883,3.623,3.387,2.299,2.675,2.552,2.729,2.364,2.37,2.91,2.718,2.859,2.932,2.098,2.179,2.03,2.188,2.646,2.68,1.947,1.985,2.416,2.345,2.677,2.676,2.621,2.395,2.353,2.465,2.513,2.607,2.696,2.43,2.443,2.234,1.548,1.676,2.082,2.065,2.181,2.432,2.488,2.492,2.451,2.293,2.572,2.609,2.282,2.307,2.608,2.648,2.22,2.223,2.705,2.629,2.392,2.343,3.731,3.866,2.248,2.404,612.0,723.0,594.0,841.0,2364.0,2465.0,1621.0,1987.0,421.0,345.0,374.0,239.0,3110.0,2905.0,4577.0,4744.0,3568.0,3705.0,2511.0,2380.0,942.0,1078.0,4782.0,5248.0,2313.0,2079.0,3137.0,3169.0,1579.0,1866.0,3256.0,2704.0,1550.0,1242.0,606.0,624.0,1531.0,1483.0,588.0,619.0,1426.0,1268.0,1861.0,1473.0,4311.0,3694.0,1266.0,1223.0,4898.0,5137.0,3405.0,4115.0,539.0,807.0,5944.0,5827.0,7814.0,6872.0,6290.0,5659.0,3210.0,3255.0,3438.0,3346.0,421.0,453.0,401.0,299.0
A00040193,2.643,2.617,2.889,2.4,2.542,2.467,1.965,1.961,3.047,2.964,2.909,2.7,2.709,2.609,2.419,2.493,2.715,2.681,2.814,3.009,2.173,2.21,2.126,2.099,2.725,2.675,1.952,1.903,2.522,2.369,2.924,2.844,2.316,2.316,2.577,3.044,2.691,2.666,2.751,2.585,2.683,2.433,1.667,1.631,2.034,1.923,2.404,2.48,2.444,2.407,2.261,2.253,2.745,2.837,2.412,2.501,2.925,2.838,2.049,2.014,2.863,2.907,2.349,2.538,3.433,3.181,1.904,1.794,935.0,848.0,554.0,834.0,2083.0,1913.0,1313.0,1594.0,440.0,459.0,316.0,241.0,3190.0,2850.0,4449.0,4466.0,3487.0,3632.0,2807.0,2500.0,932.0,850.0,4454.0,4316.0,2506.0,2569.0,3351.0,3165.0,1733.0,1941.0,3494.0,2805.0,1377.0,1585.0,632.0,656.0,1234.0,1542.0,756.0,808.0,1738.0,1558.0,1846.0,1589.0,3676.0,3561.0,1115.0,1072.0,4632.0,4914.0,3343.0,3448.0,693.0,677.0,6121.0,5976.0,6848.0,6961.0,4694.0,4603.0,3904.0,3802.0,3691.0,3495.0,425.0,601.0,439.0,341.0
A00040225,2.128,2.761,2.681,2.38,2.531,2.517,2.005,1.973,3.272,3.573,2.591,3.014,2.715,2.656,2.484,2.513,2.848,2.838,2.956,2.907,2.452,2.336,2.29,2.298,2.68,2.542,1.877,1.944,2.147,2.502,2.952,2.808,2.64,2.627,2.809,2.903,2.535,2.579,2.596,2.628,2.557,2.447,1.601,1.61,2.102,2.008,2.618,2.556,2.577,2.559,2.417,2.596,2.844,2.456,2.329,2.272,2.701,2.62,2.264,2.216,2.745,2.632,2.608,2.525,3.488,3.768,2.521,2.249,785.0,724.0,434.0,597.0,1703.0,1754.0,1212.0,1341.0,434.0,478.0,294.0,192.0,2607.0,2762.0,3797.0,4708.0,3322.0,2706.0,2209.0,2091.0,913.0,654.0,4112.0,4267.0,2340.0,2470.0,2481.0,2605.0,1598.0,1664.0,3039.0,2800.0,1209.0,1230.0,543.0,680.0,1175.0,1401.0,610.0,845.0,1490.0,1228.0,1294.0,1009.0,3424.0,3702.0,841.0,826.0,4136.0,4099.0,3564.0,3396.0,391.0,804.0,4981.0,4841.0,6070.0,5144.0,4843.0,5332.0,3117.0,3505.0,4082.0,3639.0,513.0,478.0,388.0,299.0
A00040226,2.672,2.795,3.133,2.683,2.632,2.781,2.056,1.879,3.37,3.486,3.065,3.206,2.865,2.907,2.636,2.791,2.82,2.982,3.154,3.354,2.657,2.485,2.256,2.33,2.719,2.984,2.044,2.041,2.716,2.539,3.11,3.051,2.64,2.885,2.865,2.822,2.775,2.591,2.926,2.706,2.743,2.609,1.518,1.747,2.103,2.154,2.656,2.659,2.87,2.836,2.579,2.507,3.372,3.43,2.559,2.675,3.044,3.008,2.408,2.607,3.208,3.022,2.931,2.71,4.075,4.182,2.816,2.74,664.0,616.0,433.0,277.0,1161.0,1194.0,1226.0,1188.0,334.0,344.0,252.0,237.0,1946.0,2608.0,2834.0,3263.0,2082.0,2073.0,1785.0,1758.0,698.0,657.0,4013.0,3717.0,1630.0,1654.0,2276.0,2082.0,1248.0,1343.0,2261.0,1916.0,1007.0,1166.0,422.0,489.0,916.0,1209.0,424.0,627.0,1142.0,1087.0,1232.0,1027.0,2800.0,2614.0,701.0,854.0,3192.0,3075.0,2294.0,2675.0,312.0,392.0,4093.0,4093.0,5149.0,5186.0,3538.0,3624.0,2670.0,2576.0,2437.0,2683.0,408.0,326.0,307.0,206.0
A00040257,2.484,2.555,3.013,2.464,2.625,2.54,1.645,1.682,2.995,3.217,2.637,2.682,2.827,2.82,2.365,2.373,2.793,2.839,3.066,2.883,2.406,2.484,2.13,2.255,2.749,2.804,1.926,2.04,2.605,2.42,2.891,2.614,2.573,2.655,2.808,2.786,2.642,2.569,2.555,2.682,2.409,2.499,1.561,1.465,2.084,2.204,2.581,2.584,2.695,2.605,2.319,2.246,2.974,2.848,2.322,2.299,2.781,2.658,2.173,2.208,2.711,2.624,2.51,2.519,3.878,4.406,2.321,2.29,994.0,957.0,506.0,687.0,2090.0,1787.0,1122.0,1454.0,471.0,371.0,262.0,235.0,2832.0,2989.0,4669.0,4953.0,2778.0,3222.0,1933.0,2077.0,897.0,688.0,4426.0,4259.0,2025.0,2016.0,3048.0,2897.0,1564.0,1711.0,3120.0,2848.0,1181.0,1332.0,587.0,615.0,1222.0,1459.0,540.0,692.0,1377.0,1238.0,1333.0,1189.0,4294.0,4030.0,952.0,1023.0,4487.0,4460.0,3658.0,3930.0,524.0,740.0,5149.0,4992.0,5848.0,5813.0,5201.0,5362.0,3318.0,3177.0,3330.0,3811.0,369.0,365.0,301.0,287.0
A00040285,2.572,2.599,2.129,2.261,2.586,2.722,1.827,1.806,3.275,3.228,2.641,2.894,2.825,2.704,2.437,2.473,2.77,2.769,2.999,2.877,2.212,2.489,2.343,2.516,2.696,2.561,2.114,1.957,2.418,2.491,2.794,2.837,2.415,2.602,3.0,2.925,2.611,2.559,2.739,2.752,2.386,2.401,1.655,1.662,2.027,2.124,2.328,2.257,2.685,2.619,2.461,2.417,2.632,2.647,2.408,2.528,2.718,2.751,2.31,2.303,2.77,2.73,2.441,2.679,3.316,3.691,2.131,2.186,955.0,853.0,603.0,742.0,2147.0,2093.0,1242.0,1306.0,591.0,528.0,289.0,222.0,2654.0,2877.0,4288.0,5828.0,3602.0,3210.0,2081.0,2171.0,873.0,799.0,4440.0,4325.0,2432.0,2277.0,2846.0,2796.0,1888.0,1711.0,3252.0,2903.0,1191.0,1367.0,636.0,826.0,1139.0,1491.0,598.0,791.0,1193.0,1161.0,1113.0,997.0,3735.0,4170.0,1169.0,1135.0,4371.0,4554.0,3420.0,3994.0,521.0,581.0,5615.0,5681.0,6181.0,5994.0,5191.0,4658.0,2934.0,3348.0,4498.0,2927.0,473.0,479.0,423.0,256.0
A00040286,2.33,2.488,2.584,2.216,2.375,2.446,1.802,1.843,3.18,3.22,2.367,2.492,2.659,2.851,2.418,2.455,2.56,2.537,2.788,2.875,2.217,2.208,2.107,2.133,2.396,2.437,1.95,1.88,2.247,2.276,2.599,2.641,2.371,2.517,2.499,2.801,2.53,2.548,2.445,2.204,2.264,2.22,1.527,1.458,2.018,1.839,2.454,2.371,2.524,2.586,2.207,2.218,2.66,2.682,2.115,2.22,2.61,2.545,2.097,2.16,2.545,2.63,2.476,2.363,3.507,3.433,2.286,2.277,1008.0,872.0,656.0,601.0,1925.0,2144.0,1397.0,1653.0,455.0,355.0,298.0,236.0,2697.0,2791.0,3857.0,4904.0,2951.0,3671.0,2270.0,2173.0,1036.0,769.0,4331.0,4475.0,2532.0,2503.0,2938.0,3015.0,1599.0,1823.0,3049.0,2804.0,1251.0,1335.0,591.0,627.0,1226.0,1453.0,672.0,772.0,1582.0,1289.0,1435.0,1420.0,3927.0,3919.0,1119.0,1231.0,4404.0,4779.0,3431.0,3477.0,547.0,791.0,6075.0,6030.0,7208.0,6966.0,5376.0,5593.0,3632.0,3417.0,3636.0,3249.0,460.0,465.0,358.0,300.0
A00040301,2.579,2.528,2.754,2.544,2.765,2.916,1.8,1.96,2.66,2.629,2.874,2.712,2.711,2.795,2.602,2.565,3.147,3.046,3.289,3.231,2.632,2.473,2.346,2.442,2.97,2.804,2.158,2.183,2.604,2.405,2.809,2.926,2.744,2.734,2.816,2.698,2.693,2.705,2.658,2.835,2.415,2.922,1.462,1.487,2.23,2.461,2.466,2.746,2.871,2.891,2.592,2.576,3.066,3.111,2.397,2.638,3.056,2.971,2.442,2.447,3.061,3.146,2.918,2.943,2.952,3.278,2.738,2.791,840.0,806.0,548.0,675.0,1822.0,2024.0,1378.0,1655.0,372.0,322.0,257.0,230.0,2358.0,2402.0,3463.0,4587.0,2357.0,2199.0,1933.0,2060.0,871.0,923.0,3926.0,4023.0,2265.0,2111.0,2575.0,2425.0,1448.0,1626.0,2916.0,2065.0,1281.0,1196.0,514.0,617.0,1347.0,1325.0,665.0,719.0,1478.0,1031.0,1220.0,1021.0,3872.0,3912.0,1114.0,1085.0,4122.0,4758.0,3509.0,3778.0,429.0,546.0,4951.0,4341.0,6341.0,5729.0,5150.0,5359.0,3248.0,3312.0,3587.0,3221.0,305.0,415.0,420.0,340.0
A00040311,2.741,2.66,2.962,2.536,2.724,2.58,1.918,2.09,3.516,3.53,3.037,2.794,2.741,2.804,2.554,2.694,2.767,2.755,2.861,2.989,2.138,2.221,2.323,2.389,2.981,2.914,1.997,1.845,2.664,2.561,2.841,2.874,2.529,2.712,3.693,3.209,2.539,2.691,3.163,2.891,2.58,2.703,1.68,1.591,2.208,2.125,2.639,2.549,2.587,2.706,2.603,2.577,2.688,2.643,2.494,2.555,2.872,2.699,2.348,2.332,2.815,2.948,2.655,2.69,3.858,3.88,2.257,2.658,944.0,779.0,456.0,491.0,1398.0,1659.0,1166.0,1244.0,487.0,496.0,266.0,266.0,2706.0,2869.0,4160.0,4712.0,3087.0,2989.0,1937.0,1886.0,754.0,795.0,4938.0,4360.0,1975.0,1944.0,2708.0,2849.0,1568.0,1526.0,3059.0,2603.0,1127.0,1295.0,650.0,550.0,1113.0,1202.0,623.0,652.0,1232.0,1043.0,1222.0,1154.0,3435.0,3415.0,985.0,890.0,3759.0,4036.0,3039.0,3116.0,470.0,694.0,4700.0,4979.0,5142.0,5421.0,4880.0,4673.0,2947.0,3290.0,3609.0,3114.0,429.0,410.0,353.0,233.0
A00040312,2.323,2.434,2.826,2.553,2.375,2.451,1.652,1.77,2.47,3.256,2.041,2.188,2.527,2.692,2.196,2.499,2.76,2.597,2.741,3.068,2.194,2.202,1.996,2.099,2.292,2.364,1.775,1.842,2.269,2.218,2.635,2.642,2.241,2.336,2.444,2.989,2.556,2.467,2.388,2.52,2.273,2.242,1.748,1.566,1.824,1.908,2.598,2.369,2.287,2.342,2.195,2.194,2.655,2.613,2.087,2.038,2.37,2.458,1.956,1.883,2.729,2.757,2.336,2.54,3.374,4.056,2.355,2.203,1013.0,1032.0,520.0,874.0,1833.0,1791.0,1292.0,1298.0,499.0,505.0,265.0,256.0,3140.0,3187.0,4339.0,4860.0,3599.0,2842.0,2381.0,1933.0,804.0,652.0,3995.0,3743.0,2318.0,2430.0,2247.0,2295.0,1548.0,1785.0,3164.0,3002.0,1251.0,1581.0,488.0,602.0,1165.0,1337.0,578.0,718.0,1175.0,1152.0,1250.0,1180.0,3888.0,4308.0,960.0,927.0,4468.0,4767.0,3304.0,3755.0,684.0,828.0,5320.0,5090.0,7073.0,6262.0,5272.0,5541.0,3482.0,4151.0,3870.0,3486.0,389.0,423.0,424.0,291.0
A00040324,2.095,2.521,2.433,2.53,2.579,2.496,1.673,1.828,3.636,3.554,2.373,3.115,2.643,2.597,2.3,2.307,2.636,2.764,2.68,2.79,2.329,2.305,2.094,2.134,2.697,2.464,1.917,1.813,2.315,2.517,2.809,2.813,2.405,2.453,2.294,2.226,2.481,2.375,2.694,2.629,2.253,2.432,1.448,1.378,2.077,2.083,2.643,2.437,2.464,2.472,2.335,2.344,2.83,2.805,2.25,2.433,2.769,2.709,2.068,1.996,2.476,2.513,2.583,2.43,3.729,3.462,2.17,2.048,746.0,815.0,387.0,674.0,2114.0,1649.0,1253.0,1361.0,320.0,288.0,312.0,230.0,2816.0,3050.0,4503.0,5169.0,2948.0,3912.0,2613.0,2379.0,815.0,799.0,4865.0,4066.0,2722.0,2464.0,2718.0,2109.0,1578.0,2021.0,3484.0,2800.0,1310.0,1625.0,575.0,602.0,1234.0,1540.0,674.0,710.0,1341.0,1416.0,1175.0,1160.0,4445.0,4076.0,1129.0,836.0,4877.0,4981.0,3607.0,3433.0,582.0,872.0,4898.0,4615.0,7274.0,6785.0,5656.0,5347.0,3553.0,3360.0,3455.0,3768.0,497.0,373.0,432.0,311.0
A00040342,2.877,2.779,2.375,2.639,3.009,2.865,1.784,1.905,3.045,3.231,3.035,3.366,2.725,2.848,2.625,2.781,2.898,2.936,3.045,3.046,2.654,2.529,2.236,2.392,2.967,2.686,1.916,1.872,2.788,2.533,3.091,2.949,2.567,2.773,3.026,2.981,2.746,2.98,2.72,2.894,2.611,2.822,1.563,1.533,2.069,2.12,2.409,2.65,2.554,2.69,2.586,2.546,3.021,3.17,2.387,2.714,3.153,2.989,2.125,2.45,2.92,2.863,2.683,2.734,3.472,3.692,2.664,2.494,1221.0,1155.0,364.0,648.0,2216.0,2207.0,1473.0,1480.0,408.0,425.0,244.0,216.0,2919.0,2859.0,4899.0,5630.0,3156.0,3146.0,1975.0,1928.0,978.0,922.0,4816.0,4351.0,2336.0,2193.0,2907.0,2918.0,1502.0,1550.0,3567.0,2905.0,1387.0,1460.0,630.0,696.0,991.0,1215.0,573.0,645.0,1069.0,940.0,1424.0,1272.0,3990.0,4147.0,1292.0,1210.0,4576.0,4850.0,3369.0,3825.0,380.0,608.0,4922.0,5010.0,7298.0,6703.0,4680.0,4611.0,3314.0,3248.0,3217.0,3225.0,434.0,363.0,361.0,251.0
A00040343,2.4,2.635,2.639,2.757,2.532,2.633,1.793,1.709,3.262,3.611,2.868,2.633,2.791,2.642,2.499,2.521,2.838,2.918,2.984,3.154,2.594,2.613,2.213,2.343,2.773,2.75,1.962,2.032,2.511,2.659,2.954,2.928,2.522,2.547,2.706,2.404,2.469,2.601,2.78,3.031,2.429,2.482,1.389,1.405,2.117,2.056,2.358,2.235,2.676,2.57,2.407,2.393,3.158,3.285,2.415,2.376,2.749,2.75,2.205,2.264,2.921,2.852,2.662,2.571,3.532,3.971,2.269,2.478,993.0,760.0,540.0,834.0,1772.0,2022.0,1389.0,1472.0,313.0,378.0,279.0,217.0,2501.0,2701.0,4591.0,5497.0,2610.0,2892.0,2167.0,2004.0,807.0,856.0,4584.0,4241.0,2209.0,2022.0,3190.0,2972.0,1639.0,1637.0,2938.0,2868.0,1241.0,1317.0,509.0,497.0,1267.0,1579.0,597.0,709.0,1328.0,1258.0,1633.0,1500.0,3298.0,3495.0,1006.0,1248.0,3918.0,4495.0,3355.0,3829.0,601.0,595.0,4658.0,4737.0,6255.0,5552.0,5169.0,5422.0,3275.0,3651.0,3754.0,3601.0,399.0,427.0,396.0,286.0
A00040351,2.82,2.72,2.617,3.113,2.848,2.595,1.994,2.068,3.63,3.917,2.891,3.183,3.048,2.912,2.531,2.627,3.078,2.885,3.204,3.064,2.389,2.657,2.149,2.349,2.816,2.901,2.179,2.18,2.562,2.742,3.105,3.049,2.402,2.631,3.115,2.977,2.799,2.697,2.903,3.138,2.95,2.704,1.624,1.601,2.254,2.067,2.673,2.645,2.514,2.742,2.569,2.715,3.051,3.047,2.611,2.699,2.747,2.815,2.365,2.346,2.808,2.906,2.688,2.663,3.92,3.691,2.706,2.352,676.0,774.0,544.0,403.0,1841.0,1832.0,1271.0,1294.0,349.0,372.0,257.0,220.0,2293.0,2333.0,3895.0,4584.0,2742.0,2785.0,2001.0,1812.0,736.0,603.0,4151.0,3971.0,2067.0,2088.0,2566.0,2362.0,1559.0,1712.0,3120.0,2638.0,1252.0,1451.0,487.0,526.0,969.0,1352.0,534.0,600.0,1035.0,977.0,1265.0,1031.0,3478.0,3210.0,829.0,971.0,3990.0,3952.0,3004.0,3063.0,319.0,698.0,4412.0,4058.0,5460.0,6092.0,4388.0,4034.0,3092.0,2961.0,2501.0,2490.0,339.0,379.0,329.0,246.0
A00040383,2.277,2.466,2.628,2.508,2.629,2.721,1.699,1.789,3.057,3.495,2.632,2.498,2.676,2.832,2.509,2.612,2.532,2.596,2.863,3.094,2.412,2.323,2.028,2.027,2.812,2.65,1.95,1.877,2.461,2.376,2.935,2.914,2.482,2.316,2.667,2.662,2.683,2.644,2.746,2.661,2.525,2.511,1.479,1.451,2.002,2.086,2.625,2.537,2.535,2.574,2.246,2.263,2.928,2.771,2.408,2.438,2.847,2.774,2.002,2.059,2.878,2.788,2.723,2.622,4.097,3.665,2.043,1.883,882.0,685.0,342.0,563.0,1926.0,1730.0,1692.0,1529.0,421.0,268.0,232.0,194.0,2792.0,2811.0,3836.0,4259.0,2971.0,2912.0,2200.0,1749.0,747.0,730.0,4520.0,4754.0,2142.0,2326.0,2816.0,2873.0,1304.0,1625.0,3138.0,2951.0,1272.0,1314.0,626.0,647.0,1091.0,1256.0,546.0,678.0,1198.0,1002.0,1735.0,1440.0,3729.0,3701.0,886.0,812.0,4164.0,4404.0,3706.0,3669.0,542.0,584.0,4900.0,4049.0,6219.0,5401.0,5210.0,5928.0,3057.0,3134.0,2831.0,2919.0,417.0,507.0,334.0,328.0
A00040439,2.261,2.226,2.756,2.752,2.329,2.323,1.71,1.714,3.762,3.468,2.441,2.743,2.737,2.64,2.383,2.541,2.784,2.783,2.932,2.937,2.317,2.263,2.257,2.224,2.639,2.653,1.755,1.724,2.284,2.287,2.741,2.777,2.204,2.223,2.663,2.941,2.43,2.41,2.646,2.684,2.355,2.502,1.439,1.226,2.011,2.027,2.438,2.533,2.293,2.316,2.401,2.402,2.639,2.662,2.282,2.286,2.721,2.637,2.207,2.217,2.681,2.574,2.505,2.446,3.923,3.635,1.92,2.355,655.0,647.0,456.0,452.0,1430.0,1496.0,1049.0,1326.0,398.0,356.0,249.0,221.0,2240.0,2552.0,2802.0,3736.0,2531.0,2461.0,1707.0,1684.0,709.0,631.0,3665.0,4618.0,2070.0,1939.0,2258.0,2420.0,1289.0,1501.0,2371.0,2058.0,1061.0,1104.0,473.0,543.0,935.0,1334.0,540.0,669.0,1112.0,1019.0,1108.0,861.0,2978.0,2950.0,798.0,763.0,3865.0,3627.0,3084.0,2864.0,420.0,600.0,4250.0,4368.0,5626.0,5481.0,4402.0,4304.0,2540.0,2940.0,2731.0,2308.0,405.0,402.0,412.0,198.0
A00040461,2.558,2.932,2.66,2.602,2.652,2.736,1.811,1.9,3.459,3.896,3.008,2.926,2.974,2.969,2.631,2.653,2.909,2.825,2.817,3.301,2.402,2.589,2.414,2.545,2.59,2.763,1.94,1.947,2.299,2.377,3.192,3.117,2.574,2.666,2.843,3.081,2.639,2.682,2.975,2.881,2.599,2.521,1.628,1.551,2.339,2.327,2.571,2.387,2.814,2.869,2.524,2.515,2.981,2.645,2.407,2.377,2.757,2.744,2.39,2.302,3.124,2.945,2.685,2.721,3.696,4.02,2.797,2.696,1089.0,869.0,591.0,553.0,1727.0,1881.0,1191.0,1254.0,430.0,376.0,292.0,234.0,3138.0,3132.0,4918.0,5399.0,2913.0,3038.0,2452.0,2160.0,835.0,697.0,4199.0,4125.0,2253.0,2152.0,2882.0,2322.0,1715.0,1723.0,3410.0,2984.0,1341.0,1603.0,647.0,691.0,1374.0,1953.0,603.0,713.0,1578.0,1499.0,1242.0,1066.0,3687.0,3580.0,943.0,831.0,4346.0,4237.0,3493.0,3681.0,604.0,800.0,4513.0,4770.0,5704.0,6066.0,5517.0,5228.0,3199.0,3353.0,3931.0,3711.0,501.0,489.0,329.0,269.0
A00040462,2.486,2.545,2.767,2.474,2.569,2.594,1.681,1.799,3.88,3.688,2.948,3.069,2.795,2.784,2.438,2.423,2.88,2.828,2.963,3.126,2.409,2.901,2.205,2.177,2.742,2.533,2.112,1.962,2.587,2.488,2.932,3.029,2.608,2.501,2.704,2.677,2.446,2.64,3.0,2.658,2.416,2.521,1.48,1.508,2.137,2.144,2.581,2.405,2.52,2.594,2.358,2.337,2.894,2.853,2.282,2.469,2.747,2.741,2.104,2.126,2.947,3.063,2.516,2.536,4.007,4.177,2.223,2.236,969.0,823.0,525.0,518.0,2409.0,2605.0,1516.0,1570.0,482.0,347.0,308.0,252.0,2989.0,3260.0,4657.0,6176.0,3509.0,2988.0,2456.0,2373.0,929.0,818.0,5037.0,5106.0,2464.0,2519.0,2922.0,3175.0,1619.0,1754.0,3720.0,3171.0,1226.0,1304.0,719.0,711.0,1441.0,1686.0,704.0,851.0,1524.0,1396.0,1564.0,1470.0,4062.0,3852.0,935.0,1144.0,4702.0,4789.0,3688.0,4005.0,472.0,666.0,6065.0,5438.0,7147.0,6743.0,5117.0,5264.0,3671.0,3731.0,3857.0,3305.0,488.0,506.0,503.0,322.0
A00040493,2.529,2.404,2.67,2.932,2.786,2.44,1.846,1.871,3.314,3.32,3.174,3.37,2.868,2.951,2.607,2.759,2.795,2.81,3.308,3.212,2.577,2.329,2.287,2.215,2.908,2.962,1.978,1.934,2.587,2.387,2.92,2.917,2.557,2.421,2.455,2.667,2.691,2.762,2.791,2.746,2.5,2.398,1.634,1.491,2.037,2.058,2.612,2.625,2.655,2.613,2.39,2.393,2.893,2.873,2.371,2.534,2.772,2.806,2.205,2.164,2.759,2.858,2.757,2.811,4.085,3.912,2.788,2.648,839.0,857.0,850.0,611.0,1930.0,1960.0,1521.0,1510.0,426.0,398.0,285.0,225.0,2911.0,2803.0,4504.0,5648.0,3135.0,3625.0,2308.0,2350.0,736.0,828.0,4833.0,4577.0,2677.0,2326.0,2810.0,2724.0,2046.0,1934.0,3402.0,2962.0,1438.0,1630.0,674.0,697.0,1239.0,1698.0,652.0,717.0,1508.0,1408.0,1666.0,1594.0,4021.0,3722.0,1081.0,1102.0,4676.0,4673.0,3718.0,3888.0,526.0,913.0,5003.0,4885.0,6351.0,6752.0,5039.0,5264.0,3219.0,3107.0,3832.0,3535.0,466.0,441.0,407.0,364.0
A00040494,2.483,2.792,2.663,2.35,2.527,2.581,1.91,2.118,3.707,3.649,3.013,2.977,2.609,2.667,2.457,2.605,2.706,2.824,2.914,2.88,2.242,2.471,2.082,2.296,2.612,2.571,1.974,2.009,2.63,2.306,2.857,2.784,2.501,2.468,2.548,2.884,2.357,2.623,2.78,2.664,2.638,2.536,1.595,1.563,2.084,2.004,2.306,2.352,2.541,2.445,2.428,2.358,2.838,3.083,2.441,2.57,2.895,2.728,2.351,2.149,2.82,2.76,2.471,2.599,3.261,3.915,1.907,1.727,859.0,671.0,445.0,643.0,1408.0,1866.0,1634.0,1889.0,399.0,487.0,283.0,226.0,2804.0,2804.0,3982.0,4485.0,2865.0,2772.0,2265.0,2026.0,876.0,799.0,4881.0,4281.0,2458.0,2424.0,3518.0,3150.0,1632.0,1870.0,2876.0,2657.0,1207.0,1309.0,591.0,606.0,1213.0,1230.0,630.0,723.0,1268.0,1267.0,2178.0,1731.0,3717.0,3371.0,1082.0,908.0,4201.0,4414.0,3323.0,3295.0,425.0,559.0,4620.0,4754.0,6699.0,6322.0,4622.0,5309.0,3180.0,3288.0,3027.0,3106.0,437.0,317.0,388.0,305.0
A00040500,2.524,2.524,2.476,2.334,2.713,2.557,1.856,1.91,3.25,3.356,2.37,2.754,2.686,2.766,2.56,2.585,2.59,2.825,2.971,2.859,2.51,2.395,2.195,2.224,2.631,2.455,2.022,1.977,2.38,2.2,2.633,2.893,2.382,2.36,2.736,2.446,2.544,2.604,2.661,2.732,2.467,2.378,1.708,1.495,2.05,2.14,2.407,2.617,2.645,2.595,2.364,2.278,2.466,2.711,2.256,2.475,2.776,2.684,2.222,2.3,2.794,2.77,2.558,2.547,3.591,3.914,2.212,2.116,895.0,827.0,476.0,687.0,2271.0,2083.0,1577.0,1772.0,454.0,401.0,282.0,251.0,2693.0,3415.0,4403.0,5240.0,3192.0,3219.0,2566.0,2514.0,977.0,960.0,5581.0,5333.0,2664.0,2680.0,3913.0,3475.0,1769.0,1734.0,3090.0,2854.0,1266.0,1406.0,607.0,716.0,1383.0,1651.0,749.0,884.0,1365.0,1179.0,1906.0,1751.0,4177.0,3792.0,1014.0,1052.0,5003.0,5261.0,3812.0,4225.0,717.0,799.0,5420.0,5137.0,7556.0,7221.0,4692.0,5038.0,4115.0,4080.0,4375.0,3802.0,510.0,453.0,634.0,440.0
A00040517,2.544,2.581,2.076,2.303,2.64,2.615,1.866,1.935,3.052,2.831,2.553,2.685,2.628,2.701,2.405,2.407,2.659,2.688,2.964,2.819,2.245,2.325,2.128,2.277,2.595,2.88,1.843,1.926,2.38,2.224,2.761,2.674,2.529,2.47,2.498,2.462,2.665,2.479,2.525,2.619,2.392,2.383,1.581,1.705,2.084,2.126,2.508,2.466,2.496,2.552,2.344,2.408,2.606,2.586,2.262,2.326,2.575,2.594,2.256,2.237,2.699,2.514,2.478,2.672,3.614,3.627,2.583,2.653,624.0,797.0,625.0,760.0,2592.0,2410.0,1478.0,1676.0,480.0,414.0,351.0,296.0,3319.0,3341.0,4037.0,4641.0,3755.0,3251.0,2427.0,2780.0,1096.0,907.0,5644.0,5692.0,2963.0,2638.0,3120.0,3528.0,2205.0,2259.0,3451.0,2708.0,1521.0,1713.0,667.0,621.0,1752.0,2089.0,769.0,1012.0,1914.0,1814.0,1580.0,1282.0,4280.0,3987.0,1224.0,1152.0,5783.0,5517.0,4332.0,3844.0,672.0,1238.0,5908.0,6084.0,7473.0,7365.0,6049.0,6221.0,3787.0,4116.0,3987.0,3256.0,514.0,464.0,456.0,410.0
A00040524,2.498,2.866,2.555,2.227,2.732,2.668,1.716,1.801,3.701,3.302,2.936,2.887,2.759,2.785,2.569,2.745,2.993,3.251,3.114,3.34,2.593,2.811,2.231,2.38,2.697,2.683,1.947,1.917,2.449,2.423,3.227,3.063,2.352,2.36,2.341,2.498,2.817,2.815,2.467,2.651,2.449,2.445,1.596,1.622,2.035,2.102,2.724,2.67,2.39,2.552,2.46,2.486,3.124,3.146,2.335,2.307,2.791,2.819,2.336,2.309,3.088,3.028,2.73,2.806,3.77,4.098,2.586,2.593,1043.0,1012.0,579.0,783.0,2819.0,2126.0,1501.0,1667.0,316.0,330.0,337.0,231.0,2874.0,2920.0,4588.0,5982.0,2651.0,3407.0,2594.0,2084.0,849.0,792.0,4700.0,4889.0,2407.0,2590.0,3507.0,3143.0,1577.0,1899.0,3778.0,3148.0,1453.0,1493.0,801.0,797.0,1280.0,1807.0,787.0,986.0,1546.0,1563.0,1482.0,1313.0,4207.0,4463.0,1196.0,1380.0,5727.0,5623.0,3945.0,4362.0,532.0,846.0,6508.0,5531.0,7582.0,7583.0,5690.0,6470.0,4375.0,4452.0,4618.0,3678.0,443.0,470.0,462.0,353.0
A00040525,2.44,2.597,2.375,2.411,2.715,2.741,1.942,2.013,3.265,3.883,2.683,2.834,2.621,2.597,2.575,2.535,2.886,2.875,2.942,2.886,2.319,2.451,2.205,2.319,2.748,2.768,2.015,1.913,2.426,2.483,3.005,2.824,2.384,2.515,2.314,2.243,2.68,2.737,2.469,2.582,2.312,2.377,1.608,1.576,2.127,2.108,2.326,2.462,2.578,2.608,2.41,2.526,2.874,2.876,2.417,2.397,2.861,2.822,2.199,2.302,2.779,2.569,2.498,2.439,3.306,3.411,2.295,2.225,1022.0,778.0,464.0,741.0,1847.0,1680.0,1529.0,1737.0,368.0,274.0,282.0,209.0,2664.0,2761.0,4551.0,4326.0,2824.0,3056.0,2269.0,2403.0,1093.0,1152.0,4383.0,4382.0,2375.0,2191.0,3859.0,3383.0,1920.0,1859.0,2896.0,2840.0,1334.0,1440.0,661.0,713.0,1384.0,1462.0,700.0,740.0,1451.0,1413.0,2226.0,1967.0,4032.0,4265.0,1296.0,956.0,4164.0,4200.0,4059.0,3753.0,476.0,776.0,4645.0,4776.0,5896.0,5744.0,5090.0,5137.0,3373.0,3416.0,3433.0,3435.0,415.0,427.0,395.0,333.0
A00040543,2.583,2.648,2.593,2.388,2.902,2.878,2.079,2.01,2.922,3.223,2.811,2.813,2.891,2.9,2.649,2.691,3.023,3.154,3.189,3.257,2.512,2.466,2.328,2.55,2.673,2.681,2.043,2.22,2.577,2.304,3.07,3.147,2.642,2.706,2.486,2.472,2.869,3.056,2.826,2.787,2.601,2.643,1.587,1.53,2.348,2.374,2.696,2.882,2.749,2.788,2.747,2.617,3.013,3.204,2.491,2.548,3.061,2.883,2.438,2.51,3.143,3.093,2.791,2.742,2.757,2.474,2.883,2.715,975.0,1014.0,886.0,874.0,2487.0,2075.0,1437.0,1486.0,332.0,302.0,345.0,295.0,3119.0,3217.0,4736.0,5226.0,3189.0,3798.0,2821.0,2596.0,1108.0,937.0,4642.0,5091.0,2925.0,2744.0,2833.0,2873.0,2236.0,2381.0,3837.0,3466.0,1506.0,1571.0,697.0,784.0,1517.0,2084.0,740.0,945.0,1749.0,1649.0,1296.0,1205.0,4572.0,4366.0,1563.0,1299.0,5449.0,5148.0,3741.0,4320.0,713.0,793.0,7072.0,6446.0,9011.0,9408.0,5923.0,5981.0,4539.0,3976.0,5258.0,4294.0,354.0,274.0,612.0,401.0
A00040567,2.516,2.731,2.771,2.477,2.575,2.529,2.017,2.023,3.623,3.356,2.595,2.918,2.716,2.793,2.475,2.606,2.688,2.716,2.841,2.981,2.458,2.462,2.221,2.309,2.599,2.644,2.006,2.09,2.413,2.647,2.936,2.734,2.374,2.402,3.15,3.145,2.665,2.578,2.648,2.518,2.422,2.469,1.585,1.511,1.989,1.987,2.611,2.561,2.381,2.48,2.386,2.375,3.072,3.015,2.413,2.41,2.69,2.604,2.274,2.269,2.823,2.864,2.584,2.571,3.785,3.995,2.172,2.309,845.0,718.0,555.0,517.0,2697.0,2029.0,1472.0,1766.0,438.0,400.0,337.0,241.0,2788.0,2793.0,3650.0,4585.0,3678.0,3109.0,2309.0,2062.0,861.0,895.0,4805.0,4290.0,2600.0,2670.0,3185.0,3002.0,1672.0,1691.0,2856.0,2638.0,1441.0,1644.0,477.0,546.0,1328.0,1418.0,658.0,831.0,1554.0,1236.0,1503.0,1533.0,4077.0,3671.0,1079.0,949.0,4569.0,4756.0,4055.0,4455.0,555.0,642.0,6336.0,6000.0,6691.0,6734.0,5318.0,5288.0,3258.0,3615.0,3625.0,3227.0,483.0,465.0,453.0,350.0
A00040580,2.47,2.661,3.063,3.029,2.62,2.583,1.734,1.837,3.506,3.709,2.719,2.591,2.635,2.911,2.442,2.514,2.527,2.789,3.257,3.191,2.32,2.427,2.13,2.078,2.713,2.624,1.986,1.988,2.379,2.539,2.799,3.005,2.618,2.582,2.643,2.71,2.671,2.656,2.796,2.79,2.553,2.568,1.446,1.41,2.272,2.174,2.472,2.604,2.496,2.585,2.319,2.343,2.903,2.807,2.367,2.439,2.888,2.763,2.173,2.335,2.76,2.717,2.625,2.641,3.884,3.868,2.448,2.27,1009.0,902.0,479.0,490.0,1832.0,1912.0,1421.0,1519.0,307.0,296.0,278.0,228.0,3038.0,2660.0,4612.0,4734.0,3084.0,2637.0,1933.0,1892.0,983.0,893.0,4866.0,4785.0,2150.0,2248.0,3406.0,3239.0,1585.0,1623.0,3073.0,2827.0,1220.0,1407.0,528.0,500.0,1203.0,1365.0,628.0,734.0,1412.0,1130.0,1754.0,1428.0,3574.0,3775.0,1028.0,1166.0,4323.0,4348.0,3770.0,3609.0,483.0,801.0,4607.0,4636.0,6199.0,6061.0,4895.0,4709.0,3352.0,3633.0,3450.0,3272.0,360.0,306.0,405.0,323.0
A00040594,2.426,2.529,2.385,2.472,2.53,2.341,1.791,1.768,3.365,3.159,2.448,2.663,2.726,2.628,2.368,2.312,2.581,2.62,2.866,2.905,2.066,2.329,2.206,2.13,2.524,2.425,1.944,1.986,2.385,2.183,2.602,2.621,2.357,2.295,2.686,2.559,2.34,2.233,2.276,2.357,2.211,2.332,1.558,1.49,2.066,2.153,2.504,2.396,2.387,2.533,2.293,2.229,2.403,2.336,2.108,2.175,2.576,2.559,2.073,2.184,2.676,2.586,2.553,2.475,3.252,3.189,1.951,2.356,1080.0,1058.0,801.0,809.0,2263.0,2106.0,1746.0,1807.0,363.0,478.0,346.0,254.0,3398.0,3305.0,5051.0,5225.0,3812.0,4347.0,2408.0,2460.0,1088.0,940.0,5290.0,5871.0,2784.0,2697.0,3524.0,3399.0,2200.0,2029.0,4213.0,3903.0,1375.0,1592.0,720.0,692.0,1637.0,1726.0,684.0,959.0,1779.0,1250.0,1681.0,1448.0,4149.0,4165.0,1241.0,1375.0,4915.0,4977.0,3996.0,4253.0,528.0,974.0,6272.0,6242.0,7317.0,7016.0,5965.0,6601.0,4055.0,4025.0,3792.0,4219.0,538.0,494.0,427.0,376.0
A00040599,2.685,2.434,2.177,2.251,2.267,2.401,1.751,1.773,3.201,3.545,3.496,3.157,2.561,2.526,2.284,2.22,2.69,2.721,2.948,2.974,2.104,2.289,2.095,2.058,2.721,2.607,2.073,1.785,2.652,2.46,2.867,2.888,2.074,2.081,2.897,3.167,2.416,2.472,2.606,2.882,2.174,2.467,1.537,1.498,2.069,2.03,2.326,2.196,2.211,2.199,2.083,2.105,2.546,2.753,2.354,2.181,2.646,2.628,1.996,1.994,2.667,2.742,2.59,2.332,3.179,3.797,2.256,2.059,864.0,887.0,550.0,733.0,1742.0,1625.0,1360.0,1570.0,441.0,383.0,231.0,190.0,2863.0,2933.0,3918.0,4430.0,3252.0,3231.0,2075.0,2049.0,1009.0,853.0,4585.0,4033.0,2174.0,2180.0,2956.0,3161.0,1497.0,1745.0,3601.0,2956.0,1319.0,1605.0,666.0,712.0,1127.0,1385.0,742.0,740.0,1352.0,1100.0,1686.0,1352.0,4070.0,3773.0,1092.0,1158.0,4722.0,4642.0,3252.0,3328.0,498.0,597.0,5146.0,5589.0,6540.0,5928.0,4888.0,4876.0,3542.0,3524.0,3052.0,3241.0,385.0,492.0,454.0,312.0
A00040604,2.337,2.522,2.712,2.483,2.433,2.503,1.688,1.901,3.657,3.469,2.305,2.725,2.575,2.749,2.308,2.31,2.608,2.722,3.043,3.031,2.317,2.418,2.055,2.082,2.556,2.548,1.933,1.971,2.316,2.406,2.721,2.853,2.296,2.365,2.806,3.218,2.514,2.548,2.532,2.601,2.321,2.302,1.603,1.379,1.983,2.049,2.429,2.527,2.551,2.514,2.382,2.381,2.876,2.941,2.196,2.257,2.615,2.47,2.144,2.109,2.743,2.75,2.392,2.465,3.562,3.63,2.553,2.259,759.0,799.0,487.0,621.0,2116.0,1989.0,1661.0,1624.0,357.0,407.0,321.0,250.0,2954.0,2729.0,4064.0,4194.0,2989.0,2765.0,2266.0,2066.0,887.0,715.0,4224.0,4962.0,2538.0,2379.0,2597.0,2579.0,1892.0,1719.0,2942.0,2852.0,1452.0,1494.0,486.0,622.0,1333.0,1500.0,657.0,820.0,1408.0,1115.0,1485.0,1522.0,3748.0,3598.0,1041.0,1158.0,4358.0,4229.0,3493.0,3852.0,631.0,615.0,5708.0,4918.0,7506.0,6723.0,5147.0,5592.0,3413.0,3575.0,3869.0,3243.0,423.0,373.0,374.0,348.0
A00040623,2.683,2.569,2.56,3.019,2.772,2.654,1.943,1.976,3.832,3.957,3.203,3.191,2.747,2.962,2.692,2.67,2.737,2.86,2.899,3.242,2.375,2.619,2.205,2.294,2.905,2.934,1.907,1.78,2.591,2.474,2.798,2.899,2.36,2.343,2.751,2.758,2.833,2.641,3.02,2.873,2.517,2.49,1.604,1.54,2.13,2.126,2.779,2.489,2.521,2.552,2.411,2.509,3.244,2.94,2.407,2.675,3.032,2.896,2.408,2.293,3.006,2.884,2.731,2.685,3.866,4.161,2.452,2.747,736.0,771.0,400.0,409.0,1915.0,1813.0,1392.0,1209.0,277.0,227.0,240.0,226.0,2311.0,2316.0,3058.0,3593.0,2313.0,2307.0,2423.0,1914.0,883.0,707.0,3883.0,3473.0,2059.0,1916.0,2900.0,2852.0,1527.0,1609.0,2655.0,2371.0,1154.0,1419.0,525.0,563.0,1140.0,1459.0,577.0,613.0,1364.0,1219.0,1396.0,1323.0,3611.0,3804.0,872.0,909.0,4486.0,4307.0,3166.0,2974.0,346.0,548.0,4301.0,4257.0,5881.0,5687.0,4594.0,4207.0,3072.0,3504.0,3011.0,2837.0,311.0,328.0,419.0,314.0
A00040628,2.839,2.763,2.783,2.494,2.976,2.877,2.072,2.008,3.606,3.87,2.667,3.19,2.993,2.947,2.733,2.84,2.989,3.027,3.162,3.148,2.604,2.646,2.206,2.385,2.839,2.756,2.212,2.111,2.455,2.577,3.196,3.275,2.68,2.631,3.248,3.3,2.817,2.755,2.949,2.836,2.625,2.761,1.557,1.702,2.431,2.435,2.504,2.526,2.872,2.869,2.674,2.64,3.435,3.339,2.534,2.538,3.035,2.971,2.412,2.353,3.094,2.938,2.955,2.857,3.224,3.623,2.585,2.653,1112.0,911.0,650.0,604.0,2645.0,2465.0,1634.0,1691.0,416.0,499.0,272.0,272.0,3333.0,3723.0,4705.0,6384.0,3354.0,3427.0,2608.0,2445.0,992.0,901.0,5369.0,5023.0,2832.0,2896.0,3352.0,3195.0,1884.0,1894.0,3824.0,3280.0,1402.0,1332.0,577.0,589.0,1722.0,1826.0,700.0,750.0,1631.0,1623.0,1786.0,1518.0,3915.0,3669.0,1263.0,1137.0,5084.0,4810.0,3784.0,4054.0,643.0,916.0,6235.0,6274.0,7660.0,7890.0,5225.0,4870.0,3893.0,3908.0,3730.0,3805.0,448.0,442.0,366.0,381.0
A00040640,2.645,2.712,2.87,2.637,2.874,2.685,1.922,1.856,2.491,3.7,2.742,3.037,2.84,2.858,2.617,2.685,3.003,2.918,2.995,3.208,2.73,2.499,2.203,2.423,2.816,2.612,2.091,1.933,2.402,2.371,3.139,3.152,2.566,2.736,3.214,3.169,2.567,2.644,2.824,2.991,2.536,2.612,1.525,1.49,2.121,2.104,2.65,2.291,2.491,2.575,2.53,2.499,2.927,3.278,2.327,2.49,2.866,2.972,2.344,2.321,3.067,3.033,2.827,2.721,3.636,3.759,2.167,2.638,788.0,851.0,489.0,504.0,1909.0,1800.0,1567.0,1613.0,532.0,295.0,287.0,211.0,2575.0,2888.0,3932.0,4271.0,3019.0,2990.0,2537.0,2140.0,988.0,897.0,4552.0,4941.0,2399.0,2597.0,3577.0,3513.0,1562.0,1721.0,3337.0,2807.0,1078.0,1088.0,540.0,586.0,1166.0,1467.0,682.0,753.0,1657.0,1625.0,1643.0,1585.0,3630.0,3542.0,880.0,1046.0,4463.0,4675.0,3293.0,3906.0,434.0,548.0,5840.0,5175.0,6730.0,6078.0,5025.0,5459.0,3581.0,4111.0,3825.0,3504.0,440.0,439.0,478.0,335.0
A00040678,2.571,2.761,2.766,2.751,2.636,2.476,1.753,2.001,2.992,2.79,2.694,2.503,2.817,2.717,2.508,2.507,2.794,2.95,2.999,2.806,2.144,2.222,2.163,2.229,2.519,2.703,1.945,1.771,2.205,2.363,2.864,2.748,2.43,2.755,2.489,2.71,2.498,2.579,2.594,2.551,2.194,2.4,1.568,1.488,2.031,1.942,2.381,2.325,2.517,2.614,2.46,2.408,2.771,2.734,2.374,2.402,2.787,2.765,2.288,2.248,2.785,2.86,2.545,2.477,3.651,3.578,2.32,2.33,810.0,725.0,600.0,499.0,1642.0,1740.0,1446.0,1658.0,452.0,345.0,300.0,214.0,2529.0,2763.0,3337.0,3751.0,2589.0,2822.0,1870.0,2428.0,913.0,732.0,4612.0,4114.0,2251.0,2202.0,2923.0,2799.0,1793.0,1669.0,2768.0,2665.0,1412.0,1418.0,594.0,584.0,1110.0,1369.0,574.0,807.0,1218.0,1351.0,1388.0,1362.0,3191.0,3238.0,971.0,977.0,4188.0,4265.0,3072.0,3279.0,396.0,806.0,5414.0,5401.0,6432.0,6650.0,4153.0,4145.0,3768.0,3331.0,3528.0,3373.0,448.0,471.0,324.0,302.0
A00040740,2.377,2.493,2.993,2.964,2.711,2.78,1.992,2.175,3.904,3.696,3.11,2.822,2.787,2.763,2.598,2.573,2.885,2.851,2.97,3.088,2.37,2.567,2.229,2.364,2.887,2.762,1.84,1.838,2.657,2.685,2.743,2.727,2.597,2.692,2.876,2.737,2.94,2.801,2.861,2.739,2.72,2.488,1.591,1.626,2.074,2.06,2.879,2.714,2.772,2.765,2.669,2.573,2.653,2.831,2.523,2.537,3.004,2.886,2.336,2.358,2.92,2.866,2.594,2.548,3.442,3.976,2.393,2.347,769.0,788.0,840.0,597.0,1900.0,1547.0,1539.0,1734.0,411.0,430.0,306.0,217.0,2666.0,2636.0,3841.0,4627.0,2929.0,2948.0,2321.0,2204.0,926.0,776.0,4714.0,4277.0,2591.0,2649.0,2915.0,2713.0,1605.0,1881.0,3025.0,2803.0,1409.0,1572.0,694.0,707.0,987.0,1279.0,623.0,703.0,1384.0,1215.0,1586.0,1388.0,4196.0,3636.0,998.0,1090.0,4434.0,4602.0,3381.0,3400.0,535.0,954.0,7028.0,6389.0,7223.0,7035.0,5237.0,5640.0,3730.0,4087.0,3369.0,3496.0,376.0,375.0,501.0,314.0
A00040741,2.479,2.617,2.691,2.829,2.739,2.721,1.73,1.733,3.679,3.432,2.961,3.423,2.72,2.779,2.427,2.497,2.948,3.1,2.792,2.688,2.511,2.452,2.116,2.197,2.718,2.802,2.024,1.924,2.315,2.385,2.891,2.877,2.399,2.558,2.472,2.455,2.58,2.754,2.621,3.002,2.481,2.623,1.524,1.488,2.078,2.015,2.483,2.591,2.598,2.575,2.403,2.362,2.855,2.849,2.517,2.508,2.822,2.83,2.319,2.257,2.752,2.664,2.521,2.525,4.073,3.952,2.147,2.198,926.0,840.0,487.0,849.0,1929.0,1625.0,1420.0,1374.0,362.0,336.0,262.0,251.0,2490.0,2359.0,3669.0,4436.0,2339.0,2440.0,2023.0,2273.0,768.0,639.0,4276.0,4450.0,2201.0,1944.0,2682.0,2849.0,1462.0,1629.0,2677.0,2513.0,1243.0,1364.0,628.0,643.0,908.0,1347.0,588.0,579.0,894.0,1111.0,1357.0,1251.0,3381.0,3487.0,1163.0,900.0,4032.0,4008.0,2867.0,3202.0,548.0,806.0,4830.0,4939.0,6293.0,5809.0,4393.0,4101.0,3360.0,3715.0,3329.0,3145.0,354.0,370.0,385.0,308.0
A00040757,2.585,2.545,2.923,2.634,2.542,2.433,1.873,1.983,3.055,3.206,2.812,3.005,2.652,2.773,2.505,2.44,2.79,2.758,2.994,2.971,2.176,2.248,2.072,2.306,2.61,2.66,1.794,1.728,2.568,2.318,2.817,2.885,2.523,2.438,2.538,2.26,2.451,2.5,2.609,2.672,2.352,2.531,1.402,1.497,2.206,2.142,2.556,2.663,2.448,2.546,2.43,2.44,2.86,2.801,2.262,2.439,2.787,2.618,2.314,2.236,2.88,2.822,2.588,2.643,3.253,3.387,2.247,2.232,1086.0,815.0,548.0,533.0,2337.0,1883.0,1271.0,1350.0,441.0,408.0,317.0,210.0,3473.0,3006.0,4153.0,5342.0,3110.0,3025.0,2175.0,2189.0,932.0,736.0,4268.0,4591.0,2282.0,2241.0,2595.0,2235.0,1594.0,1526.0,3264.0,2817.0,1189.0,1394.0,673.0,683.0,1433.0,1300.0,532.0,683.0,1427.0,1196.0,1178.0,996.0,4247.0,3929.0,966.0,1082.0,4672.0,5139.0,3390.0,3276.0,539.0,693.0,5119.0,4954.0,6193.0,6675.0,4180.0,4512.0,3383.0,3909.0,4345.0,3370.0,439.0,476.0,424.0,307.0
A00040784,2.411,2.676,2.528,2.432,2.602,2.67,1.561,1.773,2.938,2.866,3.17,2.668,2.573,2.609,2.553,2.475,2.808,2.827,2.844,2.852,2.243,2.428,2.066,2.26,2.556,2.509,1.912,1.975,2.25,2.264,2.837,2.597,2.347,2.492,2.552,2.59,2.589,2.45,2.747,2.532,2.358,2.493,1.403,1.398,2.11,2.087,2.399,2.524,2.55,2.356,2.403,2.491,2.835,2.619,2.367,2.499,2.769,2.751,2.261,2.395,2.719,2.642,2.522,2.558,3.732,3.82,2.306,2.166,946.0,748.0,494.0,689.0,1858.0,1662.0,1484.0,1592.0,396.0,323.0,248.0,227.0,3362.0,2708.0,3940.0,5397.0,3203.0,2881.0,2326.0,2652.0,903.0,858.0,4716.0,4892.0,2539.0,2198.0,2675.0,3187.0,1877.0,1918.0,3236.0,2958.0,1269.0,1334.0,641.0,675.0,1199.0,1442.0,640.0,776.0,1404.0,1049.0,1423.0,1099.0,4220.0,3662.0,1046.0,1068.0,4683.0,5169.0,3446.0,3536.0,571.0,762.0,5666.0,4760.0,6536.0,6385.0,5226.0,5107.0,3245.0,4146.0,3996.0,3133.0,518.0,484.0,463.0,303.0
A00040827,2.499,2.69,2.931,2.886,2.829,2.718,1.738,2.073,3.915,3.862,3.113,2.807,2.834,2.799,2.538,2.643,2.928,2.775,3.258,3.35,2.481,2.575,2.217,2.444,2.816,2.864,2.017,1.972,2.633,2.681,3.1,2.842,2.617,2.579,2.868,3.192,2.733,2.949,2.584,3.059,2.647,2.455,1.555,1.438,2.046,2.061,2.681,2.929,2.752,2.669,2.46,2.555,3.11,3.228,2.376,2.426,2.991,2.959,2.454,2.391,3.011,2.845,2.722,2.715,3.641,3.886,2.267,2.63,851.0,827.0,696.0,813.0,1738.0,2424.0,1606.0,1842.0,380.0,345.0,255.0,207.0,3286.0,3551.0,4321.0,5599.0,3178.0,3313.0,2613.0,2197.0,919.0,911.0,5993.0,5831.0,2685.0,2785.0,3249.0,3033.0,1538.0,1786.0,3550.0,2867.0,1429.0,1656.0,600.0,658.0,1640.0,1776.0,793.0,839.0,1807.0,1585.0,1706.0,1359.0,3918.0,3510.0,1324.0,1161.0,4326.0,4185.0,4558.0,3998.0,677.0,982.0,6440.0,7355.0,7341.0,6942.0,5544.0,5953.0,3901.0,4227.0,3978.0,3437.0,436.0,440.0,567.0,372.0
A00040890,2.678,3.049,2.911,2.693,2.892,2.741,1.976,2.097,3.9,4.242,3.333,3.081,2.866,2.783,2.695,2.833,2.849,2.855,3.211,3.25,2.205,2.279,2.291,2.344,2.945,2.866,2.078,2.054,2.641,2.653,3.236,3.178,2.781,2.669,3.086,3.199,2.763,2.812,3.056,2.684,2.719,2.738,1.609,1.429,2.315,2.279,2.562,2.569,2.73,2.604,2.732,2.58,3.103,3.237,2.454,2.673,3.012,2.988,2.518,2.501,3.037,3.261,3.046,3.019,3.8,3.957,2.486,2.376,952.0,817.0,662.0,560.0,1729.0,1780.0,1700.0,1752.0,422.0,328.0,268.0,273.0,2846.0,2948.0,3669.0,4272.0,3122.0,3577.0,2050.0,2004.0,1018.0,893.0,4778.0,5463.0,2571.0,2330.0,3137.0,2953.0,1696.0,1692.0,3546.0,3049.0,1405.0,1559.0,472.0,555.0,1186.0,1476.0,660.0,834.0,1544.0,1376.0,1512.0,1339.0,4008.0,3643.0,1114.0,1225.0,4563.0,4516.0,3247.0,3292.0,467.0,623.0,5506.0,4844.0,7250.0,6786.0,4918.0,5536.0,3433.0,3611.0,3292.0,3461.0,413.0,383.0,457.0,337.0
A00040915,2.68,2.864,2.836,2.631,2.665,2.608,2.028,2.068,3.745,4.158,2.803,2.65,3.017,3.129,2.626,2.704,2.989,3.067,3.289,3.162,2.474,2.497,2.391,2.615,2.827,2.963,2.225,2.106,2.742,2.703,3.244,3.313,2.607,2.644,3.149,3.22,2.71,2.694,2.766,2.64,2.591,2.725,1.714,1.596,2.162,2.099,2.533,2.877,2.626,2.715,2.563,2.594,3.177,3.196,2.445,2.5,2.806,2.835,2.297,2.376,3.027,3.074,2.786,2.76,3.689,3.828,2.777,2.756,1042.0,836.0,537.0,775.0,2186.0,1913.0,1379.0,1414.0,446.0,344.0,331.0,281.0,2610.0,2552.0,3967.0,5442.0,2776.0,2989.0,2118.0,2416.0,1024.0,831.0,4489.0,4459.0,2353.0,2229.0,2530.0,2729.0,1547.0,1791.0,3248.0,2701.0,1267.0,1335.0,573.0,646.0,1070.0,1599.0,637.0,945.0,1598.0,1502.0,1229.0,1206.0,3742.0,3532.0,1336.0,972.0,4954.0,4966.0,3746.0,3861.0,503.0,666.0,5765.0,5661.0,6947.0,6732.0,4691.0,5018.0,3738.0,4285.0,4052.0,3346.0,450.0,336.0,444.0,286.0
A00040944,2.626,3.056,3.072,2.431,2.708,2.51,1.816,1.822,2.653,2.584,3.524,3.347,2.609,2.637,2.538,2.649,3.008,2.653,3.159,2.938,2.147,2.301,2.265,2.294,2.668,2.821,1.93,1.815,2.68,2.742,2.877,2.909,2.463,2.647,2.752,2.656,2.711,2.72,2.76,2.897,2.627,2.565,1.542,1.359,2.156,2.147,2.538,2.651,2.654,2.697,2.482,2.592,3.238,3.08,2.495,2.578,3.003,2.872,2.278,2.283,2.93,2.701,2.502,2.615,2.705,2.917,2.375,2.598,915.0,893.0,461.0,546.0,1472.0,1516.0,1432.0,1468.0,349.0,453.0,268.0,224.0,2990.0,2876.0,3493.0,4796.0,2502.0,2495.0,2027.0,2245.0,950.0,682.0,4539.0,5011.0,1933.0,1878.0,2161.0,2599.0,1741.0,1500.0,2648.0,2550.0,1187.0,1279.0,560.0,674.0,1250.0,1270.0,557.0,712.0,1241.0,1123.0,1288.0,1295.0,3704.0,3221.0,926.0,913.0,4397.0,4220.0,2908.0,3086.0,390.0,461.0,3917.0,3962.0,5510.0,5414.0,4264.0,4424.0,2963.0,3693.0,3935.0,2891.0,349.0,350.0,443.0,305.0
A00041049,2.498,2.417,2.711,2.457,2.646,2.494,1.903,2.007,3.554,4.011,2.759,2.665,2.722,2.794,2.527,2.466,3.029,2.775,2.823,3.044,2.021,2.252,2.075,2.089,2.635,2.599,1.991,1.955,2.426,2.384,2.736,2.94,2.466,2.476,3.049,3.059,2.546,2.671,2.711,2.696,2.508,2.57,1.572,1.498,2.133,2.172,2.485,2.518,2.631,2.633,2.443,2.36,2.756,3.098,2.408,2.473,2.836,2.702,2.245,2.3,2.742,2.859,2.55,2.467,3.837,3.84,2.305,2.317,951.0,679.0,496.0,517.0,1774.0,1750.0,1307.0,1604.0,460.0,318.0,278.0,229.0,2659.0,2859.0,4000.0,5064.0,2775.0,2703.0,2130.0,1934.0,1012.0,891.0,4871.0,4763.0,2420.0,2446.0,3537.0,3082.0,1711.0,1748.0,2922.0,2854.0,1224.0,1232.0,751.0,606.0,1105.0,1488.0,654.0,804.0,1337.0,1100.0,1615.0,1340.0,3549.0,3755.0,1027.0,1038.0,4251.0,4250.0,3217.0,3350.0,407.0,584.0,5398.0,4881.0,6150.0,5999.0,5129.0,4702.0,3133.0,3418.0,3855.0,3386.0,486.0,481.0,352.0,321.0
A00041540,2.649,2.805,2.726,2.375,2.654,2.73,2.032,2.177,3.745,3.472,2.587,2.752,2.93,2.888,2.756,2.703,2.89,2.824,3.166,3.156,2.668,2.613,2.194,2.396,2.779,2.618,2.024,2.106,2.505,2.386,3.042,3.162,2.427,2.612,2.601,2.785,2.584,2.705,2.653,2.806,2.741,2.694,1.699,1.69,2.276,2.308,2.513,2.508,2.816,2.931,2.67,2.608,2.961,2.825,2.28,2.542,2.875,2.833,2.434,2.423,3.037,3.1,2.85,2.709,4.039,3.936,2.588,2.663,1084.0,1036.0,638.0,717.0,2355.0,2059.0,1661.0,1832.0,510.0,360.0,291.0,240.0,3123.0,3663.0,4218.0,5133.0,2889.0,3522.0,2400.0,2733.0,969.0,851.0,4588.0,4690.0,2841.0,2589.0,2874.0,2951.0,1919.0,2037.0,3676.0,3389.0,1411.0,1690.0,849.0,847.0,1461.0,1457.0,823.0,968.0,1791.0,1513.0,1633.0,1517.0,4264.0,4210.0,1176.0,1146.0,5662.0,4784.0,3412.0,3448.0,594.0,886.0,5345.0,6402.0,8718.0,8249.0,4437.0,4905.0,4221.0,4109.0,4194.0,4066.0,444.0,427.0,493.0,331.0
A00043283,2.306,2.681,2.851,2.677,2.387,2.456,2.002,1.878,3.46,3.199,2.739,2.444,2.656,2.735,2.387,2.445,2.891,2.904,3.032,3.02,2.091,2.233,2.193,2.182,2.613,2.52,1.914,1.842,2.481,2.399,2.963,2.947,2.276,2.509,2.83,2.835,2.527,2.636,2.651,2.442,2.498,2.521,1.49,1.635,2.04,2.027,2.356,2.412,2.398,2.443,2.482,2.458,2.744,2.932,2.296,2.397,2.691,2.558,2.309,2.183,2.94,2.974,2.548,2.609,3.408,3.454,2.399,2.509,1050.0,924.0,629.0,799.0,2202.0,2284.0,1465.0,1704.0,473.0,522.0,350.0,250.0,3630.0,3173.0,4500.0,4995.0,3266.0,3001.0,2251.0,2379.0,1129.0,1068.0,5554.0,5681.0,2718.0,2667.0,3568.0,3416.0,1983.0,1846.0,3364.0,3253.0,1285.0,1302.0,552.0,584.0,1759.0,1917.0,666.0,783.0,1937.0,1481.0,1589.0,1328.0,3753.0,3967.0,1220.0,1191.0,5142.0,4736.0,3983.0,4232.0,663.0,799.0,6363.0,6314.0,7341.0,6457.0,5745.0,5559.0,3885.0,4350.0,3896.0,3406.0,387.0,429.0,383.0,328.0
A00043299,2.549,2.412,2.602,2.761,2.557,2.482,1.892,1.845,2.656,2.72,2.519,2.731,2.717,2.777,2.441,2.58,2.719,2.714,3.06,3.066,2.151,2.218,2.249,2.156,2.74,2.55,1.96,1.799,2.511,2.443,2.872,2.779,2.292,2.292,2.481,2.551,2.376,2.636,2.725,2.493,2.428,2.337,1.565,1.395,2.195,2.207,2.442,2.342,2.456,2.655,2.321,2.38,2.865,2.738,2.251,2.351,2.645,2.571,2.208,2.171,2.804,2.825,2.544,2.704,3.768,3.724,2.4,2.421,928.0,925.0,603.0,630.0,2167.0,1820.0,1931.0,1716.0,510.0,360.0,305.0,235.0,3007.0,3286.0,4478.0,4991.0,2715.0,3043.0,1931.0,1947.0,1126.0,966.0,5996.0,5858.0,2244.0,2342.0,4061.0,3580.0,1647.0,1620.0,3258.0,2625.0,1203.0,1234.0,704.0,700.0,1346.0,1266.0,577.0,734.0,1305.0,1111.0,1706.0,1748.0,3835.0,3491.0,897.0,1196.0,4395.0,4284.0,3577.0,3538.0,636.0,787.0,5028.0,4873.0,6089.0,6428.0,5171.0,4649.0,3638.0,3570.0,3272.0,3289.0,411.0,385.0,482.0,323.0
A00043384,2.777,2.793,2.879,2.751,2.734,2.865,1.905,2.085,3.422,4.124,2.573,3.274,2.935,3.095,2.662,2.606,3.043,3.162,3.135,3.214,2.272,2.585,2.443,2.304,2.697,2.66,2.022,2.075,2.491,2.811,3.215,3.065,2.69,2.728,2.643,2.99,2.714,2.952,2.977,3.027,2.427,2.732,1.676,1.471,2.261,2.276,2.674,2.881,2.808,2.834,2.487,2.602,3.138,3.126,2.413,2.622,2.966,3.046,2.352,2.332,3.025,3.281,2.798,2.865,4.151,4.164,2.867,2.699,738.0,909.0,456.0,550.0,2422.0,2203.0,1277.0,1321.0,503.0,420.0,288.0,181.0,2646.0,2720.0,4122.0,4874.0,3012.0,3133.0,2444.0,2062.0,908.0,754.0,4803.0,4333.0,2723.0,3078.0,3196.0,3080.0,1651.0,1791.0,3512.0,2731.0,1370.0,1432.0,683.0,626.0,1063.0,1448.0,727.0,875.0,1224.0,1301.0,1295.0,1347.0,3804.0,4241.0,1129.0,1073.0,5064.0,4796.0,3493.0,3339.0,523.0,684.0,5288.0,5251.0,7096.0,6817.0,5084.0,5145.0,3808.0,3863.0,3832.0,3659.0,456.0,426.0,428.0,313.0
A00043450,2.538,2.732,2.735,2.802,2.958,2.804,1.775,1.807,3.307,4.072,2.682,2.553,2.73,2.723,2.626,2.591,2.864,2.855,3.178,3.098,2.291,2.289,2.151,2.087,2.873,2.83,2.025,2.059,2.686,2.53,2.946,3.051,2.487,2.633,2.717,2.988,2.963,2.751,3.005,2.848,2.648,2.676,1.459,1.42,2.148,2.033,2.551,2.686,2.724,2.645,2.481,2.352,3.216,3.402,2.59,2.643,2.995,2.954,2.146,2.264,3.031,3.055,2.699,2.598,3.486,3.688,2.738,2.65,913.0,771.0,632.0,652.0,2126.0,1944.0,1619.0,1597.0,490.0,369.0,329.0,296.0,3189.0,2942.0,3988.0,4672.0,2869.0,2489.0,2137.0,2406.0,961.0,959.0,4953.0,4691.0,3059.0,2758.0,3123.0,3047.0,2208.0,2158.0,3186.0,2894.0,1273.0,1488.0,582.0,709.0,1304.0,1591.0,746.0,1052.0,1612.0,1527.0,1556.0,1447.0,3862.0,3811.0,1231.0,1154.0,4345.0,4033.0,3885.0,4100.0,466.0,615.0,6129.0,6923.0,6975.0,7240.0,5733.0,5636.0,3805.0,4091.0,4380.0,4097.0,401.0,457.0,482.0,359.0
A00043462,2.737,3.107,2.869,2.817,2.763,2.673,1.961,2.1,3.405,3.069,2.443,2.851,3.011,3.077,2.503,2.526,2.97,3.047,3.216,3.241,2.523,2.189,2.206,2.479,2.856,2.73,2.149,2.03,2.588,2.541,3.156,3.07,2.579,2.518,3.187,3.143,2.779,3.031,2.841,2.581,2.642,2.749,1.76,1.752,2.265,2.138,2.34,2.622,2.575,2.581,2.487,2.434,3.23,3.113,2.434,2.57,2.909,2.798,2.271,2.331,3.297,3.158,2.752,2.588,3.119,3.415,2.553,2.487,876.0,913.0,676.0,930.0,2350.0,2095.0,1559.0,1672.0,502.0,415.0,299.0,245.0,3010.0,2962.0,4161.0,5626.0,3736.0,3759.0,2012.0,2296.0,1358.0,964.0,5560.0,5229.0,2736.0,2558.0,3678.0,3505.0,1661.0,2002.0,4022.0,3747.0,1217.0,1397.0,671.0,679.0,1413.0,1379.0,706.0,814.0,1386.0,1283.0,1952.0,1907.0,3989.0,3671.0,1182.0,1247.0,5053.0,4845.0,3716.0,4014.0,527.0,725.0,6974.0,6332.0,8383.0,7202.0,5061.0,4510.0,3382.0,4009.0,3921.0,3653.0,446.0,467.0,506.0,293.0
A00043466,2.735,2.899,2.966,2.808,2.822,3.054,1.939,1.888,3.084,3.853,2.795,2.702,2.922,2.904,2.818,2.861,3.187,3.093,3.206,3.264,2.57,2.752,2.392,2.544,2.852,3.056,1.977,1.863,2.623,2.764,3.201,3.233,2.661,2.734,3.053,3.19,2.949,2.862,2.966,3.072,2.768,2.923,1.634,1.767,2.238,2.298,2.73,2.725,2.799,2.805,2.629,2.69,3.579,2.997,2.599,2.55,3.135,3.054,2.401,2.478,3.212,3.342,2.979,2.896,3.622,4.43,2.968,2.624,1056.0,899.0,466.0,470.0,1931.0,1491.0,1048.0,1364.0,489.0,313.0,310.0,241.0,2410.0,2888.0,4224.0,5067.0,2551.0,2744.0,2038.0,2151.0,867.0,763.0,4185.0,3792.0,2289.0,2080.0,3015.0,2732.0,1550.0,1509.0,2808.0,2482.0,1093.0,1419.0,595.0,603.0,1119.0,1326.0,565.0,775.0,1561.0,1207.0,1354.0,1045.0,3625.0,3589.0,978.0,1020.0,4445.0,4525.0,3187.0,3167.0,462.0,582.0,5023.0,4803.0,7028.0,6610.0,4908.0,4695.0,2954.0,3204.0,3071.0,2981.0,377.0,379.0,358.0,250.0
A00043509,2.533,2.906,2.956,2.869,2.946,2.843,1.878,1.92,3.489,3.398,3.007,3.142,2.881,2.794,2.46,2.44,2.895,2.81,3.408,3.239,2.631,2.65,2.205,2.238,2.89,2.726,2.138,2.08,2.377,2.524,2.95,2.95,2.533,2.783,3.144,2.981,2.824,2.839,2.924,3.044,2.709,2.683,1.503,1.593,2.243,2.151,2.564,2.678,2.704,2.817,2.622,2.534,3.097,3.051,2.552,2.678,3.081,3.021,2.144,2.196,3.044,3.098,2.769,2.687,3.622,3.776,2.656,2.655,1185.0,971.0,693.0,600.0,2388.0,1877.0,1304.0,1618.0,644.0,579.0,341.0,298.0,3394.0,3716.0,5484.0,6450.0,3685.0,2975.0,2280.0,2270.0,823.0,808.0,5569.0,5680.0,2824.0,2939.0,3543.0,2826.0,2076.0,2081.0,3697.0,3527.0,1440.0,1448.0,711.0,787.0,1498.0,1818.0,709.0,870.0,1691.0,1646.0,1462.0,1215.0,3982.0,3925.0,1267.0,1114.0,5011.0,5111.0,3422.0,3568.0,628.0,909.0,6978.0,5662.0,7718.0,7249.0,5647.0,5216.0,3602.0,4054.0,4420.0,3556.0,404.0,429.0,393.0,290.0
A00043520,2.626,2.637,2.429,2.369,2.646,2.673,1.943,2.171,3.62,3.329,2.56,2.989,2.99,2.888,2.546,2.626,2.87,3.05,3.238,3.083,2.561,2.519,2.205,2.321,2.776,2.717,2.195,2.077,2.426,2.445,3.053,2.988,2.409,2.475,2.724,2.566,2.792,2.776,2.675,2.527,2.461,2.621,1.586,1.519,2.104,2.167,2.419,2.494,2.515,2.557,2.56,2.505,2.984,3.133,2.332,2.447,2.812,2.786,2.236,2.297,3.042,2.933,2.573,2.586,3.12,2.869,2.221,2.399,1039.0,1018.0,680.0,750.0,2525.0,2049.0,1409.0,1541.0,372.0,322.0,374.0,279.0,3086.0,3438.0,4652.0,6103.0,3440.0,3264.0,2184.0,2542.0,1012.0,957.0,5232.0,5200.0,2577.0,2673.0,3482.0,3298.0,2115.0,2019.0,3769.0,3139.0,1352.0,1451.0,632.0,594.0,1488.0,1412.0,758.0,962.0,1646.0,1255.0,1423.0,1116.0,4518.0,3781.0,1279.0,1290.0,5056.0,5596.0,3593.0,3699.0,566.0,764.0,6642.0,6278.0,7750.0,7479.0,5668.0,5667.0,4133.0,4651.0,5198.0,3434.0,338.0,340.0,510.0,362.0
A00043521,2.776,2.468,2.716,2.701,2.638,2.701,1.915,1.873,3.344,3.455,2.871,2.939,2.69,2.743,2.62,2.59,2.96,2.781,3.091,3.121,2.359,2.321,2.141,2.362,2.812,2.857,1.98,1.911,2.57,2.48,2.847,2.851,2.553,2.526,2.537,2.568,2.757,2.708,2.906,2.684,2.559,2.615,1.499,1.466,2.119,2.179,2.582,2.751,2.676,2.635,2.505,2.542,3.028,3.203,2.388,2.39,2.836,2.797,2.23,2.283,2.717,2.879,2.609,2.606,3.916,4.091,2.325,2.138,925.0,876.0,729.0,766.0,2567.0,1724.0,1417.0,1460.0,467.0,441.0,307.0,256.0,2555.0,3056.0,3790.0,4509.0,3059.0,2951.0,2276.0,2139.0,813.0,754.0,4214.0,4393.0,2399.0,2314.0,3112.0,2690.0,1862.0,1859.0,3333.0,2816.0,1518.0,1606.0,551.0,592.0,1355.0,1565.0,580.0,710.0,1780.0,1394.0,1606.0,1591.0,3744.0,3496.0,1274.0,1082.0,4524.0,5158.0,3244.0,3494.0,596.0,801.0,5453.0,4907.0,6339.0,7053.0,4392.0,4586.0,3422.0,3605.0,3696.0,3165.0,398.0,440.0,382.0,332.0
A00043617,2.525,2.559,2.704,2.478,2.753,2.817,1.863,1.887,3.189,3.478,2.488,3.158,2.745,2.785,2.592,2.497,2.757,2.919,2.841,2.994,2.45,2.425,2.146,2.197,2.748,2.598,1.897,1.858,2.251,2.465,2.841,2.931,2.193,2.3,2.477,2.711,2.718,2.644,2.742,2.714,2.68,2.534,1.526,1.579,2.038,2.016,2.446,2.478,2.143,2.337,2.429,2.394,2.701,2.934,2.349,2.48,2.794,2.772,2.229,2.235,2.963,2.949,2.525,2.571,3.725,3.96,2.127,2.278,1312.0,869.0,813.0,1021.0,2150.0,1899.0,1805.0,1902.0,551.0,397.0,323.0,256.0,3152.0,3094.0,4074.0,4904.0,3477.0,3049.0,2374.0,2175.0,913.0,927.0,4520.0,4829.0,2529.0,2745.0,3436.0,3257.0,1965.0,1975.0,3450.0,3107.0,1440.0,1778.0,703.0,852.0,1135.0,1636.0,623.0,734.0,1260.0,1248.0,1916.0,1524.0,3835.0,4005.0,1398.0,1256.0,4712.0,4656.0,3517.0,3640.0,560.0,721.0,7521.0,5733.0,8239.0,7211.0,5134.0,5370.0,4015.0,4410.0,4700.0,3939.0,450.0,394.0,529.0,334.0
A00043634,2.358,2.524,2.779,2.737,2.312,2.362,1.773,1.818,3.286,3.348,2.62,2.399,2.701,2.714,2.344,2.455,2.776,2.648,2.918,2.866,2.372,2.394,2.115,2.218,2.614,2.651,1.947,1.953,2.223,2.351,2.59,2.686,2.397,2.465,2.703,2.687,2.411,2.393,2.584,2.764,2.341,2.199,1.631,1.7,1.922,1.981,2.489,2.383,2.347,2.402,2.37,2.271,2.857,2.672,2.368,2.316,2.561,2.551,2.059,2.078,2.638,2.526,2.478,2.379,3.558,3.803,2.08,2.303,629.0,634.0,636.0,552.0,1856.0,1645.0,1245.0,1552.0,362.0,302.0,250.0,221.0,2696.0,2644.0,3605.0,4296.0,2593.0,3008.0,2145.0,2169.0,739.0,670.0,4419.0,4557.0,2242.0,2212.0,2983.0,3226.0,1698.0,1643.0,2713.0,2391.0,1256.0,1207.0,535.0,701.0,1072.0,1234.0,572.0,710.0,1341.0,1158.0,1513.0,1310.0,3503.0,3463.0,901.0,977.0,4086.0,4483.0,2780.0,3129.0,377.0,756.0,4938.0,4308.0,6301.0,5870.0,4872.0,5052.0,2768.0,3023.0,3217.0,3021.0,439.0,398.0,389.0,285.0
A00043635,2.708,2.706,2.563,2.526,2.66,2.619,2.029,1.96,3.691,3.51,2.568,2.972,2.733,2.771,2.51,2.54,2.725,2.771,2.907,2.904,2.274,2.088,2.297,2.454,2.699,2.53,1.932,1.978,2.538,2.511,2.905,3.152,2.451,2.571,2.867,2.858,2.599,2.558,2.588,2.707,2.511,2.548,1.779,1.598,2.054,2.08,2.494,2.463,2.534,2.502,2.333,2.356,2.714,2.74,2.277,2.335,2.822,2.691,2.207,2.139,2.935,3.073,2.604,2.653,3.598,3.86,2.613,2.188,848.0,739.0,572.0,710.0,1870.0,2022.0,1495.0,1569.0,577.0,442.0,314.0,239.0,3905.0,3580.0,5163.0,5218.0,4129.0,3060.0,2410.0,2468.0,1103.0,954.0,5014.0,4789.0,2601.0,2562.0,2784.0,2997.0,1859.0,2045.0,3240.0,3055.0,1362.0,1451.0,615.0,657.0,1181.0,1653.0,759.0,835.0,1254.0,1201.0,1516.0,1525.0,4426.0,4037.0,1178.0,1131.0,5259.0,5175.0,3535.0,3821.0,714.0,962.0,5729.0,5962.0,7505.0,7429.0,5813.0,5590.0,3359.0,3389.0,3928.0,3760.0,597.0,613.0,471.0,342.0
A00043649,2.724,2.733,2.643,2.491,2.776,2.681,1.68,1.958,2.98,3.186,2.656,3.078,2.89,2.858,2.536,2.535,2.947,2.789,2.894,3.047,2.318,2.432,2.077,2.106,2.881,2.843,1.825,1.923,2.34,2.422,2.895,2.999,2.62,2.664,2.591,2.56,2.652,2.755,2.672,2.573,2.668,2.683,1.394,1.401,2.109,1.992,2.461,2.435,2.683,2.627,2.385,2.391,2.898,3.172,2.33,2.413,2.854,2.79,2.226,2.165,2.847,2.952,2.62,2.638,2.917,3.809,2.195,2.351,1139.0,1075.0,558.0,781.0,2722.0,2738.0,1813.0,2107.0,472.0,456.0,336.0,271.0,3777.0,3411.0,4612.0,6794.0,3791.0,4123.0,2944.0,2642.0,1161.0,1175.0,5914.0,5980.0,2936.0,2987.0,3915.0,3759.0,1954.0,2116.0,3995.0,3792.0,1495.0,1418.0,688.0,550.0,1352.0,1807.0,709.0,857.0,1742.0,1450.0,2128.0,1895.0,5451.0,5097.0,1392.0,1263.0,5780.0,6046.0,4506.0,4738.0,810.0,966.0,6594.0,6587.0,8752.0,8150.0,6205.0,6724.0,3907.0,4344.0,5075.0,3872.0,504.0,587.0,532.0,311.0
A00043677,2.528,2.58,2.752,2.753,2.669,2.711,1.898,1.917,2.697,3.434,2.846,3.013,2.673,2.806,2.43,2.5,2.938,2.906,3.247,3.196,2.47,2.484,2.103,2.182,2.694,2.823,2.017,1.998,2.534,2.599,3.114,3.097,2.424,2.59,2.74,2.808,2.748,2.616,2.678,2.876,2.654,2.592,1.687,1.677,2.123,2.052,2.584,2.72,2.473,2.542,2.552,2.478,2.913,3.092,2.486,2.505,2.917,2.996,2.242,2.255,3.076,3.004,2.571,2.596,3.729,3.568,2.769,2.624,1037.0,1060.0,699.0,567.0,2761.0,2115.0,1700.0,1905.0,641.0,453.0,304.0,256.0,3334.0,3132.0,4613.0,5201.0,3318.0,3567.0,2565.0,2923.0,980.0,870.0,4859.0,5282.0,2911.0,2764.0,2970.0,3095.0,1921.0,2204.0,3584.0,3441.0,1333.0,1598.0,598.0,702.0,1766.0,1359.0,759.0,1091.0,2135.0,1404.0,1676.0,1501.0,4186.0,4198.0,1267.0,1340.0,5130.0,4934.0,4278.0,4499.0,517.0,958.0,5580.0,6402.0,7197.0,7084.0,6198.0,6905.0,3766.0,3708.0,3936.0,4237.0,451.0,419.0,447.0,375.0
A00043704,2.48,2.663,2.942,2.602,2.654,2.651,2.03,1.997,3.079,3.064,2.276,2.607,2.881,2.819,2.537,2.532,2.934,2.881,2.798,3.159,2.505,2.863,2.308,2.313,2.869,2.682,2.079,2.063,2.306,2.557,2.883,2.799,2.472,2.679,2.771,3.282,2.852,2.766,2.937,2.925,2.538,2.533,1.456,1.682,2.108,2.048,2.503,2.611,2.609,2.518,2.579,2.594,3.074,3.277,2.366,2.516,2.883,2.814,2.29,2.288,2.832,3.012,2.624,2.529,3.332,3.367,2.563,2.42,1022.0,853.0,601.0,562.0,2111.0,1848.0,1355.0,1451.0,487.0,532.0,285.0,242.0,2828.0,2907.0,4256.0,4977.0,3132.0,2715.0,2506.0,2131.0,982.0,826.0,4247.0,4067.0,2392.0,2502.0,2659.0,2580.0,1431.0,1515.0,3068.0,2893.0,1285.0,1640.0,578.0,559.0,1041.0,1705.0,685.0,771.0,1178.0,1433.0,1259.0,1301.0,4043.0,3600.0,1139.0,1191.0,4557.0,5072.0,3530.0,3519.0,505.0,565.0,6725.0,5290.0,7603.0,7559.0,5151.0,5201.0,3284.0,3862.0,4347.0,4212.0,467.0,452.0,356.0,298.0
A00043721,2.768,2.843,2.708,2.074,2.772,2.488,2.152,1.791,3.515,2.984,3.26,3.006,2.75,2.776,2.618,2.576,2.686,2.869,3.159,3.316,2.55,2.533,2.233,2.342,2.786,2.65,1.889,2.07,2.509,2.462,3.015,2.963,2.344,2.588,2.5,2.343,2.55,2.696,2.957,2.898,2.519,2.607,1.585,1.757,2.14,2.091,2.391,2.441,2.318,2.613,2.419,2.448,2.63,2.795,2.426,2.502,2.818,2.65,2.32,2.448,2.767,2.75,2.633,2.541,3.532,3.405,2.386,2.315,744.0,801.0,592.0,528.0,2235.0,2495.0,1678.0,1501.0,384.0,335.0,316.0,277.0,2963.0,3015.0,4448.0,5042.0,2621.0,2969.0,2462.0,2220.0,1000.0,948.0,5071.0,4662.0,2471.0,2794.0,3391.0,2861.0,2003.0,1931.0,3207.0,2680.0,1333.0,1461.0,574.0,744.0,1420.0,1422.0,725.0,877.0,1413.0,1321.0,1291.0,1424.0,4315.0,4798.0,1112.0,1353.0,5594.0,5100.0,3229.0,3867.0,476.0,799.0,6320.0,5555.0,7899.0,7974.0,5216.0,4378.0,3677.0,3943.0,4533.0,3657.0,385.0,349.0,455.0,397.0
A00043722,2.494,2.604,2.485,2.624,2.579,2.62,1.891,1.686,3.474,3.24,2.912,2.677,2.903,2.849,2.457,2.467,2.751,2.813,3.085,3.212,2.405,2.358,2.159,2.204,2.795,2.91,2.006,1.95,2.566,2.512,3.172,3.16,2.504,2.399,2.637,2.83,2.696,2.831,2.725,2.607,2.523,2.618,1.554,1.412,2.038,2.028,2.781,2.725,2.558,2.606,2.344,2.295,2.783,3.145,2.213,2.356,2.784,2.71,2.081,2.097,2.947,2.839,2.483,2.55,3.668,3.663,2.294,2.022,1498.0,1094.0,653.0,330.0,2173.0,2303.0,1415.0,1453.0,461.0,510.0,354.0,325.0,3228.0,3053.0,4324.0,6681.0,3394.0,3502.0,2199.0,2054.0,898.0,858.0,4242.0,4178.0,2517.0,2553.0,2897.0,3049.0,1938.0,1962.0,3829.0,3599.0,1487.0,1690.0,650.0,614.0,1444.0,1827.0,685.0,887.0,1587.0,1488.0,1265.0,1217.0,4030.0,4068.0,1037.0,1102.0,4966.0,4702.0,3930.0,3719.0,409.0,905.0,7156.0,6680.0,7357.0,7489.0,5131.0,5184.0,3752.0,4182.0,4520.0,4177.0,474.0,425.0,409.0,293.0
A00043739,2.599,2.791,2.76,2.511,2.8,2.473,1.832,1.852,3.624,3.481,2.976,2.524,2.836,2.782,2.468,2.551,2.905,2.733,3.176,3.011,2.188,2.134,2.218,2.256,2.658,2.782,2.097,2.017,2.633,2.385,2.875,2.842,2.465,2.537,2.61,2.756,2.598,2.649,2.762,2.452,2.354,2.517,1.541,1.491,2.105,2.187,2.46,2.325,2.615,2.681,2.395,2.423,2.863,2.931,2.363,2.487,2.733,2.715,2.205,2.217,2.722,2.887,2.656,2.544,3.913,3.852,2.456,2.445,959.0,943.0,639.0,622.0,1886.0,1711.0,1306.0,1665.0,353.0,355.0,306.0,233.0,2862.0,2979.0,4556.0,4781.0,2625.0,2969.0,2057.0,2020.0,1000.0,758.0,4439.0,5121.0,2531.0,2320.0,3448.0,2636.0,1589.0,1781.0,2959.0,2627.0,1126.0,1344.0,662.0,619.0,1086.0,1322.0,644.0,804.0,1264.0,1062.0,1678.0,1321.0,3728.0,3774.0,1041.0,1153.0,4161.0,4097.0,3475.0,3585.0,530.0,711.0,5628.0,4866.0,6208.0,6214.0,4860.0,5591.0,3178.0,3236.0,3252.0,2856.0,434.0,450.0,338.0,265.0
A00043758,2.632,3.1,2.89,2.691,2.966,2.849,1.781,1.815,2.938,2.949,2.996,3.156,2.943,2.88,2.754,2.936,3.339,3.224,3.323,3.274,2.721,2.559,2.346,2.452,3.045,2.993,2.125,2.012,2.9,2.774,3.179,3.176,2.753,2.646,2.831,3.017,3.02,2.872,3.047,3.227,2.87,2.872,1.768,1.717,2.216,2.138,2.519,2.891,2.631,2.716,2.681,2.54,3.267,3.535,2.511,2.707,3.076,2.924,2.374,2.399,2.931,3.071,2.861,2.906,2.496,4.165,2.684,2.404,881.0,822.0,523.0,773.0,1877.0,1843.0,1347.0,1407.0,563.0,524.0,292.0,262.0,2605.0,2781.0,4863.0,4735.0,3364.0,3296.0,2063.0,1902.0,779.0,866.0,4907.0,4724.0,2438.0,2293.0,3011.0,2752.0,1656.0,1755.0,3591.0,2972.0,1436.0,1444.0,529.0,668.0,1303.0,1482.0,723.0,847.0,1312.0,1303.0,1333.0,1120.0,3455.0,3712.0,1330.0,1058.0,4082.0,4198.0,4285.0,4990.0,559.0,705.0,5736.0,5575.0,7164.0,7078.0,5391.0,6356.0,3072.0,3597.0,3618.0,3415.0,478.0,490.0,369.0,216.0
A00043762,2.247,2.47,2.695,2.455,2.458,2.573,1.624,1.831,3.096,3.38,2.654,2.086,2.838,2.78,2.383,2.415,2.66,2.61,2.736,3.106,2.249,2.379,2.046,2.142,2.632,2.586,1.911,1.852,2.168,2.408,2.749,2.626,2.363,2.474,2.438,2.422,2.382,2.452,2.673,2.553,2.248,2.298,1.467,1.444,2.043,1.913,2.301,2.404,2.576,2.626,2.206,2.252,2.739,2.653,2.302,2.352,2.597,2.616,2.195,2.109,2.575,2.503,2.591,2.522,3.727,3.794,2.126,2.335,1007.0,843.0,688.0,733.0,1877.0,2048.0,1297.0,1532.0,495.0,502.0,309.0,292.0,3367.0,3444.0,4091.0,5059.0,3387.0,4104.0,2669.0,2234.0,1029.0,840.0,4852.0,5243.0,3006.0,3024.0,3393.0,3010.0,1824.0,1982.0,3570.0,3104.0,1348.0,1460.0,755.0,673.0,1178.0,1180.0,778.0,903.0,1613.0,1040.0,1539.0,1328.0,4288.0,4005.0,1240.0,1378.0,4682.0,4739.0,4014.0,3977.0,660.0,845.0,5970.0,5419.0,7781.0,7047.0,4766.0,4782.0,3624.0,4147.0,4478.0,3751.0,535.0,537.0,547.0,345.0
A00043790,2.459,2.668,2.911,2.378,2.785,2.877,2.009,2.118,3.125,3.092,2.489,2.821,2.921,2.897,2.859,2.87,2.901,2.863,2.963,2.88,2.275,2.148,2.335,2.466,2.566,2.608,2.02,1.912,2.289,2.538,3.087,2.931,2.623,2.727,2.888,3.022,2.649,2.751,2.814,2.903,2.595,2.731,1.681,1.66,2.318,2.374,2.479,2.359,2.9,2.858,2.559,2.719,2.953,2.823,2.352,2.421,2.955,2.969,2.573,2.543,2.987,2.917,2.754,2.775,3.67,3.995,2.523,2.88,779.0,759.0,684.0,475.0,1958.0,2049.0,1318.0,1354.0,430.0,377.0,256.0,217.0,2439.0,2673.0,3362.0,3912.0,2829.0,3115.0,2396.0,2244.0,855.0,748.0,4312.0,4711.0,2517.0,2518.0,3062.0,2754.0,1765.0,1677.0,3062.0,2659.0,1297.0,1361.0,544.0,630.0,1266.0,1785.0,583.0,780.0,1474.0,1461.0,1172.0,1197.0,3794.0,3790.0,909.0,1162.0,4498.0,4497.0,3276.0,3283.0,407.0,714.0,5562.0,4993.0,6247.0,6250.0,4317.0,5013.0,3231.0,3359.0,3991.0,3548.0,413.0,363.0,358.0,268.0
A00043998,2.365,2.603,2.671,2.319,2.385,2.446,1.731,1.754,3.484,3.509,2.665,2.474,2.588,2.459,2.246,2.388,2.476,2.543,2.861,2.924,2.283,2.197,1.987,1.972,2.512,2.742,1.727,1.649,2.443,2.574,2.723,2.745,2.371,2.362,2.316,2.217,2.675,2.412,2.529,2.534,2.28,2.312,1.703,1.494,1.98,2.088,2.372,2.379,2.453,2.571,2.162,2.278,2.772,2.884,2.264,2.293,2.631,2.611,2.137,2.122,2.599,2.551,2.422,2.546,3.729,3.66,1.958,1.956,1043.0,944.0,677.0,647.0,2344.0,2272.0,1552.0,1649.0,359.0,285.0,354.0,288.0,3358.0,3184.0,4346.0,4689.0,3656.0,3658.0,2295.0,2593.0,1067.0,929.0,4954.0,5102.0,2647.0,2320.0,3513.0,3080.0,1728.0,1897.0,3701.0,3380.0,1231.0,1251.0,631.0,647.0,1298.0,1436.0,673.0,821.0,1701.0,1220.0,1661.0,1449.0,4402.0,4085.0,1274.0,987.0,4613.0,4902.0,3637.0,3732.0,564.0,698.0,6699.0,5682.0,7342.0,6693.0,5443.0,5515.0,3412.0,3643.0,4622.0,3503.0,438.0,501.0,438.0,335.0
A00044012,2.748,2.896,2.593,2.548,2.868,2.899,1.968,1.952,3.202,3.799,2.668,3.028,2.829,2.883,2.649,2.795,2.905,3.046,3.323,3.161,2.34,2.196,2.275,2.311,2.752,2.728,2.035,2.027,2.484,2.653,2.97,2.984,2.595,2.736,2.942,3.461,2.79,2.82,2.876,2.731,2.708,2.708,1.461,1.713,2.234,2.394,2.402,2.53,2.686,2.739,2.593,2.554,3.101,3.016,2.591,2.548,2.97,2.958,2.544,2.473,3.023,3.152,2.89,2.772,3.647,4.158,2.843,2.84,890.0,862.0,640.0,1032.0,2526.0,2805.0,1687.0,1710.0,507.0,372.0,338.0,267.0,2639.0,2911.0,4641.0,5187.0,3672.0,3754.0,2261.0,2535.0,1017.0,942.0,4704.0,5144.0,2662.0,2588.0,3063.0,3146.0,2061.0,1886.0,4004.0,3024.0,1440.0,1379.0,480.0,578.0,1686.0,1722.0,708.0,833.0,1472.0,1490.0,1416.0,1447.0,4315.0,4177.0,1447.0,1231.0,4644.0,5024.0,3145.0,3982.0,605.0,916.0,6738.0,6704.0,7487.0,7551.0,5337.0,5594.0,3697.0,3461.0,3384.0,3514.0,411.0,422.0,372.0,345.0
A00044084,2.664,2.704,2.656,2.542,2.786,2.807,1.93,2.022,3.156,3.72,2.67,2.434,2.894,2.851,2.568,2.662,2.89,2.835,3.275,3.36,2.402,2.79,2.233,2.314,2.984,2.959,2.318,2.098,2.645,2.797,2.956,3.079,2.631,2.607,3.016,2.871,2.762,2.665,2.661,2.686,2.676,2.476,1.502,1.588,2.229,2.176,2.506,2.896,2.833,2.781,2.538,2.521,2.905,2.956,2.539,2.481,2.989,3.005,2.29,2.299,2.781,2.715,2.82,2.728,3.595,3.782,2.812,2.336,964.0,770.0,336.0,558.0,2004.0,2224.0,1759.0,1545.0,430.0,371.0,343.0,258.0,2994.0,3335.0,3943.0,5151.0,3368.0,3284.0,2254.0,2032.0,881.0,847.0,5312.0,5285.0,2248.0,2542.0,3346.0,2904.0,1711.0,1867.0,3440.0,3576.0,1517.0,1657.0,539.0,734.0,1369.0,1620.0,722.0,815.0,1464.0,1551.0,1537.0,1433.0,4169.0,4142.0,1410.0,950.0,5699.0,5183.0,3871.0,3775.0,476.0,677.0,6087.0,5990.0,7484.0,7082.0,5259.0,5491.0,3398.0,4029.0,3795.0,3402.0,460.0,453.0,399.0,366.0
A00044131,2.491,2.714,2.92,2.419,2.695,2.596,1.98,2.006,3.15,3.759,2.691,2.703,2.95,2.889,2.584,2.657,2.992,2.799,3.154,3.053,2.371,2.386,2.314,2.415,2.712,2.773,1.902,2.011,2.432,2.547,2.961,2.921,2.648,2.601,2.912,2.982,2.77,2.734,2.844,2.696,2.596,2.667,1.479,1.778,2.452,2.402,2.596,2.691,2.618,2.842,2.577,2.602,3.03,2.855,2.382,2.568,2.795,2.748,2.393,2.374,3.117,2.912,2.763,2.784,3.597,3.995,2.637,2.573,942.0,874.0,463.0,1008.0,2149.0,2393.0,1420.0,1447.0,616.0,469.0,360.0,317.0,3552.0,3390.0,4238.0,6532.0,3735.0,3393.0,2857.0,2914.0,992.0,676.0,5259.0,4982.0,2858.0,2560.0,2388.0,2711.0,1836.0,1920.0,3477.0,2697.0,1434.0,1580.0,583.0,623.0,1624.0,1960.0,681.0,1048.0,1937.0,1848.0,1262.0,1209.0,4423.0,4130.0,968.0,1202.0,4895.0,5165.0,4063.0,4737.0,800.0,888.0,5681.0,6207.0,8112.0,7510.0,5868.0,5562.0,3592.0,4042.0,5199.0,3672.0,550.0,460.0,408.0,340.0
A00044154,2.513,2.931,2.859,2.693,2.888,2.57,2.048,2.022,3.558,3.518,3.177,3.112,2.823,2.963,2.667,2.734,2.965,3.07,3.07,3.2,2.642,2.714,2.383,2.413,2.763,2.796,2.044,2.02,2.568,2.412,3.148,2.972,2.57,2.702,2.836,2.818,2.626,2.683,3.046,2.544,2.451,2.811,1.585,1.648,2.139,2.196,2.473,2.609,2.702,2.816,2.616,2.502,2.91,3.203,2.388,2.562,2.973,2.795,2.397,2.363,3.083,3.097,2.862,2.786,4.084,3.863,2.378,2.522,872.0,896.0,589.0,653.0,1794.0,1645.0,1645.0,1649.0,407.0,386.0,236.0,252.0,2633.0,3088.0,3860.0,4522.0,2816.0,2803.0,2153.0,2109.0,898.0,907.0,4376.0,4498.0,2330.0,2214.0,3250.0,2882.0,1715.0,1514.0,3060.0,2792.0,1379.0,1502.0,647.0,674.0,906.0,1217.0,602.0,852.0,1067.0,1169.0,1597.0,1446.0,3461.0,3463.0,1033.0,1039.0,4475.0,4198.0,3631.0,3898.0,589.0,561.0,4402.0,4642.0,6654.0,6817.0,5180.0,5310.0,3177.0,3377.0,3474.0,3178.0,383.0,342.0,393.0,303.0
A00044171,2.605,2.832,2.739,2.404,2.839,2.869,2.129,2.244,2.953,3.107,3.327,3.275,2.806,2.925,2.801,2.752,2.882,2.999,3.307,3.461,2.876,2.615,2.421,2.545,2.77,2.879,2.122,2.055,2.54,2.735,3.105,2.908,2.846,2.883,2.846,2.794,2.87,2.697,2.975,2.984,2.865,2.921,1.588,1.598,2.233,2.144,2.696,2.606,2.962,2.766,2.591,2.597,3.269,3.14,2.546,2.646,3.033,3.116,2.522,2.513,3.007,3.027,2.742,2.912,3.572,3.713,2.484,2.489,980.0,794.0,490.0,506.0,1790.0,1927.0,1261.0,1475.0,499.0,309.0,258.0,225.0,2727.0,2887.0,3535.0,4417.0,2698.0,2834.0,1929.0,1853.0,754.0,721.0,4426.0,4421.0,2348.0,2214.0,3390.0,3088.0,1812.0,1578.0,2901.0,2916.0,1072.0,1155.0,559.0,594.0,1173.0,1295.0,599.0,707.0,1331.0,1078.0,1638.0,1306.0,3261.0,2957.0,928.0,941.0,3913.0,4149.0,2926.0,2947.0,395.0,721.0,4610.0,4324.0,6149.0,5648.0,4527.0,4015.0,3488.0,3538.0,3260.0,2873.0,355.0,405.0,416.0,294.0
A00044291,2.642,2.783,2.899,2.84,2.898,2.819,2.052,2.1,3.166,3.368,2.505,2.928,2.901,3.001,2.701,2.718,2.931,2.951,3.239,3.264,2.613,2.4,2.332,2.347,2.892,2.758,2.242,2.2,2.443,2.806,3.038,3.092,2.804,2.743,2.998,2.777,2.888,3.013,2.637,2.824,2.808,2.624,1.597,1.384,2.341,2.394,2.668,2.729,2.938,2.908,2.603,2.666,3.095,3.102,2.425,2.432,3.016,2.956,2.432,2.426,3.137,2.904,2.769,2.804,2.982,3.855,2.395,2.481,1020.0,949.0,486.0,477.0,2156.0,2135.0,1843.0,1811.0,482.0,399.0,349.0,259.0,2726.0,3100.0,4567.0,5768.0,3275.0,3646.0,2666.0,2561.0,1127.0,1115.0,5664.0,5373.0,2525.0,2459.0,3759.0,3318.0,1682.0,1881.0,3883.0,3612.0,1348.0,1462.0,651.0,756.0,1594.0,1790.0,720.0,676.0,1330.0,1358.0,1464.0,1555.0,4258.0,4570.0,1132.0,1241.0,5293.0,5296.0,3855.0,3967.0,447.0,820.0,5618.0,5587.0,8141.0,7473.0,5387.0,5294.0,4356.0,4290.0,4811.0,4757.0,344.0,370.0,500.0,370.0
A00044307,2.47,2.825,3.086,2.596,2.901,2.662,1.635,1.875,2.828,2.663,3.078,3.14,2.763,2.76,2.637,2.686,2.803,2.826,3.02,3.047,2.531,2.557,2.133,2.161,2.851,2.574,1.857,1.927,2.53,2.44,2.994,2.848,2.431,2.59,2.411,2.533,2.624,2.806,3.28,2.94,2.524,2.707,1.449,1.491,2.064,2.108,2.534,2.543,2.448,2.431,2.636,2.644,3.002,3.409,2.393,2.626,2.987,2.894,2.359,2.392,3.095,3.023,2.708,2.721,3.545,3.61,2.472,2.385,879.0,988.0,728.0,803.0,1989.0,1901.0,1829.0,1678.0,587.0,604.0,279.0,262.0,3946.0,3353.0,4881.0,5189.0,3620.0,3291.0,2451.0,2309.0,918.0,971.0,4763.0,4786.0,2539.0,3011.0,3480.0,3380.0,2044.0,1925.0,3345.0,3032.0,1624.0,1623.0,723.0,775.0,1264.0,1506.0,744.0,920.0,1469.0,1513.0,1805.0,1515.0,4719.0,4295.0,1196.0,1348.0,5241.0,5202.0,4024.0,4236.0,737.0,797.0,6673.0,6262.0,8447.0,7337.0,6058.0,6303.0,3967.0,4155.0,4033.0,3897.0,530.0,530.0,527.0,355.0
A00044345,2.483,2.785,2.898,2.512,2.744,2.823,1.863,1.985,3.629,3.201,3.071,3.277,2.913,2.926,2.613,2.661,3.1,2.858,3.04,3.157,2.282,2.454,2.323,2.414,2.643,2.79,2.077,1.996,2.533,2.765,2.942,2.875,2.527,2.729,2.953,3.36,2.593,2.7,2.92,2.793,2.491,2.474,1.87,1.755,2.25,2.272,2.639,2.644,2.763,2.763,2.519,2.591,2.919,2.988,2.418,2.493,2.985,2.997,2.381,2.351,2.962,2.894,2.759,2.785,3.817,4.13,2.307,2.587,678.0,700.0,533.0,645.0,1981.0,1659.0,1056.0,1037.0,478.0,341.0,229.0,195.0,2981.0,2751.0,3415.0,4344.0,2708.0,3527.0,2099.0,2271.0,892.0,665.0,3934.0,3811.0,2316.0,2061.0,2543.0,2725.0,1528.0,1504.0,2730.0,2621.0,1107.0,1180.0,677.0,681.0,1055.0,1236.0,632.0,662.0,1571.0,1327.0,1167.0,1170.0,3421.0,3674.0,1111.0,1003.0,4034.0,4205.0,3261.0,3317.0,398.0,686.0,4595.0,4237.0,5742.0,5574.0,4820.0,4672.0,2909.0,3141.0,3433.0,3257.0,453.0,427.0,363.0,279.0
A00044369,2.585,1.97,2.486,2.305,2.459,2.564,1.911,1.919,3.853,3.754,3.139,2.754,2.707,2.808,2.573,2.473,2.86,2.888,2.809,3.023,2.215,2.366,2.445,2.246,2.757,2.697,1.969,2.005,2.628,2.478,2.827,2.943,2.332,2.104,2.496,2.624,2.475,2.445,2.69,2.912,2.48,2.387,1.715,1.443,2.004,1.999,2.308,2.308,2.381,2.349,2.331,2.332,2.465,2.401,2.378,2.347,2.727,2.688,2.142,2.093,2.357,2.894,2.595,2.573,3.634,4.06,2.111,2.012,1078.0,792.0,550.0,750.0,2089.0,1973.0,1524.0,1514.0,486.0,321.0,293.0,265.0,2995.0,3114.0,4065.0,5138.0,3083.0,2864.0,2443.0,2225.0,1094.0,856.0,4640.0,5090.0,2234.0,2162.0,3352.0,2889.0,1574.0,1766.0,3591.0,3272.0,1298.0,1490.0,697.0,696.0,1310.0,1389.0,642.0,805.0,1363.0,1306.0,1687.0,1421.0,4090.0,3639.0,1154.0,1121.0,4565.0,4526.0,3563.0,3690.0,447.0,830.0,6811.0,6541.0,6829.0,6206.0,4581.0,4878.0,3602.0,4033.0,3328.0,3730.0,409.0,409.0,445.0,337.0
A00044370,2.628,2.759,2.243,2.346,2.786,2.748,2.077,2.389,3.65,3.541,2.913,3.318,3.007,2.909,2.748,2.706,3.037,3.117,2.93,3.146,2.417,2.546,2.312,2.418,2.819,2.709,2.232,1.989,2.427,2.54,3.069,3.165,2.737,2.649,3.138,2.896,2.719,2.903,2.848,2.963,2.383,2.747,1.576,1.476,2.376,2.295,2.554,2.459,2.571,2.715,2.593,2.509,2.866,2.706,2.451,2.477,2.793,2.799,2.496,2.429,3.158,3.153,2.895,2.786,3.772,4.198,2.853,2.8,793.0,832.0,671.0,731.0,2431.0,1987.0,1606.0,1863.0,474.0,400.0,306.0,245.0,2598.0,2445.0,3703.0,4094.0,2683.0,2702.0,2042.0,1636.0,958.0,897.0,4283.0,4460.0,2326.0,2359.0,3374.0,3301.0,1455.0,1748.0,2772.0,2583.0,1230.0,1313.0,520.0,567.0,1124.0,1205.0,676.0,765.0,1168.0,1052.0,1790.0,1688.0,4127.0,3830.0,1137.0,1165.0,4832.0,4845.0,3550.0,3184.0,488.0,733.0,6528.0,6527.0,6969.0,6965.0,4500.0,4785.0,3037.0,3246.0,2787.0,3088.0,447.0,342.0,400.0,274.0
A00044405,2.537,2.382,2.859,2.839,2.408,2.617,1.794,1.788,3.593,3.727,2.858,2.876,2.793,2.679,2.594,2.644,2.832,2.78,3.097,2.999,2.46,2.379,2.195,2.175,2.771,3.024,1.875,1.726,2.524,2.351,2.963,3.035,2.436,2.229,2.723,2.794,2.653,2.395,2.773,3.132,2.293,2.373,1.751,1.555,2.001,2.223,2.474,2.7,2.635,2.541,2.549,2.399,2.92,2.976,2.336,2.346,2.822,2.79,2.215,2.191,2.744,2.837,2.623,2.631,3.71,4.05,2.326,2.19,710.0,765.0,400.0,403.0,2144.0,1881.0,1191.0,1121.0,430.0,326.0,285.0,222.0,2349.0,2667.0,2770.0,3549.0,2404.0,2511.0,1712.0,1738.0,711.0,727.0,4133.0,4331.0,2002.0,1601.0,2934.0,2381.0,1494.0,1611.0,2550.0,2291.0,1192.0,1286.0,587.0,680.0,1083.0,1076.0,589.0,682.0,1094.0,866.0,1067.0,1154.0,2990.0,2830.0,885.0,834.0,3961.0,4224.0,2416.0,2571.0,402.0,468.0,5190.0,5041.0,6417.0,6372.0,4335.0,4117.0,2714.0,3018.0,2712.0,2385.0,383.0,310.0,342.0,240.0
A00044408,2.128,2.435,2.627,2.646,2.401,2.372,1.79,1.753,2.796,2.879,2.834,2.933,2.576,2.511,2.258,2.234,2.653,2.681,2.944,2.795,1.857,1.857,2.063,2.074,2.617,2.537,1.955,1.807,2.287,2.3,2.528,2.62,2.378,2.433,2.301,2.421,2.522,2.486,2.586,2.728,2.317,2.146,1.551,1.448,2.11,2.163,2.373,2.217,2.341,2.416,2.208,2.214,2.555,2.717,2.217,2.15,2.482,2.52,2.109,1.999,2.356,2.544,2.312,2.467,3.157,2.813,2.345,2.799,836.0,1029.0,691.0,581.0,2046.0,1883.0,1588.0,1516.0,357.0,319.0,282.0,270.0,2720.0,3262.0,4582.0,5799.0,2784.0,3272.0,2376.0,2119.0,1124.0,601.0,4763.0,4086.0,2512.0,2536.0,2862.0,2652.0,1834.0,1789.0,3136.0,2952.0,1144.0,1524.0,548.0,567.0,1544.0,1705.0,755.0,848.0,1611.0,1563.0,1143.0,1089.0,3769.0,3955.0,957.0,1152.0,4566.0,4382.0,4067.0,3761.0,574.0,883.0,5624.0,5917.0,6551.0,6290.0,5050.0,5369.0,3565.0,3759.0,4542.0,3624.0,465.0,310.0,427.0,266.0
A00044410,2.353,2.324,2.683,2.61,2.376,2.464,1.764,1.865,3.46,3.843,3.406,3.154,2.668,2.619,2.279,2.312,2.811,2.685,2.962,3.069,2.023,2.048,2.154,2.296,2.489,2.665,2.039,2.021,2.482,2.43,2.767,2.589,2.511,2.284,2.938,3.173,2.593,2.364,2.678,2.231,2.269,2.265,1.531,1.509,2.003,1.979,2.249,2.452,2.399,2.414,2.277,2.11,3.29,2.922,2.207,2.108,2.578,2.509,2.096,2.182,2.705,2.749,2.381,2.394,3.747,3.975,2.677,2.31,962.0,895.0,633.0,543.0,2088.0,1877.0,1548.0,1579.0,494.0,532.0,237.0,179.0,2646.0,2622.0,4568.0,4806.0,2758.0,2686.0,2243.0,2043.0,1100.0,840.0,4667.0,4378.0,2333.0,2234.0,2719.0,2646.0,1771.0,1727.0,3025.0,2627.0,1254.0,1438.0,502.0,585.0,1060.0,1458.0,588.0,626.0,1338.0,1177.0,1328.0,1217.0,3499.0,3303.0,1045.0,1182.0,4343.0,4357.0,3203.0,3570.0,448.0,761.0,5507.0,4845.0,5959.0,6588.0,5067.0,5074.0,3358.0,3562.0,3164.0,3342.0,376.0,471.0,444.0,328.0
A00044427,2.611,2.712,2.585,2.591,2.432,2.383,1.764,1.961,2.936,3.645,2.831,3.293,2.734,2.824,2.561,2.476,2.673,2.784,2.943,2.98,2.345,2.55,2.214,2.314,2.673,2.763,1.85,1.877,2.291,2.511,2.871,2.903,2.511,2.37,2.867,2.857,2.543,2.605,2.583,2.877,2.233,2.526,1.594,1.591,2.048,1.927,2.763,2.8,2.343,2.365,2.367,2.498,3.014,2.604,2.338,2.454,2.621,2.567,2.216,2.123,2.811,2.742,2.614,2.486,3.676,4.164,2.393,2.257,817.0,801.0,467.0,589.0,1859.0,1907.0,1279.0,1327.0,440.0,425.0,270.0,214.0,2684.0,2755.0,3893.0,4256.0,2958.0,2767.0,2266.0,2139.0,792.0,659.0,4335.0,3943.0,2413.0,2382.0,2507.0,2551.0,1625.0,1713.0,3422.0,2640.0,1014.0,1129.0,555.0,601.0,1320.0,1356.0,597.0,697.0,1255.0,1264.0,1239.0,1161.0,3295.0,3163.0,881.0,887.0,4165.0,4079.0,2922.0,3250.0,658.0,700.0,4608.0,4614.0,6435.0,5759.0,4684.0,4765.0,3445.0,3513.0,2852.0,2983.0,362.0,421.0,360.0,292.0
A00045554,2.745,2.83,2.972,2.44,2.471,2.593,2.055,1.968,2.872,3.347,2.669,2.707,2.753,2.732,2.494,2.547,2.945,2.942,2.95,3.046,2.335,2.439,2.186,2.297,2.77,2.708,2.01,2.076,2.377,2.403,3.14,2.861,2.359,2.537,2.93,2.98,2.641,2.79,2.959,2.563,2.48,2.533,1.476,1.856,2.127,2.16,2.584,2.642,2.493,2.412,2.564,2.51,2.933,2.761,2.306,2.323,2.78,2.72,2.246,2.216,3.049,2.879,2.684,2.658,2.647,2.704,1.932,2.73,737.0,927.0,585.0,551.0,2848.0,3083.0,1646.0,2047.0,506.0,343.0,297.0,242.0,2769.0,2999.0,3873.0,5038.0,2803.0,3502.0,2568.0,2275.0,1021.0,915.0,4759.0,5704.0,2505.0,2456.0,3843.0,3091.0,1915.0,2016.0,3746.0,3191.0,1699.0,1855.0,730.0,690.0,1287.0,1691.0,609.0,881.0,1584.0,1264.0,1989.0,1560.0,4635.0,4188.0,1136.0,1168.0,5734.0,6053.0,3344.0,3931.0,540.0,1023.0,5863.0,6316.0,8504.0,8618.0,5156.0,5195.0,3873.0,4093.0,3963.0,3265.0,517.0,479.0,670.0,331.0
A00045589,2.205,2.368,2.484,2.389,2.442,2.425,1.69,1.671,3.342,3.578,2.533,2.632,2.67,2.647,2.319,2.382,2.726,2.755,2.811,2.774,2.28,2.252,2.071,2.185,2.629,2.474,1.889,1.851,2.276,2.285,2.637,2.689,2.244,2.167,2.638,2.92,2.408,2.382,2.342,2.584,2.292,2.303,1.588,1.528,2.052,2.018,2.264,2.413,2.448,2.561,2.223,2.174,2.604,2.858,2.229,2.219,2.587,2.459,2.112,2.149,2.584,2.592,2.371,2.502,3.366,3.524,2.055,2.066,730.0,850.0,680.0,712.0,2455.0,2511.0,1924.0,1800.0,637.0,484.0,382.0,282.0,3679.0,3392.0,4082.0,5292.0,3428.0,4098.0,2686.0,2421.0,1306.0,1194.0,5440.0,5787.0,2602.0,2814.0,3531.0,3585.0,1959.0,1989.0,3648.0,3349.0,1352.0,1540.0,692.0,663.0,1511.0,1640.0,704.0,963.0,1853.0,1280.0,1615.0,1523.0,4280.0,3988.0,1366.0,1445.0,4919.0,5524.0,4413.0,4332.0,486.0,784.0,6292.0,6290.0,8101.0,7543.0,5514.0,5705.0,3641.0,3949.0,3556.0,3553.0,507.0,425.0,595.0,356.0
A00045590,2.591,2.482,2.725,2.462,2.541,2.532,2.052,2.064,3.407,3.591,2.9,2.98,2.807,2.763,2.581,2.514,2.777,2.816,3.003,2.94,2.406,2.387,2.12,2.171,2.532,2.682,2.174,2.151,2.391,2.447,2.785,2.898,2.359,2.6,2.981,2.952,2.632,2.617,2.677,2.664,2.344,2.367,1.739,1.694,2.198,2.157,2.456,2.514,2.598,2.632,2.434,2.474,2.668,2.681,2.312,2.295,2.783,2.794,2.366,2.28,2.846,2.852,2.742,2.649,3.53,3.908,2.475,2.405,940.0,965.0,565.0,690.0,1892.0,2299.0,1747.0,2261.0,518.0,492.0,301.0,286.0,3086.0,3173.0,4100.0,5566.0,4054.0,3291.0,2664.0,2603.0,1131.0,1090.0,6266.0,6348.0,2807.0,2734.0,3586.0,3509.0,1544.0,1877.0,3628.0,2977.0,1531.0,1529.0,565.0,684.0,1892.0,1558.0,713.0,1043.0,1595.0,1330.0,2300.0,1885.0,3886.0,4016.0,1257.0,1153.0,4887.0,4962.0,4228.0,4301.0,622.0,904.0,6017.0,5774.0,7971.0,7043.0,5198.0,5412.0,3522.0,3956.0,5114.0,4078.0,482.0,507.0,484.0,389.0
A00050679,2.34,2.888,2.609,2.321,2.299,2.39,1.769,1.809,3.566,3.001,2.429,2.56,2.703,2.797,2.42,2.392,2.809,2.909,2.896,2.896,2.046,2.088,2.034,2.161,2.765,2.779,2.057,1.902,2.387,2.409,2.905,2.859,2.054,2.043,2.811,3.078,2.623,2.48,2.546,2.63,2.414,2.354,1.478,1.501,1.825,1.892,2.21,2.388,2.129,2.189,2.015,2.125,2.845,2.69,2.244,2.189,2.519,2.534,2.014,1.987,2.616,2.5,2.262,2.394,3.593,3.841,2.519,2.357,982.0,700.0,545.0,569.0,2074.0,1825.0,1334.0,1552.0,436.0,328.0,281.0,231.0,2452.0,2424.0,4135.0,4681.0,2225.0,2556.0,2053.0,1869.0,1032.0,904.0,4011.0,4405.0,2033.0,2008.0,2850.0,2669.0,1639.0,1591.0,2764.0,2600.0,1304.0,1641.0,543.0,630.0,1033.0,1403.0,585.0,543.0,1053.0,1033.0,1449.0,1482.0,4067.0,4000.0,1177.0,1125.0,4633.0,4749.0,3633.0,3511.0,450.0,674.0,4488.0,4437.0,6014.0,6485.0,4584.0,4866.0,3142.0,3415.0,3296.0,3533.0,311.0,317.0,332.0,283.0
A00050721,2.541,2.696,2.919,2.996,2.536,2.619,1.97,2.122,3.106,3.522,2.622,2.46,2.65,2.715,2.61,2.592,2.883,2.74,3.119,3.233,2.777,2.682,2.299,2.352,2.717,2.632,2.055,1.957,2.479,2.503,3.023,2.908,2.569,2.623,2.963,2.857,2.633,2.731,2.538,2.631,2.45,2.426,1.816,1.556,2.23,2.218,2.576,2.569,2.681,2.635,2.469,2.435,2.991,2.991,2.273,2.31,2.739,2.677,2.306,2.387,2.971,2.796,2.69,2.751,3.878,3.785,2.781,2.63,907.0,859.0,573.0,512.0,2274.0,1730.0,1701.0,1698.0,417.0,312.0,304.0,213.0,2643.0,2918.0,3921.0,4338.0,2902.0,3123.0,2088.0,2126.0,814.0,781.0,5214.0,4901.0,2289.0,2280.0,3571.0,3604.0,1781.0,1437.0,3297.0,2953.0,1224.0,1364.0,636.0,655.0,1126.0,1583.0,540.0,660.0,1277.0,1079.0,1695.0,1708.0,3346.0,3344.0,885.0,977.0,4262.0,4218.0,2740.0,3186.0,562.0,648.0,5006.0,5030.0,6575.0,6870.0,4657.0,4522.0,3469.0,3612.0,3612.0,3185.0,433.0,349.0,410.0,311.0
A00050742,2.393,2.819,2.938,2.731,2.623,2.591,2.056,2.058,3.375,3.348,2.648,2.606,2.945,2.837,2.624,2.586,2.756,2.751,2.977,3.014,2.22,2.408,2.271,2.422,2.716,2.896,2.149,2.021,2.544,2.599,2.883,2.81,2.348,2.58,3.104,3.046,2.517,2.584,3.045,2.739,2.585,2.434,1.626,1.579,2.137,2.146,2.559,2.469,2.589,2.615,2.382,2.507,2.733,2.929,2.406,2.44,2.785,2.753,2.271,2.261,2.82,2.757,2.616,2.61,3.554,3.889,2.218,2.375,765.0,827.0,479.0,533.0,1693.0,1681.0,1424.0,1491.0,429.0,409.0,263.0,258.0,2817.0,3108.0,4362.0,4455.0,2794.0,2699.0,2053.0,1948.0,1146.0,947.0,5290.0,4492.0,2212.0,2180.0,3335.0,3009.0,1504.0,1829.0,2771.0,2492.0,1154.0,1179.0,525.0,527.0,1100.0,1195.0,522.0,723.0,1191.0,1174.0,1505.0,1554.0,3555.0,3682.0,846.0,958.0,4181.0,4096.0,3193.0,3511.0,507.0,749.0,3991.0,4505.0,5994.0,6084.0,4663.0,5138.0,2822.0,3007.0,3256.0,3346.0,436.0,401.0,343.0,293.0
A00050743,2.912,3.081,3.0,2.897,2.954,3.075,2.099,2.28,3.471,3.809,3.28,2.974,3.052,3.069,2.718,2.788,3.194,3.004,3.133,3.406,2.353,2.539,2.458,2.345,2.91,2.998,2.222,2.13,2.756,2.54,3.243,3.227,2.628,2.643,2.891,2.687,2.991,2.966,2.974,3.105,2.849,2.772,1.624,1.491,2.157,2.282,2.738,2.771,2.88,2.853,2.722,2.643,3.436,3.367,2.61,2.697,3.171,3.053,2.442,2.529,3.192,3.172,2.804,2.862,3.927,4.305,2.779,2.612,944.0,1067.0,614.0,632.0,2080.0,1875.0,1614.0,1618.0,514.0,432.0,271.0,291.0,2853.0,3100.0,4511.0,4567.0,3619.0,3590.0,2662.0,2135.0,980.0,755.0,5261.0,5202.0,2446.0,2326.0,3564.0,3455.0,1686.0,1848.0,3674.0,3564.0,1354.0,1531.0,798.0,558.0,1217.0,1791.0,683.0,666.0,1348.0,1455.0,1605.0,1507.0,3873.0,3778.0,1093.0,1116.0,4206.0,4024.0,3786.0,3783.0,453.0,655.0,5443.0,5886.0,6510.0,7168.0,4975.0,5432.0,3736.0,3788.0,3621.0,3961.0,494.0,435.0,377.0,310.0
A00050795,2.604,2.89,2.784,2.457,2.681,2.575,1.882,1.821,3.174,3.267,3.169,3.208,2.856,2.777,2.407,2.494,2.773,2.793,3.283,3.126,2.55,2.169,2.211,2.261,2.82,2.775,2.063,2.034,2.542,2.672,2.969,2.89,2.293,2.384,2.507,2.636,2.856,2.774,2.927,2.9,2.504,2.627,1.367,1.586,1.914,1.985,2.488,2.665,2.538,2.644,2.372,2.311,2.906,2.802,2.465,2.551,2.813,2.829,2.226,2.243,2.983,2.924,2.596,2.58,3.761,3.786,2.17,2.228,1020.0,917.0,583.0,851.0,2137.0,2020.0,1563.0,1505.0,407.0,411.0,284.0,278.0,3173.0,3236.0,4952.0,5554.0,3286.0,3117.0,2128.0,2315.0,959.0,1025.0,4224.0,4709.0,2513.0,2641.0,3080.0,3179.0,1998.0,1943.0,3286.0,2825.0,1478.0,1609.0,581.0,649.0,1096.0,1540.0,707.0,822.0,1346.0,1387.0,1689.0,1577.0,3548.0,3897.0,1387.0,1085.0,4910.0,4368.0,3883.0,3980.0,504.0,922.0,6485.0,6212.0,8555.0,7464.0,5204.0,4978.0,3507.0,3887.0,4234.0,3905.0,475.0,438.0,417.0,288.0
A00050815,2.561,2.923,2.88,2.724,2.642,2.645,2.168,2.201,3.69,3.514,2.809,3.001,2.804,2.814,2.647,2.698,3.03,2.991,2.932,2.961,2.799,2.22,2.396,2.41,2.885,2.968,2.154,2.079,2.549,2.606,3.031,3.186,2.688,2.639,3.06,3.001,2.649,2.658,2.747,2.794,2.486,2.469,2.113,2.072,2.421,2.335,2.206,2.687,2.85,2.729,2.487,2.451,2.556,2.747,2.534,2.65,2.837,2.84,2.407,2.36,3.03,3.034,2.773,2.869,4.521,4.038,2.431,2.48,1132.0,750.0,489.0,621.0,2021.0,2069.0,1365.0,1245.0,511.0,461.0,365.0,256.0,3027.0,2737.0,3654.0,4002.0,3095.0,2538.0,1956.0,1978.0,674.0,746.0,3835.0,3728.0,2311.0,2048.0,2418.0,2228.0,1735.0,1597.0,3141.0,2614.0,1360.0,1329.0,614.0,671.0,1636.0,1735.0,642.0,778.0,1313.0,894.0,1236.0,1359.0,3683.0,3673.0,1010.0,703.0,4202.0,4444.0,3275.0,3538.0,424.0,759.0,4704.0,5029.0,6304.0,6513.0,4391.0,4565.0,3362.0,3608.0,3782.0,3451.0,440.0,401.0,376.0,275.0
A00050847,2.643,2.755,2.78,2.354,2.636,2.529,1.993,1.93,2.936,3.224,2.171,2.564,2.784,2.723,2.57,2.693,2.842,2.66,3.012,3.162,2.494,2.456,2.219,2.351,2.843,2.606,2.008,1.854,2.47,2.458,3.076,3.006,2.612,2.597,2.586,2.572,2.995,2.815,2.99,2.587,2.452,2.7,1.498,1.365,2.012,2.015,2.638,2.734,2.641,2.644,2.708,2.49,2.925,2.911,2.373,2.483,2.861,2.69,2.285,2.232,2.959,2.933,2.53,2.735,3.052,3.749,2.429,2.29,959.0,1008.0,484.0,746.0,2608.0,1774.0,1252.0,1399.0,413.0,402.0,255.0,235.0,2705.0,3303.0,4656.0,5560.0,3200.0,3333.0,2592.0,2285.0,1142.0,965.0,4575.0,3934.0,2573.0,3036.0,3251.0,2657.0,1527.0,1848.0,3650.0,3177.0,1363.0,1637.0,687.0,791.0,1099.0,1289.0,608.0,1030.0,1509.0,1129.0,1240.0,1192.0,3718.0,3829.0,1271.0,1154.0,4750.0,5083.0,3898.0,3819.0,575.0,841.0,6131.0,5380.0,6820.0,5948.0,5431.0,5251.0,3385.0,3717.0,3471.0,3513.0,377.0,401.0,472.0,378.0
A00050911,2.476,2.32,2.24,2.021,2.318,2.415,1.593,1.677,3.426,2.976,2.774,2.289,2.489,2.673,2.318,2.382,2.708,2.817,2.644,2.465,2.029,1.843,2.142,2.19,2.583,2.423,1.788,1.843,1.979,2.047,2.651,2.598,2.183,2.304,2.516,2.701,2.279,2.303,2.488,2.464,2.131,2.051,1.318,1.324,1.973,1.82,1.782,2.189,2.328,2.356,2.2,2.181,2.047,2.343,2.028,2.016,2.423,2.378,2.227,2.134,2.304,2.331,2.343,2.344,3.654,3.394,2.156,1.979,946.0,813.0,993.0,724.0,2312.0,1882.0,1693.0,1608.0,386.0,451.0,269.0,235.0,3357.0,3278.0,4581.0,5327.0,3320.0,3037.0,2427.0,2524.0,968.0,909.0,5381.0,5507.0,2473.0,2550.0,3045.0,2963.0,1900.0,2058.0,3303.0,2688.0,1431.0,1421.0,533.0,675.0,1304.0,1337.0,618.0,754.0,1595.0,1150.0,1558.0,1326.0,4564.0,3684.0,1404.0,1254.0,5012.0,4894.0,3714.0,4095.0,641.0,1144.0,6037.0,6470.0,7128.0,7271.0,5504.0,5584.0,3515.0,3569.0,3750.0,3695.0,466.0,375.0,439.0,333.0
A00050912,2.368,2.603,2.448,2.409,2.486,2.492,1.921,1.826,3.632,3.561,3.115,3.028,2.752,2.899,2.436,2.425,2.726,2.872,2.977,2.755,2.426,2.31,2.229,2.283,2.618,2.7,1.858,1.93,2.33,2.396,2.866,2.891,2.236,2.382,2.607,3.072,2.665,2.696,2.743,2.507,2.459,2.516,1.449,1.338,2.048,2.037,2.378,2.623,2.254,2.322,2.406,2.42,2.76,2.617,2.265,2.411,2.602,2.563,2.148,2.234,2.807,2.799,2.59,2.542,3.714,3.934,2.479,2.343,754.0,872.0,358.0,708.0,2065.0,1715.0,1509.0,1639.0,484.0,389.0,272.0,205.0,2805.0,2988.0,3820.0,4374.0,3069.0,2938.0,2183.0,2526.0,926.0,860.0,4507.0,4346.0,2454.0,2052.0,3232.0,2997.0,1935.0,1989.0,3280.0,2415.0,1165.0,1463.0,551.0,537.0,1348.0,1414.0,618.0,790.0,1502.0,1256.0,1616.0,1557.0,4176.0,3861.0,1118.0,894.0,4908.0,4729.0,3429.0,3509.0,593.0,769.0,5286.0,5143.0,7368.0,6334.0,4205.0,4737.0,3205.0,3225.0,3506.0,3165.0,480.0,417.0,436.0,292.0
A00050940,2.602,2.564,2.577,2.335,2.837,2.598,2.127,1.892,3.327,3.058,2.743,2.893,2.817,2.692,2.498,2.6,2.788,2.7,2.882,3.19,2.307,2.105,2.183,2.304,2.527,2.785,2.059,2.004,2.375,2.416,2.938,2.835,2.625,2.669,2.429,2.444,2.759,2.828,2.614,2.576,2.596,2.564,1.587,1.549,2.158,2.156,2.474,2.64,2.382,2.652,2.538,2.546,2.709,2.742,2.324,2.472,2.862,2.813,2.364,2.364,2.573,2.723,2.538,2.59,2.695,3.608,2.485,2.213,1351.0,1109.0,718.0,1028.0,2810.0,3381.0,1486.0,1879.0,551.0,637.0,405.0,283.0,4649.0,4027.0,5748.0,6224.0,4880.0,4864.0,4037.0,3222.0,1578.0,1417.0,6863.0,8144.0,3458.0,3160.0,4554.0,4107.0,2114.0,2392.0,4874.0,4326.0,1454.0,2032.0,854.0,862.0,2246.0,2624.0,904.0,957.0,2166.0,2009.0,2049.0,1665.0,6021.0,5970.0,1655.0,1257.0,6979.0,5935.0,5242.0,5563.0,771.0,1267.0,6864.0,7722.0,10184.0,10495.0,5837.0,6670.0,4773.0,5127.0,5931.0,5008.0,556.0,540.0,599.0,367.0
A00050977,2.356,2.602,2.907,3.21,2.774,2.755,2.029,2.082,3.247,3.893,3.72,2.464,2.77,2.783,2.553,2.601,2.821,2.913,3.247,3.316,2.057,2.336,2.271,2.317,2.986,3.145,1.947,1.965,2.506,2.726,3.057,2.697,2.646,2.62,2.777,2.551,2.725,2.656,3.146,3.049,2.563,2.457,1.747,1.836,2.096,2.254,2.875,2.652,2.715,2.702,2.375,2.513,3.272,3.247,2.458,2.349,2.94,2.97,2.26,2.37,2.962,2.865,2.671,2.693,3.981,4.098,2.534,2.667,821.0,758.0,446.0,590.0,1925.0,1736.0,1223.0,1197.0,314.0,302.0,263.0,238.0,2636.0,2530.0,3263.0,3825.0,2552.0,2468.0,2122.0,2079.0,770.0,653.0,4002.0,4453.0,1963.0,2031.0,2296.0,2670.0,1652.0,1521.0,2948.0,2833.0,908.0,1095.0,540.0,536.0,1114.0,1391.0,487.0,795.0,1289.0,1277.0,1237.0,1092.0,3344.0,3275.0,834.0,738.0,3863.0,3709.0,2927.0,3014.0,462.0,403.0,5163.0,5623.0,5856.0,5391.0,4057.0,4496.0,3209.0,3688.0,3168.0,2994.0,442.0,395.0,413.0,278.0
A00051023,2.347,2.603,2.759,2.681,2.65,2.695,1.949,2.035,3.082,3.213,2.605,2.517,2.753,2.693,2.562,2.494,2.757,2.918,2.836,2.84,2.394,2.223,2.31,2.345,2.568,2.518,1.905,1.858,2.522,2.456,2.851,2.734,2.535,2.807,2.645,2.739,2.56,2.489,2.971,2.751,2.556,2.592,1.491,1.491,2.318,2.252,2.422,2.666,2.708,2.607,2.418,2.525,2.665,2.86,2.501,2.474,2.894,2.888,2.333,2.254,2.803,2.675,2.448,2.572,3.463,3.997,1.89,2.177,947.0,615.0,689.0,529.0,2319.0,2161.0,1497.0,1679.0,611.0,508.0,338.0,258.0,3032.0,3392.0,3876.0,4679.0,3232.0,2941.0,2701.0,2309.0,874.0,933.0,4989.0,4222.0,2789.0,2834.0,3138.0,2470.0,1672.0,1981.0,3294.0,2955.0,1329.0,1282.0,649.0,733.0,1359.0,1565.0,569.0,688.0,1475.0,1169.0,1355.0,1090.0,4364.0,4083.0,918.0,1151.0,4912.0,5337.0,3849.0,4326.0,684.0,984.0,5414.0,5319.0,6988.0,7166.0,5775.0,5065.0,3462.0,4384.0,4362.0,3889.0,473.0,428.0,556.0,373.0
A00051063,2.83,2.942,2.797,2.357,2.773,2.868,2.179,2.101,3.533,3.529,2.834,3.298,2.818,2.83,2.652,2.743,2.852,2.83,3.17,3.296,2.542,2.412,2.331,2.458,2.931,2.71,2.134,2.046,2.599,2.662,3.062,3.109,2.575,2.699,2.809,3.392,3.015,2.933,2.78,2.955,2.829,2.598,1.636,1.671,2.179,2.177,2.578,2.745,2.674,2.65,2.642,2.645,2.97,3.082,2.628,2.707,3.025,2.997,2.462,2.513,2.965,2.977,2.872,2.767,3.633,3.2,2.101,2.754,1214.0,1221.0,630.0,994.0,2625.0,2039.0,1825.0,1649.0,605.0,430.0,353.0,263.0,3516.0,3643.0,4442.0,6334.0,3927.0,4285.0,2759.0,2286.0,918.0,1008.0,5824.0,6014.0,2861.0,3245.0,3589.0,3397.0,1784.0,2109.0,3947.0,3288.0,1539.0,1543.0,693.0,680.0,1541.0,1672.0,759.0,920.0,1630.0,1391.0,1722.0,1744.0,4684.0,4077.0,1387.0,1125.0,5662.0,5473.0,3832.0,4059.0,697.0,910.0,6779.0,5788.0,9008.0,7840.0,6080.0,5955.0,4179.0,4814.0,5084.0,4212.0,483.0,484.0,707.0,434.0
A00051064,2.624,2.791,2.656,2.532,2.8,2.726,1.878,1.986,2.844,3.357,3.279,2.927,2.944,2.744,2.608,2.624,2.842,2.917,3.215,3.09,2.524,2.639,2.167,2.353,2.893,2.859,1.943,1.896,2.568,2.844,2.919,3.06,2.882,2.89,2.974,3.171,2.927,2.944,2.663,2.784,2.777,2.693,1.654,1.538,2.212,2.343,2.571,2.652,2.933,2.904,2.516,2.53,2.636,2.953,2.405,2.595,3.077,2.966,2.253,2.367,3.077,3.055,2.883,2.882,3.449,3.576,2.449,2.535,807.0,684.0,783.0,723.0,1889.0,2055.0,1715.0,1568.0,430.0,357.0,287.0,294.0,2579.0,2534.0,3788.0,4402.0,3126.0,2626.0,2101.0,2132.0,786.0,620.0,4754.0,4895.0,2611.0,2388.0,3018.0,3034.0,1752.0,1810.0,2790.0,2340.0,1259.0,1265.0,592.0,718.0,1182.0,1338.0,676.0,770.0,1279.0,1306.0,1693.0,1492.0,3728.0,3819.0,1123.0,1140.0,4942.0,4481.0,3343.0,3395.0,404.0,692.0,5844.0,6031.0,7403.0,6661.0,4814.0,5343.0,3127.0,3588.0,3404.0,3202.0,416.0,461.0,561.0,354.0
A00051455,2.381,2.191,2.431,1.9,2.381,2.422,1.51,1.898,3.5,3.608,2.243,2.337,2.523,2.523,2.25,2.249,2.889,2.78,2.645,2.786,2.131,2.014,2.102,2.023,2.775,2.85,1.783,1.735,2.309,2.549,2.839,2.771,2.242,2.305,2.39,2.346,2.543,2.768,2.82,2.656,2.492,2.409,1.546,1.493,1.87,1.834,2.333,2.481,2.43,2.455,2.243,2.218,3.074,2.938,2.283,2.357,2.486,2.532,1.886,1.871,2.64,2.602,2.344,2.332,3.881,3.467,2.304,1.993,845.0,713.0,420.0,760.0,2085.0,1742.0,1227.0,1433.0,416.0,323.0,285.0,257.0,3153.0,2883.0,3739.0,4558.0,3114.0,2885.0,2293.0,2482.0,953.0,798.0,4898.0,4823.0,2209.0,2065.0,1965.0,2652.0,1945.0,1816.0,2785.0,2563.0,1169.0,1262.0,591.0,573.0,1188.0,1317.0,618.0,679.0,1225.0,1083.0,1256.0,1080.0,3516.0,3428.0,1110.0,955.0,4044.0,4247.0,3226.0,3540.0,478.0,615.0,5000.0,5099.0,6330.0,6346.0,4721.0,4887.0,3221.0,3536.0,3274.0,3199.0,389.0,437.0,403.0,323.0
A00051456,2.571,2.353,2.392,2.497,2.586,2.486,1.911,1.918,3.186,3.858,2.939,2.519,2.71,2.659,2.451,2.502,2.739,2.741,2.978,2.95,2.089,2.321,2.189,2.293,2.48,2.67,1.874,1.716,2.421,2.553,2.854,2.842,2.383,2.484,2.779,2.942,2.55,2.538,2.661,2.558,2.468,2.412,1.538,1.545,2.199,2.159,2.565,2.422,2.442,2.49,2.466,2.279,2.743,2.784,2.278,2.25,2.637,2.686,2.204,2.21,2.735,2.79,2.714,2.463,3.539,3.864,2.304,2.476,803.0,844.0,522.0,557.0,2021.0,2052.0,1155.0,1266.0,360.0,302.0,261.0,241.0,2301.0,2638.0,3185.0,4213.0,2443.0,2777.0,2061.0,1828.0,973.0,813.0,3931.0,4084.0,2344.0,2004.0,2495.0,2399.0,1568.0,1599.0,3162.0,2858.0,1305.0,1565.0,576.0,570.0,1377.0,1692.0,587.0,690.0,1321.0,1309.0,1259.0,1061.0,3839.0,3506.0,995.0,931.0,4452.0,4197.0,3083.0,3507.0,333.0,562.0,4718.0,4348.0,6606.0,6507.0,4197.0,4073.0,3477.0,3631.0,3411.0,2790.0,448.0,347.0,384.0,303.0
A00051457,2.339,2.547,2.772,2.334,2.682,2.621,1.903,1.947,3.779,3.013,3.079,3.187,2.615,2.551,2.469,2.45,2.803,2.771,2.757,2.78,2.128,1.974,2.256,2.35,2.916,2.767,1.953,2.055,2.311,2.788,3.005,2.941,2.55,2.745,2.636,2.961,2.632,2.754,2.973,3.059,2.489,2.361,1.512,1.633,2.273,2.257,2.285,2.293,2.668,2.659,2.456,2.415,3.276,3.211,2.389,2.392,2.822,2.803,2.288,2.352,2.724,2.725,2.498,2.524,3.404,3.651,2.537,2.193,864.0,887.0,574.0,746.0,1983.0,2299.0,1255.0,1385.0,414.0,275.0,283.0,213.0,2536.0,2533.0,3337.0,4335.0,2346.0,2534.0,2109.0,1949.0,902.0,763.0,4229.0,4204.0,2055.0,1960.0,2667.0,2571.0,1431.0,1556.0,2798.0,2410.0,1201.0,1093.0,399.0,442.0,1182.0,1320.0,517.0,635.0,1288.0,1039.0,1490.0,1336.0,3922.0,3644.0,1016.0,1021.0,4885.0,4806.0,2888.0,3135.0,446.0,774.0,4469.0,5116.0,5968.0,5176.0,3891.0,3910.0,3331.0,3303.0,3737.0,3228.0,408.0,457.0,345.0,281.0
A00051513,2.437,2.919,2.876,2.762,2.957,2.799,1.954,1.938,3.183,3.526,2.427,2.505,2.834,2.928,2.625,2.64,2.839,2.898,3.244,3.29,2.663,2.403,2.181,2.382,2.849,2.836,1.99,1.946,2.437,2.43,2.987,3.129,2.726,2.784,2.735,3.277,2.739,2.87,2.798,2.79,2.598,2.593,1.534,1.61,2.334,2.309,2.655,2.745,2.768,2.886,2.345,2.449,2.811,3.099,2.432,2.552,2.915,2.773,2.377,2.386,2.99,3.056,2.958,2.919,3.554,3.783,2.524,2.392,1157.0,1112.0,564.0,723.0,2070.0,2713.0,1793.0,1835.0,614.0,548.0,351.0,335.0,3489.0,3304.0,4471.0,4574.0,4215.0,3000.0,2770.0,2828.0,1255.0,1197.0,5014.0,5550.0,2924.0,2690.0,3328.0,3787.0,1994.0,2139.0,4074.0,3577.0,1773.0,1937.0,638.0,763.0,1447.0,1413.0,875.0,896.0,1710.0,1702.0,1800.0,1413.0,4616.0,4933.0,1402.0,1159.0,6141.0,5277.0,3890.0,4264.0,714.0,745.0,5150.0,5499.0,9148.0,8644.0,5255.0,5945.0,4202.0,4902.0,5011.0,4111.0,498.0,456.0,555.0,433.0
A00051514,2.474,2.715,2.729,2.583,2.66,2.484,1.715,1.854,3.364,3.394,2.613,2.879,2.743,2.676,2.576,2.466,2.734,2.776,3.079,3.107,2.322,2.395,2.149,2.252,2.555,2.541,1.912,1.794,2.397,2.355,2.778,2.932,2.563,2.65,2.387,2.84,2.621,2.753,2.684,2.606,2.369,2.461,1.524,1.39,2.052,2.069,2.595,2.703,2.71,2.67,2.499,2.396,2.865,2.996,2.22,2.485,2.895,2.797,2.314,2.375,2.883,2.88,2.56,2.527,3.867,3.758,2.591,2.392,1209.0,1199.0,835.0,1070.0,2621.0,2263.0,1808.0,1873.0,438.0,350.0,357.0,268.0,3178.0,3460.0,4252.0,5869.0,3874.0,3497.0,2828.0,2288.0,929.0,882.0,5424.0,5015.0,2760.0,2893.0,3400.0,3498.0,1587.0,1803.0,4353.0,3865.0,1513.0,1582.0,657.0,711.0,1521.0,1284.0,728.0,905.0,1835.0,1167.0,1767.0,1604.0,4387.0,4710.0,1341.0,1388.0,5061.0,5686.0,4314.0,4562.0,843.0,1084.0,6614.0,6208.0,7784.0,7358.0,5316.0,5636.0,4082.0,4224.0,5099.0,4241.0,456.0,461.0,534.0,329.0
A00051517,2.532,2.403,2.612,2.906,2.596,2.383,1.882,1.797,2.891,3.214,2.732,2.655,2.617,2.683,2.447,2.393,2.852,2.944,2.873,3.059,2.12,2.32,2.212,2.401,2.466,2.578,1.884,1.778,2.339,2.414,2.76,2.69,2.478,2.476,2.532,2.536,2.465,2.496,2.904,2.732,2.436,2.291,1.451,1.372,2.076,2.065,2.569,2.39,2.468,2.516,2.362,2.344,2.736,2.864,2.321,2.384,2.687,2.685,2.093,2.038,2.772,2.696,2.464,2.452,3.422,3.743,2.187,2.472,681.0,865.0,493.0,576.0,1986.0,2051.0,1479.0,1486.0,372.0,359.0,316.0,217.0,2479.0,2671.0,3858.0,4444.0,2613.0,2797.0,1920.0,1762.0,709.0,759.0,4405.0,4327.0,2231.0,2140.0,2913.0,2832.0,1800.0,1752.0,2784.0,2689.0,1252.0,1372.0,507.0,559.0,1174.0,1242.0,641.0,688.0,1138.0,1215.0,1490.0,1391.0,3273.0,3152.0,966.0,1016.0,4204.0,4463.0,3189.0,3500.0,595.0,822.0,5333.0,4987.0,6306.0,5864.0,4925.0,5208.0,3210.0,3151.0,2757.0,3189.0,468.0,513.0,378.0,288.0
A00051528,2.371,2.6,2.8,2.274,2.514,2.308,1.736,1.729,3.119,3.346,2.213,2.52,2.67,2.766,2.385,2.452,2.648,2.624,2.811,2.822,2.247,2.489,1.946,2.147,2.601,2.659,1.931,1.984,2.256,2.318,2.658,2.597,2.337,2.449,2.707,2.842,2.368,2.632,2.902,2.739,2.377,2.553,1.596,1.475,2.031,1.869,2.314,2.525,2.462,2.491,2.373,2.215,2.64,2.887,2.225,2.339,2.665,2.5,2.011,2.108,2.636,2.687,2.398,2.484,3.219,3.342,2.521,2.444,778.0,792.0,497.0,698.0,2017.0,1944.0,1572.0,1952.0,489.0,455.0,259.0,217.0,2880.0,3156.0,3259.0,3892.0,3105.0,2729.0,2172.0,2143.0,927.0,906.0,5057.0,4862.0,2612.0,2611.0,3861.0,3438.0,1815.0,1938.0,3248.0,2747.0,1522.0,1741.0,668.0,653.0,1538.0,1733.0,596.0,805.0,1537.0,1410.0,2167.0,1403.0,4258.0,3707.0,1255.0,912.0,5025.0,4678.0,3880.0,3877.0,471.0,558.0,5549.0,5699.0,6978.0,6296.0,4817.0,4949.0,3293.0,3732.0,3656.0,3514.0,487.0,476.0,451.0,326.0
A00051529,2.49,2.556,3.146,2.409,2.45,2.502,1.552,1.781,3.455,3.659,2.438,3.568,2.767,2.707,2.37,2.42,2.553,2.692,3.168,3.009,2.398,2.601,2.092,2.188,2.593,2.567,1.824,1.735,2.324,2.459,2.794,2.804,2.408,2.406,2.781,2.539,2.382,2.466,2.713,2.431,2.198,2.259,1.466,1.38,1.989,1.958,2.612,2.652,2.461,2.452,2.233,2.311,2.701,2.841,2.213,2.121,2.645,2.568,2.137,2.109,2.683,2.678,2.592,2.475,3.934,4.069,2.199,2.155,913.0,807.0,596.0,584.0,2626.0,2506.0,1353.0,1525.0,363.0,323.0,335.0,223.0,2989.0,2954.0,3611.0,4525.0,2851.0,2821.0,2404.0,2520.0,694.0,623.0,4564.0,4090.0,2463.0,2331.0,2423.0,2340.0,1749.0,1934.0,3081.0,2800.0,1385.0,1523.0,557.0,690.0,1668.0,1741.0,553.0,696.0,1443.0,1370.0,1422.0,1164.0,3777.0,3705.0,1032.0,853.0,4786.0,4492.0,3806.0,3789.0,470.0,935.0,5537.0,5450.0,7560.0,7320.0,4491.0,4875.0,3638.0,4161.0,3958.0,3449.0,393.0,425.0,569.0,360.0
A00051539,2.733,2.829,2.756,2.487,2.773,2.478,1.889,2.016,3.083,3.114,2.875,2.887,2.873,2.792,2.612,2.674,2.822,3.059,3.11,3.086,2.375,2.482,2.268,2.295,2.874,2.672,1.969,1.881,2.454,2.357,3.071,2.912,2.541,2.591,2.843,2.615,2.617,2.905,2.959,2.742,2.477,2.511,1.592,1.581,2.311,2.279,2.598,2.672,2.653,2.81,2.572,2.478,2.939,2.851,2.312,2.49,2.927,2.772,2.379,2.387,3.043,3.07,2.769,2.839,3.777,3.565,2.523,2.493,1113.0,1018.0,540.0,505.0,2357.0,1461.0,1303.0,1361.0,415.0,426.0,245.0,256.0,3004.0,3117.0,4642.0,4909.0,2913.0,3228.0,2402.0,2171.0,857.0,753.0,4408.0,4068.0,2349.0,2523.0,2224.0,2145.0,1653.0,1835.0,3399.0,3352.0,1219.0,1538.0,636.0,746.0,1224.0,1540.0,591.0,761.0,1362.0,1098.0,1150.0,1028.0,3646.0,3860.0,940.0,1120.0,4650.0,4564.0,3586.0,3883.0,623.0,657.0,5309.0,5429.0,7055.0,7191.0,5104.0,5010.0,3584.0,3727.0,3603.0,3747.0,389.0,414.0,467.0,316.0
A00051603,2.504,2.898,2.916,2.619,2.915,2.721,2.034,2.064,3.29,3.599,2.707,3.208,3.012,2.888,2.591,2.626,2.972,2.82,3.393,3.419,2.621,2.748,2.364,2.4,2.987,2.991,2.227,2.249,2.65,2.687,3.216,3.07,2.682,2.718,3.203,3.303,2.793,2.956,2.938,3.071,2.598,2.602,1.945,1.773,2.198,2.203,2.635,2.634,2.646,2.765,2.537,2.48,3.097,3.11,2.427,2.555,2.928,2.88,2.323,2.317,3.21,3.225,2.814,2.79,3.726,3.887,2.879,2.763,1351.0,782.0,767.0,900.0,2330.0,2619.0,1501.0,1557.0,647.0,598.0,365.0,323.0,3441.0,4302.0,5773.0,6169.0,4264.0,3995.0,2680.0,2918.0,1193.0,1289.0,7018.0,7062.0,3280.0,3444.0,3670.0,3296.0,2479.0,2404.0,4282.0,3583.0,1371.0,1827.0,750.0,852.0,2196.0,2451.0,1052.0,1280.0,2425.0,2511.0,1594.0,1356.0,4371.0,4883.0,1435.0,1299.0,7105.0,5778.0,4862.0,4851.0,726.0,984.0,6730.0,7909.0,8776.0,8177.0,7194.0,7318.0,3764.0,4478.0,4130.0,4268.0,502.0,550.0,385.0,323.0
A00051638,2.825,2.691,3.013,2.446,2.826,2.767,2.132,2.151,2.629,3.16,2.516,2.846,2.673,2.842,2.519,2.649,2.857,2.842,2.928,3.078,2.399,2.622,2.249,2.346,2.671,2.491,2.044,2.128,2.389,2.154,3.051,3.007,2.525,2.578,2.816,2.825,2.766,2.664,2.907,2.686,2.584,2.664,1.498,1.67,2.24,2.202,2.591,2.828,2.592,2.656,2.551,2.514,2.722,2.736,2.347,2.592,2.937,2.784,2.374,2.312,3.037,2.925,2.658,2.77,2.715,2.757,2.561,2.751,962.0,1020.0,627.0,875.0,2513.0,2823.0,1388.0,1692.0,464.0,496.0,303.0,268.0,3194.0,3343.0,4730.0,5430.0,3103.0,3240.0,2798.0,2674.0,1248.0,1024.0,5083.0,5548.0,2461.0,2566.0,3374.0,3155.0,1870.0,2247.0,3372.0,3087.0,1671.0,1966.0,627.0,667.0,1662.0,1980.0,672.0,782.0,1817.0,1685.0,1827.0,1382.0,4620.0,4424.0,1489.0,1205.0,4630.0,4954.0,4206.0,4048.0,743.0,1249.0,6744.0,6820.0,8005.0,7664.0,6347.0,6800.0,4237.0,4063.0,4415.0,4546.0,425.0,327.0,495.0,387.0
A00051658,2.597,2.631,2.838,2.75,2.76,2.784,1.821,1.969,2.741,2.913,2.492,3.347,2.811,2.829,2.725,2.708,3.008,3.042,3.061,3.448,2.413,2.671,2.415,2.507,2.848,2.482,2.172,1.959,2.496,2.589,3.042,3.148,2.7,2.722,2.835,2.874,3.023,2.821,2.876,2.713,3.017,2.685,1.737,1.561,2.403,2.424,2.618,2.691,2.858,2.828,2.606,2.612,2.908,2.928,2.48,2.588,2.903,2.907,2.44,2.534,2.927,2.942,2.922,2.92,3.6,3.534,2.407,2.279,1251.0,1232.0,753.0,617.0,3163.0,3217.0,1601.0,1903.0,567.0,434.0,382.0,279.0,3331.0,3732.0,5862.0,6810.0,4050.0,4018.0,2645.0,2377.0,1119.0,1002.0,5358.0,4940.0,2714.0,3124.0,3617.0,3180.0,1940.0,2081.0,4732.0,3626.0,1438.0,1777.0,748.0,885.0,1370.0,1626.0,693.0,798.0,1347.0,1001.0,1497.0,1321.0,4727.0,4490.0,1213.0,1350.0,5501.0,5616.0,4837.0,4954.0,769.0,1116.0,7282.0,6457.0,8809.0,8623.0,6062.0,6241.0,3705.0,4346.0,4442.0,4392.0,513.0,522.0,564.0,363.0
A00051676,2.507,2.683,2.395,2.227,2.605,2.478,1.535,1.789,2.706,3.413,2.607,2.632,2.767,2.613,2.323,2.449,3.088,2.929,3.11,3.252,2.363,2.501,2.107,2.064,2.838,2.661,2.015,1.831,2.717,2.41,2.924,2.908,2.2,2.228,2.805,2.908,2.89,2.653,2.935,2.714,2.623,2.738,1.296,1.25,1.849,1.913,2.396,2.512,2.342,2.376,2.248,2.201,2.561,2.962,2.336,2.352,2.646,2.697,2.115,2.111,2.997,3.002,2.5,2.483,3.912,3.633,2.537,2.398,1247.0,989.0,865.0,846.0,2267.0,2157.0,1658.0,1787.0,477.0,428.0,321.0,262.0,3772.0,3502.0,5840.0,6555.0,3469.0,3173.0,2460.0,2424.0,1055.0,895.0,6109.0,6976.0,2202.0,2499.0,4147.0,3805.0,1737.0,2107.0,3488.0,3322.0,1534.0,1684.0,622.0,642.0,1338.0,1507.0,622.0,782.0,1499.0,1337.0,1244.0,1334.0,4389.0,4041.0,1429.0,1120.0,4643.0,5076.0,4195.0,4203.0,615.0,772.0,5754.0,5783.0,7542.0,7399.0,4793.0,5203.0,3429.0,4388.0,3891.0,3156.0,428.0,463.0,411.0,311.0
A00051678,2.388,2.499,2.523,2.57,2.574,2.46,1.706,1.641,3.041,3.591,2.87,2.915,2.753,2.62,2.442,2.465,2.888,2.904,2.95,2.82,2.725,2.84,2.188,2.211,2.529,2.721,2.12,1.931,2.289,2.541,2.668,2.765,2.137,2.247,2.933,2.956,2.609,2.514,2.259,2.275,2.176,2.088,1.408,1.572,1.963,2.021,2.442,2.294,2.245,2.324,2.382,2.326,2.738,2.846,2.279,2.235,2.514,2.538,2.037,2.157,2.591,2.719,2.41,2.439,3.757,3.221,2.069,2.102,867.0,822.0,486.0,597.0,1960.0,1764.0,1312.0,1402.0,397.0,287.0,261.0,225.0,2088.0,2546.0,3848.0,5067.0,2328.0,2276.0,1935.0,2014.0,868.0,742.0,4618.0,4594.0,2006.0,2045.0,3490.0,2973.0,1401.0,1613.0,3103.0,2514.0,1250.0,1568.0,554.0,545.0,1149.0,1481.0,596.0,725.0,1197.0,1246.0,1356.0,1349.0,3904.0,3677.0,1144.0,987.0,4342.0,4852.0,3659.0,3432.0,629.0,750.0,4935.0,4617.0,6235.0,6008.0,4349.0,4489.0,3025.0,3502.0,3555.0,3045.0,366.0,442.0,406.0,282.0
A00051690,2.221,2.558,2.902,2.654,2.788,2.744,2.079,2.085,3.16,4.324,2.934,3.047,2.826,2.896,2.549,2.554,2.675,2.698,3.226,3.173,2.596,2.396,2.209,2.461,2.735,2.757,2.115,2.121,2.69,2.859,2.685,2.771,2.629,2.521,3.427,3.142,2.834,2.749,3.024,2.838,2.467,2.49,1.533,1.595,2.146,2.188,2.58,2.679,2.716,2.709,2.63,2.573,2.885,3.189,2.528,2.53,3.077,2.974,2.423,2.413,2.875,2.972,2.66,2.728,3.224,3.435,2.539,2.399,974.0,785.0,689.0,652.0,2574.0,1759.0,1539.0,1508.0,561.0,415.0,298.0,258.0,3413.0,3226.0,4112.0,5150.0,3425.0,4048.0,2561.0,2532.0,1103.0,836.0,5824.0,5507.0,2739.0,2592.0,3096.0,2972.0,1832.0,1976.0,3596.0,3689.0,1511.0,1716.0,476.0,703.0,1494.0,1851.0,833.0,996.0,1999.0,1441.0,1593.0,1215.0,4509.0,4386.0,1245.0,1133.0,5019.0,5476.0,4318.0,4521.0,519.0,783.0,7070.0,7195.0,7392.0,7356.0,5791.0,5930.0,4081.0,4483.0,4606.0,3914.0,487.0,463.0,544.0,374.0
A00051726,2.605,2.844,2.842,2.845,2.614,2.718,2.088,1.949,3.77,3.682,2.793,3.013,2.83,2.762,2.595,2.749,2.958,2.954,3.145,3.172,2.249,2.365,2.293,2.238,2.804,2.844,2.153,2.005,2.552,2.561,3.028,2.99,2.508,2.566,2.814,2.904,2.811,2.67,2.939,2.987,2.735,2.702,1.583,1.613,2.137,2.158,2.557,2.566,2.701,2.759,2.492,2.545,2.81,2.801,2.512,2.455,2.863,2.953,2.429,2.259,2.996,2.915,2.66,2.667,3.488,4.003,2.642,2.577,1104.0,761.0,582.0,752.0,2110.0,1971.0,1647.0,1764.0,387.0,355.0,299.0,236.0,2930.0,2948.0,4655.0,4647.0,3362.0,3148.0,2371.0,2394.0,1093.0,786.0,5182.0,5003.0,3161.0,2731.0,3148.0,2969.0,1774.0,1885.0,3443.0,3239.0,1273.0,1485.0,650.0,652.0,1647.0,2439.0,857.0,925.0,1728.0,1482.0,1388.0,1372.0,4256.0,3982.0,1211.0,1216.0,5040.0,4875.0,3338.0,3745.0,534.0,795.0,5493.0,5492.0,7157.0,6762.0,5733.0,5320.0,3822.0,4540.0,4356.0,3959.0,424.0,425.0,540.0,328.0
A00051758,2.817,2.884,2.867,2.855,2.926,2.739,2.014,1.996,2.871,3.164,3.395,3.445,2.796,2.867,2.748,2.714,2.846,2.927,3.347,3.51,2.678,2.561,2.331,2.311,2.936,2.955,1.917,1.71,2.818,2.76,3.117,3.157,2.764,2.692,3.115,3.269,2.877,2.789,3.21,2.995,3.054,2.908,1.507,1.454,2.182,2.085,2.543,3.091,2.701,2.881,2.778,2.634,2.973,2.964,2.607,2.625,3.099,3.176,2.45,2.423,3.012,3.009,2.875,2.672,3.405,3.4,2.511,2.711,1179.0,904.0,554.0,793.0,2425.0,2188.0,1620.0,1610.0,520.0,429.0,376.0,279.0,2712.0,3655.0,5107.0,4835.0,3298.0,3216.0,2319.0,2026.0,820.0,926.0,5197.0,4825.0,2454.0,2233.0,3378.0,2569.0,1672.0,1737.0,3794.0,2967.0,1304.0,1270.0,525.0,619.0,1194.0,1318.0,666.0,772.0,1410.0,1093.0,1499.0,1479.0,4487.0,4006.0,1015.0,1109.0,4393.0,4965.0,3417.0,3798.0,665.0,876.0,6451.0,5906.0,6950.0,6845.0,5199.0,5197.0,4023.0,4039.0,3498.0,4371.0,392.0,334.0,436.0,322.0
A00051882,2.627,2.815,2.725,3.083,2.62,2.693,1.798,1.935,3.597,3.798,2.941,2.91,2.897,2.851,2.545,2.629,2.865,2.827,3.258,3.199,2.405,2.509,2.265,2.462,2.834,2.779,2.021,1.997,2.578,2.415,2.959,3.038,2.653,2.675,2.92,3.075,2.859,2.762,3.185,3.16,2.516,2.664,1.596,1.467,2.193,2.151,2.771,2.617,2.685,2.713,2.485,2.388,2.928,2.906,2.511,2.618,2.786,2.762,2.334,2.347,3.061,2.967,2.674,2.667,3.835,4.035,1.891,2.311,977.0,897.0,825.0,682.0,2189.0,1918.0,1316.0,1251.0,482.0,351.0,266.0,228.0,2289.0,2762.0,3629.0,4359.0,2551.0,2991.0,2022.0,1998.0,852.0,623.0,4200.0,4524.0,2236.0,2332.0,3032.0,3179.0,1547.0,1786.0,2773.0,2441.0,1388.0,1629.0,595.0,641.0,1196.0,1386.0,518.0,730.0,1145.0,1140.0,1173.0,1117.0,3732.0,3679.0,951.0,1273.0,4469.0,4422.0,3115.0,3359.0,528.0,736.0,4838.0,5190.0,6102.0,6439.0,4655.0,5131.0,3126.0,3178.0,3676.0,3569.0,422.0,391.0,519.0,326.0
A00051925,2.506,2.622,2.902,2.42,2.568,2.462,1.941,1.886,3.261,3.442,2.944,2.934,2.9,3.018,2.624,2.649,3.013,2.964,2.998,3.144,2.903,2.705,2.391,2.438,2.952,2.875,2.049,1.985,2.591,2.596,3.008,2.954,2.551,2.681,2.948,3.092,2.673,2.594,2.914,2.61,2.577,2.583,1.67,1.736,2.326,2.212,2.614,2.741,2.667,2.681,2.391,2.442,2.986,2.99,2.391,2.532,2.906,2.755,2.335,2.437,2.98,2.979,2.831,2.702,3.437,3.929,2.503,2.626,806.0,697.0,464.0,662.0,2261.0,1838.0,1446.0,1420.0,466.0,422.0,240.0,245.0,2370.0,2588.0,3398.0,4748.0,2777.0,3004.0,2318.0,2062.0,715.0,762.0,4685.0,5344.0,1961.0,2004.0,3382.0,3402.0,1585.0,1487.0,2933.0,3016.0,1207.0,1379.0,568.0,690.0,1127.0,1404.0,572.0,771.0,1378.0,1151.0,1681.0,1673.0,3871.0,3363.0,1038.0,999.0,4660.0,4932.0,3272.0,3218.0,527.0,633.0,5648.0,4957.0,6755.0,6209.0,4429.0,3694.0,3263.0,3428.0,3175.0,2508.0,498.0,494.0,339.0,258.0
A00051927,2.477,2.804,3.135,2.864,2.716,2.682,1.657,1.664,3.087,3.516,2.563,2.776,2.761,2.658,2.454,2.62,2.583,2.609,3.131,2.991,2.224,2.442,1.998,2.0,2.8,2.906,2.031,1.996,2.509,2.805,2.904,3.037,2.488,2.473,2.786,2.719,2.758,2.745,2.904,2.94,2.646,2.468,1.402,1.459,1.927,1.88,2.659,2.616,2.378,2.341,2.277,2.274,2.841,2.855,2.286,2.412,2.88,2.839,2.089,2.056,2.766,2.798,2.669,2.71,3.519,3.583,2.102,1.926,925.0,899.0,476.0,515.0,1934.0,1794.0,1178.0,1270.0,401.0,296.0,312.0,229.0,2573.0,2811.0,3855.0,3993.0,2589.0,2925.0,1965.0,1893.0,920.0,768.0,4042.0,4351.0,1985.0,1827.0,2636.0,2326.0,1508.0,1673.0,3024.0,2728.0,1204.0,1211.0,605.0,653.0,1174.0,1505.0,517.0,757.0,1359.0,1110.0,1177.0,1015.0,3728.0,3860.0,979.0,919.0,4313.0,4287.0,3125.0,3164.0,408.0,682.0,5487.0,4829.0,5918.0,5776.0,5012.0,5151.0,2988.0,2871.0,3482.0,3248.0,340.0,442.0,318.0,281.0
A00052070,2.129,2.494,2.653,2.598,2.501,2.513,1.768,1.712,3.264,3.137,2.479,2.492,2.641,2.693,2.374,2.355,2.749,2.836,3.029,2.888,2.338,2.21,2.167,2.164,2.721,2.519,1.933,1.867,2.388,2.353,2.607,2.633,2.227,2.349,2.235,2.605,2.6,2.652,2.647,2.666,2.284,2.297,1.533,1.349,2.141,2.092,2.434,2.337,2.49,2.555,2.359,2.286,2.874,2.61,2.286,2.32,2.605,2.661,2.153,2.144,2.668,2.676,2.517,2.374,3.394,3.727,2.26,1.995,901.0,1038.0,1003.0,983.0,2808.0,2880.0,2044.0,1803.0,498.0,440.0,332.0,324.0,3691.0,3541.0,4941.0,7114.0,3958.0,4094.0,3004.0,2871.0,1062.0,1105.0,5893.0,6109.0,3354.0,3239.0,3622.0,3535.0,2195.0,2776.0,4205.0,4211.0,1717.0,2212.0,646.0,590.0,1581.0,1668.0,952.0,1079.0,2251.0,1677.0,1483.0,1680.0,5471.0,4887.0,1326.0,1472.0,5875.0,6057.0,4242.0,4673.0,826.0,1479.0,8149.0,8172.0,10031.0,8851.0,6496.0,6790.0,4466.0,5261.0,4164.0,4474.0,618.0,633.0,515.0,460.0
A00052117,2.771,3.045,3.159,3.223,2.789,2.825,1.886,1.925,3.569,3.645,3.253,2.884,3.056,2.965,2.79,2.821,3.115,3.054,3.287,3.329,2.518,2.611,2.451,2.571,3.017,2.997,2.153,2.064,2.526,2.642,3.148,2.992,2.762,2.808,3.382,3.286,2.838,2.93,3.196,3.172,2.667,2.784,1.777,1.461,2.361,2.353,2.836,2.725,2.957,2.961,2.701,2.653,3.364,2.974,2.601,2.688,3.145,2.995,2.442,2.516,3.243,3.267,2.951,2.867,3.981,4.124,3.132,3.135,626.0,736.0,455.0,495.0,1610.0,1473.0,1260.0,1362.0,421.0,351.0,304.0,233.0,2128.0,2454.0,3370.0,4127.0,2350.0,2659.0,2132.0,1988.0,790.0,638.0,4203.0,4575.0,2430.0,2079.0,2726.0,2472.0,1611.0,1732.0,2597.0,2144.0,1158.0,1135.0,579.0,618.0,1074.0,1237.0,681.0,785.0,1485.0,1315.0,1391.0,1206.0,3452.0,3000.0,867.0,980.0,3858.0,3940.0,3043.0,3422.0,407.0,692.0,4693.0,4698.0,6169.0,5854.0,4434.0,4763.0,2790.0,3022.0,2960.0,2570.0,459.0,414.0,345.0,265.0
A00052118,2.685,2.692,2.506,2.425,2.539,2.392,1.927,1.886,3.397,3.548,2.581,2.873,2.691,2.798,2.547,2.623,2.857,2.905,2.895,2.942,2.155,2.397,2.134,2.315,2.583,2.614,1.947,2.008,2.419,2.54,2.847,3.031,2.403,2.563,2.432,2.676,2.547,2.699,2.763,2.753,2.381,2.365,1.519,1.403,2.198,2.185,2.403,2.602,2.586,2.543,2.464,2.379,2.725,2.93,2.256,2.342,2.709,2.668,2.276,2.171,2.823,2.844,2.596,2.685,3.446,3.92,2.266,2.576,763.0,806.0,478.0,506.0,2038.0,2069.0,1477.0,1484.0,412.0,344.0,294.0,224.0,2981.0,2644.0,4154.0,4531.0,2492.0,2791.0,2026.0,2047.0,842.0,760.0,4599.0,4886.0,2416.0,2425.0,2705.0,2425.0,1768.0,1578.0,2707.0,2521.0,1156.0,1161.0,586.0,595.0,1148.0,1362.0,606.0,758.0,1291.0,1246.0,1361.0,1231.0,3770.0,3510.0,1006.0,889.0,4962.0,4214.0,3353.0,3263.0,449.0,588.0,4724.0,4784.0,6268.0,5886.0,4960.0,5238.0,2890.0,3047.0,2786.0,2738.0,456.0,366.0,379.0,241.0
A00052125,2.51,2.708,2.951,2.479,2.815,2.778,1.91,1.93,3.835,4.015,2.888,3.258,2.896,2.838,2.632,2.639,2.881,3.062,3.446,3.236,2.36,2.424,2.207,2.37,2.912,2.919,2.078,2.048,2.456,2.385,3.156,3.119,2.819,2.585,2.466,2.66,2.743,2.856,2.87,2.59,2.473,2.521,1.561,1.696,2.405,2.297,2.34,2.7,2.77,2.911,2.548,2.545,3.212,2.978,2.398,2.441,2.984,2.806,2.434,2.389,3.017,3.078,2.849,2.751,3.52,3.871,2.802,2.719,974.0,924.0,653.0,484.0,2110.0,2265.0,1384.0,1360.0,346.0,250.0,284.0,286.0,2764.0,3297.0,3873.0,4752.0,3259.0,3744.0,2346.0,2355.0,1016.0,960.0,4551.0,4422.0,2590.0,2315.0,2907.0,2779.0,1999.0,1733.0,3775.0,2952.0,1222.0,1117.0,678.0,651.0,1653.0,1986.0,674.0,971.0,1783.0,1695.0,1336.0,1263.0,3992.0,3646.0,1052.0,1026.0,4157.0,4336.0,4266.0,4460.0,438.0,845.0,5302.0,5868.0,6099.0,6672.0,6168.0,5588.0,3627.0,3766.0,4156.0,4405.0,436.0,377.0,436.0,346.0
A00052126,2.727,2.696,2.512,2.501,2.75,2.648,1.787,1.783,3.075,2.72,2.598,2.905,2.727,2.627,2.526,2.539,2.954,2.79,2.935,3.122,2.483,2.573,2.139,2.221,2.505,2.615,1.961,1.899,2.334,2.44,2.907,3.071,2.625,2.56,2.576,2.638,2.82,2.787,2.505,2.635,2.525,2.558,1.411,1.405,2.05,1.91,2.346,2.62,2.577,2.65,2.474,2.441,2.701,2.715,2.323,2.398,2.859,2.83,2.239,2.146,2.941,2.991,2.612,2.721,3.092,3.288,2.479,2.748,1122.0,853.0,508.0,1249.0,2563.0,2204.0,2193.0,2173.0,649.0,486.0,400.0,295.0,3690.0,3284.0,6113.0,7058.0,4158.0,4319.0,2804.0,3013.0,1506.0,1480.0,6179.0,6696.0,2948.0,3057.0,4762.0,4830.0,2450.0,2263.0,4716.0,3968.0,1677.0,1673.0,800.0,804.0,1426.0,2162.0,785.0,1064.0,1830.0,1680.0,2376.0,2348.0,4506.0,4473.0,1498.0,1278.0,5557.0,5598.0,4972.0,5065.0,842.0,666.0,7290.0,7430.0,8888.0,7992.0,6017.0,6389.0,4583.0,4863.0,4910.0,4616.0,611.0,510.0,460.0,414.0
A00052180,2.694,2.636,2.714,2.386,2.499,2.602,2.124,2.092,3.257,3.294,2.681,2.852,2.837,2.844,2.625,2.511,2.739,2.792,3.117,2.978,2.378,2.404,2.431,2.402,2.691,2.687,2.006,2.022,2.516,2.288,2.864,2.947,2.352,2.58,2.57,2.586,2.631,2.626,2.794,2.855,2.429,2.549,1.297,1.603,2.126,1.921,2.632,2.522,2.517,2.597,2.55,2.537,2.7,2.907,2.331,2.389,2.723,2.714,2.365,2.472,2.871,2.946,2.692,2.701,3.527,3.649,2.738,2.395,1040.0,920.0,535.0,812.0,2385.0,1623.0,1468.0,1515.0,437.0,373.0,309.0,227.0,2720.0,2812.0,4718.0,5063.0,3137.0,3475.0,1983.0,1966.0,976.0,835.0,4411.0,4576.0,2409.0,2226.0,2898.0,2810.0,1634.0,1872.0,3374.0,2820.0,1225.0,1335.0,695.0,663.0,995.0,1000.0,673.0,845.0,1239.0,892.0,1255.0,1107.0,4603.0,3808.0,1274.0,1033.0,4372.0,4865.0,3573.0,3499.0,625.0,873.0,6290.0,5353.0,6641.0,5724.0,6026.0,5332.0,3228.0,3353.0,3545.0,3710.0,498.0,427.0,350.0,297.0
A00052181,2.337,2.578,2.69,2.476,2.67,2.69,1.752,1.778,3.739,3.035,2.763,3.079,2.757,2.761,2.506,2.529,2.726,2.732,2.893,3.089,2.332,2.452,2.082,2.198,2.61,2.662,1.922,1.869,2.215,2.46,2.881,2.948,2.695,2.616,2.485,2.672,2.692,2.765,2.639,2.603,2.611,2.556,1.509,1.465,2.148,2.189,2.371,2.809,2.749,2.812,2.485,2.345,2.769,3.078,2.53,2.449,2.837,2.926,2.253,2.186,2.781,2.824,2.573,2.47,3.772,3.809,2.233,2.541,973.0,782.0,757.0,648.0,1802.0,1915.0,1393.0,1427.0,307.0,335.0,333.0,279.0,3147.0,2676.0,4352.0,4769.0,2757.0,2708.0,2736.0,2236.0,784.0,841.0,4566.0,4782.0,2364.0,2133.0,2819.0,2800.0,1602.0,1682.0,3224.0,3031.0,1408.0,1262.0,565.0,592.0,1285.0,1492.0,637.0,734.0,1397.0,1297.0,1578.0,1404.0,3965.0,3726.0,1113.0,1139.0,4562.0,4462.0,3150.0,3631.0,611.0,922.0,5536.0,5599.0,7006.0,6736.0,5101.0,5187.0,3470.0,3854.0,3655.0,3428.0,419.0,411.0,444.0,325.0
A00052197,2.768,2.839,2.596,2.417,2.749,2.792,1.849,2.007,3.161,3.412,3.196,3.489,2.982,3.001,2.614,2.748,2.921,2.826,3.007,3.419,2.469,2.55,2.254,2.469,2.915,2.94,2.13,2.257,2.581,2.642,3.229,3.093,2.85,2.696,3.196,3.244,2.959,2.956,3.049,3.085,2.655,2.652,1.465,1.622,2.38,2.426,2.619,2.657,2.776,2.933,2.713,2.76,2.882,3.264,2.395,2.598,2.953,2.938,2.384,2.39,3.132,2.997,2.878,2.912,3.665,3.835,2.754,2.742,979.0,811.0,660.0,869.0,2224.0,2113.0,1634.0,1507.0,606.0,582.0,370.0,265.0,2929.0,3373.0,3549.0,5970.0,3335.0,3536.0,2622.0,2346.0,1015.0,865.0,4800.0,5332.0,2800.0,2708.0,2981.0,2974.0,1983.0,2104.0,3903.0,3296.0,1401.0,1433.0,673.0,740.0,1268.0,2063.0,841.0,971.0,1402.0,1646.0,1464.0,1381.0,4505.0,4152.0,1346.0,1407.0,4642.0,4565.0,4045.0,4082.0,658.0,852.0,6204.0,5835.0,7441.0,7038.0,5292.0,5648.0,3551.0,3938.0,4769.0,3689.0,497.0,473.0,581.0,327.0
A00052214,2.31,2.216,2.575,2.658,2.378,2.309,2.014,2.193,3.95,3.622,2.934,2.925,2.665,2.538,2.474,2.469,2.851,2.738,2.726,2.867,2.398,2.609,2.226,2.313,2.551,2.536,2.187,2.105,2.298,2.882,2.667,2.594,2.32,2.415,2.839,3.299,2.448,2.386,2.489,2.312,2.216,2.232,1.826,1.714,2.186,2.122,2.284,2.17,2.464,2.614,2.268,2.289,3.039,2.735,2.17,2.253,2.495,2.617,2.091,2.179,2.452,2.516,2.581,2.44,3.569,3.932,2.766,2.631,698.0,670.0,358.0,441.0,1407.0,1171.0,1291.0,1336.0,236.0,282.0,276.0,242.0,2102.0,2093.0,3038.0,4044.0,2290.0,1951.0,1906.0,1695.0,849.0,658.0,3568.0,3841.0,1736.0,1851.0,2576.0,2301.0,1385.0,1221.0,2048.0,2106.0,1026.0,1071.0,514.0,523.0,1157.0,1164.0,568.0,625.0,1303.0,1095.0,1378.0,1414.0,3356.0,3107.0,794.0,853.0,3748.0,3768.0,3084.0,3310.0,312.0,407.0,3935.0,3414.0,4848.0,4474.0,4987.0,4989.0,2547.0,3186.0,3149.0,3320.0,299.0,354.0,321.0,242.0
A00052234,2.387,2.511,2.86,2.713,2.667,2.621,1.908,2.011,3.394,3.284,2.984,3.018,2.812,2.704,2.509,2.642,2.905,2.825,2.783,3.096,2.239,2.298,2.271,2.397,2.781,2.707,2.157,2.112,2.666,2.465,2.885,2.829,2.398,2.419,3.131,2.928,2.64,2.526,2.498,2.584,2.494,2.232,1.679,1.537,2.099,2.152,2.705,2.702,2.425,2.451,2.294,2.33,3.185,3.452,2.5,2.405,2.738,2.758,2.242,2.197,2.76,2.821,2.501,2.599,3.921,3.753,2.263,2.458,797.0,654.0,487.0,545.0,2235.0,1614.0,1629.0,1848.0,413.0,413.0,301.0,245.0,2672.0,2680.0,3295.0,3952.0,2697.0,2488.0,2341.0,2282.0,987.0,831.0,4830.0,4460.0,2200.0,2224.0,3628.0,3302.0,1485.0,1603.0,2691.0,2691.0,1257.0,1411.0,600.0,558.0,1150.0,1519.0,716.0,794.0,1536.0,1416.0,1933.0,1755.0,3824.0,3660.0,956.0,991.0,4331.0,4355.0,3584.0,3491.0,552.0,478.0,5124.0,4500.0,6320.0,5521.0,5666.0,5495.0,3448.0,3655.0,3931.0,3202.0,366.0,458.0,377.0,335.0
A00052235,2.971,3.013,2.918,2.704,2.788,2.606,2.077,2.05,3.809,3.403,2.422,2.741,2.886,2.78,2.818,2.72,2.929,2.924,3.215,3.204,2.417,2.385,2.25,2.327,2.819,2.748,2.205,2.117,2.445,2.482,3.15,3.016,2.531,2.54,2.734,2.906,2.747,2.731,2.796,2.446,2.5,2.718,1.692,1.74,2.188,2.221,2.51,2.509,2.665,2.674,2.643,2.612,3.067,3.068,2.258,2.518,2.877,2.792,2.52,2.453,2.91,3.18,2.803,2.804,3.668,3.822,2.592,2.63,1190.0,900.0,632.0,928.0,2604.0,2527.0,1685.0,2022.0,451.0,584.0,310.0,268.0,3640.0,3504.0,5286.0,5284.0,4077.0,4378.0,2406.0,2325.0,1131.0,997.0,6348.0,5296.0,2603.0,2592.0,4537.0,3557.0,1906.0,1818.0,3869.0,3408.0,1561.0,1655.0,712.0,677.0,1357.0,1516.0,702.0,856.0,1481.0,1348.0,2124.0,1715.0,5134.0,4720.0,1501.0,1324.0,5356.0,5579.0,3768.0,3995.0,678.0,998.0,7110.0,6412.0,9035.0,8143.0,5772.0,5539.0,3900.0,3891.0,4973.0,3898.0,484.0,522.0,410.0,331.0
A00052237,2.756,2.956,3.051,2.692,2.788,2.805,1.86,2.189,3.277,3.455,3.253,2.852,2.798,2.782,2.685,2.708,2.984,2.876,3.237,3.141,2.51,2.558,2.283,2.273,2.839,3.029,1.856,1.813,2.514,2.845,2.881,3.121,2.561,2.569,2.864,3.275,2.855,2.744,2.857,2.694,2.612,2.433,1.458,1.516,2.225,2.157,2.524,2.519,2.611,2.72,2.415,2.541,3.383,3.264,2.459,2.518,2.857,2.934,2.437,2.424,3.1,3.057,2.831,2.666,3.415,3.595,2.871,2.527,1049.0,1007.0,658.0,609.0,2671.0,2074.0,1903.0,1879.0,461.0,432.0,268.0,225.0,3146.0,2991.0,4410.0,5338.0,3664.0,3673.0,2208.0,2278.0,1111.0,977.0,5621.0,5805.0,2251.0,2194.0,4027.0,3982.0,1874.0,1522.0,3533.0,2927.0,1477.0,1524.0,635.0,686.0,1375.0,1593.0,608.0,642.0,1572.0,1265.0,2536.0,2183.0,3934.0,3704.0,1203.0,1313.0,4622.0,4716.0,3833.0,3782.0,486.0,765.0,5298.0,4863.0,7218.0,7002.0,4990.0,4847.0,3497.0,3731.0,3777.0,3905.0,476.0,471.0,460.0,390.0
A00052307,2.446,2.7,2.602,2.478,2.787,2.644,1.877,1.952,3.364,3.394,2.422,2.354,2.7,2.751,2.415,2.555,2.852,2.937,3.124,3.07,2.486,2.364,2.186,2.329,2.721,2.508,1.828,1.817,2.402,2.436,2.927,3.0,2.686,2.574,2.365,2.407,2.547,2.808,2.316,2.566,2.286,2.398,1.333,1.296,1.993,1.875,2.327,2.296,2.481,2.643,2.503,2.531,2.713,2.805,2.251,2.396,2.757,2.706,2.291,2.38,2.782,2.94,2.546,2.608,3.41,3.536,2.063,2.498,1254.0,1088.0,631.0,979.0,2293.0,2692.0,1736.0,1898.0,390.0,436.0,359.0,252.0,3153.0,2855.0,4672.0,6385.0,3558.0,3061.0,2516.0,2464.0,1257.0,939.0,5148.0,5417.0,2615.0,2764.0,3348.0,3200.0,1907.0,2193.0,4016.0,3284.0,1389.0,1735.0,686.0,654.0,1360.0,1782.0,716.0,887.0,1756.0,1689.0,1766.0,1644.0,4878.0,4701.0,1438.0,1218.0,6446.0,5734.0,4748.0,4070.0,607.0,1063.0,7726.0,7315.0,9142.0,8299.0,6282.0,6150.0,4360.0,5095.0,5787.0,3811.0,456.0,444.0,687.0,347.0
A00052319,2.575,2.782,2.985,2.708,2.605,2.633,1.901,1.993,3.519,3.723,2.601,2.94,2.831,2.782,2.504,2.532,2.777,2.769,2.899,3.184,2.417,2.166,2.089,2.219,2.752,2.796,2.144,2.016,2.469,2.634,2.925,2.901,2.594,2.584,3.041,2.741,2.66,2.617,3.075,2.924,2.556,2.573,1.734,1.71,2.062,2.083,2.32,2.578,2.593,2.646,2.324,2.4,3.124,3.024,2.402,2.605,2.785,2.756,2.196,2.214,2.817,2.87,2.662,2.736,3.527,3.524,2.275,2.255,801.0,767.0,599.0,457.0,1721.0,1818.0,1494.0,1440.0,324.0,289.0,227.0,232.0,2411.0,2507.0,3042.0,3254.0,2954.0,2722.0,1810.0,1768.0,811.0,836.0,4570.0,4090.0,2162.0,2042.0,2537.0,2365.0,1427.0,1304.0,2856.0,2279.0,1079.0,1214.0,537.0,610.0,1085.0,1096.0,461.0,672.0,1173.0,967.0,1518.0,1339.0,3179.0,3235.0,864.0,879.0,3846.0,3838.0,3043.0,3247.0,416.0,611.0,4731.0,4285.0,6025.0,5791.0,4295.0,4052.0,3106.0,3254.0,3153.0,2958.0,375.0,389.0,422.0,279.0
A00052340,2.791,2.548,2.588,2.594,2.742,2.734,2.142,2.222,4.016,4.202,2.624,2.848,2.94,2.957,2.766,2.776,3.052,2.933,3.135,3.241,2.14,2.128,2.477,2.585,2.825,2.838,2.028,2.059,2.575,2.501,3.184,3.134,2.769,2.678,2.823,3.326,2.648,2.708,2.816,2.734,2.465,2.279,1.623,1.732,2.236,2.171,2.401,2.426,2.685,2.687,2.566,2.59,3.215,2.987,2.395,2.39,2.918,2.783,2.412,2.512,3.057,3.165,2.936,2.677,4.31,4.388,2.739,2.662,1012.0,860.0,528.0,740.0,2134.0,1877.0,1960.0,1835.0,501.0,388.0,276.0,201.0,2895.0,2836.0,4239.0,4837.0,2932.0,3439.0,2325.0,2546.0,1044.0,915.0,4499.0,4527.0,2733.0,2408.0,3166.0,3147.0,2132.0,1884.0,3590.0,3324.0,1283.0,1677.0,668.0,648.0,1360.0,1513.0,846.0,923.0,1668.0,1366.0,1831.0,1902.0,4317.0,4430.0,1153.0,1160.0,4334.0,4483.0,3964.0,3972.0,593.0,624.0,5579.0,5627.0,7467.0,7718.0,5509.0,5496.0,3771.0,3695.0,4007.0,3747.0,403.0,471.0,373.0,282.0
A00052499,2.221,2.393,2.703,3.061,2.45,2.53,1.763,1.838,2.614,3.257,2.325,2.597,2.687,2.64,2.313,2.347,2.896,2.699,2.806,2.901,2.227,2.298,2.208,2.246,2.534,2.598,1.939,1.954,2.205,2.322,2.678,2.536,2.217,2.284,2.922,2.647,2.455,2.401,2.446,2.727,2.382,2.123,1.547,1.428,1.985,1.847,2.371,2.487,2.238,2.381,2.12,2.133,2.727,2.654,2.306,2.171,2.553,2.522,1.987,2.02,2.694,2.54,2.318,2.513,3.147,3.158,2.455,2.128,901.0,878.0,376.0,495.0,1757.0,1840.0,1516.0,1349.0,445.0,490.0,299.0,235.0,3347.0,2896.0,4194.0,5173.0,2767.0,2886.0,2068.0,2063.0,880.0,813.0,4331.0,4301.0,2048.0,2105.0,2677.0,2423.0,1889.0,1601.0,3018.0,2649.0,1127.0,1450.0,635.0,622.0,1185.0,1501.0,677.0,620.0,1267.0,1385.0,1175.0,1123.0,4426.0,4221.0,967.0,1073.0,4756.0,4713.0,3317.0,3536.0,434.0,505.0,4985.0,4763.0,5856.0,5835.0,5053.0,4815.0,3248.0,3505.0,4399.0,4131.0,362.0,384.0,397.0,318.0
A00052500,2.462,2.828,3.047,2.63,2.691,2.538,1.882,1.945,2.471,3.208,2.527,2.67,2.908,2.834,2.66,2.745,2.886,2.712,3.091,3.317,2.534,2.518,2.326,2.352,2.891,2.814,2.064,2.062,2.46,2.272,3.096,3.017,2.588,2.629,2.854,2.81,2.607,2.902,2.715,2.656,2.628,2.528,1.513,1.474,2.106,1.94,2.627,2.715,2.577,2.578,2.649,2.613,2.903,2.857,2.34,2.371,2.808,2.678,2.382,2.368,2.964,2.894,2.616,2.611,3.184,3.437,2.361,2.288,1024.0,1008.0,558.0,791.0,2455.0,2663.0,1887.0,1748.0,622.0,412.0,313.0,243.0,3287.0,3263.0,3792.0,5481.0,3089.0,3344.0,2480.0,2390.0,971.0,889.0,5388.0,4865.0,2532.0,2495.0,3140.0,3051.0,2280.0,1954.0,3540.0,3129.0,1574.0,1721.0,716.0,772.0,1440.0,1650.0,786.0,855.0,1548.0,1372.0,1756.0,1402.0,4126.0,3717.0,1250.0,1135.0,5123.0,5207.0,3619.0,3571.0,796.0,1038.0,6459.0,6099.0,8228.0,7503.0,4537.0,3963.0,3806.0,4222.0,3943.0,3709.0,438.0,493.0,586.0,371.0
A00052502,2.846,3.004,3.161,2.785,2.984,2.845,2.144,2.309,3.561,4.127,2.752,3.077,2.859,2.945,2.822,2.871,3.008,3.067,3.285,3.133,2.716,2.667,2.344,2.4,2.986,2.913,2.141,2.2,2.602,2.813,3.161,3.148,2.89,2.722,2.859,2.923,2.658,2.793,3.05,2.697,2.4,2.628,1.807,1.646,2.351,2.38,2.683,2.811,2.747,2.945,2.754,2.689,3.18,3.212,2.524,2.663,3.132,3.02,2.497,2.523,3.027,3.017,2.909,2.912,3.282,3.814,2.876,2.874,1020.0,1019.0,724.0,864.0,1928.0,2432.0,2002.0,1765.0,390.0,312.0,366.0,350.0,3671.0,3632.0,5097.0,5342.0,3681.0,4586.0,2687.0,2672.0,1002.0,964.0,5674.0,6172.0,3079.0,2963.0,3428.0,3539.0,2193.0,2065.0,4231.0,4112.0,1401.0,1647.0,707.0,698.0,1214.0,2293.0,869.0,959.0,1754.0,1912.0,1691.0,1662.0,4207.0,3931.0,1491.0,1202.0,5394.0,4950.0,4744.0,4399.0,624.0,1035.0,6760.0,6991.0,7560.0,7962.0,5664.0,5934.0,4077.0,4037.0,3956.0,3620.0,532.0,469.0,342.0,330.0
A00052560,2.305,2.58,2.746,2.466,2.682,2.635,1.929,1.978,3.304,3.443,2.67,3.033,2.757,2.642,2.222,2.393,2.683,2.782,2.973,3.087,2.737,2.558,2.192,2.282,2.596,2.416,2.005,2.065,2.412,2.343,2.778,2.773,2.643,2.629,2.264,2.312,2.596,2.777,2.566,2.391,2.467,2.592,1.692,1.664,2.278,2.203,2.613,2.637,2.703,2.717,2.471,2.468,2.831,2.79,2.254,2.516,2.898,2.731,2.162,2.23,2.854,2.693,2.513,2.456,2.463,3.269,2.314,2.734,1336.0,959.0,807.0,1118.0,3184.0,3039.0,2370.0,2646.0,400.0,440.0,404.0,301.0,3707.0,3971.0,5936.0,7200.0,4412.0,4237.0,3029.0,2912.0,1459.0,1271.0,7948.0,7397.0,3477.0,3596.0,4193.0,4440.0,2276.0,2439.0,4622.0,3558.0,1552.0,1899.0,820.0,786.0,1671.0,1911.0,978.0,1191.0,1850.0,1653.0,2521.0,1974.0,6077.0,5854.0,1642.0,1271.0,6014.0,7108.0,5533.0,5481.0,728.0,1286.0,7908.0,7305.0,9568.0,9723.0,7216.0,7345.0,4295.0,5168.0,4388.0,4798.0,516.0,552.0,606.0,396.0
A00052577,2.22,2.699,3.111,2.806,2.542,2.405,1.861,2.011,3.234,3.563,3.037,2.643,2.69,2.748,2.567,2.644,2.716,2.62,3.082,3.085,2.464,2.531,2.226,2.303,2.777,2.924,2.023,2.074,2.634,2.576,3.053,2.931,2.381,2.51,3.123,3.094,2.64,2.818,3.023,2.913,2.558,2.446,1.578,1.592,2.019,2.087,2.645,2.565,2.532,2.421,2.385,2.514,2.787,2.73,2.244,2.378,2.721,2.69,2.315,2.32,2.807,2.743,2.528,2.697,3.82,4.078,2.625,2.379,737.0,788.0,394.0,692.0,2095.0,2128.0,1537.0,1612.0,594.0,488.0,276.0,273.0,2932.0,3232.0,4263.0,4541.0,3473.0,3086.0,2297.0,2033.0,975.0,776.0,5456.0,4661.0,3005.0,2522.0,3252.0,3003.0,2013.0,2010.0,3380.0,2719.0,1221.0,1477.0,566.0,604.0,1471.0,1447.0,796.0,890.0,1512.0,1396.0,1549.0,1449.0,3653.0,3802.0,1080.0,1059.0,4264.0,5190.0,3650.0,3385.0,605.0,760.0,6043.0,4867.0,7330.0,7010.0,5347.0,5831.0,3388.0,3585.0,4434.0,4206.0,565.0,462.0,396.0,319.0
A00052612,2.568,2.669,2.374,2.233,2.562,2.54,1.612,1.854,2.662,3.183,2.335,2.354,2.582,2.731,2.521,2.467,2.728,2.607,2.774,2.955,2.215,2.529,2.016,2.082,2.406,2.436,1.898,1.707,2.188,2.318,2.743,2.854,2.294,2.25,2.989,2.884,2.599,2.513,2.558,2.646,2.399,2.48,1.417,1.421,2.184,2.09,2.448,2.345,2.32,2.548,2.267,2.413,2.598,2.675,2.265,2.234,2.651,2.704,2.208,2.215,2.75,2.81,2.606,2.528,2.451,3.303,2.161,2.292,848.0,780.0,499.0,674.0,1988.0,2124.0,1616.0,1532.0,568.0,356.0,307.0,205.0,2823.0,2694.0,3693.0,4675.0,2938.0,2701.0,2610.0,2150.0,1020.0,823.0,4742.0,4787.0,2616.0,2871.0,2977.0,3179.0,1518.0,1790.0,3254.0,2724.0,1218.0,1325.0,607.0,698.0,1423.0,1684.0,701.0,933.0,1393.0,1311.0,1517.0,1507.0,3595.0,3425.0,1053.0,1162.0,4229.0,4159.0,3539.0,3708.0,566.0,845.0,5349.0,5055.0,7194.0,6128.0,5050.0,4906.0,3558.0,3797.0,3994.0,3172.0,421.0,314.0,492.0,336.0
A00052614,2.577,2.946,2.971,2.509,3.041,3.034,2.027,2.12,3.082,3.154,3.051,3.026,2.874,2.863,2.697,2.73,2.873,2.813,3.261,3.325,2.44,2.322,2.302,2.301,2.949,3.039,2.127,1.822,2.512,2.589,3.235,3.117,2.931,2.934,2.702,2.848,2.976,3.088,2.916,3.148,2.823,2.813,1.571,1.626,2.306,2.313,2.722,2.593,2.815,2.968,2.579,2.681,3.125,3.049,2.643,2.712,3.218,3.134,2.467,2.515,3.18,3.021,2.942,2.862,3.703,4.352,2.96,2.659,1026.0,869.0,513.0,789.0,2028.0,1792.0,1679.0,1571.0,446.0,399.0,344.0,315.0,2967.0,3593.0,4673.0,5854.0,3247.0,3318.0,2073.0,2168.0,1119.0,967.0,5124.0,4791.0,2739.0,2376.0,3257.0,3069.0,1929.0,1939.0,3911.0,3182.0,1277.0,1646.0,564.0,624.0,1088.0,1638.0,708.0,804.0,1342.0,1266.0,1733.0,1561.0,4563.0,4045.0,1376.0,1479.0,4724.0,4621.0,4143.0,3906.0,604.0,786.0,6444.0,5273.0,6652.0,6427.0,6114.0,6273.0,3625.0,3610.0,3100.0,3530.0,466.0,459.0,335.0,313.0
A00052639,2.35,2.538,2.784,2.512,2.682,2.667,1.756,2.01,3.708,3.998,2.984,2.837,2.891,3.006,2.491,2.573,2.692,2.812,2.982,3.063,2.075,2.41,2.289,2.323,2.786,2.674,2.104,1.932,2.41,2.698,2.921,2.924,2.501,2.58,3.015,3.221,2.554,2.691,2.877,2.843,2.487,2.48,1.734,1.489,2.15,2.239,2.731,2.698,2.636,2.414,2.424,2.469,3.06,2.824,2.434,2.502,2.724,2.768,2.209,2.219,2.852,2.766,2.471,2.56,3.578,4.095,2.836,2.636,784.0,834.0,441.0,469.0,2009.0,1837.0,1523.0,1503.0,394.0,357.0,293.0,220.0,2596.0,2724.0,4413.0,4786.0,2850.0,2479.0,1911.0,1821.0,936.0,682.0,4850.0,4358.0,1979.0,1975.0,3093.0,2993.0,1594.0,1483.0,3004.0,2637.0,1129.0,1145.0,556.0,502.0,1015.0,1338.0,602.0,624.0,1142.0,1171.0,1410.0,1303.0,3461.0,3658.0,971.0,1060.0,4180.0,4170.0,3333.0,3641.0,298.0,540.0,4290.0,4166.0,5977.0,5461.0,4694.0,4721.0,2878.0,2922.0,4084.0,3273.0,430.0,405.0,324.0,232.0
A00053202,2.605,2.595,2.544,2.811,2.596,2.786,1.765,1.8,2.842,3.391,3.396,2.964,2.889,2.902,2.593,2.625,2.698,2.7,2.943,3.08,2.749,2.803,2.237,2.353,2.777,2.821,2.207,2.13,2.444,2.517,3.01,2.842,2.541,2.748,2.412,2.641,2.439,2.493,2.651,2.705,2.509,2.243,1.497,1.545,2.111,2.136,2.699,2.813,2.729,2.728,2.496,2.421,3.071,2.97,2.481,2.414,2.97,2.871,2.25,2.316,2.785,2.796,2.711,2.612,3.181,3.672,2.234,2.265,707.0,829.0,320.0,496.0,1836.0,1867.0,1099.0,1282.0,386.0,366.0,237.0,234.0,2261.0,2411.0,3815.0,4560.0,2623.0,2889.0,2449.0,2233.0,709.0,779.0,4192.0,3954.0,2482.0,2168.0,2497.0,2185.0,1533.0,1642.0,2731.0,2274.0,1186.0,1279.0,540.0,533.0,1107.0,1365.0,729.0,803.0,1491.0,1439.0,1000.0,906.0,3377.0,3460.0,904.0,920.0,4143.0,3932.0,3065.0,3258.0,406.0,610.0,4695.0,4881.0,5833.0,5889.0,4499.0,4255.0,2930.0,3328.0,3056.0,3076.0,361.0,332.0,422.0,271.0
A00053455,2.492,2.673,2.758,2.586,2.485,2.681,1.897,1.967,3.5,3.734,2.976,2.8,2.659,2.781,2.606,2.647,2.708,2.548,2.935,3.042,2.045,2.181,2.325,2.275,2.725,2.635,1.936,1.897,2.395,2.433,2.978,2.866,2.521,2.469,3.035,2.715,2.648,2.548,2.565,2.716,2.462,2.398,1.618,1.555,2.393,2.338,2.382,2.239,2.593,2.593,2.486,2.508,2.897,2.78,2.411,2.447,2.868,2.77,2.354,2.316,2.836,2.924,2.652,2.659,3.613,3.547,2.649,2.198,1006.0,991.0,763.0,752.0,2798.0,2430.0,1527.0,1636.0,419.0,387.0,321.0,279.0,3168.0,3615.0,3622.0,5491.0,3055.0,3695.0,2387.0,2279.0,942.0,942.0,5128.0,5367.0,2483.0,2319.0,2585.0,2362.0,1817.0,2134.0,3644.0,3329.0,1281.0,1456.0,646.0,772.0,1518.0,1565.0,642.0,908.0,1892.0,1470.0,1382.0,1269.0,4167.0,3999.0,1127.0,1380.0,5052.0,5606.0,3628.0,3893.0,505.0,852.0,6109.0,6344.0,6809.0,6917.0,5122.0,5540.0,3945.0,4219.0,3930.0,3810.0,450.0,508.0,475.0,355.0
A00053456,2.198,2.685,2.73,2.436,2.569,2.471,1.851,1.966,3.597,3.65,2.811,3.049,2.712,2.579,2.345,2.452,2.784,2.867,2.98,3.012,2.424,2.124,2.153,2.305,2.614,2.673,1.996,1.874,2.387,2.358,2.734,2.502,2.466,2.268,2.68,2.569,2.461,2.45,2.822,2.799,2.359,2.383,1.592,1.503,2.044,1.938,2.593,2.533,2.482,2.54,2.251,2.301,3.152,3.394,2.318,2.296,2.58,2.566,2.111,2.05,2.496,2.354,2.537,2.613,3.378,3.687,2.195,2.03,615.0,693.0,466.0,513.0,1757.0,1826.0,1247.0,1164.0,437.0,359.0,243.0,197.0,2835.0,3063.0,3447.0,4168.0,2691.0,2962.0,1827.0,1625.0,812.0,633.0,4293.0,3718.0,2214.0,2027.0,1863.0,2082.0,1635.0,1478.0,2512.0,2370.0,986.0,1419.0,617.0,558.0,1073.0,1151.0,601.0,708.0,1142.0,1018.0,1193.0,1124.0,3462.0,3459.0,861.0,921.0,4389.0,4158.0,3087.0,3193.0,354.0,476.0,4289.0,4538.0,5478.0,5679.0,4598.0,4535.0,2783.0,2840.0,2687.0,2640.0,475.0,386.0,319.0,262.0
A00053473,2.286,2.817,2.81,2.728,2.813,2.644,1.906,1.973,3.137,3.31,2.782,2.715,2.665,2.744,2.554,2.572,2.853,2.739,3.028,3.172,2.3,2.274,2.193,2.245,2.639,2.566,2.025,1.831,2.388,2.337,2.868,2.795,2.456,2.42,2.696,2.803,2.757,2.727,2.676,2.516,2.535,2.511,1.638,1.67,2.066,2.128,2.612,2.48,2.614,2.704,2.473,2.54,2.811,3.096,2.277,2.561,2.834,2.82,2.378,2.251,2.872,2.905,2.702,2.662,3.779,3.788,2.36,2.681,937.0,1250.0,548.0,539.0,2194.0,2172.0,1889.0,1829.0,521.0,331.0,333.0,277.0,3161.0,3215.0,4083.0,5518.0,3073.0,3116.0,2461.0,2250.0,881.0,911.0,5533.0,5598.0,2750.0,3009.0,3564.0,3475.0,1963.0,1998.0,3508.0,3327.0,1584.0,1591.0,596.0,594.0,1333.0,1663.0,789.0,980.0,1548.0,1452.0,1710.0,1589.0,4342.0,3786.0,1114.0,1288.0,5192.0,4955.0,4036.0,4167.0,701.0,684.0,6630.0,6772.0,9304.0,8519.0,5237.0,5080.0,4407.0,4344.0,3685.0,3737.0,527.0,492.0,487.0,349.0
A00053474,2.569,2.775,2.619,2.478,2.748,2.774,1.883,1.885,3.472,3.346,2.356,2.519,2.869,2.874,2.492,2.61,2.754,2.86,3.015,3.266,2.663,2.66,2.156,2.158,2.829,2.739,1.946,2.048,2.519,2.277,2.969,2.976,2.622,2.66,3.081,3.112,2.741,2.746,2.94,2.85,2.468,2.56,1.645,1.518,2.242,2.224,2.552,2.65,2.637,2.654,2.421,2.318,2.798,2.706,2.357,2.406,2.859,2.827,2.178,2.213,2.82,2.937,2.755,2.796,3.594,3.807,2.239,2.306,1196.0,836.0,608.0,720.0,2469.0,2071.0,1545.0,1755.0,496.0,415.0,377.0,241.0,3352.0,3571.0,4561.0,6152.0,3797.0,3654.0,2882.0,2769.0,1146.0,922.0,5973.0,5534.0,2747.0,2670.0,4664.0,4059.0,1652.0,2071.0,3806.0,3114.0,1626.0,1668.0,640.0,601.0,1448.0,1907.0,748.0,1022.0,1826.0,1803.0,2271.0,1929.0,4788.0,4373.0,1291.0,1146.0,4950.0,5336.0,4193.0,3904.0,449.0,935.0,6933.0,5966.0,7961.0,7707.0,5377.0,5292.0,3815.0,4003.0,5004.0,3985.0,502.0,531.0,467.0,306.0
A00053475,2.627,2.884,2.742,2.326,2.815,2.705,2.055,2.163,3.426,3.747,2.844,2.692,2.737,2.988,2.622,2.597,2.861,2.857,3.086,3.309,2.15,2.17,2.287,2.457,2.799,2.841,2.015,1.957,2.479,2.65,2.978,3.095,2.448,2.693,2.826,2.905,2.75,2.823,2.939,2.971,2.594,2.734,1.552,1.5,2.259,2.16,2.431,2.539,2.578,2.777,2.404,2.613,2.639,2.966,2.467,2.466,2.855,2.899,2.333,2.313,3.004,3.116,2.767,2.63,4.024,3.825,2.617,2.558,985.0,873.0,425.0,734.0,1793.0,2455.0,1668.0,1623.0,589.0,471.0,283.0,240.0,2971.0,3103.0,4235.0,5496.0,3323.0,3194.0,2648.0,2180.0,1065.0,1011.0,5137.0,5038.0,2652.0,2516.0,3409.0,3223.0,1521.0,1868.0,3476.0,3132.0,1140.0,1275.0,705.0,704.0,976.0,1503.0,791.0,851.0,1146.0,1476.0,1607.0,1559.0,4431.0,3734.0,1160.0,996.0,5095.0,4875.0,3673.0,3743.0,563.0,747.0,5995.0,5775.0,7095.0,6526.0,5706.0,4978.0,3254.0,3534.0,4152.0,4086.0,470.0,555.0,423.0,265.0
A00053546,2.747,2.821,2.713,2.442,2.831,2.756,1.797,1.843,3.086,2.995,3.188,3.046,2.661,2.837,2.667,2.763,2.946,2.871,3.24,3.322,2.647,2.753,2.183,2.216,2.8,2.733,2.012,2.044,2.609,2.697,2.943,3.013,2.625,2.524,2.425,2.724,2.974,2.876,2.884,2.981,2.588,2.694,1.461,1.649,2.225,2.215,2.631,2.759,2.554,2.714,2.51,2.533,2.959,3.082,2.569,2.599,3.008,2.953,2.334,2.341,3.075,3.015,2.782,2.786,4.041,4.151,2.524,2.07,1367.0,946.0,558.0,722.0,1924.0,2070.0,1499.0,1805.0,396.0,328.0,259.0,237.0,3089.0,3271.0,5138.0,6109.0,3460.0,2996.0,2113.0,2186.0,1130.0,800.0,5337.0,5227.0,2515.0,2741.0,3248.0,2950.0,1680.0,1842.0,3579.0,3216.0,1143.0,1674.0,678.0,664.0,1389.0,1545.0,641.0,816.0,1801.0,1501.0,1715.0,1301.0,3792.0,3842.0,1168.0,1158.0,4625.0,4697.0,4182.0,4117.0,603.0,860.0,6763.0,6770.0,7040.0,7203.0,5259.0,6271.0,3972.0,4214.0,4112.0,4177.0,402.0,419.0,494.0,448.0
A00053576,2.399,2.551,2.566,2.493,2.69,2.684,1.869,1.866,3.36,3.516,2.883,2.88,2.592,2.674,2.535,2.471,2.779,2.888,3.056,3.21,2.292,2.246,2.06,2.154,2.603,2.523,1.776,1.841,2.629,2.55,2.853,2.832,2.538,2.568,2.745,2.865,2.588,2.757,2.56,2.837,2.452,2.491,1.453,1.516,2.013,2.113,2.488,2.587,2.634,2.715,2.454,2.391,2.979,3.075,2.382,2.467,2.965,2.912,2.157,2.195,2.749,2.768,2.604,2.584,3.538,3.785,2.476,2.604,963.0,845.0,599.0,581.0,2296.0,1849.0,1532.0,1599.0,360.0,467.0,237.0,179.0,3060.0,2324.0,4294.0,4766.0,2950.0,3040.0,1852.0,1909.0,866.0,765.0,4200.0,4418.0,2163.0,2260.0,2905.0,2967.0,1578.0,1677.0,2809.0,2744.0,1250.0,1253.0,580.0,541.0,1006.0,1302.0,568.0,683.0,1340.0,1170.0,1492.0,1418.0,3262.0,3449.0,1048.0,1063.0,4456.0,4263.0,3259.0,3174.0,523.0,560.0,5448.0,5069.0,6629.0,6252.0,4370.0,4521.0,2964.0,3344.0,3140.0,2932.0,373.0,433.0,417.0,246.0
A00053578,2.547,2.68,2.78,2.722,2.756,2.758,1.695,1.599,3.565,3.721,2.613,3.063,2.703,2.755,2.42,2.376,3.03,2.895,3.242,3.048,2.858,2.394,1.977,1.908,2.831,2.834,1.887,1.861,2.675,2.513,2.889,2.836,2.488,2.43,2.533,2.716,2.816,2.85,2.863,2.793,2.549,2.522,1.568,1.573,1.859,1.814,2.478,2.722,2.583,2.653,2.416,2.295,3.063,2.973,2.442,2.404,2.889,2.835,1.982,2.033,2.856,2.983,2.54,2.526,3.849,3.567,2.654,2.224,1030.0,886.0,467.0,969.0,2236.0,1946.0,1539.0,1616.0,497.0,410.0,392.0,244.0,2851.0,3018.0,4345.0,5135.0,3369.0,3684.0,2377.0,2560.0,825.0,949.0,4421.0,4237.0,2784.0,2607.0,3443.0,3381.0,1947.0,2113.0,3681.0,3174.0,1508.0,1605.0,680.0,773.0,1422.0,1297.0,684.0,1031.0,2031.0,1432.0,1882.0,1735.0,4179.0,3656.0,1445.0,1073.0,4323.0,4476.0,3838.0,3685.0,662.0,927.0,6245.0,6122.0,8050.0,6808.0,5272.0,5449.0,3708.0,3811.0,4017.0,3842.0,457.0,493.0,372.0,299.0
A00053625,2.212,2.424,2.622,2.501,2.584,2.581,1.601,1.862,3.143,3.595,2.298,3.021,2.744,2.77,2.52,2.386,2.683,2.712,2.78,2.924,1.926,2.172,2.155,2.11,2.687,2.697,1.865,1.832,2.383,2.461,2.668,2.495,2.501,2.399,2.709,2.847,2.368,2.429,2.613,2.462,2.186,2.08,1.603,1.59,1.897,1.919,2.534,2.461,2.457,2.482,2.346,2.371,2.849,2.835,2.22,2.285,2.661,2.615,2.11,2.155,2.647,2.554,2.553,2.525,3.453,3.934,2.319,2.057,862.0,827.0,703.0,618.0,1743.0,1855.0,1310.0,1423.0,383.0,358.0,284.0,240.0,2481.0,2761.0,4264.0,4316.0,2724.0,2582.0,2556.0,2012.0,919.0,780.0,4248.0,3616.0,2325.0,2423.0,2808.0,2368.0,1591.0,1677.0,2811.0,2633.0,1362.0,1502.0,480.0,498.0,1209.0,1708.0,657.0,707.0,1356.0,1548.0,1225.0,1081.0,3903.0,3980.0,919.0,1140.0,4309.0,4375.0,3657.0,3642.0,467.0,634.0,5174.0,5023.0,6276.0,6820.0,5107.0,4712.0,3219.0,3267.0,3311.0,3418.0,417.0,399.0,416.0,292.0
A00053626,2.364,2.282,2.541,2.508,2.484,2.537,1.932,1.981,3.264,3.368,2.694,2.823,2.744,2.609,2.386,2.441,2.601,2.694,2.894,2.735,1.918,2.118,2.11,2.338,2.539,2.48,2.137,2.008,2.221,2.367,2.843,2.592,2.518,2.443,3.016,3.274,2.379,2.597,2.804,2.396,2.421,2.259,1.583,1.55,2.075,2.032,2.437,2.435,2.524,2.557,2.421,2.392,2.799,2.69,2.289,2.325,2.544,2.594,2.114,2.272,2.65,2.447,2.491,2.463,3.548,3.556,2.21,2.028,871.0,801.0,455.0,547.0,2000.0,2028.0,1188.0,1266.0,430.0,409.0,255.0,207.0,2770.0,3022.0,3744.0,4790.0,2852.0,2946.0,1957.0,2185.0,810.0,663.0,4691.0,4255.0,2214.0,2024.0,2608.0,2535.0,1583.0,1561.0,2705.0,2584.0,1158.0,1457.0,586.0,675.0,1186.0,1328.0,521.0,560.0,1182.0,865.0,1275.0,1162.0,3862.0,3339.0,1068.0,1073.0,4121.0,4455.0,3204.0,3251.0,455.0,717.0,4575.0,4268.0,6427.0,6189.0,4890.0,4627.0,3141.0,3321.0,3616.0,3417.0,422.0,328.0,393.0,293.0
A00053627,2.449,2.729,2.76,2.514,2.652,2.541,1.635,1.693,2.987,3.38,2.64,3.033,2.807,2.935,2.597,2.474,2.872,2.889,3.173,3.23,2.274,2.152,2.167,2.316,2.65,2.784,1.961,1.951,2.422,2.467,2.988,2.935,2.447,2.416,2.849,3.059,2.494,2.565,2.708,2.939,2.439,2.505,1.506,1.473,2.22,2.157,2.792,2.468,2.418,2.744,2.392,2.42,3.057,2.983,2.33,2.373,2.765,2.746,2.25,2.264,2.948,2.967,2.749,2.622,3.853,3.872,2.496,2.55,882.0,849.0,629.0,505.0,2136.0,2173.0,1384.0,1559.0,494.0,450.0,263.0,271.0,2793.0,3050.0,3756.0,4108.0,3155.0,3081.0,2122.0,2061.0,795.0,739.0,4510.0,4388.0,2654.0,2385.0,2949.0,2654.0,1632.0,1805.0,2972.0,2782.0,1267.0,1401.0,550.0,576.0,1291.0,1340.0,553.0,771.0,1596.0,1139.0,1230.0,1031.0,3579.0,3364.0,840.0,1117.0,4483.0,4393.0,3394.0,3624.0,481.0,769.0,5181.0,5009.0,5973.0,5936.0,4946.0,4573.0,3447.0,3539.0,3182.0,3270.0,447.0,440.0,365.0,305.0
A00053850,2.47,2.655,2.596,2.429,2.522,2.611,1.786,1.819,3.264,3.189,2.096,2.393,2.574,2.72,2.415,2.467,2.458,2.52,2.738,2.827,2.53,2.181,1.977,1.983,2.588,2.526,1.855,1.764,2.171,2.346,2.755,2.87,2.47,2.451,2.757,2.697,2.714,2.72,2.634,2.483,2.407,2.349,1.509,1.314,2.003,2.144,2.537,2.401,2.549,2.435,2.276,2.412,2.652,2.603,2.265,2.245,2.627,2.564,2.198,2.154,2.708,2.67,2.586,2.531,3.238,2.772,2.509,2.065,1020.0,974.0,496.0,534.0,2433.0,2038.0,1635.0,1676.0,387.0,317.0,425.0,323.0,2771.0,3022.0,4490.0,5161.0,3770.0,3322.0,2144.0,2160.0,996.0,790.0,5159.0,5232.0,2771.0,2618.0,3974.0,3687.0,2256.0,2095.0,4125.0,3327.0,1472.0,1739.0,737.0,811.0,1354.0,1825.0,696.0,842.0,1510.0,1322.0,2032.0,1894.0,4036.0,4399.0,1062.0,924.0,5234.0,5374.0,3960.0,3939.0,646.0,778.0,6177.0,5834.0,8160.0,8523.0,5663.0,5939.0,3606.0,3823.0,3897.0,3710.0,421.0,438.0,394.0,320.0
A00053851,2.752,2.73,3.215,3.004,2.759,2.759,2.012,2.146,3.431,3.443,3.047,3.121,2.943,2.89,2.625,2.684,2.796,2.811,3.294,3.306,2.471,2.581,2.324,2.504,2.885,3.032,2.131,2.254,2.44,2.671,2.96,3.044,2.625,2.585,2.821,2.825,2.713,2.856,2.829,2.766,2.663,2.682,1.929,1.544,2.157,2.219,2.888,2.797,2.852,2.919,2.621,2.54,3.207,3.162,2.475,2.482,3.008,2.882,2.374,2.396,3.101,3.191,2.895,2.744,4.134,4.254,2.639,2.647,890.0,910.0,615.0,773.0,2517.0,2147.0,1516.0,1515.0,475.0,415.0,317.0,256.0,2959.0,3076.0,4515.0,5378.0,3434.0,3678.0,2582.0,2270.0,983.0,871.0,6345.0,5862.0,2496.0,2401.0,3118.0,3055.0,1593.0,2018.0,3504.0,3175.0,1394.0,1864.0,680.0,646.0,1829.0,1721.0,683.0,775.0,1819.0,1423.0,1506.0,1429.0,3658.0,3897.0,1117.0,1062.0,5115.0,4572.0,3820.0,3993.0,514.0,940.0,5135.0,5683.0,7268.0,6889.0,4261.0,5121.0,3554.0,3816.0,3126.0,3118.0,425.0,434.0,479.0,314.0
A00053854,2.606,2.564,2.732,2.862,2.904,2.613,1.827,1.794,3.112,3.496,2.444,2.533,2.758,2.73,2.575,2.573,3.007,2.894,3.128,3.065,2.317,2.276,2.265,2.129,2.622,2.516,2.084,1.946,2.42,2.391,3.107,2.88,2.456,2.628,2.291,2.3,2.836,2.974,2.756,2.402,2.536,2.846,1.534,1.553,2.107,2.138,2.53,2.462,2.759,2.705,2.456,2.498,2.786,2.92,2.286,2.622,3.049,2.953,2.217,2.177,3.009,2.818,2.674,2.712,3.837,4.179,2.096,2.244,993.0,770.0,482.0,534.0,1623.0,1355.0,1157.0,1228.0,321.0,267.0,285.0,220.0,2643.0,2741.0,4188.0,4023.0,2753.0,3147.0,2127.0,2113.0,838.0,727.0,4489.0,4667.0,2327.0,2255.0,2748.0,2480.0,1558.0,1469.0,3107.0,2709.0,1129.0,1186.0,651.0,621.0,1176.0,1553.0,611.0,662.0,1631.0,1002.0,1149.0,1115.0,3275.0,3472.0,951.0,940.0,3708.0,3741.0,3190.0,3362.0,347.0,554.0,4783.0,4617.0,5770.0,5399.0,4599.0,4362.0,3390.0,3518.0,3344.0,3201.0,342.0,314.0,449.0,363.0
A00053874,2.441,2.579,2.673,2.509,2.388,2.318,1.816,1.91,3.832,3.962,2.865,2.777,2.894,2.771,2.395,2.523,2.851,2.77,3.027,2.959,2.364,2.216,2.213,2.185,2.638,2.85,1.97,2.12,2.376,2.389,2.806,2.765,2.289,2.305,2.968,2.905,2.573,2.445,2.71,2.836,2.583,2.448,1.544,1.518,2.033,2.115,2.546,2.467,2.382,2.437,2.193,2.477,2.533,2.841,2.294,2.403,2.729,2.634,2.157,2.162,2.662,2.565,2.65,2.58,3.63,3.767,2.244,2.42,740.0,758.0,582.0,561.0,1522.0,1352.0,1388.0,1216.0,339.0,319.0,274.0,257.0,2181.0,2257.0,3510.0,4363.0,2449.0,2482.0,2033.0,1976.0,879.0,744.0,3552.0,3873.0,2131.0,2079.0,2558.0,2419.0,1464.0,1580.0,2869.0,2615.0,1380.0,1518.0,587.0,651.0,825.0,1341.0,542.0,716.0,1200.0,1141.0,1214.0,1161.0,3968.0,3438.0,921.0,1191.0,4488.0,4593.0,3366.0,3214.0,487.0,568.0,5335.0,4479.0,6194.0,6315.0,5091.0,4767.0,3086.0,3336.0,3096.0,2982.0,398.0,399.0,442.0,282.0
A00053901,2.654,2.783,2.353,2.401,2.627,2.434,1.695,1.82,3.195,2.742,2.368,2.953,2.801,2.714,2.507,2.582,2.801,2.678,2.868,2.915,2.642,2.422,2.212,2.116,2.669,2.557,1.861,1.917,2.554,2.424,2.957,2.855,2.285,2.415,2.562,2.826,2.658,2.38,2.892,2.735,2.344,2.441,1.591,1.548,1.917,1.88,2.345,2.368,2.529,2.569,2.454,2.439,2.774,2.742,2.244,2.399,2.733,2.67,2.124,2.168,2.744,2.84,2.433,2.579,3.376,3.423,2.118,1.956,946.0,720.0,719.0,1058.0,1978.0,1484.0,1636.0,1598.0,417.0,447.0,272.0,223.0,2762.0,2891.0,4205.0,5319.0,2699.0,2722.0,1812.0,1876.0,836.0,769.0,4881.0,5067.0,2413.0,2521.0,3594.0,3461.0,1823.0,1754.0,2962.0,2693.0,1136.0,1338.0,567.0,625.0,1239.0,1135.0,701.0,876.0,1580.0,1048.0,1770.0,1603.0,3222.0,2929.0,1284.0,1006.0,3854.0,4024.0,3578.0,3614.0,727.0,792.0,5195.0,5149.0,6181.0,5346.0,5173.0,4770.0,3222.0,3664.0,3266.0,2687.0,474.0,459.0,446.0,302.0
A00053902,2.455,2.479,2.551,2.399,2.61,2.742,1.85,1.864,3.117,3.636,2.818,2.891,2.717,2.701,2.39,2.473,2.896,2.932,2.815,2.965,2.157,2.466,2.146,2.303,2.649,2.88,1.982,1.888,2.448,2.408,2.967,2.776,2.386,2.463,2.738,3.3,2.648,2.582,3.005,3.22,2.494,2.431,1.475,1.711,2.022,1.967,2.653,2.263,2.6,2.626,2.39,2.418,2.948,2.799,2.412,2.536,2.796,2.837,2.254,2.177,2.812,2.748,2.419,2.566,3.829,3.717,2.456,2.275,976.0,955.0,771.0,799.0,1977.0,1996.0,1256.0,1281.0,491.0,378.0,261.0,207.0,2927.0,3001.0,4221.0,5021.0,3178.0,3460.0,2362.0,2016.0,1110.0,782.0,3751.0,3964.0,2523.0,2809.0,2683.0,2542.0,1386.0,1732.0,3182.0,3192.0,1235.0,1584.0,614.0,626.0,1199.0,1319.0,619.0,784.0,1492.0,1266.0,1374.0,1350.0,3705.0,3484.0,1224.0,1200.0,4480.0,4712.0,3135.0,3064.0,665.0,790.0,5353.0,5572.0,6900.0,6664.0,4868.0,4602.0,3450.0,3825.0,3749.0,3397.0,490.0,493.0,442.0,305.0
A00053949,2.212,2.527,2.555,2.461,2.335,2.237,1.737,1.71,3.294,3.204,2.724,2.423,2.661,2.657,2.252,2.329,2.602,2.537,2.874,2.77,2.432,2.595,2.171,2.232,2.56,2.603,1.94,1.89,2.188,2.215,2.679,2.728,2.294,2.192,2.81,3.148,2.414,2.427,2.531,2.607,2.269,2.284,1.568,1.459,2.038,1.981,2.452,2.674,2.254,2.345,2.112,2.179,2.556,2.648,2.217,2.221,2.47,2.398,1.931,2.076,2.783,2.639,2.284,2.385,3.64,3.657,2.347,2.086,742.0,873.0,822.0,740.0,2328.0,2077.0,1626.0,1821.0,615.0,513.0,324.0,248.0,2989.0,3632.0,3626.0,5026.0,3291.0,2677.0,2662.0,2824.0,1167.0,988.0,5988.0,5701.0,2789.0,2698.0,3367.0,3725.0,1852.0,1994.0,3473.0,2818.0,1613.0,2051.0,639.0,645.0,1407.0,1775.0,686.0,836.0,1417.0,1490.0,1921.0,1960.0,4175.0,3860.0,1557.0,1148.0,4946.0,5377.0,4582.0,4193.0,892.0,1018.0,6535.0,5802.0,8232.0,7932.0,6197.0,6586.0,3517.0,3783.0,3837.0,3480.0,503.0,513.0,447.0,381.0
A00054019,2.585,2.962,2.675,2.638,2.749,2.764,2.235,2.039,3.545,3.509,2.921,3.227,2.964,2.791,2.661,2.783,2.975,2.898,3.317,3.258,2.446,2.292,2.336,2.409,2.93,2.878,2.143,2.087,2.605,2.838,3.098,2.947,2.774,2.724,3.115,3.057,2.85,2.818,2.653,2.952,2.753,2.605,1.415,1.406,2.315,2.367,2.532,2.471,2.834,2.837,2.606,2.648,3.047,2.851,2.438,2.464,2.922,2.995,2.51,2.559,2.988,3.09,2.778,2.764,3.898,3.987,2.767,2.524,1017.0,949.0,680.0,662.0,2535.0,2853.0,1990.0,2090.0,676.0,558.0,295.0,226.0,3355.0,3515.0,4460.0,5796.0,3432.0,3685.0,2208.0,2039.0,1429.0,1208.0,5856.0,5930.0,2529.0,2408.0,3091.0,3739.0,1801.0,1762.0,3627.0,3272.0,1424.0,1765.0,574.0,716.0,1667.0,1679.0,737.0,851.0,1504.0,1193.0,1747.0,1943.0,4066.0,4274.0,1455.0,1308.0,5220.0,5426.0,4062.0,4391.0,519.0,795.0,6360.0,5483.0,7706.0,7034.0,5588.0,5626.0,3987.0,4037.0,4591.0,3765.0,594.0,454.0,489.0,375.0
A00054153,2.287,2.565,2.207,2.174,2.477,2.318,1.792,1.705,3.449,3.081,2.847,2.726,2.605,2.648,2.343,2.459,2.765,2.734,2.724,2.766,2.174,2.363,2.078,2.103,2.522,2.413,1.915,1.73,2.357,2.21,2.704,2.775,2.136,2.168,2.646,2.628,2.349,2.5,2.432,2.41,2.209,2.362,1.585,1.495,1.985,1.821,2.321,2.222,2.208,2.338,2.396,2.307,2.883,2.496,2.128,2.287,2.58,2.615,2.185,2.35,2.686,2.814,2.405,2.498,3.331,3.137,2.072,2.02,959.0,837.0,673.0,717.0,2183.0,2251.0,1617.0,1545.0,566.0,429.0,304.0,246.0,2900.0,3006.0,4113.0,5292.0,3449.0,3064.0,2467.0,2249.0,1028.0,842.0,4973.0,5028.0,2600.0,2611.0,3399.0,2983.0,2057.0,2349.0,3532.0,3138.0,1317.0,1649.0,642.0,599.0,1251.0,1703.0,673.0,822.0,1555.0,1295.0,1731.0,1769.0,4391.0,4222.0,997.0,1206.0,5093.0,4850.0,3798.0,4028.0,512.0,1021.0,5449.0,5242.0,7851.0,6915.0,5646.0,5278.0,3441.0,4019.0,3976.0,3153.0,483.0,507.0,453.0,289.0
A00054173,2.491,2.822,2.628,2.627,2.998,2.763,1.754,1.936,3.101,2.99,3.253,3.181,2.518,2.824,2.6,2.717,2.889,2.784,3.078,2.837,2.286,2.484,2.238,2.342,2.76,2.713,2.166,1.98,2.604,2.506,2.82,2.796,2.531,2.719,2.66,2.784,2.624,2.795,2.865,2.799,2.368,2.464,1.727,1.831,2.389,2.292,2.873,2.511,2.818,2.953,2.399,2.554,2.852,3.02,2.386,2.589,3.084,2.986,2.336,2.389,2.726,2.73,2.802,2.808,3.555,3.934,2.389,2.29,852.0,836.0,633.0,778.0,2289.0,2282.0,1219.0,1262.0,398.0,433.0,337.0,253.0,2553.0,2713.0,3707.0,4501.0,2958.0,2852.0,2391.0,2516.0,893.0,800.0,3971.0,4220.0,2480.0,2272.0,2885.0,3022.0,1702.0,1902.0,3048.0,2840.0,1391.0,1696.0,614.0,628.0,1360.0,1568.0,758.0,807.0,1566.0,1335.0,1541.0,1447.0,4142.0,3581.0,1090.0,1451.0,4756.0,4671.0,3502.0,3223.0,642.0,678.0,4901.0,5044.0,7207.0,7196.0,4791.0,4460.0,3127.0,3635.0,3730.0,3235.0,388.0,397.0,406.0,320.0
A00054358,2.248,2.743,2.631,2.362,2.619,2.542,1.838,1.926,3.133,3.87,2.454,2.883,2.823,2.918,2.56,2.68,2.879,2.906,3.027,3.037,2.21,2.158,2.209,2.254,2.775,2.734,2.054,2.095,2.377,2.4,2.99,2.86,2.593,2.626,2.802,2.541,2.527,2.616,2.743,3.013,2.321,2.326,1.568,1.62,2.214,2.166,2.39,2.561,2.662,2.686,2.445,2.402,2.83,2.798,2.323,2.34,2.755,2.644,2.218,2.25,2.959,2.846,2.685,2.64,3.982,4.331,2.742,3.057,780.0,827.0,497.0,539.0,2088.0,1729.0,1286.0,1403.0,329.0,306.0,299.0,211.0,2550.0,2465.0,3473.0,3813.0,2436.0,2474.0,2004.0,1981.0,877.0,818.0,4065.0,4046.0,2152.0,2150.0,2257.0,2406.0,1534.0,1612.0,2884.0,2506.0,1245.0,1230.0,606.0,622.0,1080.0,1291.0,562.0,720.0,1177.0,1130.0,1204.0,1181.0,3332.0,3252.0,1104.0,987.0,4124.0,4163.0,3228.0,3414.0,506.0,648.0,5046.0,5056.0,6314.0,6154.0,4997.0,4837.0,3031.0,3294.0,3164.0,2878.0,386.0,344.0,430.0,309.0
A00054441,2.453,2.575,3.132,2.709,2.678,2.835,1.874,1.896,3.271,3.175,2.689,3.088,2.976,2.951,2.523,2.526,2.96,3.043,3.453,3.305,2.358,2.119,2.365,2.389,2.786,2.831,1.988,2.041,2.64,2.725,2.86,2.866,2.649,2.656,2.564,2.277,2.853,2.78,3.113,2.8,2.565,2.693,1.518,1.784,2.248,2.284,2.618,2.438,2.81,2.857,2.411,2.491,3.105,3.134,2.466,2.514,3.06,2.925,2.329,2.367,3.078,3.047,2.719,2.68,3.48,3.342,2.215,2.477,1335.0,853.0,755.0,905.0,2711.0,2192.0,1397.0,1751.0,452.0,355.0,396.0,209.0,3288.0,2911.0,5659.0,4940.0,3515.0,3160.0,2559.0,2660.0,901.0,1073.0,5037.0,5960.0,2897.0,2441.0,3546.0,3441.0,1857.0,2064.0,3486.0,3129.0,1518.0,1417.0,699.0,785.0,1445.0,1580.0,724.0,821.0,1612.0,1135.0,1600.0,1290.0,3951.0,3919.0,1559.0,1258.0,5217.0,4682.0,4215.0,4397.0,586.0,1042.0,6501.0,6385.0,7941.0,7194.0,6033.0,5602.0,4619.0,5217.0,4309.0,4284.0,488.0,456.0,508.0,377.0
A00054504,2.589,2.685,2.984,2.483,2.732,2.752,1.922,1.879,3.118,2.765,2.683,2.584,2.589,2.824,2.529,2.543,2.67,2.869,2.805,2.821,2.486,2.208,2.232,2.209,2.648,2.522,2.041,1.996,2.579,2.397,2.911,2.878,2.32,2.558,2.906,2.889,2.754,2.854,2.58,2.521,2.448,2.602,1.538,1.427,2.104,2.149,2.453,2.438,2.563,2.562,2.59,2.495,2.803,2.904,2.26,2.452,2.898,2.795,2.352,2.336,3.008,3.006,2.722,2.586,3.162,3.186,2.485,2.324,972.0,868.0,839.0,852.0,2540.0,2014.0,1693.0,1712.0,491.0,437.0,280.0,248.0,3298.0,3408.0,3934.0,5072.0,2764.0,2924.0,2430.0,2583.0,901.0,962.0,5612.0,5074.0,2797.0,2596.0,3753.0,3322.0,1493.0,1867.0,3290.0,2962.0,1602.0,1637.0,608.0,738.0,1487.0,1550.0,794.0,1045.0,1834.0,1321.0,1700.0,1551.0,3828.0,4223.0,1120.0,1224.0,4734.0,4810.0,4205.0,4388.0,718.0,982.0,6850.0,6576.0,8150.0,7340.0,5892.0,6010.0,3910.0,4258.0,4517.0,4036.0,487.0,372.0,496.0,399.0
A00054532,2.667,2.7,2.601,2.444,2.628,2.428,1.938,1.954,3.117,3.209,2.957,3.044,2.863,2.682,2.543,2.685,2.895,2.856,2.893,3.082,2.683,2.698,2.242,2.256,2.715,2.568,2.07,2.157,2.469,2.318,3.06,3.147,2.516,2.502,2.839,2.806,2.79,2.641,2.676,2.747,2.353,2.481,1.671,1.662,2.059,2.132,2.502,2.451,2.553,2.664,2.493,2.561,2.672,2.87,2.274,2.545,2.892,2.808,2.179,2.28,3.039,2.972,2.618,2.7,3.817,3.928,2.566,2.559,1038.0,822.0,643.0,550.0,1982.0,1576.0,1509.0,1481.0,352.0,445.0,291.0,249.0,2909.0,2891.0,4370.0,5156.0,3041.0,3101.0,2387.0,2170.0,945.0,802.0,4796.0,4519.0,2261.0,2093.0,3567.0,3466.0,1561.0,1656.0,3246.0,2960.0,1290.0,1268.0,551.0,583.0,1294.0,1603.0,640.0,701.0,1700.0,1162.0,1990.0,1754.0,3760.0,3480.0,1065.0,1115.0,3895.0,4217.0,3590.0,3489.0,502.0,641.0,5502.0,5087.0,6171.0,6040.0,4967.0,4420.0,3369.0,3773.0,3765.0,3464.0,341.0,474.0,392.0,315.0
A00054533,2.47,2.794,3.088,2.668,2.799,2.732,1.844,1.979,3.147,3.413,2.459,2.825,2.91,2.858,2.646,2.622,3.107,3.095,3.104,3.217,2.528,2.512,2.305,2.327,2.705,2.524,1.959,2.034,2.491,2.609,3.153,3.056,2.562,2.417,2.448,2.903,2.836,2.685,2.946,2.773,2.59,2.482,1.632,1.505,2.175,2.129,2.709,2.793,2.703,2.713,2.496,2.42,3.116,3.133,2.327,2.44,2.978,2.824,2.292,2.368,3.067,3.062,2.818,2.703,3.887,3.95,2.742,2.539,799.0,807.0,597.0,533.0,1676.0,1523.0,1384.0,1466.0,329.0,343.0,299.0,241.0,2579.0,2453.0,3376.0,3778.0,2706.0,2861.0,2137.0,2152.0,822.0,631.0,3824.0,3479.0,2152.0,2059.0,2244.0,2225.0,1420.0,1405.0,2787.0,2724.0,1226.0,1479.0,626.0,535.0,1102.0,1463.0,552.0,711.0,1587.0,1353.0,1398.0,1331.0,3559.0,3187.0,922.0,977.0,4010.0,3914.0,2937.0,2977.0,408.0,660.0,6175.0,5726.0,6350.0,6499.0,4348.0,4397.0,3470.0,3495.0,3094.0,3128.0,402.0,358.0,399.0,326.0
A00054534,2.536,2.934,2.8,2.796,2.852,2.895,1.814,1.893,3.359,3.828,3.439,3.214,2.925,2.841,2.604,2.63,2.902,2.87,3.196,3.029,2.498,2.626,2.2,2.244,2.898,2.957,2.122,2.09,2.516,2.618,3.08,3.017,2.617,2.553,2.637,2.731,2.757,2.804,2.754,2.692,2.516,2.632,1.515,1.513,2.184,2.146,2.682,2.513,2.655,2.734,2.527,2.478,3.18,3.138,2.488,2.656,3.01,2.975,2.228,2.29,3.112,2.952,2.732,2.645,3.315,3.354,2.223,2.723,893.0,984.0,646.0,721.0,1960.0,1965.0,1714.0,1545.0,468.0,403.0,300.0,292.0,3699.0,3570.0,4484.0,5825.0,3947.0,2958.0,2305.0,2681.0,1145.0,941.0,6554.0,5280.0,2807.0,2390.0,3793.0,3578.0,1965.0,1959.0,3330.0,2961.0,1466.0,1912.0,672.0,729.0,1469.0,1858.0,777.0,873.0,1705.0,1556.0,1506.0,1537.0,4212.0,3748.0,999.0,1281.0,4569.0,4620.0,3628.0,4125.0,587.0,858.0,5496.0,5673.0,7286.0,6694.0,6278.0,6340.0,3592.0,4026.0,4903.0,3689.0,444.0,438.0,606.0,313.0
A00054857,2.578,2.887,2.937,2.541,2.844,2.857,1.893,1.923,3.578,3.276,3.176,3.102,2.728,2.831,2.548,2.592,2.76,2.926,2.969,2.938,2.598,2.648,2.192,2.209,2.762,2.602,2.019,2.14,2.429,2.58,3.134,3.045,2.562,2.573,3.324,3.248,2.676,2.633,2.71,2.604,2.486,2.572,1.565,1.605,2.17,2.173,2.64,2.65,2.603,2.653,2.567,2.403,2.997,2.825,2.481,2.528,2.913,2.923,2.234,2.262,2.92,2.909,2.732,2.742,3.809,3.814,2.803,2.538,820.0,769.0,480.0,521.0,1726.0,1686.0,1386.0,1453.0,392.0,318.0,235.0,194.0,2772.0,2837.0,3812.0,4362.0,2885.0,2814.0,1973.0,2138.0,747.0,708.0,4648.0,4180.0,2120.0,1810.0,3158.0,3094.0,1631.0,1541.0,3164.0,2603.0,1240.0,1417.0,575.0,611.0,1370.0,1562.0,584.0,650.0,1114.0,1107.0,1572.0,1450.0,3492.0,3202.0,1020.0,1231.0,3563.0,3903.0,2803.0,3180.0,450.0,667.0,5175.0,4098.0,5707.0,5835.0,4636.0,4812.0,3138.0,3106.0,3380.0,2964.0,390.0,366.0,371.0,228.0
A00054895,2.617,2.702,2.58,2.872,2.728,2.596,1.814,1.94,3.238,2.943,2.808,3.123,2.771,2.92,2.543,2.522,2.905,2.944,2.977,3.059,2.66,2.304,2.147,2.3,2.881,2.824,2.173,2.074,2.426,2.344,3.035,2.908,2.237,2.399,2.758,2.882,2.624,2.695,2.741,2.922,2.367,2.51,1.55,1.547,2.062,1.959,2.647,2.506,2.614,2.581,2.446,2.463,3.083,2.751,2.337,2.448,2.836,2.748,2.176,2.237,2.882,2.889,2.519,2.526,3.828,4.243,2.778,2.797,809.0,863.0,560.0,840.0,1895.0,1925.0,1284.0,1395.0,424.0,432.0,254.0,224.0,2876.0,2805.0,3705.0,4716.0,2794.0,3110.0,2328.0,1943.0,899.0,821.0,4439.0,4435.0,2284.0,2539.0,2841.0,2968.0,1551.0,1707.0,2726.0,2627.0,1265.0,1380.0,585.0,617.0,1301.0,1313.0,495.0,645.0,1239.0,965.0,1244.0,1275.0,3422.0,3248.0,1173.0,993.0,3872.0,4521.0,3354.0,3515.0,591.0,578.0,4962.0,4202.0,6359.0,5651.0,4586.0,4571.0,2983.0,3272.0,3258.0,3200.0,456.0,418.0,414.0,292.0
A00054913,2.494,2.326,2.815,2.678,2.491,2.591,1.922,1.838,3.988,3.717,2.986,3.081,2.599,2.502,2.52,2.594,2.866,2.839,2.922,2.9,1.946,2.165,2.137,2.127,2.878,2.489,1.971,1.748,2.901,2.597,2.799,2.588,2.408,2.473,2.693,2.552,2.712,2.526,3.23,2.733,2.217,2.381,1.574,1.575,1.945,1.933,2.508,2.769,2.558,2.619,2.397,2.335,3.37,2.659,2.362,2.409,2.788,2.75,2.141,2.189,2.615,2.601,2.57,2.543,3.789,3.596,2.308,2.262,734.0,515.0,347.0,564.0,1851.0,1575.0,1438.0,1542.0,271.0,282.0,253.0,236.0,2969.0,2851.0,3257.0,4088.0,2456.0,2475.0,2097.0,2135.0,814.0,935.0,4922.0,4914.0,1859.0,2246.0,2971.0,3126.0,1448.0,1499.0,3057.0,2613.0,1045.0,1048.0,557.0,601.0,1177.0,1361.0,498.0,679.0,1238.0,1114.0,1708.0,1446.0,3345.0,3433.0,903.0,863.0,4337.0,4178.0,3042.0,3387.0,330.0,540.0,4377.0,4106.0,5940.0,5526.0,5290.0,5181.0,3156.0,3439.0,3457.0,2951.0,416.0,451.0,365.0,269.0
A00054914,2.517,2.639,2.741,2.424,2.64,2.667,1.717,1.83,3.272,3.609,2.428,2.84,2.654,2.755,2.53,2.564,2.692,2.56,3.034,2.901,2.004,2.661,2.172,2.105,2.511,2.649,1.884,2.024,2.24,2.374,2.873,2.842,2.514,2.558,2.711,3.395,2.588,2.605,2.841,2.639,2.486,2.472,1.522,1.527,2.135,2.195,2.536,2.432,2.622,2.683,2.409,2.399,2.64,3.105,2.277,2.433,2.819,2.715,2.276,2.251,2.75,2.625,2.662,2.562,3.108,3.177,1.908,2.245,1062.0,798.0,663.0,611.0,1841.0,1530.0,1003.0,1325.0,370.0,328.0,239.0,194.0,3045.0,2925.0,4584.0,5315.0,3581.0,3709.0,2327.0,2244.0,835.0,418.0,4525.0,4238.0,2422.0,2348.0,2422.0,2592.0,1616.0,1816.0,3649.0,3185.0,1263.0,1322.0,550.0,617.0,1107.0,1156.0,582.0,907.0,1304.0,1159.0,1278.0,939.0,3460.0,3460.0,818.0,877.0,4222.0,4293.0,3405.0,3440.0,462.0,680.0,5244.0,4901.0,6566.0,6676.0,4599.0,4891.0,3262.0,3445.0,3674.0,3750.0,349.0,288.0,440.0,270.0
A00055061,2.339,2.597,3.03,2.612,2.505,2.456,1.678,1.783,3.025,3.331,2.928,2.554,2.686,2.693,2.469,2.546,2.703,2.764,2.909,2.964,2.095,2.138,2.222,2.275,2.665,2.582,1.975,1.956,2.392,2.584,2.62,2.589,2.308,2.278,2.302,2.43,2.526,2.373,2.666,2.822,2.415,2.391,1.404,1.365,1.978,2.041,2.502,2.501,2.4,2.343,2.423,2.351,2.872,2.95,2.279,2.362,2.673,2.684,2.246,2.209,2.832,2.842,2.568,2.556,3.414,3.699,2.454,2.292,1298.0,786.0,741.0,619.0,2602.0,2710.0,1493.0,1684.0,499.0,363.0,259.0,287.0,3556.0,3633.0,4602.0,5328.0,3723.0,3611.0,2339.0,2231.0,1123.0,960.0,5380.0,5361.0,2528.0,2541.0,2980.0,2898.0,1985.0,1854.0,3445.0,3196.0,1392.0,1658.0,586.0,618.0,1228.0,1290.0,717.0,802.0,1400.0,1113.0,1256.0,1089.0,4403.0,4227.0,1273.0,1182.0,4967.0,5109.0,4037.0,4024.0,536.0,730.0,5959.0,5481.0,7471.0,7218.0,5617.0,6192.0,3730.0,4027.0,3946.0,4007.0,461.0,483.0,459.0,349.0
A00055121,2.793,2.778,2.765,2.616,2.837,2.731,2.039,2.072,3.262,3.272,2.513,2.737,3.114,2.925,2.726,2.741,2.944,3.028,3.195,3.265,2.508,2.623,2.438,2.498,3.02,2.895,2.246,1.994,2.514,2.338,3.052,3.175,2.636,2.858,2.665,2.627,2.99,3.04,2.725,2.849,2.639,2.676,1.639,1.931,2.357,2.005,2.98,2.742,2.743,2.703,2.661,2.718,2.938,2.841,2.542,2.586,3.049,2.902,2.448,2.544,3.011,2.967,2.713,2.758,3.267,3.729,2.484,2.618,1085.0,1080.0,716.0,749.0,2557.0,2077.0,1643.0,1766.0,475.0,395.0,295.0,251.0,3091.0,3547.0,4659.0,6167.0,3338.0,3496.0,2675.0,2632.0,1027.0,870.0,6271.0,4860.0,2524.0,2501.0,4057.0,3352.0,1841.0,2011.0,3643.0,3836.0,1291.0,1716.0,748.0,696.0,1387.0,1511.0,618.0,770.0,1864.0,1593.0,1760.0,1423.0,4135.0,3653.0,1145.0,1215.0,4704.0,5308.0,4198.0,4258.0,528.0,1035.0,7434.0,7054.0,7517.0,7426.0,5231.0,4871.0,4421.0,4237.0,3182.0,3369.0,478.0,493.0,475.0,404.0
A00055215,2.322,2.711,2.768,2.891,2.713,2.705,1.743,1.818,3.492,3.579,2.786,2.711,2.763,2.761,2.377,2.55,3.155,2.907,2.918,3.156,2.563,2.492,2.015,2.094,2.668,2.574,2.145,1.863,2.295,2.562,2.84,2.893,2.36,2.357,2.765,3.003,2.705,2.617,2.604,2.967,2.384,2.317,1.468,1.486,1.947,2.06,2.701,2.554,2.541,2.47,2.475,2.397,3.305,3.043,2.382,2.346,2.839,2.796,2.316,2.203,2.897,2.86,2.478,2.474,4.119,3.955,2.359,2.048,907.0,706.0,494.0,498.0,1906.0,1614.0,1275.0,1221.0,405.0,337.0,247.0,217.0,2515.0,2773.0,3912.0,4313.0,2784.0,3046.0,2121.0,1794.0,633.0,706.0,4230.0,4138.0,2111.0,2211.0,2431.0,2398.0,1213.0,1495.0,2566.0,2512.0,1204.0,1270.0,499.0,551.0,991.0,1237.0,487.0,692.0,1163.0,974.0,1198.0,1357.0,3418.0,3564.0,941.0,984.0,3755.0,4260.0,3044.0,3252.0,433.0,634.0,5108.0,4424.0,5770.0,5383.0,3889.0,4026.0,2962.0,2991.0,2873.0,2945.0,440.0,462.0,332.0,270.0
A00055332,2.713,2.731,3.186,2.877,2.818,2.794,1.844,2.002,3.993,3.627,2.945,2.369,2.788,2.821,2.795,2.61,2.936,2.924,3.359,3.295,2.333,2.377,2.285,2.321,2.758,3.033,1.962,2.006,2.609,2.406,3.272,3.124,2.686,2.631,2.903,2.804,2.758,2.763,2.886,3.155,2.698,2.493,1.423,1.676,2.076,2.199,2.554,2.841,2.769,2.747,2.542,2.454,3.378,3.234,2.559,2.628,3.067,3.001,2.427,2.471,3.103,2.887,2.747,2.696,3.587,4.053,2.512,2.78,889.0,669.0,677.0,614.0,2637.0,2536.0,1633.0,1712.0,311.0,323.0,286.0,237.0,2438.0,2551.0,3600.0,4026.0,3246.0,3759.0,2153.0,2407.0,1049.0,1030.0,5926.0,5494.0,2339.0,2060.0,3089.0,2592.0,1589.0,1600.0,3587.0,2965.0,1407.0,1382.0,517.0,521.0,1636.0,1874.0,642.0,794.0,1663.0,1571.0,1525.0,1302.0,4156.0,3691.0,1384.0,1138.0,5174.0,4851.0,4048.0,4884.0,446.0,746.0,5742.0,5514.0,7256.0,7105.0,4905.0,4791.0,3283.0,3660.0,3450.0,3224.0,456.0,348.0,418.0,296.0
A00055352,2.665,2.606,2.978,2.685,2.534,2.512,1.84,1.715,3.216,3.358,3.787,3.157,2.624,2.483,2.361,2.378,2.802,2.741,3.048,2.968,1.969,2.439,2.071,2.124,2.797,2.73,1.754,1.712,2.623,2.599,2.887,2.757,2.166,2.418,2.58,2.754,2.636,2.403,3.054,3.002,2.336,2.232,1.487,1.447,2.017,2.07,2.593,2.347,2.505,2.532,2.184,2.226,2.964,3.074,2.461,2.362,2.924,2.778,2.136,2.046,2.504,2.446,2.444,2.423,3.879,3.537,2.153,2.044,696.0,697.0,523.0,602.0,2075.0,1775.0,1777.0,1756.0,409.0,393.0,253.0,232.0,2623.0,2690.0,3900.0,4099.0,2521.0,2752.0,1985.0,2026.0,967.0,706.0,5885.0,5388.0,2339.0,2229.0,3668.0,3313.0,1721.0,1680.0,2734.0,2670.0,1454.0,1236.0,494.0,519.0,1366.0,1742.0,616.0,732.0,1471.0,1218.0,1538.0,1389.0,3674.0,3280.0,847.0,928.0,4516.0,4301.0,3447.0,4069.0,541.0,792.0,5007.0,5521.0,6229.0,6070.0,4934.0,4628.0,3123.0,3309.0,3219.0,3177.0,419.0,415.0,392.0,305.0
A00055353,2.822,2.892,2.873,2.463,2.497,2.652,1.835,2.174,3.076,3.384,2.585,3.025,2.982,2.974,2.534,2.663,3.025,2.879,2.96,2.928,2.581,2.339,2.276,2.246,2.863,2.884,2.254,1.963,2.483,2.257,2.984,2.918,2.369,2.327,3.017,3.125,2.62,2.451,2.751,2.774,2.466,2.367,1.862,1.63,1.965,1.995,2.207,2.597,2.392,2.363,2.402,2.334,2.79,2.718,2.36,2.431,2.619,2.55,2.272,2.173,2.877,2.976,2.501,2.63,4.027,4.113,2.835,2.613,1192.0,963.0,928.0,974.0,2458.0,2042.0,1789.0,1774.0,443.0,428.0,294.0,249.0,2888.0,2713.0,5003.0,5006.0,3281.0,3476.0,1977.0,2095.0,696.0,972.0,4895.0,4508.0,2368.0,2316.0,3873.0,3336.0,1968.0,2056.0,3344.0,3174.0,1515.0,1608.0,567.0,611.0,1320.0,1512.0,675.0,798.0,1585.0,1277.0,2234.0,2026.0,3714.0,3711.0,1382.0,913.0,4805.0,4852.0,4135.0,3743.0,750.0,1202.0,5760.0,5347.0,6656.0,6534.0,5010.0,5189.0,3422.0,3730.0,3524.0,3648.0,437.0,488.0,410.0,295.0
A00055373,2.669,2.627,2.851,2.406,2.76,2.685,2.137,2.062,3.697,3.89,2.73,2.527,2.882,2.951,2.485,2.614,2.924,2.922,3.258,3.309,2.294,2.31,2.373,2.394,2.981,2.873,2.258,2.302,2.646,2.348,3.072,3.027,2.555,2.704,2.932,3.061,3.03,2.707,2.874,2.805,2.636,2.83,1.831,1.832,2.162,2.094,2.621,2.807,2.732,2.793,2.513,2.527,2.879,2.946,2.414,2.476,2.989,2.886,2.356,2.334,3.144,3.009,2.716,2.752,4.022,3.937,2.719,2.57,1041.0,922.0,770.0,685.0,2648.0,2633.0,1988.0,1759.0,443.0,408.0,327.0,263.0,3125.0,3103.0,4642.0,5879.0,3072.0,3675.0,2444.0,2383.0,969.0,1023.0,6066.0,5821.0,2369.0,2604.0,3696.0,3324.0,1791.0,1872.0,3514.0,3641.0,1653.0,1648.0,590.0,694.0,1369.0,1624.0,703.0,1085.0,1803.0,1049.0,1514.0,1462.0,4413.0,4445.0,1341.0,1254.0,4811.0,5239.0,3272.0,3695.0,645.0,914.0,6746.0,6697.0,8519.0,8181.0,5196.0,5544.0,3861.0,4224.0,3767.0,3852.0,531.0,477.0,405.0,317.0
A00055446,2.822,2.88,3.136,3.178,3.106,3.247,2.352,2.429,3.567,3.671,3.447,3.538,3.134,3.01,2.907,3.029,3.149,3.299,3.325,3.308,2.279,2.721,2.526,2.628,3.061,2.964,2.266,2.22,2.77,2.876,3.175,3.012,2.484,2.921,2.908,3.499,3.135,3.177,3.269,3.321,2.816,2.831,1.79,1.996,2.471,2.498,2.857,2.811,2.89,2.924,2.822,2.883,3.111,3.473,2.71,2.741,3.271,3.238,2.722,2.605,3.356,3.162,3.061,3.067,3.326,4.23,2.829,2.746,947.0,840.0,503.0,713.0,2563.0,1957.0,1383.0,1260.0,516.0,355.0,257.0,251.0,2631.0,2873.0,3316.0,3976.0,2914.0,2737.0,1846.0,2275.0,660.0,778.0,4006.0,3792.0,2156.0,2225.0,2724.0,2765.0,1516.0,1540.0,2749.0,2412.0,1205.0,1235.0,607.0,730.0,1197.0,1267.0,566.0,685.0,1189.0,953.0,1475.0,1094.0,3392.0,3605.0,1075.0,997.0,4374.0,4490.0,2878.0,2984.0,554.0,520.0,5300.0,5091.0,6271.0,5435.0,3935.0,3831.0,3210.0,3289.0,3192.0,2927.0,468.0,409.0,349.0,282.0
A00055447,2.413,2.468,2.623,2.446,2.521,2.63,1.813,1.907,3.689,3.543,2.693,2.967,2.728,2.835,2.518,2.613,2.877,2.83,2.936,3.017,2.403,2.192,2.179,2.262,2.74,2.632,1.948,1.998,2.542,2.581,3.074,2.926,2.455,2.54,2.961,2.994,2.619,2.596,2.709,2.705,2.543,2.607,1.64,1.568,2.092,2.062,2.518,2.4,2.618,2.57,2.445,2.536,2.804,2.947,2.315,2.438,2.817,2.762,2.248,2.21,2.759,2.808,2.586,2.59,3.681,3.712,2.008,2.245,946.0,932.0,637.0,901.0,2481.0,1974.0,1866.0,1900.0,449.0,478.0,337.0,243.0,3247.0,2965.0,5154.0,5264.0,3743.0,3244.0,2313.0,2212.0,1070.0,947.0,5557.0,5581.0,2653.0,3010.0,3726.0,3182.0,1943.0,1921.0,3511.0,3408.0,1366.0,1470.0,694.0,645.0,1325.0,1354.0,828.0,862.0,1355.0,1107.0,1905.0,1724.0,4323.0,4099.0,1325.0,1329.0,5337.0,5192.0,3736.0,4071.0,777.0,899.0,5993.0,6412.0,7645.0,7071.0,5284.0,5812.0,3479.0,3767.0,3209.0,3309.0,525.0,530.0,446.0,330.0
A00055542,2.757,2.782,2.361,2.442,2.742,2.718,1.875,2.028,3.345,3.334,2.57,2.681,2.862,2.869,2.673,2.787,2.922,2.823,3.126,3.185,2.571,2.799,2.288,2.382,2.771,2.783,2.082,1.911,2.269,2.267,3.16,3.016,2.659,2.771,3.196,3.517,2.813,2.484,2.661,2.739,2.669,2.559,1.774,1.79,2.136,2.246,2.709,2.612,2.729,2.697,2.553,2.571,2.677,2.646,2.4,2.387,2.891,2.87,2.402,2.486,3.237,3.023,2.86,2.919,3.465,3.784,2.573,2.71,855.0,677.0,437.0,678.0,2185.0,1816.0,1593.0,1659.0,492.0,472.0,304.0,221.0,2421.0,2728.0,3299.0,3853.0,2758.0,2932.0,2082.0,1981.0,924.0,791.0,4343.0,4851.0,2448.0,2223.0,3009.0,3212.0,1656.0,1602.0,3032.0,2864.0,1148.0,1297.0,573.0,603.0,1211.0,1522.0,654.0,738.0,1462.0,1523.0,1835.0,1629.0,3378.0,3527.0,965.0,934.0,4522.0,4253.0,3535.0,3513.0,522.0,765.0,4939.0,4921.0,6467.0,6356.0,4260.0,4663.0,3402.0,3406.0,3170.0,3176.0,382.0,398.0,429.0,300.0
A00055624,2.899,2.99,2.964,2.403,2.899,2.854,2.015,2.059,2.993,3.502,3.332,2.95,2.943,3.055,2.986,3.01,3.078,3.116,3.052,3.603,2.643,2.667,2.246,2.443,2.961,2.915,2.076,2.181,2.68,2.954,3.151,3.274,2.87,2.785,2.931,2.941,2.947,2.796,3.091,3.003,2.875,2.74,1.668,1.613,2.386,2.457,2.781,2.9,2.824,2.858,2.703,2.688,3.194,3.269,2.493,2.707,3.105,3.102,2.451,2.586,3.269,3.198,3.001,2.963,3.359,3.749,2.784,2.82,782.0,963.0,919.0,681.0,2645.0,2944.0,2021.0,1883.0,478.0,510.0,326.0,261.0,3710.0,3207.0,5507.0,6647.0,3891.0,4217.0,2710.0,2138.0,1022.0,931.0,5441.0,5625.0,3089.0,2846.0,3304.0,3483.0,1816.0,1955.0,3869.0,3593.0,1501.0,1652.0,734.0,713.0,1268.0,1844.0,920.0,866.0,1334.0,1352.0,1847.0,1727.0,4578.0,4119.0,1348.0,1568.0,5166.0,5356.0,4248.0,5140.0,573.0,877.0,6950.0,6740.0,7571.0,7921.0,5946.0,6045.0,3600.0,3546.0,3984.0,3035.0,525.0,391.0,397.0,330.0
A00055692,2.216,2.074,2.292,2.76,2.512,2.445,1.777,1.839,3.136,3.333,2.656,2.311,2.659,2.643,2.382,2.258,2.868,2.808,2.699,2.707,2.371,2.379,2.112,2.091,2.578,2.536,1.813,1.911,2.308,2.401,2.848,2.755,2.306,2.528,2.484,2.694,2.268,2.608,2.561,2.589,2.264,2.409,1.638,1.626,1.917,1.781,2.53,2.482,2.502,2.537,2.242,2.347,2.798,2.267,2.116,2.206,2.512,2.589,2.098,2.044,2.604,2.66,2.422,2.267,3.686,3.578,2.349,2.104,902.0,755.0,494.0,688.0,1910.0,1785.0,1371.0,1577.0,587.0,504.0,282.0,244.0,3449.0,2874.0,4339.0,5496.0,3227.0,2847.0,2744.0,2584.0,836.0,832.0,5609.0,5641.0,2879.0,2817.0,3353.0,3253.0,1973.0,2094.0,3394.0,3093.0,1452.0,1665.0,671.0,636.0,1481.0,1431.0,694.0,769.0,1911.0,1564.0,1261.0,1425.0,4042.0,3915.0,1058.0,1115.0,4458.0,4664.0,3395.0,3425.0,553.0,926.0,6364.0,5487.0,8044.0,6627.0,5881.0,5032.0,3877.0,4303.0,3314.0,3210.0,545.0,588.0,449.0,334.0
A00055738,2.591,2.984,2.853,2.508,2.822,2.805,1.91,2.056,3.766,4.061,3.167,2.483,2.705,2.848,2.535,2.638,3.074,2.849,3.114,3.254,2.503,2.75,2.184,2.283,2.671,2.745,1.957,1.98,2.42,2.586,3.045,2.929,2.679,2.744,2.695,2.765,2.841,2.83,2.69,2.756,2.654,2.528,1.632,1.687,2.227,2.237,2.533,2.38,2.822,2.797,2.547,2.644,3.052,2.855,2.47,2.46,2.983,2.963,2.367,2.329,2.952,2.981,2.637,2.735,3.767,4.115,2.638,2.458,1110.0,815.0,490.0,599.0,1542.0,1378.0,1447.0,1479.0,327.0,268.0,280.0,240.0,2846.0,2908.0,4544.0,4473.0,2864.0,2791.0,2277.0,1976.0,775.0,718.0,4646.0,4448.0,2497.0,2563.0,2686.0,2767.0,1367.0,1713.0,3176.0,3145.0,1254.0,1215.0,636.0,600.0,1266.0,1209.0,631.0,884.0,1563.0,1012.0,1621.0,1447.0,3567.0,3387.0,989.0,963.0,4130.0,4690.0,3375.0,3229.0,509.0,624.0,4340.0,4104.0,6235.0,5398.0,4149.0,4052.0,3026.0,3126.0,3229.0,3330.0,436.0,475.0,335.0,250.0
A00055763,2.686,2.777,2.903,2.465,2.861,2.726,1.831,1.843,3.411,3.757,2.778,3.092,2.754,2.779,2.486,2.569,2.907,2.915,3.106,3.159,2.297,2.257,2.268,2.315,2.894,2.759,2.253,1.914,2.676,2.473,3.087,2.961,2.461,2.536,2.746,2.893,2.893,2.886,2.845,2.881,2.582,2.616,1.698,1.706,2.044,2.077,2.431,2.599,2.816,2.798,2.626,2.465,2.921,3.146,2.452,2.725,3.106,2.93,2.22,2.271,2.963,2.935,2.712,2.584,3.708,3.484,2.738,2.521,1069.0,1018.0,728.0,766.0,2364.0,2015.0,1544.0,1678.0,435.0,510.0,260.0,233.0,3523.0,3345.0,5492.0,6315.0,3766.0,3804.0,2233.0,2173.0,985.0,972.0,5833.0,5724.0,2678.0,2701.0,3439.0,2885.0,1978.0,1809.0,3820.0,3817.0,1537.0,1686.0,618.0,786.0,1224.0,1508.0,718.0,934.0,1486.0,1278.0,1847.0,1373.0,4280.0,4191.0,1226.0,1220.0,4885.0,5404.0,3846.0,4281.0,623.0,777.0,6137.0,5479.0,6823.0,6566.0,5616.0,6132.0,3882.0,4458.0,4488.0,3830.0,477.0,565.0,472.0,354.0
A00055806,2.49,2.449,2.968,2.454,2.844,2.789,1.87,1.868,3.665,4.005,2.762,2.563,2.812,2.918,2.493,2.467,2.861,2.888,3.159,3.087,2.404,3.043,2.3,2.325,2.66,2.729,1.945,1.955,2.589,2.728,2.831,2.9,2.678,2.63,2.473,2.889,2.633,2.808,2.885,2.814,2.605,2.776,1.599,1.764,2.2,2.184,2.819,2.529,2.86,2.901,2.488,2.518,3.109,3.015,2.485,2.445,2.941,2.863,2.293,2.327,2.863,2.907,2.652,2.635,3.779,3.843,2.42,2.24,1117.0,1059.0,796.0,614.0,2408.0,2608.0,1043.0,1080.0,401.0,432.0,306.0,258.0,3153.0,3035.0,4617.0,4951.0,3122.0,3220.0,2063.0,2112.0,733.0,576.0,3875.0,3563.0,2102.0,2019.0,2280.0,2236.0,1685.0,1659.0,3220.0,2955.0,1369.0,1322.0,602.0,715.0,1101.0,1175.0,545.0,661.0,1141.0,1061.0,946.0,957.0,3618.0,3721.0,871.0,1147.0,4342.0,4372.0,3078.0,3045.0,396.0,855.0,6073.0,5839.0,6177.0,6702.0,4144.0,3813.0,3447.0,3440.0,3776.0,3764.0,412.0,382.0,409.0,308.0
A00055832,2.866,3.167,3.274,3.071,3.024,3.092,2.121,2.028,3.602,3.506,3.52,3.336,3.147,3.143,2.859,2.913,3.291,3.007,3.507,3.615,2.633,2.967,2.237,2.351,3.13,3.121,1.992,1.964,2.985,3.024,3.416,3.423,2.978,2.912,3.179,3.011,3.313,3.298,3.284,3.519,3.048,3.032,1.806,1.742,2.432,2.448,3.182,3.155,3.028,2.921,2.899,2.917,3.818,3.479,2.902,2.954,3.285,3.221,2.573,2.714,3.027,3.37,3.064,3.072,3.476,3.712,3.217,3.025,1157.0,1249.0,744.0,524.0,2566.0,1936.0,1303.0,1235.0,379.0,385.0,319.0,280.0,3122.0,2920.0,4698.0,5033.0,3243.0,3150.0,2232.0,2011.0,1004.0,836.0,4004.0,3970.0,2663.0,2691.0,2190.0,2142.0,1954.0,1962.0,3646.0,3268.0,1052.0,1356.0,729.0,711.0,1221.0,1298.0,646.0,750.0,1503.0,1251.0,1236.0,986.0,4033.0,3644.0,1101.0,1204.0,4197.0,4762.0,3549.0,3741.0,549.0,913.0,6698.0,5772.0,6709.0,7144.0,5033.0,4868.0,3666.0,4288.0,4345.0,3793.0,396.0,437.0,495.0,287.0
A00055906,2.695,3.047,2.693,2.565,2.499,2.512,1.796,1.74,3.14,3.213,1.987,2.0,2.917,2.871,2.604,2.658,2.837,2.766,2.988,3.133,2.605,2.721,2.19,2.232,2.815,2.706,2.083,2.004,2.578,2.321,2.979,3.005,2.69,2.583,2.526,2.597,2.85,2.851,2.73,2.812,2.588,2.544,1.47,1.692,2.102,2.109,2.609,2.693,2.643,2.721,2.548,2.613,2.985,3.181,2.158,2.363,2.572,2.485,2.261,2.163,3.037,3.119,2.783,2.693,3.796,3.495,2.22,2.536,1304.0,1246.0,766.0,650.0,2452.0,2587.0,1353.0,1538.0,535.0,616.0,349.0,255.0,3699.0,3711.0,4084.0,6227.0,3749.0,3704.0,2862.0,2572.0,1087.0,1011.0,4692.0,5768.0,3062.0,3042.0,3320.0,3315.0,1984.0,2204.0,4202.0,3738.0,1456.0,1566.0,1013.0,816.0,1394.0,1767.0,835.0,861.0,1599.0,1520.0,1538.0,1145.0,3737.0,3753.0,1297.0,1286.0,5155.0,5238.0,4565.0,4654.0,708.0,1102.0,6894.0,6416.0,7953.0,7968.0,5718.0,6357.0,4085.0,4940.0,5198.0,3735.0,407.0,507.0,542.0,348.0
A00055962,2.318,2.517,3.227,2.752,2.517,2.534,1.855,1.707,3.319,3.346,2.631,3.493,2.77,2.65,2.497,2.503,2.657,2.836,2.994,2.875,2.472,2.533,2.097,2.086,2.782,2.463,2.067,2.139,2.257,2.392,2.736,2.607,2.555,2.56,2.8,2.9,2.542,2.579,2.711,2.845,2.319,2.315,1.902,1.777,2.127,2.055,2.444,2.286,2.535,2.622,2.277,2.344,2.726,2.844,2.312,2.396,2.813,2.713,2.168,2.151,2.798,2.765,2.611,2.501,3.878,3.884,2.006,2.206,894.0,785.0,408.0,624.0,1853.0,1491.0,1134.0,1264.0,471.0,411.0,271.0,207.0,2335.0,2486.0,3888.0,4469.0,2726.0,2750.0,1884.0,2152.0,887.0,879.0,3916.0,3657.0,2083.0,2326.0,3235.0,3045.0,1656.0,1515.0,2824.0,2662.0,1165.0,1163.0,600.0,590.0,985.0,1360.0,564.0,667.0,1188.0,1103.0,1572.0,1575.0,3097.0,3098.0,967.0,892.0,3750.0,3816.0,3075.0,2972.0,504.0,622.0,4892.0,4462.0,5924.0,5830.0,4106.0,4105.0,3045.0,3373.0,3013.0,2628.0,375.0,346.0,328.0,275.0
A00056097,2.605,2.66,2.683,2.45,2.886,2.585,1.861,1.837,3.605,3.301,2.765,2.928,2.875,2.688,2.54,2.567,2.752,2.759,2.948,2.879,2.293,2.266,2.173,2.218,2.654,2.605,2.031,1.852,2.574,2.613,2.78,2.908,2.495,2.418,2.787,2.838,2.626,2.709,2.709,2.72,2.453,2.678,1.313,1.416,2.095,1.945,2.463,2.56,2.398,2.5,2.541,2.523,2.773,3.112,2.335,2.558,2.903,2.827,2.323,2.368,2.852,2.908,2.877,2.63,3.258,3.202,2.39,2.161,1146.0,1000.0,517.0,599.0,1700.0,1948.0,1845.0,1687.0,561.0,465.0,341.0,278.0,3101.0,3276.0,4776.0,6253.0,3671.0,3624.0,2381.0,2240.0,928.0,934.0,5393.0,5660.0,2516.0,2629.0,3038.0,3334.0,1809.0,1757.0,4073.0,3660.0,1370.0,1408.0,659.0,690.0,1348.0,1809.0,796.0,868.0,1718.0,1476.0,1745.0,1446.0,4807.0,4618.0,951.0,1114.0,4931.0,5304.0,3931.0,3890.0,436.0,633.0,6318.0,5256.0,6837.0,5919.0,5055.0,5436.0,3494.0,4509.0,4440.0,3577.0,464.0,463.0,503.0,317.0
A00056098,2.204,2.341,2.485,2.304,2.504,2.393,1.734,1.705,2.992,3.231,2.335,2.363,2.696,2.672,2.254,2.301,2.766,2.787,2.911,2.954,2.174,2.314,2.044,2.088,2.544,2.41,2.077,1.999,2.327,2.275,2.777,2.814,2.141,2.2,2.326,2.481,2.445,2.54,2.699,2.64,2.407,2.321,1.508,1.459,1.929,1.931,2.583,2.434,2.388,2.231,2.16,2.353,2.686,2.781,2.174,2.314,2.593,2.578,2.095,2.111,2.825,2.857,2.362,2.228,3.483,4.124,2.389,1.987,968.0,725.0,694.0,632.0,2948.0,3084.0,1179.0,1522.0,473.0,404.0,279.0,232.0,2848.0,2737.0,4075.0,5601.0,3372.0,3388.0,2140.0,2542.0,976.0,844.0,4763.0,4667.0,2636.0,2513.0,3054.0,3098.0,2324.0,1812.0,3759.0,3398.0,1558.0,1765.0,567.0,501.0,1379.0,1563.0,711.0,707.0,1529.0,1341.0,1521.0,1445.0,4340.0,4565.0,1176.0,1281.0,5705.0,5341.0,3606.0,3565.0,603.0,685.0,7827.0,7537.0,7995.0,7819.0,5120.0,5157.0,3590.0,4269.0,3907.0,3365.0,511.0,460.0,423.0,359.0
A00056306,2.636,2.717,2.808,2.729,2.702,2.781,1.854,1.844,3.465,3.64,2.454,2.454,2.802,2.81,2.583,2.589,2.855,2.952,3.198,3.119,2.575,2.336,2.239,2.307,2.507,2.638,2.193,1.975,2.143,2.275,3.045,3.049,2.754,2.753,2.778,2.456,2.834,2.814,2.782,2.683,2.668,2.655,1.47,1.592,2.27,2.385,2.584,2.573,2.895,2.95,2.495,2.551,2.778,2.748,2.378,2.415,2.91,2.802,2.369,2.386,2.979,2.88,2.742,2.892,3.861,3.441,2.501,2.637,957.0,829.0,476.0,725.0,1803.0,1810.0,1147.0,1346.0,388.0,429.0,263.0,234.0,2575.0,2914.0,3771.0,4041.0,2962.0,2598.0,2292.0,2211.0,898.0,768.0,4585.0,4423.0,2472.0,2577.0,2772.0,2721.0,1770.0,1684.0,2865.0,2564.0,1203.0,1664.0,701.0,677.0,1199.0,1408.0,608.0,788.0,1579.0,1206.0,1350.0,1048.0,3358.0,3826.0,1138.0,1040.0,4150.0,3822.0,3386.0,3461.0,644.0,669.0,5315.0,6126.0,6459.0,5783.0,4457.0,4872.0,3270.0,3830.0,3419.0,3535.0,367.0,349.0,431.0,332.0
A00056372,2.231,2.292,2.537,3.205,2.6,2.593,1.778,1.926,3.686,3.687,3.118,2.605,2.72,2.74,2.392,2.438,2.607,2.651,2.915,2.888,2.315,2.62,2.032,2.106,2.611,2.752,2.003,2.062,2.284,2.64,2.727,2.79,2.396,2.456,3.137,3.194,2.537,2.45,2.871,2.835,2.469,2.353,1.541,1.5,2.184,2.105,2.525,2.428,2.544,2.633,2.254,2.29,3.51,3.106,2.455,2.488,2.924,2.814,2.115,2.166,2.606,2.589,2.521,2.615,3.811,3.97,2.221,2.219,797.0,597.0,389.0,483.0,1937.0,1721.0,1194.0,1220.0,360.0,413.0,264.0,228.0,2487.0,2482.0,3249.0,3482.0,3040.0,2827.0,2007.0,1984.0,971.0,736.0,3907.0,4041.0,2220.0,2099.0,2619.0,2298.0,1671.0,1650.0,2865.0,2571.0,1054.0,1176.0,484.0,634.0,1233.0,1293.0,663.0,679.0,1362.0,1013.0,1328.0,1164.0,3507.0,3227.0,964.0,804.0,3797.0,4138.0,2873.0,2676.0,327.0,568.0,4326.0,4176.0,5617.0,5476.0,4310.0,4232.0,2796.0,3139.0,3035.0,2820.0,461.0,455.0,362.0,285.0
A00056452,2.489,2.604,2.443,2.231,2.701,2.686,1.68,1.821,2.83,2.773,2.591,2.756,2.605,2.596,2.516,2.613,2.802,2.772,2.662,2.817,2.626,3.036,2.124,2.248,2.57,2.724,1.99,2.009,2.42,2.356,2.738,2.716,2.426,2.434,2.593,2.358,2.423,2.54,2.556,2.603,2.39,2.296,1.518,1.529,2.198,2.227,2.511,2.525,2.565,2.491,2.431,2.398,2.552,2.793,2.293,2.328,2.689,2.716,2.332,2.355,2.971,2.85,2.607,2.577,3.6,3.928,2.451,2.419,855.0,691.0,514.0,555.0,2302.0,2088.0,1353.0,1338.0,359.0,315.0,270.0,232.0,2564.0,2495.0,3854.0,5245.0,2446.0,2841.0,2029.0,1749.0,856.0,753.0,4048.0,3884.0,2277.0,1945.0,2957.0,2930.0,1535.0,1432.0,2718.0,2691.0,1228.0,1245.0,558.0,601.0,1154.0,1404.0,611.0,671.0,1194.0,1081.0,1477.0,1199.0,3520.0,3548.0,987.0,947.0,4294.0,4745.0,3364.0,3617.0,395.0,669.0,4985.0,4609.0,6139.0,6249.0,4875.0,4670.0,2892.0,3529.0,3919.0,2762.0,392.0,383.0,320.0,274.0
A00056453,2.784,2.764,3.063,3.21,2.994,2.951,1.979,2.175,3.537,3.504,3.231,2.998,3.086,2.916,2.645,2.635,3.092,2.969,3.26,3.408,2.631,2.952,2.185,2.274,2.925,3.181,2.028,2.108,2.7,2.719,3.076,3.137,2.556,2.642,2.651,2.582,3.099,2.963,2.691,3.148,2.85,2.844,1.657,1.693,2.052,2.063,2.786,2.818,2.718,2.738,2.494,2.421,3.4,3.169,2.593,2.482,3.053,2.993,2.254,2.231,3.176,3.112,2.755,2.642,3.909,4.301,2.746,2.833,950.0,826.0,517.0,670.0,2093.0,1777.0,1167.0,1180.0,437.0,358.0,290.0,194.0,2958.0,3101.0,4330.0,4504.0,2897.0,3213.0,1944.0,2083.0,918.0,835.0,4954.0,5064.0,2211.0,2142.0,3386.0,3151.0,1608.0,1633.0,2808.0,2909.0,1501.0,1492.0,768.0,689.0,1193.0,1371.0,561.0,861.0,1425.0,1197.0,1177.0,1016.0,3671.0,3670.0,992.0,1054.0,4628.0,4535.0,3487.0,3670.0,607.0,726.0,5588.0,5588.0,7070.0,6821.0,4330.0,4519.0,3461.0,3606.0,3295.0,3544.0,399.0,461.0,405.0,324.0
A00056627,2.552,2.716,2.974,2.754,2.73,2.831,1.942,1.934,3.493,4.029,2.783,3.32,2.778,2.833,2.529,2.66,2.904,2.793,3.3,3.241,2.591,2.148,2.339,2.48,2.86,2.959,2.11,1.98,2.475,2.428,2.973,2.997,2.639,2.566,2.657,3.071,2.703,2.767,2.544,2.7,2.401,2.59,1.502,1.525,2.293,2.249,2.719,2.662,2.712,2.836,2.465,2.487,2.957,3.113,2.414,2.457,2.889,2.873,2.382,2.351,3.161,2.912,2.828,2.821,2.964,3.482,2.535,2.545,1228.0,925.0,638.0,614.0,2632.0,2249.0,1826.0,1898.0,546.0,397.0,321.0,286.0,3138.0,3310.0,5352.0,5846.0,4262.0,3763.0,2590.0,2736.0,1283.0,981.0,5500.0,5217.0,3088.0,2669.0,3501.0,2902.0,2067.0,1925.0,3975.0,3212.0,1568.0,1526.0,579.0,727.0,1956.0,1831.0,777.0,1042.0,1809.0,1659.0,1505.0,1394.0,4769.0,4461.0,1179.0,1152.0,5720.0,4852.0,4344.0,4870.0,670.0,779.0,6535.0,6498.0,9312.0,8368.0,5694.0,5293.0,4009.0,4490.0,4279.0,3886.0,458.0,427.0,513.0,362.0
A00056628,2.836,2.737,2.653,2.409,2.934,2.834,1.977,1.945,3.887,3.703,3.495,2.693,2.985,2.885,2.81,2.789,2.86,2.901,3.306,3.345,2.438,2.42,2.143,2.288,2.907,3.029,2.151,2.014,2.578,2.559,3.13,3.192,2.762,2.614,2.562,2.732,2.849,3.038,3.218,2.919,2.637,2.634,1.734,1.609,2.274,2.271,2.626,2.698,2.647,2.764,2.671,2.64,2.869,3.416,2.639,2.704,3.16,3.114,2.446,2.515,3.197,3.227,2.93,2.85,3.747,3.908,2.637,2.542,1161.0,1322.0,687.0,872.0,2434.0,2769.0,1699.0,1855.0,358.0,317.0,293.0,260.0,3123.0,3501.0,4955.0,5529.0,3396.0,3465.0,2197.0,2138.0,1008.0,891.0,6052.0,5862.0,2778.0,2751.0,3958.0,3363.0,2269.0,1980.0,3737.0,3336.0,1404.0,1454.0,670.0,672.0,1291.0,1632.0,754.0,936.0,1463.0,1424.0,2332.0,1996.0,4031.0,4153.0,1395.0,1284.0,5372.0,5794.0,3811.0,3971.0,550.0,911.0,7526.0,7542.0,7722.0,7833.0,5054.0,5262.0,4182.0,4351.0,4452.0,3823.0,333.0,449.0,520.0,389.0
A00056703,2.742,2.716,2.785,2.711,3.008,2.903,1.908,1.894,3.378,3.268,2.743,2.905,2.98,2.913,2.624,2.764,3.078,2.993,3.261,3.274,2.405,2.42,2.305,2.358,3.01,3.089,2.102,1.94,2.691,2.843,3.245,3.193,2.65,2.849,2.778,2.645,2.956,2.996,2.858,2.838,2.663,2.735,1.492,1.517,2.237,2.248,2.61,2.775,2.88,2.847,2.594,2.658,2.671,2.964,2.643,2.667,3.132,3.047,2.506,2.383,3.121,2.927,2.786,2.733,3.858,3.822,2.394,2.399,1070.0,871.0,546.0,530.0,1992.0,1760.0,1476.0,1772.0,346.0,402.0,336.0,250.0,2897.0,2855.0,4277.0,4990.0,3340.0,3175.0,2423.0,2407.0,778.0,831.0,4859.0,5151.0,2374.0,2371.0,2788.0,3168.0,1611.0,1701.0,3156.0,3055.0,1289.0,1347.0,575.0,574.0,1274.0,1490.0,739.0,985.0,1616.0,1237.0,1298.0,1228.0,3755.0,3880.0,1134.0,1190.0,4074.0,4934.0,3521.0,3690.0,689.0,565.0,6126.0,5437.0,7298.0,6789.0,4837.0,5197.0,3376.0,3797.0,4294.0,3615.0,371.0,412.0,429.0,292.0
A00056830,2.902,3.025,3.029,2.788,2.484,2.473,2.094,2.076,3.423,2.812,2.868,2.88,2.943,3.009,2.454,2.522,2.714,2.704,3.472,3.424,2.724,2.768,2.173,2.257,3.029,2.981,2.299,2.183,2.938,3.325,3.068,2.951,2.799,2.857,3.123,3.293,2.847,2.862,2.781,3.079,2.792,2.95,1.97,1.712,2.137,2.157,2.455,2.95,2.656,2.64,2.771,2.817,3.771,3.393,2.54,2.607,2.845,2.83,2.324,2.234,2.944,2.991,2.542,2.7,3.191,3.293,2.506,2.783,1360.0,1085.0,542.0,627.0,2237.0,2109.0,1955.0,1775.0,439.0,448.0,237.0,235.0,2951.0,3108.0,5438.0,5834.0,3333.0,3420.0,1965.0,1983.0,915.0,935.0,4817.0,5501.0,2749.0,2741.0,4037.0,3578.0,1619.0,1608.0,4038.0,3543.0,1051.0,1342.0,636.0,804.0,1417.0,1851.0,613.0,810.0,1411.0,1508.0,2177.0,1902.0,4031.0,4292.0,1088.0,1225.0,4605.0,4763.0,4458.0,4100.0,516.0,670.0,6129.0,5616.0,5940.0,6054.0,5086.0,5977.0,3739.0,4142.0,4686.0,3563.0,457.0,379.0,443.0,366.0
A00056898,2.512,2.732,3.249,3.056,2.785,2.778,1.735,1.87,3.487,3.67,2.584,2.663,2.904,2.879,2.571,2.612,2.674,2.835,3.186,3.371,2.393,2.428,2.179,2.241,2.738,2.848,2.068,2.025,2.614,2.655,2.943,2.83,2.524,2.465,2.871,2.865,2.772,2.878,2.806,2.845,2.613,2.732,1.595,1.85,2.099,2.038,2.773,2.669,2.742,2.687,2.377,2.461,3.259,3.373,2.502,2.569,2.96,2.899,2.271,2.212,2.955,2.929,2.624,2.665,4.025,3.867,2.533,2.269,1123.0,894.0,629.0,814.0,2395.0,2188.0,1518.0,1690.0,462.0,374.0,322.0,272.0,3085.0,3267.0,4341.0,5070.0,3066.0,3275.0,2532.0,2295.0,978.0,1000.0,4652.0,4349.0,2918.0,2745.0,2949.0,3094.0,1860.0,1824.0,3621.0,3200.0,1543.0,1740.0,764.0,763.0,1336.0,1722.0,765.0,813.0,1767.0,1477.0,1695.0,1374.0,4052.0,4024.0,1341.0,1273.0,4843.0,4705.0,3963.0,4276.0,767.0,748.0,5849.0,6375.0,7502.0,7283.0,4463.0,4400.0,4389.0,4509.0,4361.0,3991.0,484.0,464.0,493.0,388.0
A00056949,2.38,2.474,2.675,2.9,2.669,2.747,1.736,1.883,3.751,3.83,2.924,3.161,2.77,2.832,2.422,2.505,2.805,2.762,3.227,3.152,2.257,2.361,2.191,2.124,2.88,2.761,2.217,2.011,2.554,2.331,2.714,2.849,2.594,2.543,2.813,2.975,2.768,2.773,2.903,2.888,2.618,2.603,1.561,1.696,2.158,2.12,2.726,2.557,2.55,2.696,2.445,2.499,2.701,2.907,2.35,2.443,2.88,2.81,2.262,2.256,2.755,2.83,2.619,2.528,4.242,3.434,2.329,2.2,1187.0,721.0,446.0,689.0,2576.0,2278.0,1517.0,1607.0,444.0,385.0,307.0,253.0,2549.0,2763.0,4213.0,5239.0,3685.0,3319.0,1966.0,1821.0,955.0,979.0,4716.0,3783.0,2326.0,2412.0,3322.0,3060.0,1839.0,1946.0,3681.0,3435.0,1195.0,1605.0,662.0,752.0,1127.0,1570.0,579.0,758.0,1186.0,1126.0,1577.0,1211.0,3803.0,3393.0,1020.0,1033.0,4484.0,4305.0,3345.0,3432.0,568.0,784.0,5825.0,5305.0,7007.0,7121.0,4930.0,4729.0,3638.0,3599.0,3892.0,3423.0,410.0,579.0,387.0,324.0
A00057005,2.65,2.776,2.968,2.624,2.804,2.938,2.169,2.1,3.071,3.254,2.485,3.052,2.757,2.87,2.712,2.759,2.836,3.008,2.995,3.04,2.452,2.292,2.316,2.284,3.0,2.672,2.177,1.964,2.685,2.578,3.172,3.303,2.782,2.6,2.985,3.061,2.712,2.592,3.022,3.046,2.747,2.723,1.565,1.758,2.106,2.061,2.599,2.834,2.582,2.693,2.574,2.631,2.781,3.249,2.576,2.737,3.076,3.027,2.407,2.377,3.026,2.935,2.679,2.611,3.721,3.974,2.392,2.389,959.0,905.0,536.0,620.0,2665.0,2013.0,2121.0,1970.0,458.0,462.0,306.0,221.0,3101.0,3211.0,4242.0,4967.0,3631.0,3223.0,2321.0,2153.0,1047.0,900.0,6667.0,6016.0,2162.0,2333.0,3814.0,3874.0,1568.0,1764.0,3463.0,3161.0,1199.0,1397.0,588.0,662.0,1484.0,1585.0,554.0,727.0,1494.0,1147.0,2094.0,2041.0,4325.0,4115.0,1079.0,1006.0,4784.0,4757.0,3705.0,4321.0,582.0,690.0,6111.0,4936.0,7193.0,6240.0,5379.0,4776.0,3600.0,4362.0,3607.0,3310.0,364.0,409.0,479.0,342.0
A00057035,2.459,2.824,2.671,2.796,2.971,2.95,1.75,1.688,3.335,3.155,2.758,3.139,2.638,2.726,2.518,2.55,2.739,2.861,2.95,3.21,2.392,2.4,2.073,2.127,2.831,2.764,1.814,1.813,2.587,2.437,2.933,2.951,2.657,2.616,2.681,3.044,2.755,3.026,3.007,2.802,2.5,2.664,1.464,1.584,2.141,2.283,2.607,2.615,2.729,2.816,2.4,2.478,3.004,2.725,2.418,2.584,2.951,2.999,2.306,2.34,2.994,3.062,2.892,2.756,4.072,4.252,2.537,2.252,1067.0,860.0,432.0,485.0,1707.0,1501.0,1292.0,1506.0,506.0,495.0,289.0,243.0,3610.0,3470.0,4889.0,5513.0,3521.0,3024.0,2435.0,2068.0,1075.0,891.0,5308.0,5109.0,2514.0,2674.0,3107.0,3035.0,1748.0,1923.0,3282.0,3272.0,1316.0,1440.0,606.0,674.0,1081.0,1130.0,685.0,858.0,1411.0,939.0,1261.0,1096.0,3925.0,4131.0,1043.0,1173.0,4189.0,4231.0,4312.0,4360.0,446.0,766.0,5852.0,5352.0,6388.0,5887.0,5421.0,5838.0,3298.0,3861.0,3810.0,3600.0,472.0,486.0,450.0,273.0
A00057182,2.522,2.768,2.846,3.144,2.74,2.729,1.756,1.916,3.581,3.303,2.852,3.199,2.864,2.716,2.61,2.542,2.679,2.877,2.865,3.231,2.411,2.536,2.304,2.312,2.838,2.884,2.008,1.88,2.622,2.703,2.938,2.834,2.654,2.574,2.79,2.567,2.715,2.805,2.541,2.795,2.612,2.621,1.549,1.361,2.185,2.295,2.481,2.66,2.901,2.812,2.561,2.386,3.471,3.046,2.434,2.551,2.98,3.004,2.384,2.386,2.927,2.885,2.763,2.698,3.652,3.276,2.7,2.762,918.0,767.0,557.0,637.0,1842.0,2183.0,1426.0,1594.0,316.0,402.0,350.0,275.0,3277.0,3608.0,5019.0,5076.0,3301.0,3062.0,2565.0,2260.0,1092.0,935.0,5504.0,5140.0,2367.0,2337.0,3170.0,2835.0,1434.0,1701.0,3416.0,3248.0,1486.0,1562.0,660.0,715.0,1230.0,1289.0,678.0,863.0,1646.0,1308.0,1525.0,1137.0,3863.0,4094.0,1229.0,1314.0,4771.0,5039.0,3875.0,4372.0,497.0,852.0,5429.0,5376.0,6727.0,6448.0,4931.0,5443.0,3293.0,3420.0,3719.0,3448.0,381.0,406.0,366.0,290.0
A00057183,2.546,2.285,2.576,2.237,2.492,2.541,1.929,1.903,3.204,3.69,2.759,2.449,2.73,2.795,2.592,2.59,2.901,2.817,2.937,2.933,2.267,2.166,2.224,2.23,2.72,2.708,2.035,1.946,2.548,2.527,3.078,2.882,2.683,2.595,2.82,2.768,2.542,2.626,2.668,2.788,2.621,2.42,1.564,1.641,2.31,2.306,2.342,2.613,2.692,2.742,2.566,2.528,2.739,3.052,2.283,2.304,2.815,2.79,2.409,2.341,2.864,2.769,2.569,2.758,3.107,3.713,2.403,2.852,910.0,874.0,653.0,687.0,2791.0,2431.0,1378.0,1502.0,515.0,487.0,304.0,295.0,3254.0,3086.0,4619.0,5137.0,3329.0,2979.0,2679.0,2832.0,957.0,1013.0,4211.0,4979.0,2616.0,2399.0,3010.0,2754.0,2061.0,1809.0,3541.0,3134.0,1310.0,1629.0,821.0,781.0,1436.0,1622.0,679.0,771.0,1442.0,1367.0,1519.0,1362.0,4432.0,4576.0,1056.0,1097.0,5652.0,5116.0,3696.0,3939.0,799.0,790.0,5715.0,6826.0,7138.0,8205.0,4957.0,5984.0,4036.0,4519.0,4948.0,4152.0,526.0,441.0,504.0,375.0
A00057203,2.673,3.123,2.763,2.639,2.951,2.682,1.75,1.908,3.582,3.466,3.069,3.294,2.827,2.886,2.702,2.688,3.06,3.035,3.143,3.378,2.235,2.742,2.213,2.23,2.82,2.756,2.103,2.039,2.554,2.719,3.096,3.007,2.387,2.572,2.744,2.491,3.096,2.899,2.937,2.866,2.785,2.696,1.506,1.664,2.145,2.133,2.678,2.85,2.663,2.726,2.756,2.644,3.208,2.955,2.559,2.717,3.071,3.005,2.27,2.324,3.004,3.007,2.789,2.746,3.81,3.831,2.744,2.57,1030.0,872.0,570.0,644.0,1939.0,1749.0,1312.0,1588.0,439.0,455.0,373.0,304.0,3130.0,2919.0,4338.0,4878.0,3437.0,3876.0,2485.0,2317.0,932.0,642.0,4179.0,4450.0,2575.0,2806.0,2819.0,2619.0,1872.0,2071.0,3349.0,3090.0,1749.0,1780.0,677.0,681.0,1339.0,1749.0,699.0,796.0,2304.0,1516.0,1468.0,1228.0,4308.0,4048.0,1232.0,1117.0,4983.0,4820.0,3768.0,3685.0,593.0,870.0,5808.0,6109.0,8224.0,7978.0,5825.0,6188.0,4288.0,4169.0,4317.0,4015.0,497.0,401.0,548.0,427.0
A00057235,2.491,2.802,2.644,2.679,2.787,2.66,1.738,1.877,3.026,3.165,2.637,3.053,2.887,2.94,2.595,2.633,2.755,2.892,3.279,2.995,2.874,2.543,2.208,2.247,2.732,2.725,2.007,1.906,2.3,2.48,3.039,3.14,2.46,2.727,2.815,2.658,2.708,2.714,2.78,2.71,2.714,2.485,1.324,1.448,2.23,2.226,2.638,2.624,2.488,2.616,2.527,2.497,2.809,2.913,2.469,2.465,2.912,2.845,2.317,2.294,3.044,3.071,2.706,2.741,3.297,3.648,2.313,2.37,958.0,744.0,654.0,541.0,2289.0,2195.0,1529.0,1715.0,351.0,363.0,269.0,285.0,3090.0,2958.0,4103.0,5171.0,2896.0,3444.0,2128.0,2371.0,872.0,801.0,4824.0,4724.0,2297.0,2392.0,3150.0,3031.0,1884.0,1907.0,3001.0,2952.0,1488.0,1675.0,634.0,707.0,1178.0,1454.0,581.0,635.0,1168.0,1212.0,1633.0,1485.0,4325.0,4161.0,1262.0,1026.0,4885.0,4911.0,3598.0,3764.0,477.0,881.0,4835.0,4907.0,6916.0,6809.0,5511.0,5573.0,3311.0,3684.0,4576.0,3770.0,501.0,360.0,397.0,321.0
A00057372,2.638,2.806,2.644,2.581,2.942,2.946,1.722,1.831,3.528,3.603,2.9,3.124,2.759,2.937,2.553,2.586,2.905,2.821,3.11,3.202,2.326,2.466,2.276,2.372,2.786,2.708,2.066,2.134,2.591,2.537,2.992,2.923,2.606,2.727,2.946,2.893,2.843,2.741,2.773,2.859,2.68,2.645,1.414,1.405,2.212,2.123,2.583,2.501,2.619,2.726,2.642,2.545,2.824,3.093,2.533,2.595,3.052,2.922,2.343,2.307,3.121,2.986,2.751,2.752,3.763,3.901,2.416,2.266,1216.0,1055.0,673.0,801.0,2379.0,2094.0,1841.0,1815.0,558.0,508.0,320.0,269.0,3568.0,3758.0,5843.0,7748.0,3938.0,4581.0,2522.0,2390.0,1269.0,1108.0,6205.0,6452.0,2974.0,3068.0,3401.0,3585.0,2001.0,2384.0,4467.0,4531.0,1316.0,1459.0,731.0,741.0,1351.0,2131.0,782.0,1012.0,1659.0,1559.0,1610.0,1542.0,4646.0,4423.0,1116.0,1345.0,5206.0,5528.0,4446.0,4880.0,633.0,926.0,7463.0,6580.0,7465.0,7743.0,6554.0,6404.0,3698.0,4315.0,4611.0,4202.0,515.0,502.0,475.0,345.0
A00057444,2.434,2.518,2.387,2.31,2.734,2.745,1.702,1.827,3.351,2.98,2.697,3.307,2.721,2.78,2.517,2.517,2.697,2.781,3.069,3.067,2.612,2.414,2.118,2.141,2.67,2.842,1.863,1.796,2.472,2.719,2.912,2.921,2.583,2.609,2.781,2.71,2.783,2.57,3.023,2.983,2.779,2.551,1.367,1.477,2.157,2.106,2.381,2.445,2.563,2.612,2.477,2.454,2.766,3.312,2.543,2.495,2.934,2.91,2.267,2.224,2.987,2.88,2.579,2.615,3.512,3.76,2.269,2.173,1056.0,949.0,682.0,512.0,2213.0,1569.0,1372.0,1405.0,376.0,461.0,304.0,233.0,3112.0,2884.0,4055.0,5234.0,3010.0,2911.0,2252.0,2359.0,865.0,1021.0,4038.0,4512.0,2529.0,2431.0,3519.0,3034.0,1815.0,1852.0,3205.0,3297.0,1322.0,1491.0,663.0,655.0,1271.0,1518.0,644.0,925.0,1791.0,1225.0,1661.0,1493.0,4091.0,3693.0,1121.0,1219.0,4175.0,4616.0,3482.0,3491.0,445.0,686.0,5768.0,4840.0,6297.0,6456.0,4538.0,4338.0,3594.0,4068.0,4375.0,3835.0,470.0,532.0,478.0,376.0
A00057445,2.418,2.408,2.858,2.67,2.525,2.455,1.866,1.783,3.379,3.517,3.146,2.949,2.767,2.735,2.216,2.337,2.782,2.684,2.91,2.994,2.254,2.082,1.982,2.055,2.644,2.807,1.956,1.888,2.326,2.255,2.566,2.694,2.286,2.348,2.912,3.056,2.462,2.357,3.031,2.839,2.594,2.274,1.415,1.463,1.997,1.776,2.131,2.397,2.419,2.509,2.117,2.185,2.735,2.771,2.38,2.438,2.669,2.596,1.992,2.013,2.813,2.555,2.539,2.317,3.608,3.791,2.128,2.192,889.0,689.0,493.0,485.0,2087.0,1957.0,1311.0,1398.0,354.0,401.0,245.0,235.0,2606.0,2367.0,3736.0,4742.0,2864.0,3129.0,2199.0,1769.0,1035.0,943.0,4600.0,4260.0,2272.0,2071.0,2948.0,2964.0,1520.0,1690.0,2764.0,2486.0,1320.0,1466.0,604.0,557.0,1247.0,1259.0,479.0,642.0,1244.0,1066.0,1619.0,1455.0,3877.0,3663.0,1208.0,1088.0,4398.0,4546.0,3287.0,3336.0,352.0,567.0,4589.0,4297.0,6591.0,6663.0,4665.0,4297.0,2998.0,3223.0,3124.0,3190.0,297.0,338.0,377.0,268.0
A00057786,2.737,2.767,2.669,2.604,2.73,2.543,2.129,2.075,3.533,3.398,2.66,3.053,2.829,2.638,2.522,2.521,2.821,2.773,2.979,3.134,2.495,2.582,2.237,2.233,2.707,2.8,2.098,2.051,2.68,2.572,2.916,2.886,2.421,2.429,2.407,2.582,2.611,2.77,2.891,2.614,2.584,2.472,1.775,1.746,2.214,2.185,2.675,2.747,2.726,2.735,2.65,2.477,3.091,2.672,2.395,2.542,2.907,2.83,2.236,2.276,2.858,2.841,2.559,2.679,3.335,3.504,2.54,2.685,959.0,980.0,397.0,498.0,2353.0,2319.0,1346.0,1584.0,352.0,360.0,299.0,253.0,2920.0,2961.0,4938.0,5489.0,3249.0,4098.0,2289.0,2247.0,1072.0,911.0,4435.0,4505.0,2720.0,2486.0,2970.0,2906.0,2031.0,1873.0,3657.0,3678.0,1401.0,1512.0,671.0,606.0,1324.0,1522.0,653.0,751.0,1322.0,1377.0,1493.0,1450.0,3656.0,3803.0,1016.0,1181.0,4616.0,4228.0,3554.0,4070.0,514.0,788.0,5217.0,5278.0,6970.0,7011.0,4958.0,5359.0,3358.0,3313.0,3682.0,3294.0,505.0,475.0,369.0,270.0
A00057808,2.427,2.398,2.899,2.61,2.649,2.579,1.744,1.806,3.711,3.613,3.411,2.311,2.892,2.902,2.561,2.487,2.987,2.784,3.385,3.32,2.685,2.857,2.209,2.187,2.842,2.818,2.078,2.027,2.552,2.713,2.827,2.838,2.502,2.474,3.206,3.131,2.747,2.791,2.681,2.897,2.808,2.592,1.587,1.59,1.961,1.876,2.757,2.807,2.615,2.712,2.465,2.458,2.937,3.1,2.406,2.387,2.854,2.763,2.244,2.21,2.859,2.865,2.66,2.725,3.506,3.781,2.315,2.428,964.0,884.0,538.0,605.0,1950.0,1746.0,1160.0,1232.0,430.0,309.0,327.0,288.0,2703.0,2796.0,3725.0,5070.0,2042.0,2613.0,1809.0,1804.0,831.0,726.0,4488.0,4332.0,2009.0,1998.0,3135.0,2659.0,1587.0,1757.0,2828.0,2463.0,1308.0,1381.0,582.0,613.0,1074.0,1364.0,577.0,683.0,1231.0,1026.0,1269.0,1188.0,3525.0,3389.0,1000.0,951.0,4172.0,4193.0,3003.0,3256.0,353.0,687.0,4505.0,4475.0,6368.0,6155.0,4389.0,4195.0,3155.0,3126.0,3582.0,2783.0,365.0,349.0,336.0,277.0
A00057809,2.956,2.914,2.556,2.506,2.747,2.68,1.954,2.107,2.255,2.234,2.988,3.623,2.891,2.915,2.751,2.716,2.855,2.928,3.321,3.222,2.405,2.632,2.413,2.544,2.668,2.601,2.325,1.977,2.682,2.739,3.032,3.249,2.561,2.627,2.64,2.753,2.943,2.993,2.911,2.961,2.858,2.706,1.57,1.651,2.123,2.282,2.708,2.614,2.583,2.65,2.613,2.658,3.337,3.193,2.715,2.684,2.866,2.877,2.267,2.311,3.104,3.272,2.81,2.593,2.942,2.769,2.834,2.663,1058.0,965.0,680.0,666.0,2252.0,2384.0,1357.0,1540.0,576.0,586.0,361.0,301.0,2958.0,3017.0,5166.0,5945.0,3493.0,3558.0,2202.0,2216.0,1182.0,1137.0,5167.0,5107.0,2977.0,3142.0,3104.0,3176.0,2056.0,2067.0,3512.0,3120.0,1608.0,1606.0,551.0,787.0,1154.0,1679.0,789.0,821.0,1302.0,1341.0,1247.0,1047.0,4641.0,4779.0,1494.0,1550.0,5470.0,5334.0,4542.0,4601.0,434.0,777.0,6427.0,6296.0,7018.0,7482.0,6590.0,6460.0,4205.0,3835.0,4572.0,4998.0,467.0,499.0,397.0,324.0
A00057862,2.486,2.826,2.755,2.828,2.774,2.841,2.107,2.147,3.764,4.221,3.186,2.939,2.947,3.029,2.706,2.762,2.775,2.899,3.205,3.255,2.762,2.696,2.294,2.262,2.744,2.896,2.089,2.054,2.714,2.972,3.092,3.201,2.864,2.816,3.084,3.071,2.966,2.888,3.264,3.318,2.798,2.652,1.544,1.581,2.233,2.209,2.794,2.813,2.757,2.819,2.594,2.659,3.18,3.365,2.669,2.603,3.014,3.124,2.44,2.485,2.891,2.91,2.867,2.819,3.848,3.64,2.721,2.6,959.0,801.0,568.0,870.0,2421.0,2002.0,1655.0,1830.0,297.0,306.0,302.0,249.0,3166.0,3088.0,5370.0,4948.0,3519.0,3666.0,2836.0,2589.0,986.0,1098.0,5693.0,5764.0,3092.0,2776.0,3601.0,3515.0,1948.0,2090.0,3785.0,3691.0,1619.0,1568.0,678.0,604.0,1653.0,1872.0,722.0,996.0,2207.0,1464.0,2007.0,1801.0,4184.0,4156.0,1399.0,1252.0,4626.0,4990.0,4399.0,4377.0,575.0,817.0,6853.0,6654.0,8041.0,7334.0,5432.0,5318.0,3851.0,4101.0,4019.0,4048.0,387.0,435.0,481.0,339.0
A00057965,2.596,2.529,2.631,2.356,2.751,2.726,1.797,2.003,3.518,3.444,2.789,2.922,2.741,2.918,2.487,2.58,2.718,2.821,3.127,3.079,2.835,2.448,2.253,2.296,2.74,2.689,1.964,2.068,2.723,2.409,2.875,2.767,2.603,2.572,2.723,2.834,2.613,2.668,2.763,2.614,2.516,2.496,1.693,1.76,2.141,2.071,2.497,2.702,2.641,2.758,2.541,2.424,2.616,2.881,2.375,2.446,2.908,2.82,2.281,2.292,2.995,2.872,2.693,2.584,3.232,3.46,2.412,2.25,917.0,902.0,540.0,907.0,2711.0,2493.0,1773.0,1757.0,436.0,427.0,301.0,247.0,2894.0,3256.0,4752.0,4702.0,3423.0,3610.0,2406.0,2586.0,770.0,982.0,5533.0,5366.0,2936.0,2652.0,4014.0,3461.0,1882.0,1995.0,3644.0,3841.0,1483.0,1670.0,627.0,693.0,1301.0,1956.0,876.0,986.0,1940.0,1698.0,1976.0,1813.0,4825.0,4650.0,1452.0,1093.0,5270.0,5531.0,4211.0,4592.0,642.0,841.0,7660.0,5518.0,7753.0,7079.0,5130.0,5849.0,3750.0,3578.0,3513.0,3803.0,497.0,505.0,405.0,341.0
A00057967,2.99,3.156,2.691,2.616,3.027,3.01,1.988,2.07,2.889,3.605,2.753,2.768,3.008,2.923,2.93,2.902,3.059,3.125,3.453,3.496,2.654,2.658,2.397,2.529,3.077,2.799,2.305,2.154,2.87,2.773,3.569,3.42,3.104,2.912,3.085,2.782,2.92,3.046,2.894,2.9,2.787,2.837,1.828,1.685,2.311,2.424,2.979,3.081,2.858,2.775,2.918,2.794,3.105,3.298,2.688,2.782,3.244,3.045,2.488,2.608,3.314,3.405,3.092,3.161,3.11,3.75,3.206,3.259,1210.0,1069.0,646.0,949.0,2597.0,2145.0,1349.0,1515.0,605.0,487.0,339.0,272.0,3687.0,4135.0,5803.0,7001.0,3644.0,3705.0,2811.0,2726.0,1315.0,1079.0,5718.0,5499.0,2917.0,3323.0,3308.0,3555.0,1849.0,2118.0,4104.0,3614.0,1562.0,1697.0,693.0,779.0,1819.0,1904.0,741.0,864.0,1954.0,1504.0,1426.0,1372.0,4979.0,4994.0,1259.0,1312.0,5021.0,5407.0,4880.0,5775.0,988.0,860.0,6997.0,6419.0,8312.0,7662.0,6196.0,6573.0,4073.0,4280.0,5528.0,4486.0,444.0,531.0,385.0,312.0
A00058130,2.387,2.652,2.601,2.579,2.39,2.37,1.659,1.77,2.411,3.131,1.138,1.111,2.616,2.59,2.331,2.201,2.523,2.68,2.467,2.552,2.075,2.253,1.895,2.018,2.564,2.696,1.934,1.821,2.451,2.587,2.707,2.77,2.253,2.38,2.757,2.362,2.544,2.498,2.182,2.342,1.967,2.361,1.557,1.487,1.891,1.819,2.589,2.424,2.208,2.395,2.275,2.195,2.361,2.91,1.908,2.031,2.281,2.365,1.927,2.115,2.621,2.451,2.407,2.441,3.746,4.013,2.009,1.935,920.0,738.0,374.0,556.0,1668.0,1413.0,1151.0,1370.0,373.0,443.0,178.0,145.0,2785.0,2696.0,4001.0,4327.0,2768.0,2656.0,2254.0,2430.0,874.0,735.0,3493.0,4454.0,2113.0,1964.0,2159.0,2406.0,1668.0,1692.0,2829.0,2522.0,1333.0,1440.0,533.0,543.0,940.0,1135.0,424.0,701.0,1122.0,1023.0,1316.0,818.0,3526.0,3918.0,729.0,886.0,4752.0,4647.0,3578.0,3873.0,571.0,504.0,2623.0,2659.0,5310.0,5134.0,4226.0,4714.0,3267.0,3223.0,3448.0,3631.0,345.0,417.0,429.0,325.0
A00058214,2.775,2.594,2.58,2.829,2.924,3.017,1.648,1.715,3.157,3.672,2.634,3.068,2.728,2.677,2.518,2.566,2.811,2.828,3.124,3.147,2.504,2.566,2.09,2.256,2.902,2.779,1.938,1.92,2.456,2.746,2.877,3.011,2.593,2.611,2.535,2.764,2.803,3.004,3.076,2.933,2.778,2.642,1.656,1.632,2.247,2.236,2.517,2.291,2.863,2.898,2.338,2.441,3.112,3.105,2.495,2.639,3.024,3.0,2.234,2.175,2.795,2.917,2.644,2.661,3.698,4.03,2.157,2.297,1126.0,881.0,417.0,672.0,2842.0,2350.0,1325.0,1577.0,529.0,359.0,371.0,324.0,3003.0,3587.0,4587.0,5351.0,3398.0,3754.0,2495.0,2056.0,1085.0,720.0,4858.0,5290.0,3078.0,3200.0,3340.0,3352.0,2007.0,1998.0,3652.0,3091.0,1489.0,1772.0,675.0,783.0,1195.0,1194.0,786.0,830.0,1370.0,1269.0,1551.0,1328.0,4440.0,4492.0,1094.0,1692.0,4599.0,5318.0,3998.0,3887.0,622.0,1078.0,6714.0,6556.0,7725.0,7692.0,5255.0,5334.0,3771.0,4202.0,4552.0,3862.0,461.0,409.0,524.0,329.0
A00058318,2.326,2.658,2.813,2.827,2.601,2.574,1.855,2.123,3.249,3.521,3.019,3.332,3.034,2.946,2.583,2.526,2.928,2.858,3.118,3.241,2.262,2.355,2.315,2.369,2.749,2.897,2.16,2.082,2.525,2.678,3.04,2.992,2.467,2.394,2.754,2.716,2.785,2.753,3.067,2.994,2.614,2.482,1.468,1.507,1.922,1.901,2.533,2.329,2.459,2.543,2.421,2.414,2.964,3.063,2.485,2.468,2.929,2.803,2.305,2.349,2.707,2.798,2.599,2.459,3.664,3.59,2.034,2.248,842.0,747.0,432.0,504.0,1717.0,1509.0,1333.0,1221.0,398.0,311.0,251.0,232.0,2584.0,2716.0,3121.0,4104.0,2592.0,3131.0,2099.0,1886.0,778.0,579.0,4247.0,4464.0,2350.0,2405.0,2675.0,2415.0,1497.0,1599.0,3067.0,2707.0,1032.0,1222.0,461.0,562.0,950.0,1336.0,612.0,691.0,1153.0,1171.0,1231.0,1103.0,3104.0,3023.0,721.0,1053.0,4131.0,3741.0,2969.0,3274.0,444.0,570.0,3930.0,4476.0,5670.0,5948.0,3539.0,3560.0,3315.0,3610.0,3340.0,2753.0,450.0,434.0,419.0,297.0
A00058503,2.576,2.65,2.855,2.529,2.525,2.766,1.581,1.868,3.173,3.498,2.642,2.619,2.728,2.5,2.343,2.369,2.577,2.8,3.096,3.028,2.014,2.111,1.999,2.147,2.792,2.624,1.873,1.745,2.206,2.219,2.737,2.732,2.4,2.589,2.417,2.159,2.53,2.661,2.852,2.688,2.411,2.497,1.435,1.291,2.097,2.065,2.414,2.276,2.539,2.581,2.366,2.324,2.619,2.63,2.287,2.387,2.816,2.718,2.225,2.194,2.775,2.69,2.601,2.54,3.491,4.135,2.198,2.375,980.0,910.0,553.0,513.0,2460.0,2153.0,1475.0,1670.0,412.0,368.0,235.0,287.0,2435.0,3149.0,4430.0,5001.0,3200.0,3276.0,2151.0,2168.0,1201.0,1110.0,5002.0,4370.0,2566.0,2388.0,3800.0,2981.0,1660.0,1768.0,3564.0,3106.0,1237.0,1817.0,591.0,657.0,1221.0,1341.0,620.0,764.0,1381.0,1101.0,1524.0,1191.0,4728.0,4302.0,1356.0,1275.0,5145.0,5687.0,4016.0,3679.0,488.0,817.0,5332.0,5292.0,7409.0,7794.0,5188.0,5808.0,3598.0,3734.0,4306.0,3853.0,435.0,459.0,423.0,315.0
A00058515,2.718,2.789,3.174,2.524,2.981,2.918,1.843,1.935,3.548,3.443,2.649,2.987,2.903,2.925,2.603,2.716,3.001,2.901,3.112,3.315,2.456,2.728,2.045,2.213,2.839,2.741,2.127,2.14,2.307,2.535,3.112,3.058,2.777,2.787,2.934,3.094,2.779,2.835,2.861,2.826,2.677,2.558,1.521,1.531,2.347,2.281,2.394,2.539,2.836,2.864,2.605,2.617,2.769,2.789,2.284,2.42,3.034,3.015,2.416,2.393,3.184,3.089,2.825,2.933,3.541,3.561,3.0,2.713,976.0,889.0,546.0,724.0,2158.0,1733.0,1634.0,1529.0,364.0,399.0,316.0,290.0,3302.0,3075.0,3799.0,4946.0,3230.0,3729.0,2641.0,2199.0,935.0,792.0,4838.0,5099.0,2514.0,2415.0,2853.0,2752.0,1605.0,1666.0,3342.0,3285.0,1107.0,1231.0,550.0,585.0,1247.0,1503.0,821.0,697.0,1561.0,1371.0,1817.0,1384.0,3752.0,3303.0,1086.0,1079.0,4482.0,4429.0,3234.0,3234.0,472.0,790.0,5065.0,4613.0,5931.0,6231.0,4550.0,4622.0,3453.0,3790.0,4218.0,3548.0,450.0,418.0,435.0,303.0
A00058552,2.72,2.737,2.769,2.84,2.757,2.717,2.16,1.87,3.582,3.724,2.903,3.394,2.848,2.8,2.608,2.56,2.843,2.872,3.07,2.895,2.32,2.761,2.22,2.325,2.786,2.795,2.093,1.952,2.378,2.571,2.882,2.913,2.61,2.697,2.63,2.68,2.623,2.865,2.879,2.671,2.435,2.727,1.622,1.683,2.267,2.244,2.637,2.531,2.784,2.847,2.627,2.606,3.005,2.718,2.436,2.549,2.827,2.744,2.372,2.366,3.001,3.03,2.808,2.745,3.563,3.685,2.74,2.402,1084.0,934.0,691.0,664.0,2339.0,1950.0,1730.0,1523.0,284.0,366.0,296.0,276.0,3041.0,3147.0,3806.0,4938.0,2859.0,3206.0,2220.0,2495.0,1031.0,800.0,5407.0,4426.0,2488.0,2231.0,2767.0,2971.0,1736.0,1667.0,2996.0,3027.0,1248.0,1446.0,583.0,596.0,1141.0,1306.0,631.0,748.0,1318.0,1038.0,1391.0,1483.0,3658.0,3545.0,1060.0,1132.0,4346.0,4539.0,3490.0,3446.0,685.0,957.0,5226.0,5638.0,6565.0,6830.0,4667.0,4339.0,3589.0,3890.0,2964.0,3059.0,378.0,389.0,427.0,284.0
A00058570,2.652,2.789,2.614,2.672,2.592,2.546,2.124,2.053,2.439,2.506,2.973,3.556,2.759,2.923,2.451,2.392,2.739,2.702,3.25,3.21,2.547,2.607,2.358,2.378,2.774,2.862,2.145,2.318,2.804,2.74,2.858,2.642,2.598,2.678,3.076,3.382,2.657,2.704,2.56,2.784,2.597,2.417,1.808,1.831,2.096,2.109,2.711,2.622,2.405,2.524,2.541,2.642,3.135,2.911,2.507,2.487,2.826,2.742,2.272,2.243,2.93,2.713,2.644,2.551,2.854,2.674,2.811,2.626,1429.0,947.0,710.0,694.0,2532.0,2669.0,1915.0,1974.0,461.0,374.0,246.0,248.0,3154.0,2823.0,4962.0,4897.0,4101.0,3722.0,2672.0,2686.0,1287.0,998.0,5843.0,6837.0,2681.0,2985.0,3587.0,3174.0,1591.0,1814.0,4155.0,3819.0,1617.0,1694.0,581.0,525.0,1496.0,2046.0,877.0,893.0,1587.0,1818.0,1780.0,1713.0,4547.0,4206.0,1229.0,1312.0,6029.0,5907.0,4245.0,4692.0,540.0,685.0,7781.0,7173.0,7552.0,8492.0,5395.0,5583.0,4095.0,4666.0,4394.0,4390.0,366.0,440.0,491.0,332.0
A00058621,2.439,2.519,2.89,2.986,2.831,2.824,1.829,1.884,3.279,3.089,2.572,2.76,2.807,2.668,2.539,2.614,2.762,2.751,2.977,2.954,2.698,2.726,2.085,2.194,2.828,2.855,2.07,1.955,2.357,2.522,2.915,2.812,2.488,2.648,2.762,2.938,2.663,2.66,2.896,2.777,2.548,2.743,1.523,1.401,2.124,2.133,2.63,2.815,2.579,2.828,2.485,2.516,3.199,2.966,2.375,2.645,2.944,2.936,2.351,2.424,2.969,2.89,2.64,2.707,3.967,3.645,2.402,2.503,819.0,793.0,620.0,599.0,1997.0,1904.0,1237.0,1489.0,490.0,454.0,306.0,260.0,2984.0,3373.0,3753.0,4817.0,2908.0,3169.0,1921.0,2206.0,849.0,815.0,5313.0,4947.0,2231.0,2233.0,3388.0,2953.0,1893.0,1706.0,3110.0,2740.0,1347.0,1378.0,590.0,524.0,1253.0,1302.0,637.0,805.0,1509.0,1089.0,1484.0,1173.0,3770.0,3474.0,1089.0,1020.0,4199.0,4347.0,3329.0,3296.0,436.0,836.0,5080.0,4795.0,6668.0,6180.0,4680.0,5099.0,3035.0,3292.0,3330.0,2971.0,473.0,460.0,370.0,270.0
A00058644,2.329,2.342,2.75,2.493,2.351,2.354,1.546,1.642,3.571,3.399,3.011,2.569,2.65,2.612,2.21,2.25,2.556,2.53,2.679,2.719,2.074,2.106,2.056,2.0,2.529,2.597,1.783,1.695,2.373,2.313,2.677,2.501,2.274,2.242,2.944,2.931,2.322,2.336,2.498,2.524,2.11,2.142,1.439,1.331,2.005,1.95,2.317,2.049,2.28,2.403,2.205,2.15,2.658,2.756,2.124,2.185,2.486,2.467,2.047,2.043,2.494,2.542,2.34,2.306,3.759,3.346,2.037,2.051,723.0,722.0,569.0,619.0,2469.0,2182.0,1436.0,1439.0,457.0,405.0,300.0,276.0,2707.0,2687.0,3526.0,3955.0,2659.0,2691.0,2293.0,2290.0,1003.0,865.0,5011.0,4775.0,2334.0,2268.0,2569.0,2847.0,1632.0,1842.0,3105.0,2724.0,1172.0,1399.0,624.0,649.0,1401.0,1457.0,638.0,776.0,1553.0,1277.0,1196.0,1184.0,3900.0,4130.0,1193.0,1259.0,4478.0,4405.0,3190.0,3582.0,536.0,576.0,5083.0,5079.0,7572.0,6992.0,4270.0,4297.0,3679.0,3597.0,2873.0,3188.0,482.0,457.0,476.0,373.0
A00058667,2.673,2.911,2.837,2.679,2.862,2.913,1.908,1.94,3.349,4.069,2.879,2.793,2.836,2.744,2.647,2.729,3.01,3.051,3.143,3.266,2.707,2.322,2.272,2.301,2.908,2.932,2.068,1.985,2.482,2.659,3.169,3.103,2.7,2.86,2.953,2.81,2.933,2.852,2.974,2.998,2.718,2.743,1.725,1.38,2.319,2.325,2.816,2.841,2.864,2.878,2.646,2.488,3.011,3.173,2.548,2.595,3.089,2.982,2.387,2.353,3.153,3.112,2.814,2.696,3.526,3.62,2.753,2.792,929.0,804.0,469.0,624.0,1685.0,1508.0,1304.0,1262.0,403.0,284.0,309.0,274.0,2652.0,2753.0,3698.0,4779.0,2868.0,2965.0,1908.0,1970.0,663.0,692.0,4342.0,4427.0,2146.0,2148.0,2508.0,2721.0,1636.0,1839.0,3090.0,2927.0,1160.0,1193.0,546.0,632.0,1143.0,1579.0,670.0,706.0,1484.0,1204.0,1279.0,1216.0,3468.0,3282.0,861.0,874.0,4261.0,4251.0,2916.0,3322.0,438.0,692.0,4810.0,4953.0,6096.0,5918.0,4285.0,4578.0,3039.0,3283.0,3392.0,2994.0,407.0,448.0,367.0,251.0
A00058685,2.623,2.853,2.144,2.721,2.795,2.922,1.97,2.092,3.597,3.218,2.721,2.729,2.892,2.991,2.643,2.625,3.067,2.979,3.146,2.99,2.591,2.622,2.287,2.331,2.645,2.67,2.153,2.094,2.581,2.583,3.193,3.24,2.618,2.703,2.823,2.696,2.79,2.797,2.734,2.979,2.694,2.784,1.654,1.793,2.076,2.213,2.654,2.821,2.777,2.771,2.591,2.47,3.14,2.795,2.575,2.566,3.03,3.118,2.36,2.301,3.098,3.12,2.725,2.741,3.777,4.082,2.468,2.606,1251.0,1133.0,361.0,944.0,2182.0,1867.0,1759.0,1963.0,484.0,448.0,323.0,301.0,3241.0,3413.0,4638.0,5738.0,3337.0,3282.0,2224.0,2708.0,1029.0,941.0,5413.0,5172.0,2744.0,2875.0,4139.0,3489.0,2084.0,2005.0,3451.0,3217.0,1327.0,1501.0,762.0,746.0,1555.0,1334.0,671.0,995.0,1629.0,1336.0,2199.0,1765.0,3870.0,3758.0,1266.0,1072.0,4391.0,5023.0,3877.0,4170.0,749.0,862.0,6746.0,6247.0,8235.0,6243.0,5464.0,5215.0,3387.0,4222.0,4638.0,3853.0,470.0,516.0,402.0,313.0
A00058951,3.181,3.368,2.943,2.648,2.802,2.722,2.076,2.363,3.462,3.483,3.589,3.644,3.053,2.973,2.859,2.95,3.069,2.975,3.325,3.507,2.56,2.832,2.351,2.582,3.264,3.083,2.354,2.267,3.207,3.127,3.409,3.43,3.005,3.019,3.175,3.491,2.861,3.004,3.554,3.536,3.05,3.213,1.945,2.12,2.437,2.355,2.811,2.866,2.788,2.858,2.9,2.84,3.209,3.547,2.942,3.011,3.168,3.113,2.504,2.652,3.592,3.374,3.12,2.959,3.495,3.661,3.018,3.055,1165.0,1053.0,745.0,570.0,2339.0,1840.0,1227.0,1293.0,440.0,479.0,278.0,229.0,3714.0,3282.0,4628.0,6043.0,3202.0,3849.0,2487.0,2244.0,1309.0,952.0,4696.0,4708.0,2532.0,2818.0,3228.0,2864.0,1449.0,1937.0,3294.0,3563.0,1391.0,1397.0,569.0,626.0,1255.0,1287.0,671.0,934.0,1673.0,1086.0,1317.0,1223.0,4235.0,4117.0,1438.0,1401.0,5101.0,5417.0,4201.0,4728.0,401.0,742.0,7072.0,5782.0,7605.0,6533.0,5826.0,6140.0,3919.0,4345.0,4187.0,3560.0,434.0,397.0,430.0,334.0
A00058952,2.635,2.715,2.667,2.458,2.89,2.799,1.843,1.946,3.324,3.717,2.719,3.725,2.866,2.767,2.532,2.67,2.968,2.938,3.186,3.35,2.358,2.297,2.313,2.553,2.735,2.627,2.301,2.237,2.475,2.197,2.991,2.943,2.532,2.591,2.705,3.418,2.978,2.823,2.951,2.766,2.593,2.624,1.538,1.531,2.11,1.999,2.43,2.407,2.65,2.783,2.472,2.527,2.922,2.872,2.449,2.482,3.031,2.972,2.28,2.241,3.227,3.114,2.613,2.658,3.561,3.776,2.667,2.444,993.0,905.0,670.0,633.0,1606.0,1767.0,1319.0,1357.0,488.0,378.0,256.0,278.0,2796.0,2500.0,4462.0,4232.0,3193.0,2770.0,2165.0,2085.0,822.0,575.0,3745.0,3447.0,2456.0,2629.0,3013.0,2575.0,1699.0,1723.0,3054.0,2746.0,1326.0,1278.0,600.0,608.0,1369.0,1445.0,756.0,826.0,1917.0,1395.0,1375.0,1035.0,3182.0,3041.0,1005.0,1023.0,3514.0,3796.0,3639.0,3682.0,536.0,794.0,5798.0,5512.0,6777.0,6355.0,4800.0,4716.0,3277.0,3751.0,4017.0,3586.0,407.0,487.0,408.0,282.0
A00058999,2.704,2.825,2.756,2.481,2.755,2.651,1.902,1.911,3.178,2.903,3.158,3.204,2.944,2.929,2.742,2.873,2.743,2.979,3.234,3.255,2.59,2.455,2.345,2.456,2.92,2.976,2.066,2.062,2.569,2.979,3.115,3.096,2.422,2.612,3.319,3.376,2.911,2.842,3.166,2.902,2.808,2.892,1.581,1.523,2.171,2.037,2.729,2.664,2.599,2.707,2.589,2.665,2.996,3.349,2.597,2.591,3.093,2.98,2.488,2.441,3.179,3.196,2.834,2.794,3.199,3.236,2.693,2.799,1001.0,746.0,369.0,542.0,1950.0,1639.0,1324.0,1507.0,461.0,342.0,299.0,223.0,2785.0,2603.0,3433.0,3757.0,2693.0,2581.0,1933.0,1977.0,1002.0,788.0,5265.0,4671.0,2109.0,2062.0,3521.0,3203.0,1606.0,1514.0,2882.0,2687.0,1248.0,1352.0,507.0,531.0,1014.0,1242.0,548.0,804.0,1240.0,1042.0,1591.0,1363.0,3211.0,2942.0,863.0,859.0,4146.0,4366.0,2910.0,3052.0,438.0,599.0,4753.0,4774.0,6011.0,5934.0,4157.0,4027.0,3139.0,3145.0,2657.0,2797.0,397.0,451.0,335.0,258.0
A00059074,2.578,2.373,2.814,2.611,2.652,2.601,1.681,1.673,3.661,3.915,2.63,2.709,2.708,2.829,2.637,2.691,2.883,2.819,3.117,3.121,2.915,2.552,2.156,2.324,2.74,2.57,2.065,1.881,2.425,2.414,2.885,2.67,2.583,2.589,2.854,2.462,2.642,2.754,2.603,2.512,2.428,2.628,1.443,1.34,2.249,2.215,2.658,2.829,2.573,2.53,2.506,2.597,2.927,2.888,2.291,2.395,2.918,2.719,2.493,2.413,2.833,2.905,2.673,2.669,3.264,3.667,2.278,1.914,809.0,657.0,548.0,624.0,1846.0,1937.0,1435.0,1356.0,295.0,331.0,361.0,262.0,2536.0,2672.0,3436.0,4354.0,2928.0,2942.0,2236.0,2210.0,604.0,735.0,4360.0,4185.0,2262.0,2025.0,2935.0,2518.0,1560.0,1705.0,2977.0,2876.0,1467.0,1454.0,681.0,748.0,1345.0,1609.0,754.0,878.0,1616.0,1517.0,1296.0,1064.0,3526.0,3450.0,1092.0,987.0,4595.0,4489.0,2950.0,3159.0,463.0,710.0,4845.0,5714.0,6755.0,6861.0,4528.0,4600.0,3317.0,3777.0,3475.0,3557.0,404.0,413.0,428.0,336.0
A00059107,2.536,2.83,2.572,2.314,2.521,2.612,1.859,1.966,3.309,3.209,3.092,3.053,2.908,2.705,2.566,2.634,2.832,2.895,3.138,3.03,2.287,2.17,2.112,2.28,2.846,2.948,2.047,1.833,2.268,2.698,2.898,2.888,2.505,2.537,2.915,2.871,2.628,2.82,2.583,2.952,2.46,2.581,1.713,1.459,2.029,2.16,2.356,2.562,2.592,2.52,2.406,2.451,2.705,2.891,2.435,2.453,2.729,2.758,2.208,2.167,2.924,2.929,2.605,2.578,3.952,4.065,2.548,2.411,775.0,906.0,706.0,636.0,2473.0,2060.0,1386.0,1392.0,458.0,441.0,294.0,268.0,2668.0,2907.0,3250.0,4619.0,3022.0,2911.0,1917.0,1984.0,956.0,857.0,4403.0,4879.0,2344.0,2068.0,3117.0,3157.0,1902.0,1645.0,3203.0,2859.0,1334.0,1307.0,542.0,607.0,1365.0,1661.0,684.0,670.0,1593.0,1258.0,1503.0,1641.0,3563.0,3275.0,1137.0,1105.0,4478.0,4755.0,3088.0,3338.0,642.0,777.0,5084.0,4398.0,6250.0,6326.0,4488.0,5261.0,3551.0,4027.0,3736.0,2896.0,463.0,382.0,403.0,287.0
A00059326,2.763,2.948,3.068,3.068,3.013,2.878,2.002,2.092,3.284,3.665,3.07,2.932,2.91,2.978,2.717,2.788,2.999,2.786,3.315,3.254,2.689,2.457,2.234,2.374,3.068,3.086,2.192,2.216,3.002,3.102,3.098,3.128,2.933,2.797,2.757,2.568,2.883,2.988,3.271,3.26,2.761,2.847,1.691,1.596,2.214,2.189,2.705,3.086,2.689,2.694,2.707,2.661,3.56,3.325,2.821,2.883,3.215,3.16,2.471,2.384,3.062,2.882,2.741,2.739,3.337,3.196,2.383,2.591,1170.0,922.0,638.0,1029.0,2806.0,2817.0,1706.0,2038.0,380.0,375.0,322.0,272.0,3783.0,3949.0,6289.0,5757.0,3930.0,3919.0,2699.0,2775.0,1150.0,1112.0,6486.0,6621.0,3080.0,3146.0,3793.0,3751.0,2155.0,2182.0,4163.0,3815.0,1770.0,1871.0,885.0,877.0,1349.0,1507.0,831.0,1050.0,1715.0,1645.0,2119.0,1820.0,4776.0,5404.0,1524.0,1230.0,5383.0,5772.0,5172.0,5243.0,710.0,854.0,7166.0,7421.0,8946.0,8196.0,6403.0,7252.0,4162.0,4511.0,5820.0,5087.0,424.0,541.0,516.0,355.0
A00059327,3.201,2.881,3.063,2.777,2.677,2.793,2.375,2.207,3.011,2.547,2.589,3.23,2.729,2.984,2.9,2.966,2.955,2.914,3.128,3.348,2.58,2.739,2.304,2.553,2.854,3.0,2.123,2.041,2.591,2.597,3.294,3.147,2.779,2.695,2.679,3.086,2.867,2.798,2.974,2.821,2.831,2.905,1.675,1.657,2.185,2.194,2.763,2.729,2.664,2.67,2.72,2.798,3.002,3.254,2.671,2.905,3.12,3.034,2.703,2.58,3.016,2.995,2.926,3.088,3.733,3.649,2.634,2.372,788.0,656.0,511.0,754.0,2254.0,1980.0,1878.0,1700.0,440.0,424.0,347.0,257.0,3084.0,3103.0,3148.0,4230.0,2911.0,2671.0,2528.0,2439.0,1045.0,832.0,5406.0,5525.0,2484.0,2461.0,3074.0,3382.0,1417.0,1859.0,3324.0,2835.0,1351.0,1473.0,592.0,730.0,1299.0,1692.0,667.0,881.0,1707.0,1360.0,1522.0,1663.0,3842.0,3671.0,1230.0,1361.0,5038.0,4874.0,3607.0,3844.0,651.0,777.0,5826.0,5137.0,6687.0,6314.0,5741.0,5149.0,3538.0,4055.0,4573.0,3528.0,333.0,356.0,531.0,383.0
A00059346,2.784,2.795,2.799,2.448,2.74,2.629,1.969,2.113,3.377,3.596,2.762,2.965,2.954,3.05,2.559,2.684,2.9,3.14,3.04,3.164,2.369,2.29,2.321,2.376,2.809,2.768,2.194,2.234,2.578,2.715,3.066,3.125,2.487,2.552,2.918,3.434,2.824,2.879,2.938,3.01,2.549,2.438,1.806,1.854,2.144,2.217,2.653,2.543,2.821,2.814,2.47,2.441,2.971,3.056,2.446,2.575,2.957,2.869,2.232,2.305,2.958,3.029,2.649,2.686,4.172,4.534,2.52,2.547,936.0,914.0,613.0,575.0,1864.0,1498.0,1157.0,1145.0,554.0,447.0,278.0,226.0,2365.0,2360.0,4073.0,4489.0,3036.0,3004.0,2136.0,1981.0,807.0,737.0,3983.0,4071.0,2272.0,2354.0,3029.0,3262.0,1502.0,1743.0,3003.0,2822.0,1152.0,1248.0,594.0,603.0,1098.0,1144.0,580.0,803.0,1279.0,1076.0,1454.0,1483.0,3624.0,3344.0,867.0,1008.0,4068.0,4361.0,2926.0,2979.0,415.0,649.0,4610.0,4763.0,5917.0,5698.0,4628.0,4389.0,3011.0,3214.0,3222.0,3389.0,544.0,416.0,323.0,244.0
A00059361,2.649,2.875,2.586,2.616,2.642,2.715,1.891,2.223,3.433,3.092,2.706,3.02,2.873,2.952,2.493,2.465,2.779,2.873,3.218,3.115,2.117,2.118,2.28,2.408,2.829,2.865,2.153,2.028,2.649,2.56,3.091,3.02,2.345,2.382,2.783,2.944,2.763,2.826,2.665,2.775,2.546,2.605,1.726,1.515,2.15,2.195,2.554,2.428,2.61,2.52,2.409,2.374,3.074,3.259,2.423,2.652,2.684,2.796,2.224,2.371,3.008,2.99,2.602,2.672,3.843,4.208,2.74,2.615,1317.0,945.0,584.0,626.0,1726.0,2169.0,1295.0,1565.0,553.0,451.0,334.0,276.0,3240.0,2890.0,4177.0,4745.0,3199.0,3008.0,2405.0,2839.0,1063.0,1084.0,4798.0,5057.0,2735.0,2348.0,2977.0,2733.0,2091.0,1927.0,3471.0,2920.0,1382.0,1635.0,727.0,681.0,1311.0,1304.0,661.0,742.0,1549.0,1214.0,1300.0,1068.0,4402.0,4259.0,1044.0,1278.0,5325.0,5294.0,3963.0,4211.0,622.0,703.0,5110.0,5165.0,8603.0,7289.0,5469.0,5008.0,3404.0,3907.0,4470.0,3315.0,497.0,420.0,420.0,301.0
A00059428,2.576,2.632,2.566,2.752,2.695,2.878,1.779,1.824,3.684,4.138,2.6,2.873,2.942,2.96,2.421,2.487,2.844,2.969,2.998,3.232,2.625,2.612,2.143,2.3,2.828,2.887,2.071,2.054,2.455,2.529,3.063,2.983,2.671,2.59,2.359,2.563,2.903,2.727,2.741,2.741,2.669,2.48,1.686,1.775,2.037,1.915,2.588,2.675,2.699,2.903,2.385,2.319,3.119,2.834,2.379,2.463,2.961,2.949,2.189,2.061,3.03,2.973,2.522,2.568,3.702,4.124,2.545,2.497,807.0,796.0,364.0,622.0,2000.0,1788.0,1287.0,1265.0,328.0,249.0,300.0,214.0,2349.0,2560.0,3367.0,4206.0,2638.0,2578.0,2084.0,1965.0,722.0,673.0,4678.0,4778.0,2073.0,1933.0,2962.0,2934.0,1755.0,1644.0,3241.0,2705.0,1281.0,1353.0,552.0,582.0,993.0,1176.0,545.0,644.0,1175.0,951.0,1456.0,1224.0,3687.0,3226.0,1082.0,1025.0,3961.0,4199.0,3028.0,3185.0,567.0,752.0,5378.0,4708.0,6271.0,6035.0,4292.0,4747.0,3412.0,3548.0,3023.0,2800.0,402.0,441.0,422.0,268.0
A00059527,2.88,2.911,2.648,2.692,2.876,2.901,2.063,2.146,3.159,3.96,2.95,3.018,2.894,2.876,2.68,2.888,2.897,2.844,2.921,3.121,2.372,2.455,2.323,2.497,2.651,2.753,2.223,2.159,2.419,2.381,3.065,3.05,2.649,2.717,2.812,2.982,2.744,2.739,2.822,3.048,2.545,2.519,1.733,1.849,2.348,2.407,2.405,2.598,2.675,2.793,2.556,2.624,2.802,3.03,2.437,2.546,2.903,2.87,2.525,2.505,2.776,2.892,2.823,2.787,3.331,3.497,2.413,2.556,963.0,754.0,502.0,606.0,2206.0,1983.0,1288.0,1442.0,410.0,337.0,336.0,253.0,2546.0,2776.0,3535.0,3646.0,2949.0,3041.0,2096.0,1998.0,924.0,828.0,4415.0,4333.0,2527.0,2415.0,3114.0,3091.0,1728.0,1632.0,2907.0,2621.0,1101.0,1419.0,588.0,596.0,1246.0,1332.0,662.0,845.0,1685.0,1198.0,1394.0,1289.0,3776.0,3882.0,1084.0,1013.0,4594.0,4670.0,3304.0,3439.0,632.0,515.0,6092.0,5337.0,7663.0,7043.0,4712.0,4553.0,3268.0,3452.0,3005.0,2857.0,376.0,399.0,449.0,310.0
A00059663,2.487,2.484,2.452,2.693,2.434,2.596,1.899,1.873,3.831,3.707,3.349,2.99,2.767,2.858,2.46,2.569,2.866,2.503,3.111,3.165,2.128,2.219,2.216,2.333,2.827,2.854,2.052,2.019,2.68,3.036,2.949,2.874,2.294,2.432,3.117,3.169,2.741,2.63,2.835,2.849,2.372,2.401,1.606,1.481,2.048,2.143,2.57,2.553,2.546,2.5,2.277,2.439,3.351,3.276,2.418,2.45,2.639,2.641,2.239,2.124,2.797,2.903,2.648,2.65,4.078,3.955,2.911,2.311,706.0,609.0,564.0,468.0,2223.0,1363.0,1316.0,1426.0,492.0,575.0,312.0,212.0,2507.0,2532.0,3016.0,3612.0,2562.0,2716.0,2140.0,1929.0,885.0,788.0,4410.0,4758.0,2087.0,2314.0,2936.0,3013.0,1594.0,1598.0,2404.0,2177.0,1443.0,1481.0,541.0,668.0,1071.0,1360.0,663.0,803.0,1762.0,1188.0,1308.0,1273.0,3971.0,3556.0,981.0,1113.0,3869.0,4128.0,3476.0,3434.0,407.0,626.0,5624.0,5055.0,6256.0,6075.0,4191.0,4450.0,3161.0,3565.0,3191.0,2805.0,478.0,422.0,462.0,343.0
A00059664,2.415,2.435,2.837,2.802,2.716,2.463,1.867,1.943,3.444,4.128,3.009,2.809,2.797,2.674,2.407,2.476,2.778,2.789,2.951,3.088,2.53,2.27,2.163,2.35,2.608,2.712,2.033,2.064,2.42,2.419,2.732,2.732,2.371,2.403,2.992,2.627,2.609,2.628,2.538,2.859,2.436,2.422,1.571,1.54,1.995,1.92,2.434,2.366,2.467,2.48,2.386,2.417,2.92,3.034,2.3,2.316,2.716,2.622,2.122,2.203,2.72,2.795,2.528,2.381,3.933,3.501,2.199,2.197,699.0,711.0,456.0,524.0,1843.0,1946.0,1509.0,1361.0,353.0,395.0,297.0,234.0,2387.0,2373.0,3048.0,3786.0,2524.0,2344.0,2013.0,1901.0,733.0,780.0,4371.0,4039.0,2441.0,2356.0,2844.0,2404.0,1758.0,1655.0,2547.0,2416.0,1261.0,1366.0,598.0,549.0,1279.0,1469.0,611.0,800.0,1256.0,1031.0,1606.0,1378.0,3589.0,3415.0,952.0,854.0,4570.0,4790.0,2896.0,3088.0,424.0,655.0,5266.0,4740.0,6248.0,6085.0,4801.0,5112.0,3138.0,3749.0,3049.0,3103.0,411.0,403.0,401.0,324.0
A00059756,2.441,2.698,2.698,2.63,2.638,2.54,1.881,2.024,3.25,3.776,2.88,3.054,2.59,2.73,2.486,2.497,2.876,2.684,2.832,2.935,2.521,2.71,2.119,2.178,2.888,2.703,1.909,1.905,2.638,2.442,2.95,2.83,2.387,2.443,2.59,2.702,2.656,2.623,2.805,2.769,2.409,2.307,1.505,1.514,2.021,1.913,2.535,2.71,2.508,2.631,2.449,2.324,2.887,3.122,2.383,2.42,2.938,2.807,2.121,2.19,2.805,2.796,2.473,2.446,3.635,3.302,2.214,2.039,825.0,785.0,471.0,662.0,1829.0,1639.0,1577.0,1849.0,432.0,347.0,324.0,233.0,2717.0,2876.0,3658.0,4252.0,2821.0,2828.0,2006.0,1875.0,815.0,769.0,4636.0,4201.0,2240.0,2488.0,3238.0,3026.0,1289.0,1611.0,2969.0,2703.0,1201.0,1170.0,636.0,658.0,1123.0,1332.0,671.0,796.0,1343.0,1326.0,1647.0,1607.0,3564.0,3263.0,921.0,813.0,4517.0,4155.0,3531.0,3520.0,522.0,739.0,5472.0,5577.0,5626.0,5967.0,5358.0,5074.0,3183.0,3296.0,3281.0,3276.0,398.0,370.0,431.0,368.0
A00059845,2.395,2.761,2.497,2.176,2.583,2.501,1.969,2.021,3.156,2.958,2.841,2.483,2.759,2.792,2.483,2.547,2.711,2.77,2.821,2.909,2.227,2.282,2.156,2.289,2.654,2.649,1.965,1.919,2.32,2.506,3.075,3.05,2.581,2.582,2.877,3.059,2.501,2.58,2.805,2.906,2.573,2.445,1.746,1.776,2.16,2.142,2.402,2.479,2.638,2.623,2.466,2.406,2.571,2.533,2.308,2.317,2.757,2.698,2.214,2.13,3.01,2.904,2.542,2.675,3.567,3.886,2.657,2.526,1047.0,930.0,570.0,816.0,2849.0,2411.0,1650.0,1818.0,598.0,455.0,288.0,278.0,3449.0,3088.0,4710.0,6121.0,3482.0,3821.0,2737.0,2697.0,1179.0,1071.0,5428.0,5075.0,2437.0,2537.0,3503.0,3543.0,1815.0,1915.0,4090.0,3470.0,1301.0,1561.0,688.0,711.0,1485.0,1787.0,634.0,802.0,1519.0,1349.0,1995.0,1841.0,4252.0,3847.0,1255.0,1107.0,5108.0,5023.0,3601.0,3837.0,627.0,803.0,6143.0,6633.0,8055.0,7498.0,4926.0,5292.0,3649.0,3875.0,4303.0,3141.0,558.0,520.0,440.0,317.0
A00059911,2.591,2.853,2.689,2.524,2.705,2.786,2.017,2.046,3.449,3.237,3.12,2.991,2.855,2.848,2.578,2.669,2.923,3.01,2.906,3.122,2.472,2.594,2.439,2.446,2.609,2.724,2.039,2.039,2.519,2.475,3.047,2.937,2.501,2.719,2.915,2.785,2.584,2.514,2.658,2.723,2.5,2.488,1.511,1.603,2.22,2.165,2.686,2.588,2.716,2.728,2.512,2.493,3.201,2.825,2.371,2.455,2.956,2.885,2.35,2.342,3.216,2.98,2.674,2.782,3.257,3.67,2.47,2.707,740.0,857.0,782.0,514.0,2463.0,2289.0,1754.0,1881.0,436.0,405.0,316.0,220.0,2608.0,2490.0,3966.0,4314.0,2988.0,2818.0,2581.0,2171.0,844.0,855.0,5203.0,4920.0,2435.0,2630.0,3184.0,2625.0,1748.0,1721.0,2978.0,2531.0,1302.0,1390.0,545.0,546.0,1191.0,1632.0,637.0,782.0,1330.0,1315.0,1966.0,1866.0,3961.0,3699.0,1048.0,1236.0,5058.0,4479.0,3279.0,3528.0,568.0,868.0,5085.0,5326.0,6643.0,6797.0,4997.0,4979.0,3085.0,3456.0,3574.0,3301.0,481.0,442.0,533.0,290.0
A00059935,2.679,2.545,2.904,2.686,2.731,2.58,2.041,2.155,3.638,3.529,2.926,2.557,2.829,2.81,2.678,2.781,2.953,3.029,3.243,3.154,2.553,2.57,2.29,2.38,2.899,2.844,2.131,2.079,2.674,2.589,3.14,3.052,2.657,2.504,2.937,3.107,2.712,2.95,2.87,2.824,2.493,2.548,1.719,1.587,2.087,2.019,2.798,2.638,2.577,2.673,2.581,2.604,3.008,3.175,2.434,2.547,3.038,2.982,2.265,2.295,3.069,3.121,2.616,2.715,3.81,3.812,2.659,2.418,1262.0,1017.0,510.0,859.0,1997.0,2250.0,1752.0,1747.0,472.0,457.0,353.0,281.0,3314.0,3594.0,5171.0,5205.0,3551.0,4008.0,2480.0,2586.0,1312.0,974.0,6237.0,5767.0,2853.0,2455.0,4241.0,3574.0,1657.0,1914.0,4062.0,3918.0,1271.0,1532.0,749.0,702.0,1663.0,1584.0,813.0,890.0,1893.0,1655.0,2013.0,1804.0,4354.0,3824.0,1403.0,1140.0,4772.0,4357.0,3749.0,3961.0,625.0,773.0,6356.0,6451.0,7600.0,6392.0,5583.0,5463.0,4098.0,4219.0,3708.0,3633.0,528.0,566.0,410.0,324.0
A00060005,2.414,2.515,2.85,2.636,2.615,2.612,1.812,1.841,3.216,3.228,2.972,2.575,2.771,2.853,2.706,2.659,2.985,2.904,3.11,3.04,2.426,2.112,2.231,2.265,2.626,2.799,1.784,1.907,2.28,2.452,2.943,2.801,2.598,2.363,2.868,3.301,2.544,2.582,2.684,2.775,2.583,2.524,1.621,1.372,2.307,2.121,2.355,2.582,2.644,2.694,2.49,2.451,3.156,3.009,2.421,2.408,2.85,2.867,2.407,2.522,2.906,2.88,2.807,2.832,3.603,3.702,2.49,2.398,862.0,897.0,516.0,512.0,2222.0,2118.0,1706.0,1604.0,627.0,430.0,231.0,245.0,3031.0,2959.0,3602.0,5491.0,3187.0,3242.0,2344.0,2405.0,899.0,933.0,5097.0,5069.0,2526.0,2258.0,2880.0,3365.0,1928.0,1742.0,3127.0,3314.0,1263.0,1262.0,557.0,593.0,1466.0,1659.0,767.0,764.0,1593.0,1237.0,1414.0,1543.0,3826.0,3483.0,1100.0,1052.0,4472.0,4386.0,3214.0,3888.0,492.0,735.0,5246.0,4771.0,6596.0,6599.0,5114.0,4525.0,3904.0,3995.0,3367.0,3290.0,448.0,448.0,406.0,350.0
A00060006,2.641,2.646,2.433,2.72,2.695,2.652,1.673,1.828,3.26,3.843,2.756,2.543,2.778,2.845,2.583,2.591,2.899,2.823,2.836,2.826,2.383,2.757,2.24,2.373,2.665,2.779,2.033,1.899,2.357,2.464,2.976,3.091,2.549,2.464,3.405,3.134,2.65,2.549,2.956,2.894,2.528,2.64,1.521,1.797,2.194,2.114,2.913,2.44,2.516,2.573,2.464,2.534,3.132,2.993,2.475,2.481,2.876,2.994,2.255,2.315,3.011,2.852,2.769,2.675,3.612,3.986,2.513,2.171,749.0,638.0,461.0,467.0,2017.0,1860.0,1159.0,1459.0,460.0,347.0,262.0,193.0,2433.0,2760.0,3463.0,3796.0,2809.0,2505.0,1901.0,1883.0,1000.0,718.0,4440.0,4653.0,2297.0,2203.0,2865.0,2838.0,1564.0,1451.0,2847.0,2268.0,977.0,1144.0,507.0,717.0,1088.0,1382.0,518.0,698.0,1239.0,1135.0,1284.0,1127.0,3185.0,3430.0,919.0,1019.0,3872.0,3745.0,3817.0,3930.0,480.0,715.0,4584.0,4132.0,5551.0,5189.0,4321.0,4603.0,2596.0,2747.0,3108.0,2966.0,448.0,396.0,276.0,314.0
A00060169,2.674,2.988,2.825,2.744,2.621,2.597,2.054,2.086,3.033,3.179,2.771,2.666,2.898,2.748,2.61,2.67,2.899,2.801,3.309,3.151,2.474,2.758,2.301,2.33,2.763,2.731,2.134,2.002,2.443,2.388,3.014,3.043,2.447,2.589,3.054,3.107,2.769,2.906,2.863,2.531,2.385,2.253,1.669,1.743,2.181,2.035,2.731,2.649,2.769,2.828,2.537,2.5,3.161,3.079,2.389,2.416,2.861,2.798,2.292,2.246,2.925,2.948,2.72,2.699,2.923,3.498,2.638,2.587,1075.0,936.0,747.0,804.0,1870.0,2618.0,1641.0,2242.0,471.0,465.0,344.0,281.0,3380.0,3615.0,5414.0,5344.0,4053.0,3333.0,2304.0,2252.0,1303.0,1381.0,6234.0,5311.0,2741.0,2861.0,3773.0,4074.0,1863.0,1986.0,4013.0,3418.0,1388.0,1224.0,735.0,713.0,1427.0,1427.0,995.0,928.0,1915.0,1721.0,2305.0,1899.0,4889.0,3413.0,1231.0,1359.0,4645.0,4525.0,4201.0,4507.0,676.0,922.0,7028.0,8006.0,8259.0,7756.0,5976.0,5426.0,4138.0,4368.0,3304.0,3998.0,417.0,405.0,450.0,313.0
A00060184,2.565,2.518,2.625,2.316,2.466,2.49,1.802,1.909,2.81,3.089,3.181,3.18,2.799,2.981,2.471,2.465,3.063,2.891,3.122,3.152,2.479,2.397,2.279,2.412,2.785,2.843,2.012,1.938,2.436,2.544,2.887,2.93,2.399,2.455,2.646,3.045,2.585,2.541,2.696,2.775,2.323,2.39,1.725,1.626,2.055,1.986,2.475,2.781,2.389,2.494,2.355,2.417,2.736,2.809,2.294,2.34,2.72,2.639,2.184,2.265,2.958,3.012,2.536,2.496,3.372,3.152,2.424,2.349,1056.0,818.0,814.0,691.0,2200.0,2354.0,1672.0,1578.0,571.0,557.0,297.0,278.0,3112.0,3475.0,4093.0,5334.0,3661.0,2719.0,2505.0,2361.0,973.0,902.0,4774.0,4873.0,2473.0,2467.0,3536.0,3623.0,1877.0,1724.0,3425.0,2869.0,1358.0,1532.0,639.0,669.0,1235.0,1460.0,752.0,938.0,1769.0,1576.0,1817.0,1696.0,4242.0,3758.0,1372.0,1015.0,4811.0,4871.0,3997.0,3981.0,549.0,1017.0,6423.0,6418.0,7598.0,7758.0,5437.0,5457.0,3546.0,4232.0,4437.0,4014.0,536.0,438.0,528.0,323.0
A00060252,2.391,2.494,2.431,2.56,2.503,2.454,1.704,1.81,3.139,3.425,2.576,2.556,2.583,2.673,2.299,2.319,2.748,2.652,2.895,2.873,2.272,2.089,2.095,2.141,2.686,2.549,1.901,1.855,2.407,2.391,2.614,2.697,2.311,2.341,2.681,3.177,2.533,2.448,2.631,2.611,2.354,2.424,1.623,1.792,1.897,1.93,2.222,2.378,2.384,2.37,2.223,2.22,2.732,2.693,2.191,2.229,2.527,2.55,2.095,2.119,2.611,2.62,2.342,2.443,3.765,3.71,2.367,2.503,872.0,964.0,562.0,756.0,2132.0,1806.0,1619.0,1588.0,515.0,442.0,313.0,258.0,3302.0,3599.0,4937.0,5563.0,3624.0,3091.0,2197.0,2181.0,1011.0,1030.0,5335.0,4296.0,2668.0,2762.0,3153.0,3005.0,1780.0,1945.0,3337.0,3033.0,1327.0,1372.0,588.0,633.0,1366.0,1291.0,641.0,822.0,1666.0,1020.0,1574.0,1278.0,4157.0,4404.0,1144.0,1188.0,4629.0,4784.0,4211.0,4778.0,529.0,1040.0,5528.0,5370.0,6581.0,5878.0,5591.0,5469.0,3337.0,3677.0,4607.0,4060.0,510.0,536.0,340.0,298.0
A00060259,2.732,2.681,2.768,2.84,2.621,2.634,1.894,1.919,3.33,3.488,2.878,2.835,2.592,2.754,2.509,2.564,2.904,2.841,3.08,3.161,2.48,2.646,2.07,2.215,2.844,2.851,2.038,2.108,2.483,2.433,3.123,2.955,2.38,2.43,3.003,2.852,2.628,2.782,2.733,2.97,2.609,2.66,1.745,1.59,2.086,2.154,2.575,2.52,2.606,2.552,2.318,2.386,3.103,3.046,2.401,2.457,2.792,2.752,2.116,2.145,3.045,3.038,2.627,2.516,3.478,3.502,2.667,2.619,1026.0,923.0,525.0,685.0,2153.0,2075.0,2083.0,1863.0,369.0,389.0,344.0,258.0,2958.0,3310.0,6124.0,6393.0,3448.0,3796.0,2502.0,2191.0,1254.0,1118.0,5865.0,5339.0,2733.0,2423.0,3963.0,3853.0,1724.0,1964.0,3830.0,3674.0,1342.0,1544.0,676.0,680.0,1579.0,1367.0,682.0,770.0,1414.0,1322.0,2006.0,1924.0,3997.0,3826.0,1112.0,1171.0,4748.0,4957.0,4217.0,4319.0,575.0,728.0,5809.0,6172.0,6410.0,6152.0,6124.0,5949.0,3649.0,3344.0,3259.0,3535.0,410.0,415.0,348.0,307.0
A00060264,3.012,2.994,2.833,2.646,2.659,2.649,2.263,2.175,3.687,3.492,2.363,2.703,2.809,3.118,2.885,2.835,3.11,3.029,2.9,3.2,2.407,2.753,2.457,2.443,2.583,2.634,2.027,2.197,2.421,2.444,3.263,3.255,2.467,2.593,3.211,3.306,2.818,2.648,2.838,2.922,2.756,2.525,1.692,1.656,2.195,2.212,2.599,2.585,2.661,2.696,2.603,2.551,2.781,2.883,2.363,2.501,2.895,2.765,2.559,2.558,3.152,3.179,2.774,2.904,4.034,3.865,2.853,2.897,874.0,939.0,690.0,670.0,2012.0,2015.0,1397.0,1468.0,433.0,441.0,297.0,262.0,3008.0,3032.0,3883.0,4488.0,2711.0,3379.0,2492.0,2007.0,802.0,651.0,3959.0,4281.0,2427.0,2313.0,2383.0,3075.0,1550.0,1694.0,3013.0,2719.0,1349.0,1464.0,734.0,725.0,1240.0,1310.0,638.0,623.0,1177.0,1061.0,1487.0,1589.0,3709.0,3648.0,1213.0,1161.0,4509.0,4577.0,3334.0,3431.0,583.0,914.0,5200.0,5309.0,6498.0,6608.0,4972.0,4972.0,3030.0,3121.0,3030.0,3069.0,448.0,400.0,357.0,256.0
A00060302,2.452,2.477,2.552,2.534,2.637,2.576,1.704,1.817,3.152,3.33,3.245,2.721,2.623,2.652,2.487,2.665,2.773,2.694,3.26,3.044,2.208,2.132,2.033,1.993,2.815,2.788,1.827,1.914,2.497,2.504,2.911,2.866,2.287,2.338,2.218,2.408,2.799,2.598,2.707,2.912,2.819,2.672,1.607,1.463,2.034,2.025,2.328,2.476,2.553,2.568,2.347,2.446,3.001,3.173,2.42,2.429,2.778,2.803,2.274,2.126,2.762,2.766,2.509,2.54,3.51,3.52,1.998,2.254,895.0,936.0,721.0,567.0,2745.0,2304.0,1697.0,1698.0,441.0,335.0,358.0,276.0,3409.0,2759.0,4163.0,5875.0,3784.0,3729.0,2152.0,2153.0,1040.0,992.0,5348.0,5266.0,2719.0,2473.0,2599.0,2598.0,1885.0,2073.0,3660.0,3378.0,1327.0,1490.0,651.0,603.0,1360.0,1947.0,778.0,858.0,1288.0,1524.0,1260.0,1192.0,4153.0,3688.0,1175.0,1238.0,5328.0,5423.0,3717.0,3802.0,512.0,785.0,6975.0,6893.0,7958.0,7520.0,5469.0,5700.0,3381.0,3828.0,4017.0,3062.0,416.0,451.0,511.0,308.0
A00060306,1.914,2.099,2.7,2.35,2.342,2.222,1.83,1.85,2.594,3.319,2.259,2.577,2.416,2.507,2.238,2.195,2.593,2.488,2.485,2.8,2.286,2.122,2.068,1.985,2.539,2.797,1.867,1.829,2.347,2.187,2.487,2.656,2.215,2.044,2.268,2.475,2.429,2.347,2.719,2.53,2.139,2.305,1.621,1.512,1.935,1.725,2.231,2.22,2.014,2.215,2.007,2.02,2.676,2.752,2.114,2.185,2.539,2.468,1.909,2.113,2.351,2.343,2.171,2.211,3.021,3.849,1.881,1.865,1019.0,834.0,704.0,700.0,2672.0,2180.0,1912.0,2051.0,512.0,431.0,304.0,254.0,3421.0,3005.0,4995.0,5185.0,3533.0,3205.0,2729.0,2688.0,1206.0,889.0,6058.0,5904.0,2959.0,2411.0,3137.0,3356.0,2269.0,2150.0,3527.0,3344.0,1298.0,1805.0,553.0,601.0,1282.0,1735.0,805.0,1033.0,1686.0,1337.0,1644.0,1821.0,4432.0,4151.0,1348.0,1261.0,6332.0,5110.0,4097.0,4219.0,724.0,911.0,7099.0,6781.0,6990.0,7861.0,6577.0,5994.0,4098.0,4239.0,3634.0,4696.0,490.0,488.0,455.0,357.0
A00060372,2.657,2.739,2.789,2.798,2.851,2.766,1.985,2.193,3.573,3.425,2.899,2.948,2.872,2.831,2.73,2.839,3.011,2.833,3.364,3.375,2.356,2.551,2.242,2.475,2.837,2.979,1.998,2.021,2.833,2.775,3.205,3.086,2.716,2.63,3.094,3.338,2.867,2.904,2.869,3.003,2.739,2.54,1.523,1.488,2.269,2.356,2.71,2.714,2.646,2.775,2.691,2.703,3.019,3.675,2.479,2.553,2.988,2.96,2.307,2.411,3.154,3.026,2.83,2.772,4.29,3.663,2.453,2.505,880.0,794.0,453.0,784.0,2300.0,2801.0,1508.0,1499.0,554.0,432.0,340.0,283.0,3006.0,3244.0,4749.0,6043.0,3415.0,3856.0,2170.0,2067.0,1146.0,967.0,4617.0,5199.0,2691.0,2377.0,2599.0,2750.0,1734.0,1899.0,3596.0,3131.0,1299.0,1311.0,544.0,690.0,1288.0,2053.0,768.0,760.0,1294.0,1467.0,1533.0,1373.0,3919.0,4220.0,1205.0,1099.0,4885.0,4540.0,3659.0,3868.0,618.0,562.0,6223.0,6117.0,7642.0,7330.0,5281.0,5256.0,3603.0,3917.0,4475.0,3869.0,425.0,425.0,443.0,350.0
A00060383,2.443,2.703,2.569,2.458,2.507,2.623,1.825,1.995,3.02,3.521,2.61,2.865,2.813,2.806,2.458,2.669,2.919,2.719,3.126,3.197,2.317,2.191,2.228,2.261,2.611,2.735,2.093,2.141,2.343,2.417,2.992,2.789,2.65,2.524,2.86,3.316,2.642,2.57,2.811,2.746,2.531,2.486,1.748,1.789,2.112,2.144,2.512,2.742,2.49,2.57,2.583,2.678,3.077,2.758,2.39,2.33,2.9,2.785,2.385,2.396,2.981,2.974,2.678,2.743,3.7,3.86,2.863,2.777,825.0,841.0,380.0,727.0,1986.0,1692.0,1433.0,1414.0,463.0,440.0,292.0,229.0,2930.0,2825.0,3504.0,4776.0,3336.0,3169.0,2283.0,2123.0,846.0,735.0,4616.0,4590.0,2443.0,2330.0,2848.0,2612.0,1866.0,1703.0,2726.0,2634.0,1304.0,1325.0,468.0,600.0,1173.0,1338.0,683.0,858.0,1493.0,1148.0,1328.0,1153.0,3423.0,3547.0,1193.0,900.0,5008.0,4967.0,3359.0,3657.0,571.0,535.0,5667.0,5729.0,7509.0,7347.0,4874.0,4972.0,3081.0,3615.0,3529.0,2794.0,475.0,449.0,433.0,268.0
A00060407,2.645,2.925,2.817,2.587,2.733,2.739,1.875,1.987,3.965,4.436,2.756,3.147,2.892,2.867,2.733,2.683,3.011,3.001,3.265,3.308,2.556,2.682,2.316,2.354,2.669,2.801,2.042,1.974,2.633,2.49,3.123,3.129,2.596,2.62,2.904,3.277,2.821,2.749,2.747,2.921,2.617,2.599,1.709,1.651,2.499,2.416,2.662,2.802,2.67,2.687,2.647,2.563,2.854,2.942,2.455,2.441,2.84,2.744,2.468,2.451,3.118,3.14,2.784,2.699,3.567,3.876,2.819,2.594,1081.0,845.0,505.0,655.0,2157.0,1900.0,1378.0,1283.0,447.0,463.0,255.0,230.0,3152.0,3054.0,3910.0,5134.0,3212.0,3254.0,2221.0,2120.0,984.0,799.0,4624.0,4786.0,2553.0,2274.0,2262.0,2111.0,1853.0,1801.0,3265.0,2830.0,1366.0,1529.0,633.0,688.0,1140.0,1565.0,606.0,774.0,1273.0,1227.0,1039.0,988.0,4241.0,4164.0,1087.0,1057.0,5069.0,5096.0,3553.0,3621.0,629.0,714.0,4555.0,4949.0,7020.0,7201.0,4866.0,4528.0,3614.0,3647.0,3685.0,3557.0,462.0,474.0,388.0,323.0
A00060431,2.271,2.547,2.338,2.199,2.48,2.522,2.036,1.8,3.405,3.351,2.895,2.588,2.734,2.643,2.354,2.434,2.834,2.872,2.994,3.096,2.243,2.36,2.113,2.165,2.646,2.741,2.061,1.961,2.443,2.479,2.792,2.718,2.584,2.394,2.112,2.285,2.587,2.504,2.581,2.45,2.42,2.573,1.485,1.58,1.99,1.854,2.356,2.299,2.398,2.421,2.463,2.35,2.646,2.757,2.32,2.32,2.735,2.626,2.161,2.21,2.748,2.512,2.472,2.591,3.411,3.569,2.295,2.437,962.0,921.0,679.0,658.0,2062.0,1974.0,1176.0,1101.0,434.0,441.0,295.0,268.0,2626.0,3027.0,4246.0,5505.0,3219.0,3496.0,2723.0,2226.0,1101.0,694.0,3786.0,4414.0,2357.0,2416.0,3046.0,2612.0,1850.0,1920.0,3429.0,3412.0,1153.0,1411.0,738.0,675.0,1313.0,1464.0,624.0,777.0,1640.0,1545.0,894.0,967.0,3916.0,3929.0,1089.0,1181.0,4553.0,4555.0,3952.0,4235.0,518.0,769.0,6525.0,6425.0,6693.0,7209.0,5930.0,6072.0,3446.0,3625.0,4489.0,4087.0,478.0,439.0,365.0,312.0
A00060471,2.52,2.572,3.054,2.413,2.69,2.703,1.848,1.842,3.429,3.576,2.662,2.896,2.744,2.791,2.659,2.719,2.798,2.851,3.151,3.239,2.523,2.639,2.213,2.302,2.938,2.788,1.992,1.998,2.286,2.382,2.969,3.043,2.585,2.55,3.117,2.976,2.621,2.783,2.702,2.708,2.58,2.737,1.567,1.609,2.173,2.111,2.765,2.738,2.698,2.829,2.562,2.627,2.812,2.902,2.346,2.512,2.783,2.795,2.46,2.348,3.002,2.89,2.686,2.82,3.332,3.298,2.708,2.691,1108.0,1020.0,757.0,707.0,2441.0,2590.0,1809.0,2013.0,605.0,597.0,309.0,255.0,3467.0,3578.0,5944.0,6869.0,3782.0,3759.0,2407.0,2203.0,1057.0,881.0,5487.0,6027.0,2708.0,2683.0,4110.0,4104.0,1970.0,1957.0,3862.0,3725.0,1618.0,1786.0,722.0,755.0,1387.0,2039.0,739.0,829.0,1487.0,1427.0,2107.0,1876.0,4707.0,4761.0,1015.0,1558.0,5909.0,5246.0,4405.0,4492.0,790.0,976.0,6242.0,6218.0,8563.0,8344.0,5524.0,6019.0,3799.0,4050.0,4277.0,3816.0,507.0,585.0,390.0,279.0
A00060472,2.867,2.909,2.708,2.848,3.014,2.9,2.095,2.17,3.67,3.473,2.826,2.975,3.177,2.998,2.742,2.837,3.091,3.244,3.324,3.481,2.804,2.63,2.416,2.4,2.751,2.963,2.171,2.302,2.562,2.576,3.295,3.25,2.717,2.789,2.878,2.861,2.984,3.161,2.827,3.002,2.655,2.665,1.741,1.952,2.332,2.286,2.761,2.45,2.982,3.038,2.874,2.743,3.256,3.336,2.57,2.819,3.277,3.148,2.605,2.568,3.323,3.441,3.091,3.049,3.644,4.132,3.09,2.823,826.0,819.0,632.0,824.0,2228.0,2436.0,1699.0,1717.0,363.0,341.0,372.0,242.0,3717.0,3002.0,4729.0,5515.0,3722.0,3865.0,2972.0,2280.0,1118.0,992.0,5611.0,5798.0,2985.0,2875.0,3262.0,3666.0,1685.0,2065.0,3719.0,3424.0,1386.0,1532.0,731.0,670.0,1247.0,1287.0,885.0,937.0,1341.0,1234.0,1945.0,1662.0,4179.0,3716.0,1240.0,1376.0,5242.0,4853.0,4164.0,4568.0,725.0,801.0,6072.0,6391.0,8039.0,6991.0,5848.0,5244.0,3924.0,3873.0,3611.0,3510.0,449.0,416.0,397.0,323.0
A00060480,2.525,2.328,2.566,2.481,2.599,2.382,1.885,1.712,3.275,3.514,1.9,2.38,2.785,2.594,2.299,2.498,2.807,2.801,2.934,2.907,2.265,2.333,2.158,2.351,2.58,2.497,2.055,1.997,2.194,2.22,2.794,2.867,2.342,2.521,2.488,2.964,2.542,2.659,2.427,2.565,2.512,2.244,1.639,1.677,2.103,2.004,2.562,2.413,2.538,2.587,2.472,2.369,2.523,2.6,2.172,2.236,2.622,2.565,2.128,2.175,2.723,2.694,2.499,2.543,3.245,3.912,2.149,2.055,1083.0,1139.0,687.0,828.0,2098.0,2529.0,1197.0,1376.0,559.0,657.0,339.0,306.0,3606.0,3816.0,4849.0,6668.0,4113.0,3905.0,2437.0,2414.0,1185.0,956.0,4974.0,5793.0,3085.0,2871.0,3386.0,3147.0,2128.0,2272.0,4239.0,3486.0,1453.0,1867.0,833.0,946.0,1468.0,1994.0,779.0,963.0,1486.0,1622.0,1436.0,1191.0,4033.0,3937.0,1302.0,1355.0,5168.0,4842.0,4137.0,4370.0,734.0,1033.0,6402.0,6052.0,8430.0,7759.0,7048.0,7388.0,3683.0,4755.0,5128.0,4231.0,520.0,593.0,481.0,360.0
A00060503,2.997,3.126,3.271,2.823,2.958,2.868,2.085,2.203,2.685,3.957,3.263,3.927,3.123,2.977,2.916,2.968,2.903,3.075,3.446,3.599,2.692,2.728,2.348,2.354,3.096,3.152,2.145,2.194,2.797,2.855,3.32,3.325,2.842,2.987,2.945,2.773,3.037,3.231,3.408,3.35,2.943,3.038,1.544,1.605,2.385,2.442,2.436,3.031,2.695,2.772,2.9,2.826,3.438,3.342,2.841,2.866,3.274,3.193,2.541,2.422,3.34,3.133,3.001,2.877,3.9,3.81,2.592,2.759,1112.0,934.0,648.0,656.0,3065.0,2743.0,1833.0,1748.0,432.0,365.0,343.0,256.0,3363.0,3488.0,4397.0,5820.0,3941.0,3382.0,2621.0,2390.0,852.0,783.0,5342.0,5670.0,2392.0,2240.0,3088.0,3068.0,1528.0,1789.0,3740.0,3195.0,1498.0,1798.0,622.0,734.0,1546.0,1316.0,706.0,748.0,1798.0,1350.0,1610.0,1593.0,4724.0,4540.0,1010.0,1438.0,5157.0,5418.0,3710.0,4092.0,750.0,974.0,6775.0,6186.0,7694.0,7294.0,5344.0,5333.0,3822.0,4126.0,5014.0,3914.0,486.0,446.0,418.0,381.0
A00060516,2.796,2.763,2.574,2.37,3.011,2.703,1.746,1.647,2.862,2.605,2.602,2.719,2.681,2.787,2.627,2.771,2.914,2.854,3.042,3.19,2.617,2.805,2.065,2.23,2.693,2.66,1.953,2.025,2.303,2.172,3.053,3.068,2.542,2.466,2.387,2.45,3.028,2.924,3.076,2.889,2.665,2.565,1.434,1.613,2.192,2.735,2.689,2.598,2.146,2.893,2.566,2.527,2.913,3.014,2.49,2.579,2.995,3.011,2.316,2.412,3.083,3.134,2.763,2.723,3.669,3.752,2.191,2.386,1212.0,1190.0,748.0,715.0,2278.0,3331.0,1667.0,1655.0,479.0,393.0,299.0,282.0,3483.0,3682.0,4810.0,5089.0,3773.0,3888.0,2610.0,2622.0,953.0,797.0,5326.0,5073.0,2428.0,2239.0,4288.0,3713.0,1839.0,2117.0,3920.0,3645.0,1416.0,1528.0,687.0,754.0,1850.0,1484.0,647.0,764.0,2004.0,1364.0,1999.0,1604.0,4323.0,3759.0,1375.0,1283.0,5847.0,4498.0,4003.0,3861.0,608.0,939.0,6663.0,5788.0,7682.0,9229.0,4121.0,5788.0,4018.0,4289.0,5609.0,3279.0,522.0,541.0,416.0,327.0
A00060574,2.438,2.496,2.833,2.826,2.566,2.428,1.578,1.737,3.388,3.303,2.654,3.028,2.618,2.641,2.282,2.43,2.708,2.778,3.092,2.981,2.274,2.204,2.083,2.19,2.673,2.728,1.886,1.849,2.597,2.66,2.768,2.781,2.356,2.277,2.732,2.741,2.571,2.602,2.68,2.732,2.425,2.494,1.445,1.375,1.952,1.904,2.171,2.587,2.429,2.456,2.254,2.279,3.01,3.362,2.415,2.444,2.646,2.59,2.097,2.113,2.745,2.83,2.481,2.415,3.389,3.684,2.255,2.262,1003.0,802.0,508.0,872.0,2206.0,2230.0,1490.0,1677.0,414.0,434.0,322.0,246.0,2864.0,2815.0,4106.0,5106.0,3003.0,3011.0,2103.0,1957.0,889.0,831.0,5073.0,4684.0,2277.0,2333.0,3361.0,2741.0,1505.0,1673.0,3252.0,3295.0,1372.0,1455.0,618.0,611.0,1401.0,1501.0,532.0,723.0,1524.0,1216.0,1428.0,1297.0,3696.0,3602.0,1276.0,847.0,4291.0,4663.0,4078.0,4074.0,551.0,679.0,5234.0,5118.0,7463.0,6532.0,5289.0,5216.0,3392.0,3762.0,3541.0,3148.0,463.0,441.0,463.0,327.0
A00060575,2.366,2.546,2.423,2.218,2.717,2.63,1.895,1.916,3.055,3.395,2.664,2.852,2.823,2.719,2.428,2.562,2.744,2.789,3.082,3.055,2.052,2.372,2.016,2.172,2.704,2.848,2.052,1.907,2.51,2.594,2.78,2.796,2.51,2.605,2.762,2.778,2.511,2.477,2.821,2.718,2.416,2.396,1.755,1.76,1.939,1.947,2.458,2.287,2.468,2.45,2.292,2.482,2.679,2.794,2.39,2.409,2.762,2.827,2.226,2.233,2.738,2.714,2.583,2.578,3.36,3.772,2.301,2.393,831.0,719.0,503.0,725.0,2094.0,2425.0,1378.0,1588.0,414.0,422.0,318.0,237.0,2363.0,2629.0,3018.0,3609.0,2958.0,2903.0,2095.0,2250.0,1014.0,820.0,4129.0,3845.0,2187.0,2206.0,3480.0,3112.0,1569.0,1598.0,3090.0,2488.0,1048.0,1291.0,576.0,575.0,1575.0,1604.0,516.0,711.0,1354.0,1237.0,1845.0,1449.0,3642.0,3581.0,1113.0,1084.0,4237.0,4157.0,3003.0,2950.0,633.0,723.0,4977.0,5523.0,6461.0,5986.0,4020.0,4032.0,3761.0,3770.0,3669.0,3245.0,439.0,500.0,405.0,314.0
A00060576,2.715,2.916,3.25,3.099,3.192,3.163,1.943,1.89,3.964,3.788,3.012,3.728,3.133,3.121,2.914,3.007,3.065,3.046,3.341,3.379,2.435,2.713,2.271,2.372,3.276,3.083,1.998,2.127,3.024,2.864,3.183,3.179,2.801,3.055,2.945,3.485,3.108,3.132,3.374,3.23,3.106,3.041,1.681,1.84,2.429,2.47,2.886,2.948,3.202,3.072,2.774,2.741,3.345,3.659,2.976,3.025,3.424,3.387,2.54,2.555,3.366,3.256,3.009,3.037,4.136,4.063,2.884,2.745,1081.0,1074.0,612.0,699.0,2210.0,1807.0,1565.0,1575.0,385.0,472.0,357.0,265.0,3521.0,3496.0,3855.0,4763.0,3708.0,4120.0,2633.0,2186.0,887.0,865.0,4758.0,5253.0,2875.0,3097.0,3317.0,2890.0,1649.0,2145.0,3913.0,3469.0,1491.0,1660.0,725.0,702.0,1271.0,1293.0,690.0,856.0,1198.0,840.0,1496.0,1275.0,4353.0,4558.0,1175.0,1333.0,4967.0,5045.0,3761.0,3856.0,536.0,800.0,5431.0,5210.0,7627.0,6808.0,4993.0,4963.0,4072.0,4111.0,4610.0,4047.0,591.0,617.0,454.0,304.0
A00060581,2.552,2.767,2.914,2.547,2.691,2.724,2.001,2.245,3.317,3.548,2.691,2.986,2.918,2.815,2.444,2.694,3.031,2.975,3.174,3.355,2.427,2.671,2.256,2.402,2.87,2.705,2.123,2.085,2.57,2.596,3.135,3.169,2.504,2.586,2.826,2.997,2.699,2.663,2.757,2.832,2.439,2.531,1.74,1.868,2.074,2.05,2.711,2.769,2.699,2.719,2.469,2.472,2.945,2.969,2.357,2.472,2.936,2.778,2.268,2.261,3.014,3.012,2.689,2.621,3.738,4.13,2.571,2.625,1081.0,937.0,593.0,768.0,2353.0,2090.0,1989.0,2048.0,438.0,385.0,358.0,260.0,3270.0,3422.0,5695.0,5526.0,3717.0,3339.0,2557.0,2556.0,1194.0,1146.0,6074.0,6648.0,2676.0,2876.0,3750.0,3619.0,1799.0,2038.0,4162.0,3142.0,1293.0,1306.0,676.0,692.0,1253.0,1358.0,696.0,957.0,1733.0,1404.0,2253.0,1888.0,4480.0,4084.0,1176.0,1311.0,4525.0,4882.0,4176.0,4550.0,689.0,881.0,6935.0,6630.0,7477.0,7078.0,5088.0,5094.0,3841.0,4439.0,4690.0,3994.0,449.0,499.0,503.0,356.0
A00060582,2.6,2.608,2.936,2.811,2.923,2.786,1.796,1.897,3.309,3.364,2.765,3.192,2.72,2.737,2.792,2.769,2.888,2.756,2.795,3.087,2.743,2.487,2.163,2.316,2.783,2.875,1.944,1.816,2.609,2.641,2.98,2.958,2.691,2.63,2.581,2.892,2.671,2.775,2.976,2.812,2.53,2.653,1.635,1.492,2.193,2.116,2.576,2.806,2.822,2.789,2.621,2.497,3.423,3.186,2.574,2.663,3.187,3.044,2.425,2.516,2.797,2.772,2.694,2.799,3.35,3.993,2.257,2.407,837.0,679.0,533.0,404.0,2173.0,1989.0,1370.0,1353.0,412.0,340.0,231.0,217.0,2487.0,3032.0,3528.0,4134.0,2747.0,2594.0,2354.0,2272.0,760.0,826.0,4520.0,4466.0,2346.0,1972.0,2976.0,2654.0,1446.0,1602.0,3210.0,2665.0,1244.0,1304.0,599.0,680.0,1163.0,1574.0,601.0,712.0,1446.0,1406.0,1421.0,1287.0,3476.0,3046.0,1003.0,881.0,4250.0,4346.0,3202.0,3275.0,351.0,751.0,4927.0,4817.0,6301.0,6442.0,3981.0,3817.0,3142.0,3287.0,2691.0,3033.0,432.0,345.0,377.0,266.0
A00060628,2.6,2.967,3.178,2.892,2.93,2.701,2.169,2.016,3.398,2.995,3.499,2.829,3.11,2.938,2.638,2.835,3.018,2.747,3.428,3.43,2.635,2.975,2.22,2.449,3.249,3.056,2.192,2.086,3.067,2.709,3.13,2.963,2.691,2.509,2.97,2.932,2.891,2.643,2.983,3.247,2.572,2.813,1.635,1.822,2.052,2.145,3.004,2.754,2.749,2.801,2.621,2.691,3.613,3.91,2.515,2.546,3.019,2.944,2.438,2.329,3.084,3.024,2.877,2.828,3.583,3.849,2.847,2.558,856.0,740.0,617.0,571.0,1728.0,1932.0,1206.0,1555.0,407.0,431.0,259.0,265.0,2512.0,2712.0,3422.0,4643.0,3047.0,2760.0,2267.0,1891.0,972.0,801.0,4313.0,4548.0,2111.0,2088.0,3026.0,3318.0,1584.0,1560.0,3140.0,2750.0,1410.0,1442.0,503.0,745.0,1077.0,1570.0,610.0,787.0,1211.0,1209.0,1561.0,1395.0,4270.0,3936.0,1072.0,1194.0,4558.0,4271.0,3680.0,3933.0,399.0,564.0,4885.0,4687.0,6235.0,6532.0,5358.0,6084.0,3278.0,3524.0,4524.0,3622.0,459.0,381.0,389.0,292.0
A00060629,2.676,2.717,2.817,2.445,2.774,2.758,2.056,1.938,3.461,4.16,2.934,2.358,2.836,2.827,2.521,2.689,2.924,2.948,3.4,3.49,2.535,2.684,2.231,2.385,2.945,2.779,2.01,2.041,2.562,2.404,3.031,3.078,2.674,2.754,2.656,3.164,2.796,2.652,2.717,2.603,2.584,2.607,1.617,1.565,2.024,2.035,2.555,2.415,2.817,2.693,2.445,2.452,3.01,3.123,2.321,2.373,2.93,2.911,2.298,2.31,2.846,2.789,2.712,2.82,3.605,3.729,2.484,2.5,1305.0,1082.0,732.0,754.0,2338.0,2147.0,1660.0,1741.0,600.0,390.0,289.0,291.0,3632.0,3808.0,4869.0,5607.0,3272.0,3490.0,2426.0,2333.0,1381.0,1091.0,5466.0,6163.0,2702.0,2729.0,3409.0,3449.0,1919.0,2144.0,3517.0,3061.0,1314.0,1435.0,671.0,710.0,1599.0,1614.0,689.0,884.0,1928.0,1464.0,1851.0,1720.0,4798.0,4414.0,1200.0,1264.0,5023.0,5357.0,4078.0,4155.0,678.0,852.0,6380.0,5905.0,7794.0,7365.0,5991.0,5978.0,3965.0,4047.0,4681.0,4742.0,456.0,493.0,497.0,347.0
A00060630,2.285,2.943,2.443,2.733,2.685,2.721,1.755,1.943,3.321,4.036,3.469,3.166,2.877,2.882,2.582,2.641,2.837,2.757,3.115,3.205,2.385,2.302,2.109,2.289,2.582,2.766,2.049,2.034,2.661,2.522,2.999,2.892,2.566,2.512,2.652,2.704,2.837,2.619,2.799,2.928,2.506,2.475,1.664,1.574,2.138,2.085,2.599,2.527,2.594,2.621,2.589,2.525,3.101,2.756,2.402,2.407,2.881,2.917,2.209,2.239,3.024,3.054,2.632,2.56,3.282,3.596,2.39,2.367,1009.0,907.0,622.0,735.0,2327.0,1613.0,1564.0,1567.0,411.0,327.0,253.0,209.0,3080.0,3443.0,4261.0,5163.0,3105.0,3302.0,2135.0,2159.0,839.0,852.0,5023.0,4056.0,2421.0,2176.0,3258.0,2909.0,1764.0,1671.0,2955.0,2822.0,1411.0,1420.0,567.0,622.0,1135.0,1495.0,563.0,757.0,1400.0,996.0,1814.0,1652.0,3698.0,3285.0,1332.0,1185.0,4287.0,4224.0,3548.0,3687.0,641.0,866.0,5129.0,4892.0,7605.0,6629.0,5852.0,5081.0,3536.0,3747.0,3556.0,3693.0,460.0,511.0,475.0,316.0
A00060632,2.35,2.65,2.803,2.881,2.659,2.617,1.803,1.811,3.27,3.342,2.445,3.047,2.916,2.782,2.426,2.51,2.828,2.722,2.901,3.12,2.462,2.338,2.129,2.199,2.709,2.609,1.984,1.854,2.475,2.348,2.906,2.833,2.311,2.463,2.801,2.967,2.781,2.767,2.772,2.696,2.523,2.615,1.406,1.493,1.971,2.005,2.597,2.555,2.622,2.609,2.455,2.43,2.903,3.104,2.424,2.547,2.865,2.796,2.162,2.06,2.945,2.944,2.442,2.494,3.619,3.847,2.501,2.428,929.0,847.0,635.0,813.0,1841.0,1555.0,1901.0,1703.0,464.0,464.0,262.0,302.0,3347.0,3480.0,4576.0,5169.0,3183.0,3274.0,2336.0,2084.0,841.0,862.0,5798.0,5005.0,2391.0,2582.0,3476.0,3164.0,1859.0,1756.0,3001.0,2851.0,1378.0,1456.0,644.0,744.0,1006.0,1577.0,746.0,907.0,1428.0,1552.0,1790.0,1685.0,3428.0,4034.0,1115.0,1091.0,4503.0,3997.0,3801.0,3894.0,603.0,752.0,6793.0,6721.0,7449.0,6640.0,5970.0,5046.0,3548.0,3814.0,4147.0,4222.0,558.0,513.0,477.0,349.0
A00060664,3.31,3.262,3.059,2.781,3.062,2.89,2.385,2.493,3.355,3.196,3.234,3.348,3.03,3.031,3.102,3.052,2.962,3.062,3.334,3.533,2.79,2.841,2.527,2.661,3.018,3.036,2.254,2.283,2.808,2.702,3.467,3.384,2.979,2.888,2.957,3.267,3.254,3.059,3.194,3.29,2.917,3.092,1.735,1.599,2.334,2.207,2.814,2.882,2.755,2.749,2.815,2.776,3.094,3.314,2.761,2.895,3.225,3.194,2.46,2.641,3.486,3.257,3.043,3.048,4.144,3.741,2.715,3.155,881.0,819.0,540.0,769.0,2665.0,1801.0,2126.0,2198.0,414.0,313.0,327.0,264.0,2907.0,3268.0,3631.0,4353.0,2608.0,3189.0,2527.0,2046.0,894.0,827.0,5689.0,6338.0,2557.0,2479.0,3613.0,3449.0,1409.0,2048.0,3347.0,2995.0,1202.0,1214.0,661.0,588.0,1235.0,1661.0,629.0,859.0,1652.0,1517.0,2186.0,1847.0,4065.0,3942.0,1137.0,1042.0,4249.0,4565.0,3560.0,3564.0,596.0,648.0,6332.0,5190.0,7468.0,6482.0,5036.0,4899.0,3485.0,4081.0,3502.0,3122.0,380.0,349.0,506.0,321.0
A00060773,2.931,2.986,2.834,3.037,2.884,2.91,1.93,1.915,3.667,3.319,2.96,2.746,2.828,2.756,2.715,2.822,3.106,3.113,3.215,3.274,2.611,2.745,2.209,2.346,2.912,3.143,2.127,2.012,2.547,2.635,3.268,3.163,2.75,2.862,2.794,2.56,2.815,3.0,3.335,3.081,2.795,2.926,1.689,1.664,2.414,2.377,3.002,2.733,2.92,2.906,2.568,2.589,3.27,3.065,2.652,2.669,3.166,3.117,2.431,2.487,3.13,3.19,2.85,2.988,3.628,3.913,2.817,2.823,737.0,814.0,484.0,576.0,1850.0,1902.0,1360.0,1174.0,372.0,421.0,298.0,217.0,2110.0,2288.0,3508.0,4273.0,2320.0,2805.0,1880.0,1789.0,668.0,498.0,4315.0,4102.0,2059.0,2108.0,2871.0,2830.0,1457.0,1546.0,2806.0,2444.0,1248.0,1381.0,574.0,605.0,987.0,1206.0,512.0,636.0,1021.0,982.0,1193.0,1225.0,3277.0,3304.0,812.0,1027.0,3970.0,3892.0,3023.0,3252.0,529.0,606.0,4724.0,4506.0,5724.0,5431.0,4616.0,4202.0,2754.0,3285.0,3167.0,2657.0,360.0,344.0,335.0,207.0
A00060806,2.792,2.832,2.725,2.517,2.863,2.919,2.042,2.118,2.997,3.746,3.186,2.826,3.052,2.998,2.761,2.826,2.98,3.015,3.258,3.128,2.612,2.503,2.31,2.241,2.724,2.786,2.122,2.087,2.775,2.698,3.183,3.127,2.663,2.732,2.834,3.145,2.941,2.933,3.154,3.046,2.608,2.5,1.654,1.676,2.024,2.157,2.725,2.81,2.839,2.801,2.568,2.541,3.114,3.212,2.641,2.594,3.094,3.079,2.339,2.252,3.065,3.182,2.672,2.808,3.643,2.929,2.822,2.847,1265.0,916.0,579.0,661.0,2800.0,2164.0,1738.0,1902.0,364.0,270.0,307.0,258.0,3176.0,3160.0,5536.0,6483.0,3620.0,3912.0,2527.0,2544.0,1198.0,969.0,4867.0,5636.0,3047.0,2724.0,3897.0,4028.0,2070.0,2214.0,4091.0,3620.0,1500.0,1936.0,683.0,650.0,1389.0,1561.0,647.0,985.0,1803.0,1231.0,1973.0,1911.0,4088.0,4217.0,1455.0,1246.0,4839.0,5164.0,4688.0,4621.0,510.0,725.0,6837.0,6172.0,7645.0,7195.0,6317.0,6604.0,4156.0,4492.0,5838.0,4724.0,387.0,429.0,462.0,370.0
A00060846,2.862,2.696,2.961,2.715,2.816,2.736,2.118,2.043,3.219,3.128,2.927,2.649,2.964,2.961,2.822,2.897,3.106,2.996,3.261,3.508,2.48,2.419,2.343,2.497,2.718,2.681,2.016,1.993,2.534,2.529,3.275,3.236,2.738,2.848,3.008,2.626,2.95,3.074,2.812,2.818,2.681,2.71,1.778,1.724,2.256,2.382,2.721,3.1,2.842,2.873,2.761,2.753,2.762,3.365,2.532,2.581,3.07,3.026,2.543,2.595,3.29,3.337,3.016,2.921,3.868,3.583,3.083,2.766,1217.0,1169.0,552.0,636.0,2402.0,2696.0,1720.0,1681.0,476.0,473.0,258.0,340.0,3236.0,3205.0,5606.0,5716.0,3856.0,3956.0,2902.0,2493.0,911.0,1023.0,5495.0,4962.0,3073.0,3127.0,3369.0,3406.0,2036.0,2257.0,4136.0,3683.0,1693.0,1844.0,675.0,548.0,1458.0,1644.0,747.0,932.0,1598.0,1511.0,1480.0,1606.0,4446.0,5384.0,1448.0,991.0,5082.0,5020.0,4620.0,4632.0,568.0,923.0,7076.0,6979.0,9089.0,8567.0,5752.0,7045.0,4370.0,4567.0,4329.0,4728.0,507.0,413.0,523.0,419.0
A00060923,2.392,2.728,2.377,2.468,2.513,2.555,1.857,1.807,3.79,3.2,2.945,3.221,2.789,2.894,2.649,2.559,2.962,3.018,3.034,3.06,2.237,2.419,2.209,2.403,2.938,2.957,1.901,1.84,2.867,2.353,2.867,2.897,2.492,2.332,2.694,3.368,2.577,2.702,3.165,2.91,2.485,2.457,1.519,1.591,2.079,2.057,2.473,2.359,2.629,2.568,2.44,2.443,3.282,3.073,2.446,2.401,2.816,2.751,2.317,2.332,2.854,2.891,2.624,2.696,3.784,4.054,2.685,2.522,589.0,692.0,361.0,473.0,1606.0,1414.0,1200.0,1266.0,286.0,367.0,286.0,210.0,2586.0,2494.0,3026.0,4168.0,2438.0,2510.0,1912.0,1774.0,860.0,699.0,3561.0,3880.0,1782.0,1641.0,2165.0,2231.0,1308.0,1632.0,2482.0,2004.0,1108.0,1052.0,494.0,584.0,896.0,1246.0,449.0,612.0,1086.0,987.0,1083.0,1004.0,3080.0,2955.0,871.0,874.0,3824.0,3888.0,3334.0,3214.0,372.0,524.0,3883.0,3617.0,5497.0,5088.0,4392.0,3917.0,2569.0,2819.0,2691.0,2786.0,338.0,364.0,320.0,222.0
A00060925,2.44,2.454,2.737,2.78,2.793,2.556,1.833,1.796,3.432,3.348,2.445,3.191,2.697,2.65,2.471,2.423,2.791,2.885,3.115,3.171,2.337,2.485,2.149,2.193,2.81,2.773,1.938,1.81,2.556,2.457,2.969,2.893,2.526,2.505,2.557,3.092,2.606,2.896,2.979,2.791,2.431,2.582,1.564,1.549,2.1,2.126,2.419,2.516,2.733,2.718,2.454,2.386,3.147,2.772,2.352,2.335,2.85,2.829,2.145,2.149,2.877,2.857,2.53,2.579,3.518,3.27,2.382,2.481,798.0,825.0,583.0,643.0,1912.0,1780.0,1477.0,1519.0,507.0,378.0,313.0,301.0,3328.0,3268.0,4607.0,5357.0,2781.0,3132.0,2501.0,2411.0,1021.0,1041.0,5040.0,5703.0,2788.0,2748.0,2851.0,2900.0,1888.0,2090.0,3063.0,3288.0,1201.0,1477.0,567.0,627.0,1249.0,1413.0,705.0,783.0,1475.0,1475.0,1178.0,1240.0,4667.0,4678.0,1215.0,1234.0,4610.0,4549.0,3479.0,3878.0,530.0,814.0,6800.0,6470.0,7746.0,7100.0,5139.0,5506.0,3668.0,3717.0,4086.0,3916.0,413.0,361.0,420.0,303.0
A00061001,2.558,2.735,2.81,2.782,2.739,2.471,1.782,1.875,3.03,3.122,2.729,2.769,2.685,2.818,2.463,2.421,2.726,2.868,2.826,2.969,2.499,2.266,2.192,2.265,2.553,2.407,2.0,1.859,2.508,2.573,2.856,2.746,2.417,2.303,2.712,2.503,2.46,2.436,2.542,2.592,2.113,2.377,1.549,1.432,1.973,2.017,2.605,2.706,2.384,2.405,2.422,2.442,2.918,3.145,2.329,2.432,2.808,2.668,2.141,2.13,2.867,2.857,2.389,2.532,3.38,4.072,2.072,2.184,1015.0,931.0,437.0,744.0,2132.0,2230.0,1713.0,1784.0,529.0,508.0,252.0,249.0,2785.0,2770.0,4337.0,5688.0,3562.0,3442.0,2118.0,1900.0,950.0,854.0,5191.0,4832.0,2439.0,2596.0,3199.0,3472.0,1929.0,1543.0,3065.0,3154.0,1106.0,1634.0,545.0,674.0,1047.0,1302.0,742.0,787.0,1418.0,1251.0,1621.0,1581.0,3739.0,3766.0,1092.0,648.0,4424.0,4517.0,4378.0,3828.0,673.0,505.0,5889.0,5849.0,6851.0,6158.0,5585.0,5687.0,2923.0,3554.0,3830.0,3124.0,550.0,553.0,452.0,297.0
A00061203,2.355,2.339,2.584,2.371,2.614,2.336,1.609,1.778,3.187,3.4,2.777,2.556,2.632,2.677,2.464,2.308,2.757,2.843,2.987,3.092,2.537,2.373,2.21,2.321,2.658,2.621,1.988,1.796,2.358,2.279,2.663,2.912,2.277,2.344,2.711,2.615,2.595,2.657,2.792,2.691,2.28,2.435,1.713,1.536,2.201,2.06,2.315,2.326,2.345,2.53,2.364,2.335,2.707,3.029,2.232,2.453,2.622,2.593,2.248,2.244,2.645,2.851,2.535,2.389,3.963,4.04,2.509,2.173,1139.0,1244.0,764.0,707.0,2307.0,2077.0,1687.0,1688.0,618.0,416.0,355.0,257.0,3430.0,3344.0,5575.0,6499.0,3228.0,3812.0,2489.0,2217.0,855.0,1085.0,5667.0,5315.0,2525.0,2733.0,3159.0,2689.0,1988.0,2023.0,4118.0,3633.0,1415.0,1498.0,592.0,807.0,1641.0,1987.0,669.0,668.0,1514.0,1258.0,1349.0,1174.0,3803.0,3967.0,1317.0,1378.0,4308.0,4342.0,4117.0,4507.0,660.0,921.0,6249.0,5763.0,7265.0,6923.0,5025.0,5387.0,4243.0,4296.0,4592.0,4487.0,472.0,386.0,454.0,375.0
A00061204,2.32,2.591,2.701,2.497,2.712,2.595,1.461,1.668,3.193,3.023,2.376,2.393,2.597,2.609,2.294,2.485,2.87,2.696,2.789,2.964,2.094,2.338,2.013,2.089,2.71,2.664,1.846,1.756,2.299,2.446,2.985,2.84,2.389,2.448,2.685,3.014,2.855,2.757,2.653,2.588,2.37,2.518,1.397,1.396,1.846,1.96,2.31,2.364,2.447,2.52,2.231,2.29,2.84,2.719,2.351,2.402,2.763,2.762,2.015,1.974,3.044,2.883,2.443,2.57,3.637,4.005,2.48,2.11,868.0,901.0,678.0,604.0,2178.0,1921.0,1097.0,1230.0,493.0,457.0,306.0,218.0,2722.0,2999.0,3527.0,4399.0,2926.0,3230.0,2322.0,2419.0,899.0,833.0,4072.0,4011.0,2379.0,2184.0,3242.0,2887.0,1677.0,2035.0,3158.0,2695.0,1341.0,1501.0,636.0,642.0,1335.0,1574.0,611.0,779.0,1509.0,1395.0,1468.0,1149.0,3647.0,4071.0,1155.0,1158.0,4955.0,4525.0,3149.0,3021.0,483.0,595.0,5604.0,5986.0,6774.0,7291.0,4064.0,4753.0,3498.0,3796.0,4466.0,3528.0,466.0,466.0,425.0,396.0
A00061210,2.369,2.47,2.554,2.346,2.664,2.531,1.845,1.848,3.734,3.424,2.398,2.44,2.714,2.675,2.444,2.538,2.833,2.696,2.985,3.055,2.48,2.588,2.151,2.193,2.495,2.547,1.859,1.891,2.286,2.48,2.917,2.829,2.346,2.654,2.778,3.232,2.492,2.515,2.687,2.686,2.249,2.537,1.558,1.609,2.014,2.196,2.534,2.49,2.52,2.547,2.4,2.428,2.64,2.815,2.215,2.385,2.741,2.737,2.183,2.212,2.804,2.74,2.598,2.661,2.96,2.97,2.303,2.303,931.0,740.0,563.0,607.0,1924.0,2007.0,1713.0,1986.0,456.0,479.0,341.0,299.0,2848.0,2833.0,4249.0,4919.0,3155.0,3474.0,2420.0,2082.0,929.0,705.0,5360.0,5935.0,2591.0,2551.0,3454.0,3432.0,1866.0,1935.0,3433.0,3376.0,1456.0,1357.0,627.0,649.0,1388.0,1712.0,722.0,714.0,1511.0,1593.0,2017.0,1749.0,4451.0,3954.0,818.0,865.0,5092.0,4797.0,4084.0,3945.0,599.0,931.0,5283.0,5285.0,6713.0,6647.0,5854.0,5946.0,3427.0,3663.0,3752.0,3579.0,558.0,476.0,353.0,281.0
A00061263,2.333,2.283,2.861,2.678,2.536,2.278,1.872,1.667,3.802,4.014,2.829,2.605,2.798,2.792,2.343,2.334,2.841,2.8,2.924,2.941,2.477,2.215,2.298,2.132,2.654,2.635,1.765,1.654,2.548,2.394,2.907,2.848,2.456,2.34,2.296,2.576,2.383,2.511,2.798,2.59,2.255,2.356,1.542,1.545,1.953,1.916,2.411,2.536,2.44,2.515,2.339,2.298,2.89,3.017,2.308,2.316,2.679,2.633,2.059,2.111,2.829,2.732,2.53,2.427,3.56,3.963,2.102,2.32,1053.0,715.0,552.0,404.0,2035.0,1949.0,1100.0,1154.0,391.0,259.0,300.0,220.0,3205.0,2964.0,3405.0,4234.0,2625.0,2497.0,2314.0,2360.0,818.0,681.0,4126.0,4234.0,2407.0,2482.0,1840.0,2051.0,1771.0,1668.0,3264.0,2773.0,1033.0,1278.0,624.0,607.0,1145.0,1209.0,603.0,876.0,1483.0,1010.0,830.0,872.0,3499.0,3485.0,918.0,1039.0,4283.0,4535.0,3173.0,3160.0,391.0,620.0,4524.0,4531.0,6082.0,6329.0,4561.0,4183.0,3386.0,3689.0,3811.0,3277.0,514.0,421.0,424.0,274.0
A00061274,2.538,2.686,2.231,2.823,2.45,2.494,1.715,1.864,3.542,3.97,2.794,2.697,2.809,2.879,2.411,2.439,2.671,2.753,3.038,3.143,2.404,2.311,2.239,2.151,2.817,2.667,2.036,2.007,2.432,2.589,2.833,2.745,2.395,2.558,3.258,3.121,2.594,2.573,2.868,2.878,2.483,2.333,1.605,1.497,2.022,1.994,2.548,2.596,2.469,2.517,2.457,2.362,2.982,2.958,2.381,2.3,2.563,2.651,2.142,2.175,2.676,2.555,2.43,2.403,3.823,3.596,2.435,2.383,1156.0,786.0,423.0,448.0,2021.0,1727.0,1388.0,1583.0,380.0,356.0,309.0,271.0,2950.0,2673.0,4077.0,4752.0,3115.0,2931.0,2065.0,2030.0,800.0,893.0,4623.0,4854.0,2119.0,2175.0,3413.0,3073.0,1580.0,1659.0,3193.0,2538.0,1273.0,1318.0,623.0,612.0,1418.0,1355.0,565.0,744.0,1250.0,952.0,1435.0,1314.0,3549.0,3528.0,912.0,882.0,4222.0,4493.0,3487.0,3561.0,425.0,689.0,4366.0,4506.0,6332.0,5697.0,5042.0,5173.0,3370.0,3500.0,3825.0,3703.0,433.0,445.0,379.0,288.0
A00061275,2.339,2.579,2.156,2.301,2.485,2.444,1.913,1.943,3.704,3.162,2.952,2.832,2.659,2.597,2.464,2.437,2.639,2.81,2.727,2.792,2.467,2.463,2.179,2.291,2.568,2.533,2.137,1.991,2.531,2.465,2.736,2.77,2.305,2.401,2.959,2.711,2.369,2.629,2.577,2.51,2.469,2.308,1.693,1.754,2.027,1.934,2.369,2.303,2.423,2.475,2.281,2.277,2.668,2.741,2.273,2.354,2.617,2.684,2.178,2.282,2.594,2.434,2.449,2.322,3.664,3.582,1.919,1.943,875.0,828.0,445.0,589.0,2051.0,1774.0,1555.0,1780.0,392.0,451.0,270.0,227.0,2701.0,3371.0,3483.0,4399.0,2845.0,2403.0,2373.0,2221.0,979.0,778.0,4910.0,4784.0,2475.0,2415.0,3444.0,2886.0,1583.0,2004.0,3238.0,2725.0,1210.0,1438.0,623.0,687.0,1345.0,1737.0,640.0,779.0,1586.0,1389.0,1597.0,1216.0,4097.0,3467.0,1025.0,1079.0,4816.0,5216.0,3509.0,3354.0,480.0,936.0,4543.0,4495.0,6063.0,5887.0,5132.0,4713.0,3701.0,3779.0,4109.0,3622.0,407.0,398.0,467.0,327.0
A00061276,2.877,2.742,2.961,2.613,2.808,2.598,2.044,2.04,3.254,3.597,2.951,2.849,2.815,2.832,2.595,2.583,2.839,2.796,3.109,3.2,2.396,2.629,2.26,2.382,2.644,2.938,2.044,1.91,2.313,2.561,2.795,2.928,2.294,2.584,3.117,3.292,2.776,2.757,2.94,2.704,2.558,2.458,1.842,1.81,2.252,2.14,2.652,2.624,2.704,2.722,2.474,2.536,2.932,3.005,2.414,2.508,2.901,2.842,2.257,2.288,2.933,3.13,2.693,2.692,3.461,3.951,2.561,2.581,909.0,870.0,647.0,486.0,1629.0,1827.0,1600.0,1616.0,356.0,351.0,281.0,219.0,2968.0,3064.0,3638.0,4583.0,2970.0,3083.0,1990.0,1858.0,871.0,835.0,4202.0,4202.0,2509.0,2136.0,2986.0,2541.0,1749.0,1502.0,3249.0,2837.0,1335.0,1438.0,553.0,667.0,1103.0,1281.0,620.0,880.0,1302.0,1176.0,1539.0,1525.0,3942.0,3624.0,864.0,1025.0,4439.0,4286.0,3874.0,3697.0,371.0,721.0,5384.0,5349.0,6014.0,5652.0,5531.0,5569.0,3414.0,3652.0,3221.0,3384.0,399.0,408.0,413.0,299.0
A00061281,2.379,2.38,2.395,2.462,2.611,2.409,1.687,1.746,3.779,3.291,2.715,2.701,2.72,2.682,2.434,2.519,2.75,2.791,2.926,2.88,2.247,2.103,2.096,2.324,2.741,2.701,1.911,1.895,2.209,2.271,2.946,2.895,2.37,2.604,2.016,2.073,2.634,2.591,2.709,2.607,2.269,2.33,1.564,1.462,2.066,1.973,2.49,2.354,2.481,2.536,2.453,2.437,2.582,2.674,2.205,2.286,2.738,2.703,2.199,2.252,2.66,2.564,2.413,2.462,3.264,3.716,2.397,2.405,1064.0,1076.0,668.0,817.0,2409.0,1947.0,1503.0,1686.0,319.0,386.0,284.0,253.0,3279.0,3256.0,4653.0,6004.0,3588.0,3190.0,2659.0,2451.0,1047.0,952.0,4883.0,5508.0,2988.0,2476.0,3129.0,2577.0,1983.0,1932.0,3953.0,3481.0,1467.0,1555.0,735.0,678.0,1238.0,1816.0,991.0,919.0,1789.0,1430.0,1415.0,1041.0,4194.0,4181.0,1316.0,1205.0,6402.0,5733.0,3748.0,4068.0,572.0,790.0,6115.0,5176.0,6762.0,6903.0,5112.0,5442.0,4069.0,4119.0,6059.0,4512.0,433.0,453.0,431.0,383.0
A00061298,2.243,2.424,2.571,2.638,2.637,2.524,1.663,1.911,3.378,3.09,2.486,3.03,2.672,2.506,2.227,2.381,2.62,2.71,3.127,3.011,2.657,2.307,1.958,2.081,2.705,2.783,2.027,1.739,2.484,2.318,2.708,2.711,2.313,2.286,2.67,2.914,2.57,2.658,2.763,2.85,2.45,2.549,1.554,1.499,1.822,1.982,2.411,2.435,2.606,2.534,2.285,2.323,3.151,3.239,2.35,2.336,2.77,2.725,2.066,1.963,2.737,2.76,2.398,2.629,3.215,3.092,2.336,1.992,1027.0,1074.0,550.0,905.0,2158.0,1997.0,1918.0,1862.0,562.0,533.0,300.0,288.0,3434.0,3748.0,5361.0,5705.0,4050.0,3914.0,2223.0,2340.0,1105.0,1046.0,5552.0,5778.0,2856.0,2449.0,3874.0,3589.0,1884.0,2194.0,3645.0,3460.0,1406.0,1647.0,613.0,696.0,1482.0,1453.0,756.0,918.0,1824.0,1190.0,2036.0,1799.0,4254.0,5128.0,1184.0,1089.0,5089.0,4981.0,4229.0,4344.0,597.0,778.0,5956.0,6516.0,7771.0,6918.0,5281.0,5974.0,4174.0,4402.0,5536.0,4473.0,449.0,496.0,459.0,397.0
A00061387,2.657,2.685,2.548,2.713,2.819,2.82,1.924,2.002,2.865,2.963,3.329,3.133,2.829,2.92,2.61,2.818,2.781,2.781,3.017,3.238,2.204,2.17,2.299,2.365,2.828,2.812,2.059,2.007,2.88,2.588,2.981,2.858,2.33,2.409,2.478,2.498,2.85,2.815,3.216,2.98,2.588,2.555,1.509,1.434,2.247,2.131,2.472,2.582,2.55,2.671,2.672,2.628,3.043,3.308,2.517,2.706,3.086,2.92,2.403,2.531,3.03,2.977,2.788,2.769,3.483,4.046,2.623,2.555,830.0,818.0,489.0,489.0,2007.0,1704.0,1308.0,1393.0,295.0,309.0,285.0,217.0,2629.0,2397.0,3364.0,3802.0,2705.0,2742.0,2153.0,1951.0,1023.0,832.0,3978.0,4485.0,2476.0,2138.0,2680.0,2309.0,1774.0,1622.0,2840.0,2801.0,1159.0,1261.0,602.0,584.0,1084.0,1063.0,664.0,803.0,1330.0,911.0,1334.0,1326.0,3387.0,3237.0,947.0,913.0,4093.0,4440.0,2962.0,3093.0,482.0,478.0,4762.0,4532.0,6579.0,6181.0,4447.0,4504.0,3261.0,3489.0,3429.0,3351.0,443.0,429.0,410.0,321.0
A00061483,2.402,2.297,2.64,2.318,2.666,2.462,1.792,1.903,3.152,3.343,2.792,2.616,2.836,2.829,2.475,2.523,2.733,2.697,2.977,3.001,2.497,2.447,2.078,2.2,2.649,2.563,2.032,2.158,2.202,2.323,2.742,2.751,2.476,2.326,2.605,2.865,2.598,2.611,2.651,2.718,2.19,2.242,1.423,1.552,2.215,2.079,2.516,2.549,2.338,2.503,2.37,2.419,2.769,2.755,2.285,2.414,2.718,2.625,2.179,2.262,2.647,2.778,2.606,2.411,3.878,3.978,2.07,1.997,759.0,625.0,754.0,565.0,2328.0,1943.0,1434.0,1557.0,516.0,384.0,299.0,280.0,2753.0,2650.0,4158.0,4822.0,2747.0,3377.0,2281.0,2250.0,1013.0,952.0,4894.0,5012.0,2618.0,2504.0,3125.0,3131.0,2001.0,1803.0,2921.0,2588.0,1318.0,1541.0,648.0,725.0,1194.0,1376.0,740.0,738.0,1316.0,1169.0,1527.0,1569.0,4135.0,3875.0,1136.0,1233.0,4840.0,5191.0,3374.0,3506.0,606.0,942.0,6932.0,6062.0,6602.0,7088.0,4818.0,4541.0,3478.0,3477.0,3054.0,3118.0,490.0,433.0,401.0,297.0
A00061485,2.682,2.818,2.489,2.32,2.664,2.619,1.735,1.747,3.726,4.031,2.671,2.838,2.806,2.898,2.771,2.818,2.987,3.246,2.955,3.054,2.476,2.369,2.053,2.166,2.729,2.781,2.068,1.923,2.299,2.711,3.104,3.188,2.462,2.608,2.663,2.789,2.571,2.613,2.993,2.785,2.312,2.529,1.358,1.442,2.157,2.051,2.653,2.463,2.49,2.551,2.635,2.472,2.882,2.853,2.452,2.444,2.762,2.742,2.295,2.362,2.927,2.967,2.723,2.65,3.798,4.35,2.31,2.355,761.0,892.0,510.0,602.0,2503.0,1909.0,1179.0,1240.0,365.0,264.0,262.0,223.0,2782.0,2733.0,2874.0,3651.0,2742.0,2685.0,2132.0,1969.0,809.0,776.0,3847.0,3877.0,2305.0,2117.0,2635.0,2419.0,1466.0,1662.0,2814.0,2315.0,1166.0,1388.0,706.0,659.0,1242.0,1453.0,564.0,668.0,1285.0,1019.0,1170.0,888.0,4413.0,4568.0,1029.0,917.0,5437.0,5259.0,3584.0,3308.0,502.0,648.0,4914.0,4479.0,6302.0,6116.0,5093.0,5207.0,3047.0,3416.0,4239.0,3336.0,404.0,419.0,452.0,281.0
A00061597,2.528,2.581,2.411,2.299,2.684,2.783,1.769,1.95,3.887,4.048,2.678,2.93,2.842,2.824,2.602,2.68,2.953,2.966,3.231,3.265,2.408,2.571,2.382,2.441,2.606,2.799,2.07,1.911,2.389,2.334,3.129,3.012,2.746,2.569,3.199,2.938,2.565,2.661,2.716,2.629,2.333,2.314,1.608,1.71,2.237,2.266,2.708,2.717,2.672,2.699,2.646,2.565,2.547,2.902,2.361,2.443,2.866,2.769,2.373,2.354,3.111,3.029,2.697,2.823,3.829,3.999,2.455,2.529,861.0,966.0,423.0,655.0,2092.0,1778.0,1575.0,1457.0,378.0,426.0,302.0,266.0,3547.0,3160.0,4621.0,4896.0,3170.0,3484.0,2436.0,2344.0,930.0,749.0,4671.0,4128.0,2684.0,2760.0,3171.0,2992.0,1753.0,2042.0,3281.0,3309.0,1455.0,1576.0,592.0,673.0,1477.0,1621.0,632.0,819.0,1653.0,1356.0,1629.0,1499.0,3846.0,3740.0,1068.0,903.0,4518.0,4678.0,3485.0,3896.0,633.0,839.0,5241.0,5982.0,6998.0,6771.0,4831.0,4531.0,3750.0,4625.0,3677.0,4091.0,505.0,499.0,610.0,372.0
A00061598,2.62,2.781,2.538,2.335,2.625,2.547,1.934,1.82,3.36,3.389,2.524,2.896,2.748,2.823,2.393,2.554,2.751,2.919,3.023,3.136,2.209,2.23,2.177,2.18,2.647,2.833,2.086,2.101,2.419,2.495,3.083,3.022,2.521,2.581,2.823,2.405,2.659,2.647,2.913,2.725,2.544,2.626,1.41,1.418,2.202,2.152,2.31,2.395,2.624,2.543,2.461,2.456,2.993,2.994,2.429,2.423,2.911,2.881,2.168,2.185,3.011,3.0,2.578,2.655,3.934,4.192,2.337,2.371,769.0,833.0,544.0,590.0,2080.0,2099.0,1229.0,1326.0,281.0,329.0,287.0,211.0,2428.0,2280.0,2808.0,3554.0,2728.0,2685.0,2008.0,1830.0,785.0,766.0,3196.0,3968.0,2332.0,2130.0,2558.0,2139.0,1664.0,1734.0,2813.0,2554.0,1128.0,1155.0,580.0,633.0,1310.0,1340.0,610.0,696.0,1380.0,1300.0,1231.0,1061.0,3588.0,3102.0,1018.0,1094.0,4184.0,4426.0,2875.0,3353.0,500.0,625.0,4758.0,4759.0,6173.0,5816.0,4280.0,4710.0,2947.0,3387.0,3537.0,3004.0,350.0,360.0,449.0,321.0
A00061600,2.308,2.42,2.539,2.56,2.544,2.513,1.793,1.825,3.476,3.005,2.99,2.562,2.776,2.756,2.494,2.532,2.649,2.706,2.641,2.607,2.16,2.149,2.196,2.194,2.47,2.571,2.015,1.915,2.328,2.291,2.796,2.668,2.27,2.342,2.779,2.679,2.487,2.429,2.468,2.634,2.343,2.504,1.418,1.434,2.04,2.05,2.614,2.599,2.506,2.487,2.439,2.442,2.85,2.466,2.273,2.285,2.694,2.631,2.299,2.261,2.678,2.77,2.587,2.564,3.288,3.645,2.069,2.077,919.0,777.0,561.0,607.0,2076.0,2007.0,1236.0,1397.0,496.0,499.0,285.0,243.0,2848.0,2967.0,4305.0,5157.0,3283.0,3377.0,2512.0,2761.0,1045.0,837.0,4679.0,4774.0,2371.0,2270.0,2903.0,3123.0,1620.0,1905.0,3411.0,2584.0,1366.0,1534.0,604.0,602.0,1448.0,1589.0,716.0,814.0,1534.0,1407.0,1313.0,1126.0,4021.0,3874.0,958.0,1184.0,4780.0,4667.0,3808.0,3984.0,395.0,775.0,4965.0,5123.0,7245.0,6580.0,4923.0,4804.0,3357.0,3667.0,4196.0,3675.0,560.0,521.0,404.0,328.0
A00061647,2.313,2.796,2.556,2.532,2.622,2.487,1.881,1.834,3.12,3.508,2.827,2.452,2.833,2.809,2.501,2.495,2.735,2.784,2.765,2.957,2.388,2.688,2.315,2.204,2.549,2.571,1.979,1.996,2.538,2.471,2.811,2.659,2.484,2.383,2.606,3.111,2.535,2.521,2.619,2.508,2.363,2.24,1.479,1.693,2.217,2.087,2.703,2.58,2.552,2.614,2.396,2.379,2.977,3.027,2.354,2.289,2.729,2.779,2.175,2.116,2.698,2.647,2.714,2.655,3.619,3.635,2.422,2.274,951.0,810.0,534.0,502.0,1909.0,1833.0,1128.0,1275.0,480.0,411.0,307.0,277.0,2650.0,2565.0,3379.0,4007.0,2980.0,2854.0,2170.0,1832.0,650.0,708.0,4217.0,4294.0,2392.0,2380.0,2717.0,2835.0,1366.0,1736.0,3003.0,2770.0,1206.0,1347.0,590.0,554.0,1039.0,1364.0,571.0,742.0,1170.0,1129.0,1216.0,1279.0,3534.0,3528.0,945.0,981.0,4189.0,4226.0,2661.0,2837.0,339.0,557.0,5179.0,4812.0,6920.0,6069.0,4627.0,4266.0,3032.0,3533.0,2895.0,2991.0,430.0,431.0,346.0,262.0
A00061656,2.653,2.597,2.71,2.646,2.518,2.564,1.764,1.916,3.102,3.619,2.707,2.803,2.731,2.725,2.429,2.346,2.844,2.869,2.984,3.334,2.26,2.508,2.146,2.217,2.81,2.74,2.067,1.89,2.608,2.557,2.819,2.847,2.404,2.362,2.936,3.002,2.522,2.623,2.906,2.6,2.526,2.533,1.689,1.712,1.968,1.835,2.544,2.594,2.278,2.497,2.274,2.271,2.794,2.843,2.381,2.393,2.532,2.586,2.091,2.11,2.869,2.79,2.424,2.486,4.348,4.344,2.34,2.445,1154.0,1005.0,729.0,796.0,2524.0,2146.0,1488.0,1673.0,526.0,509.0,267.0,271.0,3155.0,3589.0,4923.0,6054.0,3317.0,3511.0,2605.0,2092.0,1043.0,847.0,5485.0,5248.0,2423.0,2789.0,2739.0,2745.0,1856.0,1831.0,3532.0,2907.0,1333.0,1468.0,664.0,701.0,1299.0,1654.0,684.0,767.0,1240.0,1141.0,1469.0,1150.0,4066.0,5020.0,1248.0,1151.0,5614.0,5929.0,4390.0,4270.0,708.0,806.0,6620.0,6051.0,6928.0,6742.0,5463.0,5684.0,3658.0,3790.0,4251.0,3740.0,446.0,420.0,423.0,329.0
A00061666,2.417,2.412,2.206,2.255,2.358,2.397,1.616,1.891,3.662,3.682,2.643,2.683,2.548,2.508,2.338,2.292,2.757,2.787,2.844,2.832,2.087,2.499,2.015,2.069,2.598,2.494,1.865,1.786,2.525,2.312,2.765,2.697,2.272,2.341,3.04,3.03,2.505,2.384,2.875,2.789,2.373,2.263,1.461,1.301,2.005,1.895,2.46,2.296,2.417,2.46,2.126,2.101,2.495,2.757,2.293,2.181,2.57,2.59,1.996,2.046,2.777,2.58,2.386,2.254,3.651,3.409,2.535,2.26,887.0,761.0,597.0,749.0,1735.0,1776.0,1310.0,1277.0,415.0,308.0,305.0,235.0,2740.0,2654.0,3706.0,4624.0,2438.0,2576.0,2230.0,2349.0,915.0,787.0,3829.0,4124.0,2539.0,2248.0,2836.0,3281.0,1561.0,1875.0,2816.0,2458.0,1343.0,1516.0,522.0,552.0,1306.0,1598.0,596.0,737.0,1399.0,1081.0,1341.0,1331.0,4551.0,4202.0,1203.0,1157.0,5196.0,5064.0,3458.0,4126.0,616.0,770.0,4364.0,4392.0,7111.0,6635.0,5164.0,5184.0,3381.0,3593.0,3583.0,3721.0,396.0,395.0,331.0,291.0
A00061709,2.718,3.127,2.863,2.755,2.792,2.665,1.953,2.049,3.376,3.474,2.495,2.828,2.876,3.046,2.474,2.529,2.924,2.992,3.0,3.151,2.424,2.105,2.228,2.454,2.785,2.602,2.144,1.997,2.437,2.492,3.139,3.069,2.682,2.613,3.244,3.075,2.695,2.922,2.755,2.461,2.587,2.614,1.617,1.581,2.242,2.165,2.337,2.584,2.639,2.641,2.442,2.47,3.28,2.992,2.412,2.414,2.806,2.803,2.274,2.303,3.291,3.076,2.686,2.629,3.362,3.725,2.327,2.341,897.0,923.0,671.0,937.0,2305.0,2095.0,1619.0,1633.0,476.0,367.0,303.0,227.0,3105.0,3038.0,4115.0,5575.0,3741.0,3700.0,2469.0,2258.0,1382.0,959.0,5491.0,5238.0,2677.0,2578.0,3620.0,3481.0,1445.0,1938.0,4089.0,3753.0,1185.0,1320.0,641.0,704.0,1452.0,1406.0,694.0,803.0,1385.0,1270.0,1975.0,1782.0,3984.0,3579.0,1167.0,1213.0,4900.0,4764.0,3762.0,3975.0,517.0,766.0,6788.0,6225.0,8300.0,7057.0,5039.0,4464.0,3368.0,4093.0,3948.0,3690.0,456.0,460.0,528.0,297.0
A00061711,2.463,2.479,2.705,2.525,2.655,2.444,1.8,1.865,3.353,2.872,2.493,2.475,2.489,2.711,2.397,2.361,2.585,2.681,2.843,2.992,2.368,2.446,2.035,2.013,2.617,2.491,1.937,1.812,2.456,2.111,2.856,2.84,2.428,2.432,2.95,2.88,2.366,2.467,2.783,2.558,2.26,2.418,1.572,1.367,1.974,2.061,2.274,2.36,2.446,2.408,2.252,2.22,2.619,2.943,2.176,2.387,2.811,2.606,2.02,2.055,2.736,2.786,2.484,2.435,3.406,3.548,2.145,2.652,1192.0,927.0,605.0,683.0,2143.0,2402.0,1798.0,1617.0,446.0,594.0,287.0,221.0,3198.0,2821.0,4597.0,4518.0,3373.0,3040.0,2396.0,2289.0,1086.0,1001.0,5163.0,5008.0,2349.0,2614.0,2941.0,3273.0,1775.0,1792.0,3777.0,3270.0,1217.0,1290.0,670.0,666.0,1448.0,1407.0,613.0,760.0,1424.0,1244.0,1411.0,1425.0,3901.0,4366.0,1001.0,1207.0,4789.0,5166.0,3400.0,3714.0,580.0,802.0,5255.0,5464.0,7744.0,7070.0,4476.0,4819.0,3643.0,4146.0,3840.0,3646.0,439.0,424.0,552.0,330.0
A00061714,2.796,2.769,2.7,2.462,2.706,2.558,1.978,2.132,2.954,3.024,2.649,2.461,2.823,2.761,2.672,2.654,2.899,2.79,2.983,3.268,2.373,2.43,2.306,2.402,2.877,2.745,1.933,2.077,2.587,2.817,3.176,3.091,2.724,2.651,2.411,2.378,2.891,2.927,3.091,2.788,2.733,2.831,1.607,1.775,2.161,2.104,2.547,2.525,2.488,2.697,2.619,2.64,2.662,3.017,2.546,2.571,2.953,2.898,2.28,2.344,3.024,3.02,2.714,2.71,3.146,3.638,2.484,2.746,874.0,705.0,863.0,848.0,2778.0,3795.0,1780.0,1620.0,484.0,398.0,373.0,286.0,4044.0,3387.0,4448.0,6489.0,3971.0,4103.0,2954.0,2600.0,1311.0,1201.0,4972.0,5492.0,3229.0,3168.0,3872.0,3572.0,1909.0,2093.0,3942.0,3792.0,1483.0,1623.0,960.0,793.0,1997.0,2412.0,782.0,888.0,1747.0,1629.0,1917.0,1610.0,4902.0,4386.0,1412.0,1481.0,5928.0,5604.0,4387.0,4762.0,637.0,1018.0,7516.0,7543.0,9100.0,8917.0,5509.0,6125.0,3870.0,4154.0,4940.0,4252.0,507.0,405.0,394.0,401.0
A00061715,2.512,2.904,3.124,2.572,2.934,2.656,2.039,2.229,3.045,2.668,3.22,3.012,2.94,3.012,2.663,2.775,3.036,3.284,3.344,3.505,2.434,2.536,2.486,2.533,2.818,2.782,2.185,2.318,2.426,2.75,3.292,3.282,2.632,2.559,2.69,2.946,2.746,2.985,2.987,2.846,3.018,2.659,1.626,1.898,2.112,2.013,2.544,2.54,2.65,2.789,2.593,2.641,2.779,3.089,2.532,2.652,2.991,3.122,2.379,2.301,3.25,3.157,2.774,2.783,3.406,3.492,2.882,2.651,914.0,882.0,579.0,777.0,2384.0,3099.0,1332.0,1513.0,510.0,467.0,307.0,304.0,3209.0,2990.0,4533.0,5760.0,3547.0,3447.0,2218.0,1992.0,1021.0,960.0,5460.0,4872.0,2951.0,3006.0,3430.0,3061.0,1973.0,1722.0,3303.0,3033.0,1384.0,1592.0,702.0,666.0,1457.0,1521.0,746.0,751.0,1558.0,1367.0,1569.0,1273.0,3979.0,4243.0,1279.0,1329.0,5031.0,4798.0,4058.0,4137.0,709.0,638.0,6366.0,7298.0,7763.0,7770.0,5429.0,5465.0,3552.0,3811.0,5075.0,3906.0,487.0,428.0,449.0,332.0
A00061725,2.135,2.416,2.645,2.71,2.518,2.576,2.01,1.883,2.886,3.815,2.935,3.061,2.737,2.687,2.225,2.319,2.621,2.71,2.851,2.962,2.481,2.602,2.072,2.111,2.659,2.71,1.916,2.08,2.345,2.546,2.801,2.562,2.467,2.39,3.071,2.789,2.465,2.509,2.546,2.652,2.106,2.246,1.555,1.633,2.121,1.953,2.43,2.485,2.457,2.44,2.173,2.279,2.58,2.54,2.279,2.19,2.585,2.69,2.119,2.198,2.573,2.645,2.412,2.356,4.039,3.552,2.024,2.089,850.0,781.0,566.0,613.0,2126.0,1732.0,1355.0,1649.0,486.0,427.0,281.0,216.0,2866.0,3575.0,3753.0,5083.0,3050.0,3035.0,2294.0,2031.0,958.0,981.0,5131.0,5543.0,2265.0,2466.0,3851.0,3027.0,1554.0,1801.0,3252.0,2530.0,1214.0,1358.0,581.0,601.0,1151.0,1313.0,713.0,728.0,1233.0,1127.0,1882.0,1688.0,3810.0,3913.0,1229.0,979.0,4924.0,4975.0,4052.0,3885.0,509.0,827.0,5908.0,5624.0,6361.0,5592.0,4746.0,5030.0,3141.0,3664.0,3338.0,3085.0,415.0,418.0,412.0,280.0
A00061727,2.958,2.795,2.795,2.517,2.751,2.871,1.958,2.041,3.23,3.348,2.786,2.634,2.715,2.934,2.582,2.703,2.981,2.855,3.1,3.193,2.312,2.327,2.17,2.286,2.677,2.875,1.976,2.103,2.382,2.273,2.928,3.128,2.566,2.706,2.787,2.741,2.836,2.936,2.962,3.073,2.735,2.727,1.554,1.546,2.079,2.143,2.481,2.724,2.627,2.77,2.506,2.551,2.82,2.965,2.344,2.41,2.895,2.867,2.331,2.275,3.133,3.047,2.788,2.853,3.783,4.073,2.912,2.714,1022.0,952.0,723.0,832.0,2499.0,2079.0,1677.0,1582.0,343.0,382.0,282.0,256.0,3051.0,2950.0,4818.0,5056.0,3803.0,3315.0,2513.0,2252.0,1032.0,967.0,5295.0,4496.0,2815.0,2480.0,3198.0,3457.0,1545.0,1901.0,3467.0,3257.0,1426.0,1471.0,630.0,646.0,1793.0,2028.0,694.0,803.0,1958.0,1524.0,1601.0,1655.0,3637.0,3590.0,1279.0,1299.0,4907.0,4687.0,3705.0,3875.0,802.0,999.0,6642.0,6336.0,8058.0,7243.0,5439.0,5487.0,3521.0,3526.0,3303.0,3577.0,363.0,441.0,415.0,327.0
A00061728,2.589,2.779,2.345,2.61,2.557,2.512,1.846,1.881,3.018,2.727,2.344,2.649,2.764,2.822,2.449,2.453,2.777,2.74,3.002,2.96,2.384,2.278,2.203,2.373,2.612,2.57,2.239,2.19,2.343,2.5,2.921,2.917,2.572,2.734,2.886,2.842,2.555,2.599,2.627,2.697,2.54,2.405,1.733,1.74,2.23,2.161,2.371,2.376,2.576,2.565,2.449,2.334,2.748,2.631,2.337,2.391,2.695,2.683,2.188,2.24,2.842,2.844,2.596,2.618,3.573,3.896,2.487,2.451,875.0,714.0,630.0,635.0,2061.0,2126.0,1437.0,1359.0,372.0,382.0,296.0,223.0,2645.0,2579.0,3579.0,4348.0,2489.0,2595.0,1909.0,1815.0,792.0,751.0,4655.0,4204.0,1951.0,2250.0,2860.0,3034.0,1725.0,1734.0,2762.0,2286.0,1355.0,1376.0,595.0,673.0,1146.0,1262.0,594.0,602.0,1105.0,1019.0,1404.0,1366.0,3930.0,3430.0,912.0,961.0,4509.0,4687.0,3323.0,3651.0,491.0,837.0,4928.0,4911.0,6664.0,6100.0,4701.0,4321.0,3142.0,3086.0,3072.0,3219.0,441.0,351.0,318.0,232.0
A00061730,2.826,3.023,2.598,2.513,2.693,2.555,2.072,2.042,3.409,3.31,2.657,2.354,2.858,2.764,2.694,2.839,2.914,2.945,3.294,3.225,2.629,2.597,2.186,2.179,2.702,2.775,2.052,2.14,2.698,2.622,3.251,3.202,2.708,2.598,2.678,2.893,2.717,2.825,3.199,3.035,2.5,2.497,1.604,1.701,2.211,2.045,2.506,2.588,2.625,2.606,2.577,2.584,3.185,3.295,2.28,2.481,2.929,2.817,2.327,2.379,3.115,3.167,2.82,2.848,2.662,3.827,2.955,2.565,1012.0,861.0,421.0,589.0,1624.0,2056.0,1680.0,1928.0,417.0,312.0,315.0,194.0,2755.0,2761.0,4249.0,5123.0,2730.0,3244.0,2164.0,2119.0,1056.0,863.0,4214.0,4672.0,2297.0,2214.0,3729.0,3453.0,1430.0,1586.0,3023.0,2963.0,1103.0,1408.0,631.0,541.0,1285.0,1639.0,634.0,747.0,1665.0,1454.0,1901.0,1851.0,3718.0,2940.0,1112.0,1086.0,4330.0,4568.0,3842.0,3650.0,477.0,569.0,5111.0,4539.0,6255.0,6435.0,5315.0,5174.0,3487.0,3432.0,3628.0,3424.0,389.0,364.0,415.0,280.0
A00061749,2.763,2.725,3.155,2.883,2.888,2.717,2.063,2.275,3.785,3.824,3.01,2.988,2.875,2.974,2.843,2.83,2.867,2.849,3.431,3.361,2.413,2.582,2.305,2.516,2.866,2.869,2.152,2.206,2.737,3.08,3.3,3.344,2.696,2.796,3.236,2.989,2.894,2.844,2.856,3.066,2.66,2.756,1.613,1.643,2.28,2.27,2.797,2.665,2.678,2.815,2.653,2.645,3.262,3.579,2.606,2.677,3.172,3.138,2.488,2.526,2.987,3.061,2.814,2.889,4.024,4.145,2.937,2.752,816.0,958.0,464.0,550.0,2163.0,1819.0,1671.0,1964.0,371.0,383.0,363.0,238.0,3028.0,3608.0,4266.0,5528.0,2908.0,3012.0,2226.0,2095.0,1157.0,1129.0,5984.0,5792.0,2679.0,2871.0,4068.0,2981.0,1750.0,1720.0,3273.0,2881.0,1316.0,1158.0,692.0,639.0,1356.0,1725.0,644.0,940.0,1846.0,1544.0,1910.0,1600.0,4024.0,3761.0,1172.0,1255.0,5155.0,5071.0,4463.0,4485.0,466.0,741.0,6145.0,6112.0,6561.0,6504.0,6408.0,6394.0,3494.0,4012.0,4945.0,3633.0,421.0,407.0,367.0,309.0
A00061767,2.198,2.383,2.267,2.272,2.552,2.56,1.641,1.801,3.397,3.633,2.472,2.737,2.818,2.549,2.46,2.332,2.829,2.76,2.614,2.623,2.639,2.515,2.218,2.2,2.418,2.448,1.926,1.726,2.128,2.222,2.74,2.721,2.344,2.442,2.137,2.254,2.553,2.567,2.446,2.588,2.426,2.213,1.492,1.37,2.101,2.035,2.394,2.462,2.328,2.347,2.339,2.495,2.481,2.189,2.174,2.245,2.623,2.513,2.259,2.349,2.485,2.489,2.498,2.532,3.642,3.491,2.111,2.031,926.0,762.0,583.0,580.0,2280.0,2681.0,1418.0,1727.0,407.0,364.0,326.0,259.0,3149.0,3625.0,4329.0,4582.0,3913.0,4177.0,2611.0,2910.0,884.0,833.0,4970.0,5227.0,2798.0,2566.0,3152.0,2697.0,2172.0,2010.0,3584.0,3414.0,1461.0,1439.0,847.0,771.0,1241.0,1748.0,830.0,877.0,1380.0,1776.0,1335.0,1138.0,4191.0,4791.0,951.0,1000.0,5664.0,4997.0,3865.0,4266.0,460.0,750.0,6368.0,7014.0,8138.0,8073.0,5595.0,5894.0,3501.0,4281.0,4498.0,4450.0,566.0,566.0,413.0,352.0
A00061787,2.472,2.42,2.933,2.692,2.534,2.578,2.034,1.874,3.006,3.127,2.838,2.411,2.766,2.78,2.569,2.475,2.903,3.035,2.967,3.02,2.341,2.042,2.412,2.525,2.54,2.472,1.993,1.78,2.394,2.418,2.889,3.097,2.405,2.427,2.487,2.668,2.59,2.55,3.205,2.789,2.533,2.542,1.651,1.585,2.158,2.107,2.298,2.47,2.446,2.476,2.328,2.396,2.556,2.74,2.43,2.437,2.732,2.833,2.248,2.197,2.654,2.771,2.502,2.506,3.847,3.525,2.661,2.407,682.0,716.0,364.0,547.0,1840.0,1536.0,1014.0,1233.0,263.0,253.0,222.0,216.0,2237.0,2398.0,3380.0,3970.0,2166.0,2190.0,2034.0,1882.0,888.0,685.0,3801.0,3954.0,2256.0,2534.0,2147.0,2067.0,1503.0,1526.0,2366.0,2338.0,1020.0,1241.0,492.0,547.0,1005.0,1189.0,523.0,641.0,1165.0,914.0,891.0,818.0,3433.0,3322.0,898.0,899.0,3879.0,3730.0,3199.0,3145.0,482.0,492.0,3836.0,4116.0,5664.0,5426.0,4308.0,4209.0,2908.0,3209.0,3668.0,2975.0,309.0,295.0,390.0,269.0
A00061806,2.438,2.459,2.73,2.683,2.611,2.598,1.635,1.694,3.09,3.152,2.72,2.665,2.57,2.51,2.437,2.425,2.689,2.773,2.818,2.979,2.38,2.442,2.114,2.152,2.627,2.623,2.022,2.022,2.355,2.165,2.736,2.799,2.374,2.513,2.567,2.636,2.515,2.626,2.651,2.49,2.401,2.507,1.468,1.382,2.134,2.22,2.319,2.399,2.669,2.525,2.412,2.231,2.769,2.854,2.354,2.568,2.916,2.741,2.309,2.36,2.483,2.493,2.496,2.607,3.408,3.207,2.046,2.231,580.0,738.0,578.0,626.0,2492.0,2039.0,1508.0,1400.0,586.0,363.0,258.0,269.0,3081.0,3753.0,4233.0,4837.0,3754.0,4054.0,2935.0,2719.0,1521.0,1986.0,6918.0,6423.0,2809.0,2472.0,3567.0,3909.0,1995.0,1774.0,3701.0,3162.0,1635.0,1911.0,637.0,668.0,1813.0,2099.0,724.0,933.0,1881.0,1548.0,1749.0,1719.0,4453.0,3772.0,1511.0,1615.0,4841.0,5103.0,4466.0,4199.0,630.0,735.0,5715.0,6113.0,7909.0,8075.0,5101.0,4712.0,3887.0,3126.0,3220.0,3619.0,517.0,477.0,351.0,371.0
A00061881,2.77,2.623,2.784,3.109,2.696,2.792,1.978,2.039,3.432,3.959,2.797,2.795,2.952,2.858,2.805,2.715,3.134,2.945,3.202,3.225,2.243,2.527,2.229,2.349,2.882,2.911,2.239,2.037,2.526,2.594,3.159,3.126,2.622,2.867,3.141,2.948,2.821,2.682,2.705,2.715,2.504,2.621,1.417,1.449,2.156,2.22,2.558,2.594,2.855,2.851,2.631,2.598,3.382,2.977,2.345,2.331,3.034,2.918,2.423,2.491,3.075,3.055,2.803,2.733,2.991,3.19,2.875,2.79,848.0,1005.0,558.0,807.0,2131.0,2015.0,1497.0,1474.0,596.0,382.0,273.0,230.0,2648.0,3190.0,4035.0,5017.0,2769.0,3113.0,2391.0,2276.0,969.0,960.0,5094.0,5140.0,2661.0,2648.0,3826.0,2632.0,1785.0,1872.0,3323.0,2919.0,1314.0,1317.0,648.0,706.0,1508.0,1553.0,796.0,853.0,1466.0,1333.0,1538.0,1099.0,3935.0,3788.0,1132.0,965.0,4656.0,4717.0,3604.0,3506.0,529.0,854.0,6867.0,6226.0,6829.0,5683.0,4734.0,5090.0,3513.0,3992.0,4203.0,3334.0,327.0,433.0,441.0,273.0
A00061882,2.652,2.641,3.489,2.77,2.561,2.497,1.806,1.762,3.414,3.87,2.873,2.681,2.677,2.695,2.501,2.572,2.83,2.797,2.84,3.003,2.391,2.464,2.085,2.084,2.875,2.717,1.919,1.8,2.604,2.482,2.938,2.892,2.452,2.424,2.709,2.827,2.53,2.721,2.834,2.769,2.351,2.528,1.47,1.49,2.109,2.153,2.727,2.7,2.561,2.499,2.496,2.504,2.962,3.098,2.278,2.271,2.929,2.85,2.254,2.271,2.787,2.842,2.573,2.762,3.711,3.807,2.528,2.479,825.0,931.0,589.0,466.0,1926.0,2010.0,1182.0,1357.0,330.0,333.0,259.0,176.0,2502.0,2469.0,3736.0,4759.0,2737.0,3045.0,2340.0,2074.0,819.0,848.0,4725.0,4460.0,2369.0,2491.0,2580.0,2401.0,1522.0,1907.0,3381.0,3010.0,1184.0,1423.0,540.0,545.0,1176.0,1451.0,763.0,859.0,1284.0,1281.0,1156.0,953.0,3818.0,3240.0,968.0,1173.0,4602.0,4635.0,2858.0,3404.0,441.0,676.0,5221.0,5453.0,6160.0,6316.0,4668.0,4540.0,3315.0,3667.0,3681.0,2875.0,313.0,362.0,437.0,278.0
A00061883,2.709,2.757,2.562,2.679,2.808,2.605,1.884,2.039,3.087,2.461,2.974,2.725,2.752,2.867,2.684,2.602,3.036,2.782,3.339,3.325,2.344,2.508,2.352,2.317,2.834,2.908,2.196,2.127,2.676,2.828,3.003,2.997,2.429,2.618,2.773,2.771,2.798,2.63,2.686,2.967,2.752,2.612,1.475,1.492,2.193,2.282,2.651,2.496,2.695,2.73,2.568,2.601,3.224,3.14,2.46,2.581,3.016,2.911,2.277,2.302,3.071,3.006,2.645,2.77,2.769,3.227,2.424,2.562,1077.0,1037.0,564.0,679.0,2486.0,2625.0,1802.0,1710.0,470.0,456.0,304.0,270.0,4052.0,4430.0,5788.0,5673.0,3504.0,3256.0,2369.0,2428.0,1422.0,1169.0,6453.0,7249.0,3073.0,2963.0,2863.0,2840.0,1791.0,2021.0,3570.0,3232.0,1637.0,1298.0,758.0,794.0,1923.0,2350.0,774.0,911.0,2035.0,1914.0,1386.0,1345.0,4398.0,4105.0,1363.0,1147.0,5601.0,5550.0,4286.0,4154.0,561.0,1022.0,6475.0,6369.0,8289.0,7252.0,5746.0,5689.0,4097.0,4245.0,3845.0,3591.0,398.0,460.0,416.0,383.0
A00061923,2.66,2.838,2.934,2.632,2.747,2.587,1.843,1.995,3.385,3.816,3.462,2.945,2.755,2.86,2.63,2.677,2.734,2.852,3.284,3.229,2.611,2.961,2.213,2.292,2.727,2.959,2.035,2.105,2.483,2.512,3.108,3.019,2.662,2.663,2.817,2.711,2.815,2.902,2.953,2.957,2.689,2.55,1.566,1.353,2.236,2.221,2.67,2.779,2.683,2.76,2.603,2.564,3.381,3.225,2.357,2.445,2.98,2.849,2.295,2.294,2.992,3.096,2.691,2.849,3.343,3.624,2.636,2.329,1041.0,765.0,395.0,462.0,2043.0,1691.0,1363.0,1494.0,470.0,391.0,260.0,236.0,2835.0,2745.0,4117.0,4852.0,2903.0,3025.0,1898.0,1946.0,782.0,734.0,4831.0,4851.0,2319.0,2167.0,3127.0,2909.0,1837.0,1639.0,3113.0,2807.0,1092.0,1087.0,597.0,639.0,1072.0,1191.0,571.0,772.0,1316.0,1050.0,1463.0,1154.0,3770.0,3342.0,821.0,899.0,4421.0,4665.0,3140.0,3144.0,352.0,629.0,5230.0,5027.0,5847.0,5805.0,4501.0,5150.0,2933.0,3037.0,3486.0,2998.0,440.0,366.0,368.0,281.0
A00061962,2.313,2.646,2.353,2.322,2.605,2.506,2.031,1.896,3.292,3.62,2.94,2.89,2.606,2.822,2.529,2.527,2.602,2.808,2.918,3.01,2.31,2.641,2.194,2.229,2.759,2.76,2.11,1.917,2.333,2.54,2.83,2.724,2.315,2.513,2.86,2.703,2.63,2.6,2.921,2.969,2.495,2.565,1.834,1.703,2.206,2.065,2.369,2.284,2.648,2.639,2.241,2.375,2.95,2.883,2.429,2.529,2.68,2.747,2.214,2.234,2.718,2.521,2.569,2.646,3.496,3.591,2.591,2.483,825.0,730.0,619.0,747.0,2408.0,2200.0,1426.0,1616.0,351.0,290.0,264.0,232.0,2471.0,2688.0,3527.0,4474.0,2653.0,3024.0,2420.0,2003.0,1032.0,855.0,4010.0,4310.0,2369.0,2303.0,3290.0,2801.0,1381.0,1731.0,2875.0,2719.0,1342.0,1482.0,605.0,588.0,1595.0,1604.0,595.0,773.0,1493.0,1326.0,1630.0,1381.0,3433.0,3406.0,1221.0,1243.0,4287.0,4177.0,3220.0,3277.0,513.0,803.0,4795.0,4912.0,7221.0,6193.0,4919.0,5072.0,3475.0,3567.0,3594.0,2759.0,427.0,378.0,484.0,353.0
A00062081,2.942,3.155,2.964,2.854,3.027,3.05,2.044,2.092,3.656,3.836,3.478,3.266,2.966,2.852,2.867,2.755,3.107,3.049,3.241,3.48,2.622,2.921,2.453,2.478,3.083,3.108,2.017,2.03,2.812,3.039,3.361,3.223,2.838,2.763,2.904,3.374,3.02,2.953,3.042,3.536,3.015,2.876,1.841,1.847,2.145,1.999,2.977,2.79,2.836,2.883,2.66,2.617,3.334,3.43,2.682,2.799,3.286,3.181,2.445,2.477,3.139,3.239,2.924,2.86,3.808,3.661,2.655,2.694,963.0,908.0,718.0,627.0,2356.0,1763.0,1645.0,1669.0,387.0,250.0,293.0,283.0,2513.0,2850.0,4668.0,6131.0,2395.0,2376.0,2125.0,1863.0,1039.0,714.0,5326.0,5458.0,2183.0,2138.0,2783.0,2689.0,1605.0,1477.0,3090.0,2937.0,1324.0,1450.0,717.0,652.0,1131.0,1411.0,590.0,720.0,1455.0,1244.0,1719.0,1578.0,3483.0,3425.0,1241.0,1398.0,4350.0,4289.0,3576.0,3653.0,569.0,833.0,5386.0,5625.0,6786.0,6635.0,4836.0,4951.0,3438.0,4052.0,3626.0,3126.0,395.0,358.0,451.0,288.0
A00062085,2.837,2.975,2.834,2.977,2.803,2.81,2.272,2.175,2.721,3.123,2.979,3.072,2.817,2.972,2.731,2.813,3.02,2.904,3.161,3.351,2.589,2.573,2.334,2.354,2.988,3.297,2.183,2.057,3.164,2.91,3.235,3.093,3.09,2.666,2.584,2.723,2.892,2.844,3.076,3.255,2.792,2.839,1.66,1.576,2.212,2.291,2.959,2.733,2.616,2.712,2.926,2.901,3.359,3.533,2.691,2.674,3.151,3.033,2.413,2.503,3.019,3.087,2.875,2.89,3.044,3.346,2.786,2.918,893.0,916.0,564.0,781.0,2174.0,1811.0,1679.0,1871.0,522.0,440.0,343.0,282.0,3636.0,3488.0,4315.0,5609.0,3842.0,4258.0,3085.0,2910.0,1312.0,988.0,5102.0,5511.0,2899.0,2497.0,2867.0,2915.0,1652.0,1964.0,4273.0,3905.0,1147.0,1447.0,814.0,800.0,1460.0,2403.0,770.0,868.0,2034.0,1717.0,1548.0,1706.0,4617.0,3688.0,1277.0,1162.0,5235.0,5342.0,4031.0,4403.0,704.0,671.0,7316.0,6955.0,7577.0,7421.0,4774.0,5597.0,4226.0,4347.0,4966.0,4033.0,458.0,413.0,633.0,345.0
A00062144,3.046,2.706,2.773,2.678,2.878,2.815,1.891,2.01,3.123,3.236,3.025,2.79,2.854,2.778,2.642,2.634,2.786,2.929,3.222,3.359,2.358,2.653,2.251,2.489,2.933,2.872,2.159,1.854,2.408,2.626,3.091,2.92,2.647,2.7,3.035,3.037,2.602,2.893,2.951,3.029,2.744,2.765,1.783,1.886,2.222,2.192,2.634,2.68,2.637,2.738,2.517,2.493,2.921,2.86,2.45,2.588,2.974,2.964,2.357,2.362,3.11,2.979,2.743,2.658,3.441,3.66,2.741,2.55,742.0,772.0,491.0,539.0,1722.0,2120.0,986.0,1131.0,430.0,402.0,295.0,259.0,2870.0,3131.0,3976.0,4578.0,2887.0,2815.0,2699.0,2210.0,901.0,846.0,4217.0,3937.0,2543.0,2558.0,2511.0,2095.0,1589.0,1746.0,2913.0,2676.0,1141.0,1279.0,590.0,688.0,1071.0,1278.0,768.0,899.0,1677.0,1394.0,1091.0,890.0,3269.0,3493.0,927.0,1038.0,4315.0,4126.0,3152.0,3715.0,464.0,818.0,5321.0,5484.0,7166.0,6695.0,4386.0,4746.0,3254.0,3857.0,4178.0,3604.0,420.0,397.0,523.0,308.0
A00062146,2.458,2.768,2.751,2.84,2.889,2.85,1.853,1.85,2.6,2.648,3.256,2.208,2.853,2.325,2.772,2.801,2.906,2.855,3.167,3.16,2.831,2.851,2.148,2.317,2.846,2.991,2.027,1.754,2.56,2.583,3.065,2.779,2.443,2.707,2.964,3.379,2.859,2.757,3.132,3.321,2.81,2.641,1.488,1.501,2.275,2.213,2.777,2.56,2.716,2.829,2.558,2.556,3.024,3.164,2.644,2.625,2.97,2.926,2.373,2.448,3.093,3.05,2.797,3.001,3.346,3.33,2.735,2.253,783.0,803.0,531.0,499.0,2339.0,2137.0,1287.0,1193.0,474.0,446.0,305.0,227.0,3076.0,1965.0,4036.0,4545.0,2972.0,2435.0,2663.0,2479.0,956.0,833.0,3565.0,4001.0,2889.0,2387.0,2292.0,2044.0,1676.0,1830.0,3012.0,2448.0,1253.0,1403.0,564.0,686.0,1380.0,1698.0,693.0,1019.0,1639.0,1545.0,1111.0,1021.0,3697.0,3467.0,868.0,1146.0,4220.0,4358.0,3651.0,3938.0,534.0,734.0,5225.0,5230.0,6564.0,6314.0,5009.0,5092.0,3675.0,3819.0,4144.0,4133.0,421.0,363.0,457.0,376.0
A00062210,2.545,2.709,2.736,2.724,2.535,2.495,1.912,1.807,3.022,3.455,3.193,2.649,2.778,2.762,2.477,2.54,2.828,2.754,3.025,3.138,2.708,2.586,2.173,2.409,2.647,2.877,1.976,1.928,2.34,2.475,2.973,2.93,2.393,2.428,3.107,2.91,2.726,2.561,2.758,3.025,2.591,2.445,1.485,1.645,2.187,2.179,2.62,2.474,2.465,2.576,2.354,2.446,2.823,2.722,2.48,2.378,2.699,2.74,2.294,2.2,2.875,2.937,2.836,2.72,3.263,3.849,2.492,2.372,707.0,675.0,457.0,553.0,1833.0,1762.0,1449.0,1417.0,538.0,406.0,258.0,202.0,2688.0,2421.0,3382.0,4229.0,2535.0,2796.0,2066.0,1814.0,854.0,813.0,3879.0,3942.0,2417.0,2085.0,2996.0,3028.0,1683.0,1405.0,2751.0,2291.0,1166.0,1311.0,587.0,703.0,1002.0,1243.0,583.0,773.0,1218.0,1170.0,1652.0,1522.0,3319.0,3465.0,929.0,868.0,4254.0,3779.0,3651.0,3546.0,421.0,485.0,4763.0,4679.0,6465.0,5867.0,4207.0,4666.0,2917.0,3053.0,3163.0,3014.0,411.0,402.0,395.0,271.0
A00062248,2.652,2.531,2.812,2.843,2.796,2.785,1.732,1.831,3.57,3.407,2.621,2.745,2.741,2.817,2.564,2.563,2.664,2.899,3.127,3.078,2.496,2.625,2.136,2.14,2.711,2.715,2.016,1.88,2.562,2.52,2.927,3.009,2.709,2.772,2.527,2.598,2.545,2.709,2.719,2.757,2.629,2.554,1.557,1.443,2.088,2.051,2.779,2.519,2.771,2.739,2.528,2.437,2.999,3.035,2.508,2.569,2.971,2.985,2.274,2.339,2.872,2.862,2.583,2.66,3.458,3.919,2.554,2.471,963.0,747.0,515.0,589.0,1710.0,1548.0,1249.0,1232.0,365.0,334.0,262.0,218.0,2908.0,3122.0,3708.0,4497.0,3152.0,2854.0,2040.0,1929.0,793.0,684.0,3948.0,4097.0,2336.0,1945.0,2647.0,2618.0,1379.0,1400.0,3028.0,2728.0,1188.0,1298.0,622.0,662.0,1066.0,1214.0,613.0,627.0,1248.0,1049.0,1067.0,877.0,3475.0,3244.0,861.0,1053.0,4196.0,4521.0,3162.0,3308.0,534.0,502.0,4311.0,4294.0,6008.0,5677.0,4695.0,4833.0,3100.0,3468.0,3737.0,3272.0,409.0,410.0,418.0,304.0
A00062255,2.299,2.764,2.854,2.321,2.551,2.552,1.721,1.733,3.272,3.168,2.803,2.647,2.703,2.768,2.386,2.423,2.608,2.729,2.851,2.933,2.168,2.178,2.093,2.078,2.536,2.514,2.022,2.081,2.336,2.332,2.722,2.789,2.34,2.398,2.397,2.687,2.389,2.426,2.788,2.508,2.344,2.444,1.456,1.479,2.163,2.088,2.302,2.359,2.55,2.489,2.485,2.43,2.833,2.973,2.284,2.436,2.762,2.671,2.208,2.169,2.628,2.537,2.511,2.544,3.447,3.509,2.005,2.247,1018.0,920.0,604.0,827.0,2298.0,2131.0,1608.0,1597.0,509.0,397.0,260.0,266.0,3208.0,2889.0,4253.0,5268.0,3723.0,3008.0,2705.0,2554.0,1058.0,992.0,5379.0,5234.0,2466.0,2924.0,3511.0,3592.0,2054.0,2006.0,3692.0,3177.0,1351.0,1373.0,721.0,694.0,1089.0,1416.0,675.0,821.0,1472.0,1263.0,1578.0,1442.0,4336.0,3900.0,1417.0,1358.0,4825.0,5224.0,3330.0,3459.0,636.0,923.0,6063.0,5954.0,6303.0,5914.0,5617.0,5110.0,3801.0,4501.0,4482.0,4173.0,532.0,460.0,561.0,356.0
A00062266,2.304,2.546,2.601,2.265,2.439,2.529,1.6,1.686,3.057,3.698,2.64,2.209,2.672,2.538,2.309,2.443,2.665,2.634,2.84,2.812,2.238,2.089,2.002,1.99,2.493,2.547,1.789,1.805,2.294,2.27,2.768,2.734,2.067,2.163,2.863,3.085,2.451,2.473,2.591,2.595,2.399,2.347,1.454,1.401,1.945,1.964,2.497,2.482,2.554,2.549,2.488,2.394,2.697,2.684,2.216,2.209,2.744,2.613,2.127,2.223,2.793,2.774,2.439,2.368,3.458,3.706,2.214,2.313,733.0,780.0,471.0,587.0,1820.0,1719.0,1342.0,1546.0,432.0,388.0,306.0,212.0,3169.0,3380.0,3927.0,4909.0,2866.0,2413.0,2129.0,1990.0,918.0,745.0,4969.0,4759.0,2158.0,2239.0,2735.0,2673.0,1705.0,1741.0,2904.0,2916.0,1287.0,1353.0,615.0,644.0,1268.0,1403.0,601.0,693.0,1366.0,1050.0,1261.0,1209.0,3409.0,3251.0,949.0,1029.0,4077.0,4651.0,3234.0,3811.0,509.0,571.0,5409.0,5017.0,7073.0,6581.0,5213.0,5285.0,3560.0,3862.0,3530.0,3514.0,465.0,422.0,480.0,295.0
A00062268,2.7,2.659,2.727,2.508,2.757,2.661,1.738,1.865,3.585,3.03,2.932,3.106,2.744,2.79,2.608,2.592,2.807,2.921,2.889,3.023,2.282,2.526,2.208,2.243,2.744,2.642,1.792,1.922,2.464,2.403,2.95,3.029,2.408,2.337,2.251,2.724,2.513,2.586,2.763,2.842,2.649,2.591,1.48,1.436,1.983,1.913,2.621,2.406,2.511,2.481,2.403,2.378,2.713,3.045,2.425,2.523,2.833,2.759,2.256,2.179,2.637,2.729,2.405,2.517,3.592,3.698,2.141,2.103,822.0,968.0,614.0,661.0,2063.0,2125.0,1497.0,1302.0,421.0,381.0,258.0,220.0,2542.0,2462.0,4219.0,4953.0,3031.0,2817.0,2485.0,2064.0,944.0,750.0,4227.0,4314.0,2287.0,2682.0,2660.0,2775.0,1466.0,1811.0,3211.0,2606.0,1342.0,1463.0,548.0,577.0,1196.0,1657.0,586.0,748.0,1228.0,1037.0,1392.0,1528.0,3486.0,3303.0,1016.0,1124.0,4447.0,4769.0,3035.0,3181.0,522.0,818.0,5291.0,4820.0,7072.0,6794.0,4410.0,4820.0,3416.0,3477.0,3704.0,3239.0,421.0,418.0,497.0,306.0
A00062282,2.431,2.587,2.942,2.688,2.725,2.619,1.901,2.152,3.232,3.247,2.783,2.692,2.658,2.727,2.286,2.5,2.684,2.779,2.959,3.019,2.377,2.005,2.308,2.316,2.515,2.585,1.997,1.977,2.375,2.276,2.991,2.968,2.418,2.621,2.936,3.054,2.687,2.545,2.786,2.588,2.427,2.669,1.683,1.673,2.129,2.166,2.169,2.474,2.722,2.724,2.442,2.535,2.887,3.004,2.283,2.483,2.807,2.684,2.183,2.269,2.896,2.816,2.497,2.482,3.112,3.345,2.373,2.229,918.0,770.0,627.0,897.0,2129.0,2064.0,2233.0,2161.0,616.0,508.0,277.0,276.0,3439.0,3038.0,4766.0,4905.0,3799.0,3480.0,2607.0,2744.0,1119.0,1124.0,5712.0,6390.0,3106.0,2729.0,3293.0,3909.0,2307.0,2120.0,4128.0,3584.0,1391.0,1402.0,746.0,1007.0,1441.0,1545.0,786.0,986.0,1463.0,1333.0,2011.0,1868.0,3975.0,3810.0,1129.0,802.0,4685.0,4903.0,4064.0,4367.0,616.0,851.0,6868.0,5749.0,8233.0,7469.0,5591.0,5894.0,4001.0,4288.0,4211.0,4282.0,443.0,444.0,396.0,372.0
A00062285,2.554,2.819,2.476,2.81,2.908,2.802,1.786,1.787,3.686,3.889,3.043,3.192,2.844,2.892,2.499,2.752,3.063,2.95,3.059,3.111,2.723,2.684,2.265,2.275,2.782,2.991,2.063,2.101,2.593,2.519,2.996,2.953,2.769,2.812,2.574,2.516,2.799,2.761,2.821,2.99,2.661,2.648,1.569,1.543,2.172,2.228,2.587,2.532,2.837,2.829,2.446,2.396,2.929,2.825,2.413,2.63,3.008,2.836,2.353,2.312,3.067,2.997,2.735,2.765,4.077,3.867,2.752,2.739,1033.0,709.0,292.0,550.0,1462.0,1507.0,1080.0,1087.0,321.0,290.0,240.0,193.0,2514.0,2421.0,3342.0,4085.0,2350.0,2392.0,2024.0,1972.0,717.0,599.0,3628.0,3364.0,2175.0,2020.0,2630.0,2634.0,1507.0,1591.0,2680.0,2693.0,1117.0,1225.0,594.0,578.0,1101.0,1242.0,592.0,718.0,1480.0,1003.0,1144.0,1070.0,3156.0,3166.0,900.0,914.0,3751.0,3796.0,2858.0,3063.0,374.0,580.0,3732.0,4156.0,5628.0,5320.0,4018.0,3962.0,2996.0,3117.0,3319.0,3053.0,417.0,451.0,330.0,275.0
A00062288,2.63,2.867,2.855,2.591,2.684,2.667,1.819,1.936,3.357,3.799,2.779,2.644,2.945,3.065,2.583,2.571,2.981,3.075,3.231,3.288,2.661,2.445,2.318,2.355,2.825,2.857,2.042,2.07,2.566,2.457,3.029,3.125,2.469,2.633,3.018,3.109,2.888,2.854,2.678,3.1,2.486,2.538,1.487,1.453,2.115,1.994,2.442,2.633,2.817,2.676,2.487,2.545,3.002,3.02,2.386,2.406,2.865,2.74,2.311,2.321,3.045,3.166,2.783,2.635,4.195,3.948,2.504,2.531,1010.0,1023.0,761.0,723.0,2322.0,1879.0,1313.0,1332.0,395.0,311.0,269.0,196.0,2741.0,2462.0,3850.0,4919.0,2620.0,2524.0,1850.0,1787.0,888.0,811.0,4578.0,4651.0,2290.0,2235.0,3247.0,3270.0,1513.0,1684.0,3245.0,2809.0,1200.0,1267.0,674.0,686.0,991.0,1319.0,608.0,777.0,1287.0,1363.0,1459.0,1340.0,3892.0,3316.0,1009.0,1026.0,4209.0,3997.0,3290.0,3536.0,557.0,656.0,6033.0,6006.0,6933.0,6734.0,4969.0,4622.0,3344.0,3896.0,3349.0,3123.0,398.0,371.0,397.0,274.0
A00062351,2.315,2.816,2.744,2.251,2.933,2.6,2.043,2.176,3.787,4.16,2.412,2.706,3.004,2.819,2.406,2.582,3.01,3.068,3.288,2.99,2.469,2.435,2.277,2.361,2.726,2.853,2.063,2.026,2.392,2.46,3.228,3.143,2.631,2.55,2.993,3.069,2.87,2.752,2.499,2.919,2.442,2.581,1.564,1.644,2.203,2.171,2.349,2.663,2.823,2.836,2.373,2.319,2.988,2.74,2.334,2.416,2.935,2.81,2.231,2.215,3.153,3.074,2.539,2.632,3.668,3.904,2.936,2.987,1138.0,862.0,590.0,662.0,1948.0,2074.0,1836.0,2054.0,569.0,437.0,297.0,243.0,3041.0,3591.0,3918.0,5105.0,2724.0,2963.0,2237.0,2617.0,1052.0,1114.0,6015.0,5661.0,2666.0,2201.0,3623.0,3712.0,1745.0,1882.0,3176.0,2848.0,1353.0,1619.0,610.0,539.0,1452.0,1422.0,796.0,781.0,1564.0,1326.0,2325.0,2211.0,4090.0,3722.0,1218.0,1236.0,4477.0,4554.0,3731.0,4098.0,520.0,712.0,5209.0,5988.0,7078.0,6982.0,5386.0,4949.0,3438.0,4030.0,3675.0,3618.0,442.0,442.0,402.0,323.0
A00062361,3.008,3.003,2.809,3.116,2.737,2.815,2.323,2.0,3.855,3.722,3.148,3.648,2.935,2.897,2.809,2.786,2.997,2.897,3.331,3.431,2.528,2.685,2.409,2.576,2.99,3.136,2.316,2.15,2.91,2.824,3.325,3.23,2.844,2.736,2.82,2.91,3.011,3.119,3.001,2.872,2.733,2.853,1.658,1.846,2.289,2.251,2.768,2.912,2.763,2.821,2.803,2.782,3.459,3.245,2.731,2.809,3.114,3.066,2.488,2.378,2.961,3.251,2.992,2.902,3.495,3.639,2.829,2.814,1346.0,1177.0,991.0,1416.0,3354.0,3145.0,2202.0,2139.0,408.0,418.0,361.0,336.0,3349.0,3855.0,6098.0,6137.0,4102.0,4597.0,3338.0,2828.0,1316.0,1248.0,6638.0,6419.0,3567.0,3733.0,4457.0,4204.0,2142.0,2400.0,4827.0,4311.0,1775.0,2074.0,594.0,632.0,1479.0,1836.0,1014.0,1260.0,1799.0,1734.0,2084.0,2075.0,5267.0,5598.0,1611.0,1853.0,5928.0,5783.0,5200.0,5287.0,836.0,1251.0,8359.0,8561.0,9440.0,9002.0,6974.0,6692.0,5144.0,5397.0,4455.0,5086.0,447.0,501.0,492.0,319.0
A00062368,2.372,2.505,2.626,2.898,2.536,2.607,1.75,1.832,3.256,3.609,2.81,2.521,2.765,2.568,2.588,2.593,2.86,2.65,3.073,3.193,2.06,1.971,2.325,2.354,2.591,2.861,1.982,1.987,2.416,2.498,3.03,2.95,2.365,2.57,2.663,2.341,2.498,2.562,2.775,2.605,2.669,2.555,1.528,1.513,2.061,2.038,2.337,2.435,2.535,2.572,2.409,2.396,2.732,2.798,2.39,2.307,2.692,2.741,2.234,2.236,2.748,2.769,2.567,2.679,3.306,3.639,2.469,2.232,746.0,651.0,619.0,633.0,2053.0,1888.0,1494.0,1608.0,258.0,290.0,269.0,249.0,2694.0,2406.0,3550.0,5011.0,2532.0,2493.0,2192.0,2152.0,943.0,819.0,4050.0,4355.0,2336.0,2345.0,2796.0,2542.0,1801.0,1689.0,2893.0,2764.0,1146.0,1301.0,534.0,523.0,1167.0,1373.0,604.0,728.0,1744.0,1371.0,1457.0,1404.0,3315.0,3200.0,1133.0,1182.0,3909.0,4165.0,3364.0,3488.0,696.0,866.0,5138.0,5390.0,6225.0,6782.0,4271.0,4743.0,3084.0,3639.0,3491.0,2872.0,323.0,466.0,488.0,311.0
A00062369,2.428,2.783,2.898,2.851,2.876,2.752,2.152,2.057,3.023,3.176,2.866,3.315,2.911,2.952,2.674,2.829,2.935,2.9,2.998,3.136,2.456,2.459,2.331,2.368,2.663,2.882,2.13,2.115,2.68,2.627,2.909,2.952,2.729,2.702,2.842,3.069,2.756,2.835,2.973,3.175,2.563,2.565,1.709,1.752,2.237,2.26,2.831,2.749,2.774,2.733,2.644,2.615,2.953,3.427,2.398,2.529,2.949,2.848,2.523,2.491,3.036,2.953,2.785,2.827,3.722,3.75,2.569,2.678,698.0,808.0,552.0,750.0,1885.0,3002.0,1433.0,1676.0,436.0,407.0,281.0,221.0,2588.0,2991.0,4669.0,4925.0,2969.0,3307.0,2271.0,2127.0,832.0,847.0,5180.0,5146.0,2425.0,2155.0,3296.0,3046.0,1439.0,1625.0,3117.0,2643.0,1298.0,1316.0,653.0,677.0,1221.0,1682.0,669.0,740.0,1433.0,1339.0,1638.0,1485.0,3826.0,3475.0,1127.0,1090.0,4137.0,4359.0,3543.0,3994.0,554.0,700.0,5208.0,5288.0,7109.0,6617.0,4586.0,4528.0,3290.0,2991.0,2695.0,2887.0,447.0,475.0,358.0,277.0
A00062411,2.659,2.588,2.774,2.347,2.659,2.675,1.799,1.838,3.092,3.192,2.521,2.918,2.802,2.779,2.507,2.574,2.739,2.648,3.028,3.105,2.638,2.56,2.194,2.241,2.733,2.543,1.916,1.962,2.571,2.283,2.855,2.941,2.509,2.347,2.489,2.462,2.672,2.704,2.607,2.458,2.612,2.438,1.679,1.791,2.09,2.241,2.387,2.49,2.558,2.778,2.376,2.401,2.727,2.797,2.302,2.409,2.803,2.772,2.251,2.259,3.024,2.966,2.653,2.668,3.408,3.365,2.489,2.619,1089.0,785.0,479.0,797.0,1980.0,2045.0,1515.0,1622.0,421.0,356.0,297.0,240.0,2806.0,3287.0,4819.0,5240.0,3226.0,3117.0,2319.0,2263.0,986.0,751.0,5329.0,4576.0,2631.0,2513.0,3255.0,2898.0,1903.0,1961.0,3285.0,2914.0,1291.0,1440.0,678.0,668.0,1630.0,2401.0,691.0,652.0,1798.0,1501.0,1650.0,1340.0,3770.0,3817.0,1151.0,859.0,4826.0,4411.0,3980.0,4147.0,615.0,850.0,6247.0,5852.0,7473.0,7139.0,5137.0,4867.0,3799.0,4098.0,4238.0,3636.0,413.0,407.0,425.0,380.0
A00062809,2.608,2.914,3.077,2.798,2.933,2.767,1.902,1.939,3.221,3.403,2.916,2.963,2.793,2.803,2.759,2.72,2.797,2.914,3.241,3.26,2.458,2.461,2.269,2.32,2.678,2.742,2.17,1.978,2.717,2.61,3.11,2.909,2.647,2.823,2.75,2.588,2.981,2.963,3.227,3.158,2.565,2.75,1.676,1.659,2.305,2.152,2.707,2.657,2.978,2.943,2.686,2.749,3.331,3.215,2.528,2.481,3.132,3.036,2.353,2.384,3.217,3.063,2.867,2.753,3.613,3.463,2.618,2.49,963.0,830.0,503.0,568.0,1990.0,1844.0,1275.0,1269.0,363.0,405.0,320.0,206.0,2709.0,2892.0,4297.0,4809.0,3147.0,3010.0,1996.0,2036.0,946.0,824.0,4576.0,4727.0,2983.0,2898.0,3351.0,3215.0,1990.0,2011.0,2969.0,3040.0,1212.0,1317.0,592.0,655.0,1221.0,1526.0,686.0,1003.0,1404.0,1306.0,1398.0,1361.0,3981.0,3558.0,977.0,1119.0,4522.0,4677.0,3090.0,3216.0,493.0,715.0,5796.0,5435.0,6321.0,6279.0,4869.0,4758.0,3246.0,3684.0,3315.0,3362.0,497.0,456.0,407.0,344.0
A00062923,2.182,2.607,2.471,2.563,2.456,2.36,1.893,1.913,3.336,3.513,2.643,2.414,2.708,2.675,2.439,2.602,2.891,2.701,2.782,3.052,2.503,2.801,2.168,2.261,2.658,2.597,2.026,1.989,2.461,2.458,2.89,2.721,2.429,2.565,2.613,3.085,2.532,2.511,2.593,2.641,2.378,2.382,1.632,1.691,1.945,1.99,2.63,2.481,2.484,2.55,2.292,2.351,2.803,2.92,2.233,2.312,2.591,2.642,2.198,2.226,2.848,2.721,2.54,2.635,3.667,3.561,2.502,2.425,977.0,912.0,688.0,698.0,2758.0,2718.0,1490.0,1839.0,610.0,680.0,279.0,278.0,3972.0,3741.0,5146.0,5841.0,4048.0,3933.0,2459.0,2189.0,1083.0,933.0,5341.0,4973.0,2843.0,2518.0,3546.0,3501.0,1817.0,2149.0,3476.0,3260.0,1603.0,2014.0,794.0,702.0,1509.0,1652.0,708.0,854.0,1538.0,1333.0,1869.0,1706.0,4562.0,4252.0,1149.0,1046.0,5088.0,4808.0,5087.0,5073.0,515.0,1046.0,5856.0,6018.0,7251.0,7319.0,6688.0,6409.0,3453.0,4059.0,3980.0,3625.0,627.0,639.0,459.0,305.0
A00062926,2.243,2.352,2.838,2.402,2.452,2.387,1.994,2.119,3.521,3.441,2.851,2.697,2.706,2.634,2.423,2.569,2.589,2.684,2.973,3.013,2.322,2.427,2.254,2.271,2.685,2.738,2.065,2.145,2.312,2.314,2.672,2.697,2.518,2.337,2.889,2.938,2.461,2.507,2.9,2.584,2.311,2.261,1.588,1.685,1.917,2.021,2.447,2.385,2.407,2.496,2.369,2.366,2.603,2.787,2.266,2.275,2.708,2.648,2.251,2.2,2.51,2.7,2.535,2.443,3.578,3.224,2.056,1.857,822.0,763.0,677.0,855.0,1754.0,2128.0,1354.0,1490.0,467.0,422.0,316.0,208.0,3003.0,2880.0,4023.0,4217.0,3181.0,3281.0,1937.0,1881.0,938.0,777.0,4712.0,4581.0,2231.0,2308.0,3533.0,3430.0,1586.0,1644.0,3013.0,2541.0,1315.0,1399.0,712.0,684.0,1135.0,1288.0,586.0,798.0,1192.0,1082.0,1762.0,1699.0,3589.0,3875.0,1201.0,1115.0,4183.0,4940.0,3202.0,3249.0,653.0,861.0,5011.0,4550.0,6857.0,6206.0,4676.0,5326.0,3308.0,3347.0,3131.0,2990.0,447.0,479.0,385.0,336.0
A00062928,2.592,2.328,2.963,2.557,2.427,2.362,2.132,2.086,3.586,3.775,2.77,2.775,2.835,2.782,2.561,2.497,2.763,2.85,3.006,3.057,2.129,2.466,2.364,2.389,2.613,2.651,1.963,2.065,2.277,2.435,2.819,3.104,2.491,2.363,3.396,3.476,2.688,2.453,2.791,2.771,2.318,2.3,1.443,1.639,1.947,1.969,2.522,2.392,2.54,2.467,2.472,2.376,2.904,2.617,2.254,2.19,2.618,2.586,2.278,2.345,2.689,2.713,2.467,2.492,3.728,3.462,2.681,2.592,1029.0,979.0,644.0,578.0,1768.0,1682.0,1660.0,1786.0,561.0,384.0,320.0,243.0,3054.0,3230.0,4002.0,4954.0,2911.0,3075.0,2143.0,2007.0,1193.0,1102.0,5170.0,5917.0,2634.0,2707.0,3799.0,3328.0,1873.0,1802.0,2999.0,2675.0,1345.0,1380.0,557.0,571.0,1197.0,1487.0,668.0,859.0,1237.0,1153.0,1773.0,1661.0,4714.0,4161.0,1126.0,1183.0,4709.0,4814.0,3763.0,3998.0,502.0,887.0,4782.0,5009.0,6754.0,6751.0,5318.0,5272.0,3413.0,3291.0,3484.0,3215.0,388.0,471.0,384.0,275.0
A00062929,2.447,2.756,2.493,2.422,2.62,2.677,1.748,1.797,3.446,2.828,2.563,2.505,2.65,2.663,2.63,2.639,2.707,2.801,2.897,2.95,2.433,2.558,2.236,2.259,2.583,2.608,1.953,1.922,2.307,2.363,2.696,2.892,2.551,2.349,2.713,2.839,2.427,2.484,2.656,2.535,2.249,2.249,1.6,1.466,2.275,2.292,2.417,2.267,2.578,2.468,2.435,2.423,2.56,2.736,2.386,2.385,2.676,2.727,2.299,2.346,2.852,2.836,2.444,2.64,4.017,3.812,2.488,2.536,922.0,851.0,665.0,814.0,2152.0,1925.0,1445.0,1555.0,470.0,482.0,322.0,240.0,2957.0,2873.0,3876.0,4995.0,3082.0,2860.0,2013.0,1996.0,931.0,778.0,3921.0,4644.0,2466.0,2354.0,2933.0,2681.0,1897.0,1838.0,2892.0,2426.0,1237.0,1343.0,494.0,514.0,1146.0,1361.0,653.0,697.0,1372.0,1166.0,1280.0,1161.0,4047.0,3695.0,1228.0,1045.0,4599.0,4725.0,3920.0,4092.0,521.0,669.0,6022.0,5055.0,6775.0,6322.0,5268.0,6218.0,3112.0,3179.0,3745.0,2857.0,449.0,408.0,367.0,285.0
A00062934,2.394,2.636,2.753,2.775,2.536,2.502,1.736,1.883,3.244,3.081,3.073,2.937,2.821,2.666,2.339,2.509,2.815,2.861,3.068,2.975,2.177,2.324,2.104,2.188,2.688,2.651,1.894,1.919,2.36,2.581,2.806,2.784,2.376,2.385,2.836,3.008,2.435,2.531,2.53,2.559,2.362,2.395,1.614,1.467,1.962,1.917,2.616,2.587,2.526,2.591,2.289,2.337,2.735,3.112,2.291,2.371,2.704,2.621,2.089,2.076,2.957,2.789,2.436,2.554,3.42,3.16,2.247,2.318,1199.0,1060.0,603.0,753.0,2502.0,2111.0,1690.0,1570.0,506.0,431.0,321.0,249.0,3370.0,3576.0,5949.0,6932.0,3770.0,3646.0,2338.0,2404.0,1260.0,1023.0,5493.0,5133.0,2834.0,2398.0,3782.0,3458.0,1862.0,1872.0,4258.0,4096.0,1486.0,1644.0,736.0,762.0,1841.0,2307.0,929.0,926.0,1985.0,1730.0,1583.0,1464.0,4622.0,5565.0,1174.0,1162.0,5130.0,4792.0,4349.0,4081.0,658.0,739.0,7180.0,6352.0,8221.0,7849.0,5706.0,5700.0,3923.0,3895.0,3934.0,3785.0,557.0,401.0,342.0,275.0
A00062937,2.467,2.719,3.233,2.827,2.467,2.595,1.666,1.755,3.919,3.349,3.612,3.984,2.861,2.764,2.591,2.462,2.773,2.821,3.13,3.334,2.325,2.619,2.133,2.153,2.954,3.103,1.861,1.838,2.578,2.627,3.079,2.92,2.385,2.253,3.021,2.916,2.668,2.576,2.661,2.83,2.475,2.465,1.413,1.356,2.19,2.045,2.572,2.553,2.37,2.398,2.167,2.364,3.782,3.319,2.533,2.471,2.907,2.911,2.122,2.077,2.917,2.976,2.63,2.634,2.992,3.418,2.58,2.549,751.0,746.0,452.0,544.0,1879.0,1671.0,1387.0,1325.0,376.0,339.0,245.0,199.0,2844.0,3071.0,2871.0,3803.0,2250.0,2293.0,1770.0,1650.0,934.0,788.0,5161.0,4494.0,1946.0,1845.0,3050.0,2896.0,1544.0,1480.0,2677.0,2198.0,1001.0,1043.0,578.0,551.0,1243.0,1521.0,559.0,638.0,1264.0,1232.0,1241.0,1110.0,3325.0,3309.0,1034.0,846.0,4298.0,4394.0,3318.0,3089.0,435.0,433.0,4469.0,4794.0,5767.0,5093.0,4361.0,4056.0,3019.0,3119.0,2896.0,2488.0,378.0,329.0,281.0,231.0
A00062942,2.62,2.716,2.845,3.064,2.635,2.624,1.821,2.032,3.269,3.316,2.757,3.314,2.736,2.867,2.499,2.603,2.965,2.82,3.062,3.042,2.577,2.529,2.203,2.308,2.766,2.727,2.09,2.113,2.417,2.453,2.858,2.931,2.462,2.311,3.299,3.071,2.675,2.573,2.727,2.75,2.566,2.634,1.736,1.73,2.084,2.151,2.539,2.525,2.387,2.469,2.54,2.43,3.069,2.774,2.496,2.586,2.776,2.776,2.272,2.316,3.073,2.916,2.731,2.783,3.996,3.392,2.416,2.489,754.0,716.0,392.0,522.0,2050.0,1968.0,1228.0,1369.0,480.0,366.0,256.0,232.0,2399.0,2503.0,3386.0,4336.0,2485.0,2656.0,1903.0,2217.0,815.0,793.0,3785.0,3936.0,2101.0,1889.0,2958.0,2869.0,1575.0,1438.0,2583.0,2381.0,1146.0,1408.0,536.0,534.0,1208.0,1403.0,550.0,626.0,1292.0,1017.0,1517.0,1363.0,3578.0,3333.0,950.0,967.0,4341.0,4352.0,3335.0,3410.0,417.0,518.0,4183.0,3941.0,6522.0,6177.0,4446.0,4935.0,2890.0,3083.0,3489.0,3087.0,395.0,386.0,380.0,273.0
A00062982,2.46,2.396,2.59,2.291,2.646,2.471,1.631,1.712,3.166,3.395,2.772,2.65,2.817,2.835,2.389,2.439,2.933,3.028,3.044,3.041,2.025,2.279,2.094,2.337,2.673,2.646,1.992,1.967,2.239,2.238,2.803,2.966,2.309,2.52,2.437,2.209,2.634,2.717,2.705,2.566,2.384,2.519,1.449,1.381,2.027,2.06,2.312,2.434,2.472,2.662,2.297,2.265,2.665,2.687,2.296,2.471,2.678,2.622,2.12,2.155,2.744,2.796,2.526,2.5,3.62,3.582,2.27,2.068,1185.0,1097.0,599.0,919.0,1908.0,1835.0,1764.0,1834.0,465.0,368.0,322.0,278.0,2978.0,3299.0,5038.0,5173.0,3829.0,3849.0,2542.0,2328.0,1038.0,1053.0,5922.0,6072.0,2902.0,2860.0,3623.0,3387.0,2071.0,2119.0,3976.0,3605.0,1462.0,1704.0,748.0,844.0,1544.0,1587.0,750.0,869.0,1456.0,1385.0,1786.0,1494.0,4594.0,4056.0,1516.0,1116.0,5042.0,4970.0,4041.0,3673.0,645.0,838.0,6582.0,6470.0,7600.0,6920.0,5592.0,5760.0,3884.0,4410.0,4424.0,4142.0,524.0,544.0,511.0,401.0
A00062983,2.775,2.671,2.682,2.948,3.029,2.869,1.895,2.132,3.209,3.521,2.375,2.837,2.964,2.93,2.591,2.741,3.037,2.99,3.473,3.436,2.352,2.494,2.267,2.362,2.956,2.8,2.166,2.14,2.877,2.538,3.264,3.162,2.79,2.91,3.046,3.015,2.808,3.005,3.11,2.756,2.75,2.968,1.589,1.87,2.316,2.325,3.091,2.634,2.84,2.842,2.593,2.626,3.069,3.191,2.356,2.766,3.124,3.001,2.375,2.356,3.138,3.079,2.874,2.964,4.035,3.917,2.659,2.75,1069.0,977.0,739.0,972.0,2389.0,2392.0,1782.0,2047.0,578.0,440.0,295.0,288.0,3161.0,3186.0,4897.0,5510.0,3600.0,3244.0,2338.0,2259.0,970.0,921.0,5650.0,5569.0,2766.0,2780.0,3241.0,3335.0,1810.0,1952.0,3716.0,3543.0,1331.0,1420.0,762.0,834.0,1513.0,1935.0,847.0,855.0,1740.0,1709.0,1936.0,1597.0,4018.0,4224.0,962.0,1272.0,4986.0,4794.0,4345.0,4438.0,743.0,902.0,6382.0,6542.0,7132.0,6684.0,5636.0,5859.0,4287.0,4389.0,4031.0,3906.0,442.0,455.0,542.0,369.0
A00062989,2.732,2.609,2.745,2.37,2.913,2.804,2.092,1.967,3.23,3.648,2.456,3.25,2.778,2.881,2.763,2.731,2.94,3.182,3.204,3.253,2.432,2.423,2.309,2.329,2.99,2.926,1.898,2.019,2.698,2.431,3.048,2.948,2.602,2.688,2.695,3.006,2.782,2.762,2.86,2.939,2.677,2.604,1.393,1.492,2.154,2.221,2.579,2.808,2.84,2.802,2.645,2.629,3.012,2.949,2.478,2.472,3.117,3.082,2.498,2.533,3.029,3.051,2.909,2.831,4.045,4.18,2.438,2.099,978.0,840.0,619.0,513.0,2421.0,2170.0,1856.0,1965.0,479.0,328.0,363.0,274.0,3363.0,3607.0,4325.0,4954.0,3009.0,2869.0,2250.0,2293.0,951.0,993.0,5793.0,6038.0,2705.0,2792.0,2935.0,3034.0,2052.0,1969.0,3388.0,2666.0,1443.0,1544.0,587.0,639.0,1696.0,1283.0,696.0,858.0,1555.0,1271.0,1810.0,1471.0,4211.0,3814.0,1117.0,945.0,5190.0,5010.0,3783.0,3989.0,455.0,807.0,5662.0,6532.0,7214.0,6896.0,5323.0,5177.0,3398.0,3683.0,4012.0,3664.0,459.0,435.0,432.0,390.0
A00062996,2.56,2.86,2.493,2.53,2.869,2.832,2.12,1.999,3.118,3.373,2.866,3.464,2.906,2.874,2.809,2.855,2.983,2.99,3.046,3.319,2.437,2.626,2.444,2.464,2.89,2.972,2.122,2.145,2.511,2.823,3.181,3.085,2.963,2.95,2.901,3.158,3.127,3.02,3.172,2.999,2.795,2.548,1.636,1.656,2.237,2.338,2.744,2.891,2.768,2.818,2.751,2.635,3.127,3.284,2.583,2.664,3.072,3.035,2.557,2.597,3.021,2.833,2.907,2.911,3.171,3.178,2.471,2.52,1016.0,1098.0,659.0,783.0,2790.0,2922.0,2167.0,2168.0,471.0,391.0,350.0,243.0,3537.0,4144.0,4273.0,5675.0,4066.0,4679.0,2942.0,2332.0,1146.0,908.0,6169.0,5604.0,2904.0,3040.0,3493.0,3575.0,1890.0,2237.0,4040.0,3733.0,1461.0,1558.0,650.0,686.0,1734.0,1861.0,785.0,825.0,1766.0,1346.0,2297.0,2028.0,4775.0,4546.0,1477.0,1234.0,5141.0,5970.0,4427.0,4347.0,547.0,696.0,6146.0,6011.0,8384.0,7525.0,7131.0,6927.0,3782.0,4348.0,4428.0,4353.0,388.0,403.0,506.0,359.0
A00063003,2.361,2.765,2.611,2.411,2.582,2.6,1.968,1.774,3.076,3.79,2.889,2.728,2.881,2.919,2.32,2.433,3.027,2.788,3.316,3.268,2.386,2.448,1.987,2.166,2.865,2.833,2.109,2.087,2.428,2.571,3.101,2.96,2.47,2.322,2.978,3.189,2.995,2.788,2.989,3.084,2.58,2.621,1.55,1.751,2.024,2.081,2.402,2.462,2.541,2.512,2.53,2.351,2.801,2.972,2.459,2.432,2.818,2.745,2.065,2.158,2.983,2.862,2.605,2.551,3.234,3.726,2.462,2.647,1179.0,1236.0,701.0,1008.0,2706.0,2295.0,2004.0,2087.0,530.0,411.0,347.0,283.0,3716.0,3661.0,6239.0,7200.0,4030.0,3874.0,2646.0,2485.0,1340.0,1119.0,5602.0,5581.0,2949.0,3299.0,3786.0,3559.0,1864.0,2211.0,4509.0,4139.0,1489.0,1749.0,705.0,722.0,1245.0,1704.0,751.0,970.0,1930.0,1746.0,2015.0,1868.0,4885.0,4534.0,1864.0,1638.0,5123.0,5167.0,4429.0,4632.0,762.0,1004.0,7993.0,7085.0,8292.0,7886.0,5557.0,5803.0,4454.0,4960.0,4868.0,4109.0,555.0,534.0,499.0,351.0
A00063006,2.768,3.074,2.977,2.593,2.859,2.859,2.117,2.062,3.505,3.248,3.057,2.781,2.923,3.142,2.91,2.837,3.087,3.12,3.272,3.628,2.662,2.768,2.422,2.326,3.025,2.94,2.211,2.26,2.657,2.88,3.226,3.097,2.655,2.854,3.129,2.789,2.819,2.842,3.26,3.307,3.056,2.985,1.665,1.814,2.231,2.196,2.815,2.639,2.705,2.828,2.669,2.618,3.208,3.402,2.865,2.84,3.212,3.172,2.432,2.483,3.276,3.28,2.904,2.891,4.087,3.442,2.834,2.726,1009.0,762.0,688.0,758.0,2079.0,2156.0,1427.0,1688.0,369.0,463.0,306.0,216.0,3159.0,2989.0,3749.0,5767.0,3249.0,3425.0,2454.0,1907.0,782.0,743.0,4386.0,4705.0,2577.0,2421.0,3251.0,2983.0,1528.0,1739.0,2945.0,3104.0,1496.0,1631.0,610.0,682.0,1441.0,1430.0,672.0,752.0,1443.0,1245.0,1531.0,1375.0,3835.0,3452.0,1087.0,1314.0,4798.0,4773.0,3795.0,3979.0,657.0,744.0,5682.0,5416.0,6965.0,7031.0,5636.0,5278.0,3323.0,3608.0,4028.0,3017.0,478.0,429.0,377.0,294.0
A00063031,2.449,2.638,2.572,2.374,2.702,2.642,1.714,1.882,3.237,4.116,2.823,2.692,2.801,2.779,2.507,2.52,2.738,2.858,2.874,2.9,2.575,2.792,2.178,2.365,2.538,2.388,1.977,1.781,2.377,2.295,2.931,2.858,2.448,2.533,2.742,2.67,2.674,2.68,2.875,2.651,2.32,2.48,1.423,1.558,2.196,2.168,2.494,2.481,2.546,2.718,2.409,2.441,2.861,2.786,2.427,2.464,2.742,2.793,2.317,2.365,2.894,2.916,2.536,2.571,3.675,3.588,2.85,2.582,951.0,729.0,542.0,675.0,1820.0,1606.0,1476.0,1824.0,424.0,310.0,314.0,206.0,2389.0,2441.0,3969.0,4341.0,2630.0,2973.0,2270.0,2490.0,734.0,747.0,4435.0,4412.0,2345.0,2325.0,3300.0,3301.0,1596.0,1698.0,3181.0,3120.0,1194.0,1313.0,596.0,560.0,1225.0,1562.0,657.0,727.0,1680.0,1098.0,1737.0,1424.0,3700.0,3414.0,1053.0,998.0,3764.0,4110.0,3505.0,3693.0,582.0,714.0,5321.0,5156.0,6438.0,6179.0,4570.0,4715.0,3479.0,3730.0,3082.0,3203.0,452.0,471.0,385.0,312.0
A00063103,2.46,2.632,2.608,2.519,2.8,2.689,1.956,2.122,3.073,3.372,3.149,3.206,2.648,2.828,2.581,2.679,3.037,3.029,3.347,3.323,2.464,2.405,2.267,2.336,2.704,2.82,2.172,2.111,2.574,2.319,3.033,2.897,2.603,2.689,3.228,3.508,2.672,2.883,2.674,2.738,2.704,2.795,1.878,1.556,2.435,2.368,2.489,2.575,2.603,2.625,2.632,2.586,2.918,3.093,2.364,2.597,2.975,2.867,2.474,2.423,3.042,3.04,2.687,2.725,3.864,3.52,2.354,2.901,775.0,841.0,610.0,951.0,2642.0,2777.0,2001.0,2050.0,490.0,444.0,240.0,242.0,2700.0,3158.0,4742.0,5455.0,2994.0,3489.0,2162.0,2124.0,1198.0,1053.0,5571.0,5017.0,2774.0,2601.0,3736.0,3617.0,1809.0,1917.0,3154.0,2788.0,1380.0,1734.0,575.0,608.0,1613.0,1908.0,766.0,740.0,1822.0,1562.0,1895.0,1665.0,3857.0,3748.0,1356.0,1284.0,4812.0,4757.0,3917.0,3760.0,751.0,935.0,5611.0,5733.0,8460.0,7412.0,5043.0,4887.0,3774.0,3840.0,3455.0,3388.0,391.0,403.0,552.0,336.0
A00063326,2.28,2.366,3.074,2.669,2.461,2.429,1.83,2.001,3.349,3.432,2.557,3.024,2.654,2.773,2.438,2.434,2.611,2.736,2.945,3.011,2.591,2.475,2.052,2.15,2.811,2.606,2.039,1.969,2.593,2.4,2.783,2.831,2.499,2.576,2.958,2.596,2.494,2.577,2.689,2.673,2.289,2.419,1.481,1.443,2.009,2.056,2.213,2.606,2.618,2.549,2.372,2.361,2.739,3.204,2.268,2.43,2.859,2.752,2.128,2.184,2.482,2.519,2.427,2.448,3.481,3.327,2.222,2.076,782.0,685.0,535.0,529.0,2393.0,2314.0,1589.0,1962.0,560.0,420.0,341.0,276.0,3000.0,3216.0,4733.0,5133.0,3195.0,2713.0,2388.0,2065.0,993.0,998.0,6121.0,5644.0,2647.0,2791.0,3612.0,3016.0,1737.0,1918.0,3627.0,2866.0,1370.0,1601.0,467.0,542.0,1128.0,1527.0,693.0,782.0,1191.0,1092.0,1966.0,1669.0,4877.0,4991.0,1295.0,1123.0,5418.0,4948.0,4541.0,4616.0,444.0,576.0,5981.0,6332.0,6665.0,7130.0,5955.0,6459.0,3144.0,3772.0,3811.0,3896.0,425.0,442.0,471.0,282.0
A00063383,2.706,2.806,2.983,2.578,2.989,2.738,2.244,2.045,2.989,2.958,3.092,2.51,2.981,3.003,2.492,2.702,2.808,2.908,3.283,3.293,2.684,2.695,2.257,2.468,3.021,2.987,2.246,2.044,2.713,2.604,3.008,3.06,2.549,2.553,3.164,3.178,2.807,3.02,3.283,2.862,2.655,2.912,1.775,1.725,2.415,2.193,2.678,2.643,2.783,2.795,2.63,2.48,3.113,2.925,2.522,2.782,3.148,3.011,2.322,2.422,2.984,2.898,2.704,2.727,3.812,3.501,2.596,2.537,860.0,730.0,569.0,561.0,2592.0,1880.0,1233.0,1360.0,470.0,333.0,293.0,240.0,2383.0,2511.0,4128.0,5273.0,2954.0,3259.0,2100.0,2296.0,956.0,842.0,4239.0,4772.0,2300.0,2188.0,3340.0,2983.0,1647.0,1739.0,2859.0,2619.0,1359.0,1659.0,555.0,598.0,1252.0,1441.0,688.0,779.0,1444.0,1042.0,1459.0,1363.0,4100.0,3742.0,1096.0,1253.0,4411.0,5032.0,3429.0,3626.0,500.0,817.0,6590.0,5446.0,6830.0,6949.0,4829.0,5184.0,3174.0,3321.0,3553.0,3147.0,432.0,401.0,430.0,292.0
A00063450,2.627,2.882,2.803,3.02,2.998,2.85,1.933,1.936,3.147,3.61,3.098,2.998,3.02,2.908,2.713,2.753,2.911,2.895,3.206,3.317,2.318,2.317,2.291,2.401,2.888,2.845,2.141,2.037,2.609,2.756,3.234,3.179,2.644,2.469,2.944,3.293,3.006,3.087,3.08,3.026,3.018,2.894,1.531,1.642,2.215,2.348,2.735,2.671,2.806,2.787,2.689,2.709,3.567,3.036,2.604,2.704,3.242,3.079,2.451,2.406,3.077,3.164,2.899,2.814,3.93,3.927,2.767,2.627,724.0,758.0,497.0,574.0,2182.0,2119.0,1575.0,1700.0,373.0,382.0,291.0,212.0,2677.0,2715.0,3820.0,3930.0,3004.0,2971.0,2195.0,1969.0,947.0,781.0,4176.0,4203.0,2443.0,2320.0,2827.0,2704.0,1590.0,1771.0,2804.0,2776.0,1226.0,1394.0,531.0,578.0,1454.0,1478.0,578.0,672.0,1427.0,1222.0,1778.0,1533.0,3582.0,3856.0,1037.0,1112.0,4505.0,4568.0,3625.0,3530.0,483.0,809.0,4867.0,5991.0,6012.0,6378.0,4722.0,5012.0,3503.0,3513.0,3103.0,3527.0,394.0,453.0,400.0,292.0
A00063455,2.442,2.55,2.873,2.673,2.732,2.541,1.821,1.912,3.511,3.571,2.823,3.2,2.871,2.748,2.376,2.397,2.652,2.813,3.06,2.988,2.223,2.072,2.167,2.129,2.797,2.643,2.068,1.945,2.377,2.284,2.721,2.625,2.296,2.427,2.94,2.985,2.558,2.396,2.809,2.728,2.351,2.388,1.41,1.456,2.035,1.994,2.399,2.464,2.364,2.481,2.356,2.373,2.786,2.536,2.336,2.428,2.741,2.616,2.155,2.209,2.666,2.71,2.59,2.469,3.725,4.354,2.211,2.276,892.0,943.0,597.0,587.0,2658.0,2137.0,1644.0,1580.0,422.0,509.0,322.0,256.0,3471.0,3369.0,5226.0,5019.0,3357.0,3860.0,2263.0,2201.0,1246.0,1107.0,5885.0,5965.0,2527.0,2792.0,4047.0,3766.0,2012.0,1836.0,3903.0,3021.0,1448.0,1654.0,658.0,770.0,1533.0,1831.0,709.0,914.0,1664.0,1450.0,1594.0,1109.0,4526.0,4311.0,1369.0,1320.0,5444.0,5721.0,3878.0,4027.0,711.0,811.0,5601.0,5160.0,7113.0,7303.0,6456.0,7041.0,3734.0,3984.0,4555.0,4701.0,458.0,522.0,478.0,388.0
A00063458,2.042,2.123,2.559,2.506,2.333,2.379,1.696,1.599,3.324,3.318,2.328,2.556,2.693,2.627,2.209,2.27,2.82,2.66,2.72,2.54,2.126,1.769,2.147,2.22,2.446,2.699,1.834,1.613,2.393,2.334,2.934,2.69,2.107,2.109,2.682,2.593,2.206,2.165,2.654,2.688,2.203,2.188,1.346,1.387,1.921,1.923,2.061,2.188,2.12,2.17,2.158,2.055,2.992,2.67,2.217,2.19,2.437,2.477,2.032,2.1,2.562,2.446,2.336,2.453,3.621,3.779,2.217,1.967,786.0,783.0,613.0,546.0,2537.0,2143.0,1409.0,1184.0,383.0,452.0,277.0,232.0,2563.0,2707.0,3856.0,5091.0,2722.0,2462.0,2488.0,2787.0,889.0,671.0,4759.0,4613.0,2549.0,2445.0,2650.0,2694.0,1960.0,1739.0,2748.0,2442.0,1338.0,1472.0,547.0,601.0,1494.0,1505.0,639.0,781.0,1381.0,1237.0,1129.0,1033.0,3748.0,3283.0,667.0,1170.0,4839.0,4714.0,2971.0,3251.0,486.0,866.0,5335.0,5430.0,7006.0,7194.0,4613.0,4021.0,3224.0,3682.0,3629.0,2571.0,398.0,460.0,359.0,266.0
A00063470,2.328,2.595,2.749,2.477,2.479,2.575,1.841,1.985,3.469,3.814,2.892,2.902,2.504,2.685,2.43,2.498,2.573,2.857,3.403,3.122,1.963,2.307,2.165,2.142,2.767,3.091,1.848,1.856,2.456,2.353,2.871,2.874,2.459,2.385,2.364,2.596,2.683,2.654,2.524,2.695,2.542,2.704,1.458,1.448,2.035,2.164,2.223,2.252,2.458,2.283,2.394,2.581,3.432,3.4,2.382,2.305,2.673,2.619,2.184,2.056,3.08,2.784,2.512,2.358,3.717,4.036,2.257,1.851,797.0,796.0,582.0,516.0,2333.0,1993.0,1377.0,1539.0,516.0,277.0,255.0,205.0,3567.0,3138.0,4004.0,4251.0,2668.0,2557.0,1883.0,1948.0,956.0,902.0,5279.0,4684.0,2167.0,2117.0,3117.0,3087.0,1719.0,1695.0,2886.0,2530.0,1131.0,1434.0,600.0,640.0,1006.0,1380.0,563.0,691.0,1194.0,1116.0,1639.0,1398.0,3665.0,3757.0,669.0,777.0,4855.0,4985.0,3051.0,3084.0,448.0,738.0,4774.0,4980.0,6023.0,6081.0,4960.0,4388.0,3401.0,3324.0,2987.0,3555.0,453.0,353.0,353.0,334.0
A00063473,2.559,2.667,2.916,2.872,2.461,2.497,1.873,1.994,3.464,3.614,2.953,2.36,2.963,2.827,2.481,2.612,2.802,2.902,2.981,3.002,2.456,2.445,2.285,2.298,2.713,2.679,2.129,2.068,2.275,2.31,2.884,2.905,2.532,2.376,3.049,3.214,2.511,2.502,2.659,2.789,2.259,2.356,1.491,1.423,2.162,2.089,2.482,2.605,2.449,2.563,2.502,2.59,2.73,2.894,2.323,2.33,2.714,2.744,2.406,2.286,2.731,2.686,2.624,2.527,3.951,3.522,2.355,2.229,819.0,719.0,454.0,526.0,1601.0,1559.0,1307.0,1223.0,424.0,354.0,274.0,232.0,2228.0,2438.0,3980.0,4865.0,2541.0,2671.0,1921.0,1808.0,784.0,735.0,4053.0,4073.0,2011.0,2136.0,2702.0,2634.0,1381.0,1496.0,2684.0,2196.0,1027.0,1274.0,564.0,532.0,1018.0,1392.0,550.0,615.0,1001.0,1019.0,1257.0,1262.0,3605.0,3286.0,918.0,822.0,4297.0,4013.0,2832.0,2919.0,380.0,555.0,4128.0,3971.0,5707.0,5310.0,5065.0,4927.0,2566.0,2703.0,2503.0,2610.0,434.0,408.0,340.0,268.0
A00063589,2.651,3.081,2.817,2.457,2.837,2.716,2.183,1.959,3.6,3.24,2.497,2.837,2.908,3.027,2.675,2.667,3.242,3.055,3.323,3.313,2.628,2.769,2.263,2.407,2.803,2.836,2.232,2.14,2.618,2.378,3.198,3.287,2.806,2.718,2.524,2.699,2.953,2.856,2.927,2.819,2.57,2.84,1.698,1.632,2.352,2.299,2.709,2.517,2.802,2.814,2.639,2.654,3.325,3.168,2.398,2.467,2.944,2.803,2.378,2.456,3.217,3.001,2.911,2.887,4.043,4.333,2.443,2.879,1224.0,916.0,880.0,794.0,1874.0,1759.0,1461.0,1267.0,404.0,392.0,317.0,340.0,2840.0,3165.0,5160.0,5515.0,3861.0,3963.0,2860.0,2452.0,1010.0,917.0,5152.0,4787.0,2844.0,2750.0,2935.0,2944.0,1899.0,2109.0,4017.0,3017.0,1288.0,1550.0,747.0,844.0,1249.0,1642.0,725.0,844.0,1376.0,1542.0,1282.0,1112.0,3850.0,3565.0,1227.0,1256.0,4432.0,4583.0,3601.0,3628.0,575.0,883.0,6561.0,6031.0,7624.0,7890.0,4402.0,4581.0,3510.0,3652.0,4597.0,4053.0,422.0,396.0,456.0,270.0
A00064053,2.55,2.676,3.097,2.835,2.663,2.562,1.914,2.035,3.513,3.718,2.773,3.112,2.861,3.025,2.449,2.548,2.876,3.042,3.045,3.114,2.594,2.412,2.319,2.363,2.767,2.989,2.044,2.044,2.468,2.758,3.059,2.903,2.481,2.558,3.236,3.204,2.64,2.59,2.76,2.87,2.517,2.439,1.647,1.515,2.081,2.143,2.554,2.612,2.648,2.77,2.359,2.383,3.532,3.243,2.409,2.45,2.752,2.655,2.282,2.263,2.745,2.76,2.689,2.523,3.861,3.913,2.688,2.732,776.0,552.0,362.0,463.0,1744.0,1470.0,1260.0,1223.0,372.0,331.0,252.0,234.0,2438.0,2282.0,2824.0,3001.0,2268.0,2199.0,2027.0,1592.0,714.0,672.0,3939.0,4040.0,1923.0,1718.0,3162.0,2792.0,1213.0,1415.0,2507.0,2236.0,1057.0,1055.0,508.0,541.0,992.0,1260.0,585.0,701.0,1226.0,968.0,1422.0,1406.0,2857.0,2724.0,787.0,733.0,3818.0,3455.0,2862.0,2804.0,334.0,576.0,3657.0,4147.0,5466.0,5883.0,3738.0,3826.0,2764.0,2880.0,2755.0,2597.0,358.0,333.0,334.0,279.0
A00064058,2.283,2.533,3.056,2.204,2.626,2.58,1.846,1.933,3.547,3.439,2.974,2.632,3.007,2.879,2.416,2.502,2.918,2.814,2.817,3.094,2.604,2.554,2.353,2.537,2.707,2.858,2.068,1.957,2.251,2.21,2.916,2.811,2.455,2.3,3.19,3.435,2.533,2.641,2.755,2.419,2.332,2.41,1.626,1.806,2.052,2.084,2.506,2.702,2.392,2.482,2.413,2.372,3.139,2.8,2.328,2.354,2.765,2.681,2.22,2.242,2.849,2.857,2.512,2.628,3.907,3.836,2.591,2.607,679.0,806.0,605.0,401.0,2305.0,1872.0,1294.0,1278.0,421.0,400.0,293.0,264.0,2403.0,2528.0,3763.0,4476.0,2586.0,2795.0,1910.0,1824.0,719.0,550.0,4298.0,4136.0,2239.0,2030.0,2897.0,2712.0,1846.0,1639.0,2735.0,2226.0,1267.0,1378.0,558.0,594.0,1200.0,1268.0,534.0,679.0,1118.0,931.0,1299.0,1136.0,3977.0,3548.0,926.0,1041.0,4548.0,4361.0,2853.0,2969.0,400.0,683.0,4986.0,4654.0,5458.0,5845.0,4703.0,4517.0,2857.0,2902.0,3265.0,2793.0,427.0,414.0,296.0,223.0
A00064061,2.184,2.628,2.601,2.373,2.505,2.584,1.882,1.846,3.61,3.779,2.986,2.829,2.918,2.734,2.376,2.279,2.932,3.034,2.891,2.956,2.062,2.149,2.031,2.099,2.802,2.952,1.972,1.927,2.597,2.515,2.637,2.737,2.274,2.284,2.649,2.463,2.623,2.59,2.457,2.752,2.511,2.329,1.547,1.614,1.901,1.876,2.322,2.309,2.356,2.336,2.341,2.358,2.995,2.969,2.475,2.445,2.628,2.753,2.034,2.053,2.615,2.499,2.477,2.332,3.848,3.679,2.346,2.081,576.0,856.0,444.0,727.0,2058.0,1989.0,1408.0,1412.0,423.0,338.0,245.0,201.0,2383.0,2746.0,4294.0,5495.0,2289.0,2496.0,2085.0,2066.0,983.0,807.0,4298.0,4570.0,1830.0,1640.0,2873.0,2612.0,1419.0,1477.0,3108.0,2490.0,1134.0,1410.0,638.0,619.0,1009.0,1252.0,539.0,546.0,1138.0,1093.0,1219.0,1169.0,3510.0,3736.0,1084.0,949.0,4735.0,4669.0,3235.0,2931.0,523.0,614.0,4200.0,4419.0,6061.0,5482.0,5116.0,5273.0,2847.0,3356.0,3222.0,3081.0,373.0,301.0,311.0,275.0
A00064081,2.595,2.67,2.52,2.666,2.672,2.634,1.864,2.002,3.498,3.864,2.677,2.666,2.956,2.822,2.632,2.653,2.91,2.785,3.093,2.938,2.249,2.249,2.264,2.282,2.821,2.854,1.953,2.043,2.402,2.338,3.006,3.079,2.448,2.497,3.145,2.953,2.682,2.759,2.634,3.084,2.63,2.534,1.519,1.51,2.272,2.195,2.368,2.456,2.598,2.542,2.377,2.452,3.145,2.795,2.33,2.31,2.749,2.751,2.288,2.322,2.955,3.037,2.693,2.723,3.705,4.124,2.54,2.557,895.0,871.0,657.0,615.0,2413.0,2388.0,1277.0,1341.0,464.0,395.0,274.0,258.0,3183.0,3150.0,3975.0,4677.0,3060.0,3035.0,2005.0,2207.0,1064.0,911.0,5034.0,5101.0,2146.0,2037.0,3047.0,2853.0,1688.0,1887.0,3291.0,2772.0,1244.0,1334.0,626.0,693.0,1152.0,1734.0,540.0,694.0,989.0,1164.0,1221.0,1340.0,4072.0,3943.0,1230.0,1056.0,4809.0,4742.0,3333.0,3237.0,451.0,663.0,5022.0,5169.0,6625.0,6646.0,5095.0,4634.0,3266.0,3686.0,3743.0,3332.0,465.0,459.0,500.0,334.0
A00064415,2.481,2.576,2.719,2.552,2.681,2.591,1.842,1.894,3.205,3.191,2.546,2.764,2.818,2.741,2.421,2.439,2.694,2.842,3.133,3.217,2.69,2.408,2.163,2.221,2.648,2.716,2.006,1.882,2.528,2.619,2.78,2.714,2.482,2.606,2.984,3.033,2.676,2.754,2.953,2.799,2.401,2.612,1.408,1.597,2.068,2.006,2.431,2.519,2.524,2.553,2.397,2.391,2.862,3.262,2.413,2.55,2.833,2.754,2.12,2.183,2.896,2.989,2.611,2.467,4.062,3.836,2.542,2.281,913.0,859.0,599.0,688.0,2551.0,2145.0,1357.0,1627.0,445.0,472.0,308.0,225.0,2865.0,3074.0,4361.0,5319.0,3390.0,3355.0,2163.0,2060.0,831.0,893.0,5494.0,5133.0,2260.0,2696.0,2844.0,3090.0,1705.0,1695.0,2970.0,3015.0,1252.0,1335.0,580.0,565.0,1231.0,1317.0,617.0,851.0,1505.0,1130.0,1338.0,1156.0,3645.0,3358.0,1113.0,963.0,4573.0,4683.0,3499.0,3816.0,629.0,549.0,5862.0,5732.0,6873.0,7481.0,4476.0,4638.0,3017.0,3272.0,3177.0,2964.0,455.0,478.0,376.0,256.0
A00064416,2.484,2.882,3.144,2.657,2.674,2.791,1.886,2.057,3.08,3.061,3.404,3.213,2.913,2.946,2.857,2.72,2.74,2.832,3.074,3.185,2.571,2.73,2.188,2.369,2.979,2.935,2.102,2.046,2.844,2.571,3.023,3.127,2.7,2.625,2.952,3.137,2.752,2.796,3.075,3.138,2.675,2.772,1.72,1.606,2.282,2.356,2.557,2.66,2.533,2.661,2.483,2.499,2.865,3.252,2.589,2.731,3.096,2.935,2.337,2.479,3.063,3.002,2.95,3.056,3.57,4.009,2.753,2.516,947.0,757.0,445.0,471.0,2073.0,1873.0,999.0,989.0,366.0,444.0,219.0,234.0,2692.0,2714.0,3375.0,3944.0,2518.0,2473.0,2055.0,2011.0,843.0,700.0,4482.0,4214.0,1947.0,1942.0,2464.0,2740.0,1265.0,1460.0,2759.0,2447.0,928.0,1181.0,546.0,576.0,1133.0,1387.0,586.0,718.0,1204.0,1201.0,899.0,869.0,3463.0,3634.0,939.0,917.0,4571.0,4324.0,2949.0,2958.0,309.0,538.0,4829.0,4587.0,5597.0,5522.0,3862.0,4279.0,2965.0,3020.0,3085.0,2533.0,437.0,405.0,326.0,213.0
A00064503,3.186,3.356,3.293,2.966,2.881,2.986,2.315,2.27,2.836,2.754,3.315,3.363,3.315,3.257,2.827,3.011,3.156,3.372,3.467,3.171,2.893,2.718,2.571,2.754,3.171,3.486,2.609,2.56,2.751,3.02,3.527,3.342,2.724,2.774,3.249,2.948,3.182,3.063,3.388,3.385,2.983,3.046,1.938,1.969,2.413,2.261,2.945,2.944,2.856,2.829,2.869,2.855,3.744,3.503,2.865,2.956,3.196,3.162,2.489,2.512,3.539,3.313,2.954,3.138,3.013,3.51,3.133,2.932,1075.0,1071.0,593.0,604.0,2315.0,2121.0,1785.0,1622.0,363.0,341.0,370.0,309.0,2862.0,3310.0,5202.0,6101.0,2752.0,3702.0,2421.0,2461.0,966.0,971.0,5091.0,5704.0,2634.0,2305.0,4220.0,3725.0,1984.0,1755.0,3471.0,3834.0,1238.0,1507.0,706.0,742.0,1576.0,1579.0,768.0,973.0,1395.0,1428.0,1650.0,1774.0,4320.0,3852.0,1204.0,1149.0,4885.0,4662.0,4013.0,4483.0,562.0,951.0,6667.0,6248.0,8089.0,7181.0,7164.0,7246.0,3984.0,4266.0,4320.0,4106.0,429.0,372.0,405.0,340.0
A00064505,2.517,2.809,2.959,2.486,2.81,2.75,1.855,2.069,3.339,3.465,2.443,3.112,3.005,2.842,2.702,2.69,3.021,2.812,3.211,3.278,2.564,2.575,2.307,2.431,2.838,2.9,2.136,1.9,2.552,2.826,3.159,3.1,2.56,2.598,3.265,3.379,2.881,2.819,3.0,3.221,2.41,2.675,1.729,1.676,1.905,1.989,2.595,2.736,2.555,2.64,2.628,2.575,3.069,2.96,2.49,2.636,3.082,2.998,2.271,2.351,2.907,3.253,2.598,2.757,3.803,3.685,2.499,2.758,857.0,954.0,625.0,601.0,1899.0,2221.0,1951.0,1981.0,429.0,421.0,385.0,244.0,3343.0,3430.0,4351.0,5090.0,2901.0,3770.0,2293.0,2122.0,1260.0,1181.0,4929.0,5653.0,2916.0,2602.0,4327.0,3626.0,1666.0,1727.0,3197.0,3316.0,1218.0,1142.0,683.0,708.0,1482.0,1964.0,803.0,1021.0,1667.0,1509.0,2278.0,1811.0,3820.0,3934.0,1257.0,1325.0,4460.0,4440.0,3920.0,3973.0,451.0,617.0,5460.0,5352.0,6498.0,5760.0,4707.0,6183.0,3449.0,3643.0,4191.0,4112.0,432.0,444.0,417.0,352.0
A00065185,2.718,3.025,2.864,2.616,2.844,2.721,2.187,2.102,2.958,3.149,3.107,3.057,2.979,2.971,2.702,2.793,2.989,2.989,3.357,3.351,2.563,2.546,2.366,2.451,3.004,3.08,2.391,2.253,2.777,2.697,3.137,3.126,2.705,2.919,2.846,2.877,3.069,2.838,3.354,3.126,2.747,2.842,1.803,1.855,2.26,2.289,2.777,2.751,2.683,2.763,2.83,2.882,3.07,3.464,2.728,2.723,3.295,3.077,2.439,2.554,3.145,3.101,2.963,2.94,3.657,3.541,2.55,2.681,1104.0,993.0,543.0,856.0,2410.0,2125.0,1399.0,1637.0,503.0,395.0,266.0,225.0,3367.0,2940.0,5826.0,5960.0,3430.0,3499.0,2483.0,2579.0,1041.0,931.0,5160.0,5585.0,2904.0,2682.0,2986.0,2594.0,1533.0,2066.0,3478.0,3333.0,1385.0,1476.0,695.0,709.0,1219.0,1491.0,919.0,1035.0,1701.0,1620.0,1317.0,1288.0,4440.0,4132.0,1390.0,1155.0,4853.0,4861.0,3773.0,3855.0,580.0,556.0,5455.0,5445.0,6827.0,6353.0,5201.0,5289.0,3670.0,3887.0,3865.0,3903.0,468.0,405.0,460.0,328.0
A00065197,2.386,2.758,2.799,2.664,2.834,2.745,1.992,1.758,3.284,3.186,2.777,2.527,2.875,2.863,2.603,2.684,3.077,3.094,3.122,3.309,2.502,2.654,2.334,2.351,2.679,2.623,2.209,2.14,2.41,2.53,2.982,2.97,2.584,2.571,3.492,3.359,2.775,2.77,2.771,2.738,2.643,2.419,1.717,1.763,2.08,2.201,2.705,2.775,2.655,2.742,2.534,2.515,2.901,3.177,2.448,2.51,3.01,2.818,2.336,2.393,3.006,2.862,2.698,2.814,3.612,3.973,2.37,2.176,1175.0,890.0,657.0,683.0,2606.0,2937.0,1558.0,1524.0,614.0,528.0,336.0,308.0,3239.0,3466.0,4508.0,4951.0,3890.0,3594.0,2444.0,2352.0,1229.0,903.0,4674.0,4619.0,2850.0,2988.0,3324.0,3417.0,2222.0,1988.0,4253.0,3826.0,1512.0,1655.0,703.0,688.0,1399.0,1762.0,710.0,763.0,1396.0,1312.0,1499.0,1402.0,4510.0,4467.0,1170.0,1259.0,5222.0,5719.0,4128.0,3962.0,705.0,927.0,6763.0,6789.0,8235.0,9225.0,5863.0,5611.0,4670.0,4878.0,4373.0,4239.0,483.0,479.0,460.0,442.0
A00065250,2.9,3.305,3.139,2.653,2.874,2.91,2.159,2.197,3.573,3.597,3.217,3.324,3.15,3.223,3.003,2.962,3.17,3.132,3.556,3.667,2.403,2.606,2.315,2.324,3.059,3.247,2.249,2.349,2.509,2.782,3.518,3.467,2.784,2.874,3.372,3.503,3.249,3.142,3.306,3.015,2.917,2.995,1.749,2.144,2.159,2.175,2.687,2.88,2.841,2.838,3.021,2.849,3.464,3.086,2.771,2.891,3.169,3.208,2.42,2.584,3.177,3.042,3.101,3.014,3.955,3.701,2.995,3.079,1099.0,1111.0,480.0,750.0,2560.0,2071.0,1620.0,1935.0,542.0,491.0,291.0,302.0,3642.0,3265.0,5476.0,5395.0,3789.0,3827.0,2510.0,2518.0,1344.0,1184.0,5938.0,6336.0,3037.0,2775.0,3584.0,3678.0,2201.0,2019.0,3717.0,3470.0,1579.0,1578.0,613.0,565.0,1598.0,1836.0,871.0,898.0,2149.0,1654.0,1855.0,1354.0,4255.0,4115.0,1317.0,1339.0,5424.0,5624.0,4258.0,4719.0,602.0,789.0,6641.0,5853.0,8062.0,6888.0,6148.0,5681.0,4211.0,4646.0,4131.0,4587.0,531.0,448.0,390.0,410.0
A00065261,2.934,3.219,2.795,2.668,2.491,2.672,2.152,2.157,3.468,3.626,3.321,3.341,3.03,2.961,2.801,2.885,2.82,3.055,3.408,3.597,2.604,2.613,2.321,2.454,3.064,3.311,1.926,1.998,2.701,2.927,3.253,3.227,2.756,2.761,2.796,2.668,3.058,3.155,3.086,3.18,2.942,2.978,1.557,1.548,2.222,2.232,2.617,2.615,2.685,2.646,2.759,2.85,3.926,3.425,2.814,2.816,3.047,2.999,2.399,2.498,3.343,3.071,2.88,2.852,3.832,3.896,2.521,3.247,1007.0,1056.0,523.0,725.0,2312.0,2201.0,1625.0,1511.0,433.0,382.0,367.0,321.0,3242.0,3081.0,5213.0,5509.0,3139.0,3865.0,2086.0,2126.0,951.0,938.0,5115.0,5393.0,2565.0,2049.0,3313.0,3197.0,1680.0,1776.0,3227.0,3072.0,1278.0,1392.0,561.0,643.0,1233.0,1651.0,738.0,875.0,1545.0,1706.0,1499.0,1382.0,4027.0,3880.0,1129.0,1110.0,4892.0,4665.0,3137.0,3545.0,382.0,538.0,6583.0,6701.0,7315.0,6987.0,5479.0,5743.0,3641.0,3705.0,4300.0,4017.0,416.0,450.0,408.0,334.0
A00065263,2.737,2.628,2.813,2.593,2.912,2.946,2.141,2.248,3.367,2.975,3.277,3.18,3.001,2.971,2.932,2.876,3.231,3.183,3.426,3.355,2.588,2.533,2.409,2.51,3.012,3.073,2.372,2.335,2.664,2.883,3.309,3.269,2.896,2.867,2.754,3.2,2.953,3.121,3.335,2.676,3.076,2.866,1.608,1.782,2.545,2.309,2.715,2.796,2.76,2.909,2.905,2.76,3.276,3.467,2.602,2.723,3.028,3.033,2.465,2.552,3.308,3.162,2.965,2.873,3.543,3.674,2.744,3.028,1074.0,998.0,733.0,783.0,2295.0,2403.0,1401.0,1452.0,536.0,421.0,317.0,274.0,3437.0,3507.0,4809.0,6955.0,3571.0,3889.0,2504.0,2815.0,1087.0,954.0,5524.0,5528.0,2998.0,2773.0,3185.0,2895.0,2067.0,2011.0,3836.0,3481.0,1451.0,1522.0,515.0,583.0,1466.0,1803.0,731.0,849.0,1520.0,1348.0,1438.0,1325.0,4812.0,4266.0,1116.0,1373.0,5860.0,5588.0,4493.0,4664.0,695.0,788.0,7148.0,6604.0,8415.0,8407.0,6540.0,5676.0,4039.0,4034.0,4106.0,3458.0,598.0,433.0,518.0,339.0
A00065302,2.27,2.465,2.566,2.465,2.249,2.249,1.886,1.925,3.135,2.885,2.574,2.658,2.633,2.737,2.233,2.382,2.61,2.685,2.865,2.852,2.199,2.066,1.993,2.194,2.681,2.785,1.946,1.84,2.276,2.219,2.689,2.612,2.318,2.095,2.721,3.068,2.546,2.231,2.721,2.567,2.477,2.416,1.547,1.482,2.012,1.987,2.223,2.591,2.168,2.197,2.217,2.149,2.511,2.534,2.316,2.197,2.573,2.616,1.995,2.098,2.651,2.642,2.332,2.455,3.768,3.13,2.449,2.194,1025.0,934.0,450.0,886.0,2805.0,2193.0,1731.0,1925.0,496.0,462.0,356.0,273.0,3245.0,3682.0,5223.0,5145.0,3407.0,3657.0,2558.0,2688.0,998.0,987.0,6032.0,5697.0,2524.0,2590.0,3621.0,3435.0,1903.0,2126.0,3986.0,3391.0,1391.0,1472.0,641.0,699.0,1547.0,1611.0,626.0,871.0,1568.0,1258.0,1840.0,1569.0,4599.0,4093.0,1381.0,1174.0,4286.0,5212.0,3747.0,3835.0,940.0,1184.0,7021.0,6335.0,7970.0,6859.0,5443.0,4769.0,3861.0,4033.0,3513.0,3436.0,513.0,491.0,407.0,355.0
A00065379,2.481,2.337,2.603,2.321,2.521,2.316,1.9,1.844,2.557,3.312,2.481,2.582,2.739,2.767,2.232,2.337,2.703,2.683,2.725,2.935,2.295,2.153,2.142,2.103,2.691,2.457,1.881,2.021,2.404,2.371,2.93,2.883,2.311,2.345,2.691,2.852,2.537,2.616,2.811,2.757,2.282,2.509,1.394,1.554,2.136,2.068,2.37,2.553,2.375,2.514,2.233,2.355,2.798,2.878,2.181,2.284,2.534,2.492,2.166,2.043,2.777,2.809,2.497,2.513,2.829,2.767,1.929,2.24,1164.0,1255.0,595.0,690.0,2789.0,2770.0,2170.0,2080.0,550.0,486.0,353.0,303.0,3251.0,3469.0,5714.0,6559.0,3535.0,3514.0,3023.0,2692.0,1280.0,1023.0,5680.0,5705.0,2817.0,2966.0,3805.0,3845.0,1818.0,2551.0,4296.0,3766.0,1627.0,1711.0,753.0,792.0,1516.0,1570.0,632.0,843.0,1454.0,1376.0,1937.0,2099.0,5109.0,5046.0,1606.0,1303.0,6052.0,6041.0,4744.0,5084.0,556.0,955.0,6557.0,6954.0,9270.0,8530.0,6906.0,5904.0,5063.0,5687.0,4639.0,5016.0,558.0,514.0,669.0,433.0
A00065480,2.536,2.624,2.898,2.921,2.728,2.731,1.856,1.908,3.731,3.297,2.788,2.952,2.709,2.837,2.637,2.495,2.587,2.722,3.184,2.959,2.457,2.851,2.329,2.366,2.789,3.062,2.101,1.947,2.426,2.701,2.982,2.904,2.751,2.713,3.142,3.145,2.901,2.822,2.853,2.796,2.588,2.524,1.407,1.672,2.258,2.293,2.785,2.688,2.775,2.779,2.42,2.49,3.008,3.393,2.395,2.581,3.02,2.978,2.202,2.344,2.995,2.967,2.778,2.735,3.794,4.013,2.683,2.535,832.0,685.0,353.0,555.0,1856.0,1588.0,1178.0,1296.0,344.0,346.0,303.0,222.0,2518.0,2822.0,2808.0,3508.0,2580.0,3074.0,1878.0,2160.0,704.0,635.0,3452.0,3568.0,2400.0,1809.0,2552.0,2372.0,1745.0,1458.0,2656.0,2282.0,1089.0,1366.0,497.0,544.0,948.0,1357.0,573.0,724.0,1240.0,1200.0,1212.0,1124.0,3204.0,3065.0,870.0,808.0,4062.0,4483.0,2952.0,2977.0,451.0,470.0,4627.0,4093.0,6258.0,5868.0,4018.0,4348.0,2937.0,3000.0,3345.0,2947.0,439.0,443.0,338.0,268.0
A00065487,2.55,2.677,2.915,3.018,2.758,2.528,2.028,2.094,4.12,3.902,3.046,2.894,2.744,2.824,2.59,2.654,2.689,2.863,3.218,3.184,2.487,2.606,2.336,2.302,2.7,2.776,2.11,1.958,2.42,2.627,2.953,2.936,2.749,2.759,2.937,2.675,2.838,2.628,2.779,3.192,2.719,2.628,1.828,1.641,2.263,2.172,2.669,2.559,2.641,2.687,2.505,2.519,2.958,3.145,2.519,2.632,3.005,2.961,2.292,2.295,3.044,3.098,2.714,2.721,4.002,3.759,2.404,2.348,891.0,785.0,512.0,599.0,1922.0,1693.0,1388.0,1400.0,314.0,354.0,254.0,227.0,2672.0,2513.0,4011.0,4911.0,2318.0,2797.0,2009.0,1991.0,923.0,963.0,4200.0,4516.0,2228.0,2044.0,3428.0,2794.0,1569.0,1706.0,2904.0,2963.0,1171.0,1137.0,601.0,625.0,1073.0,1353.0,706.0,697.0,1328.0,1083.0,1708.0,1457.0,3439.0,3281.0,987.0,1011.0,4408.0,4451.0,3460.0,3417.0,402.0,487.0,5334.0,4345.0,5952.0,5451.0,4638.0,4735.0,3406.0,3751.0,3694.0,2662.0,445.0,427.0,471.0,295.0
A00065574,2.433,2.93,2.919,2.682,2.799,2.725,1.82,1.954,2.927,3.072,3.39,3.189,2.707,2.722,2.663,2.581,2.772,2.826,3.077,3.135,2.558,2.614,2.19,2.303,2.617,2.742,2.019,2.094,2.537,2.694,2.896,2.997,2.512,2.544,2.727,2.798,2.612,2.597,2.81,2.799,2.519,2.479,1.417,1.451,2.193,2.173,2.452,2.769,2.738,2.767,2.541,2.521,3.126,3.199,2.403,2.5,2.951,2.874,2.347,2.357,2.946,2.99,2.646,2.736,3.066,3.185,2.541,2.527,1069.0,991.0,614.0,736.0,2114.0,1977.0,1442.0,1380.0,562.0,684.0,289.0,252.0,3007.0,3063.0,5603.0,5050.0,3492.0,2923.0,2323.0,2363.0,962.0,898.0,4710.0,4986.0,2574.0,2495.0,3265.0,2700.0,1644.0,1744.0,3501.0,3212.0,1361.0,1465.0,619.0,643.0,1290.0,1528.0,634.0,816.0,1595.0,1380.0,1614.0,1325.0,4038.0,3774.0,1335.0,1132.0,4415.0,4578.0,3874.0,3989.0,572.0,657.0,6077.0,5945.0,6768.0,6251.0,5625.0,5221.0,3311.0,3759.0,3670.0,3679.0,393.0,465.0,392.0,299.0
A00065617,2.496,2.824,2.688,2.51,2.722,2.684,2.107,2.09,2.724,3.665,2.044,2.56,2.805,2.925,2.615,2.71,2.88,2.889,3.238,3.23,2.596,2.548,2.26,2.443,2.688,2.684,2.124,2.045,2.409,2.341,3.269,3.151,2.674,2.456,2.639,3.174,2.891,2.768,2.666,2.482,2.394,2.599,1.716,1.661,2.239,2.277,2.632,2.624,2.701,2.524,2.65,2.622,2.657,3.081,2.334,2.511,2.982,2.753,2.422,2.412,3.209,3.124,2.779,2.828,2.764,2.888,2.644,2.314,876.0,1061.0,709.0,552.0,2013.0,1904.0,1540.0,1673.0,586.0,384.0,284.0,260.0,3255.0,3441.0,4595.0,5955.0,2980.0,3461.0,2297.0,2227.0,1094.0,1021.0,5490.0,5443.0,2918.0,2767.0,4089.0,3733.0,1952.0,1947.0,3626.0,3614.0,1442.0,1874.0,726.0,675.0,1445.0,1551.0,721.0,891.0,1415.0,1263.0,1853.0,1650.0,4447.0,4336.0,1091.0,1462.0,5064.0,5540.0,4013.0,4535.0,446.0,489.0,5656.0,5293.0,7073.0,7491.0,6290.0,5861.0,4121.0,3948.0,4025.0,3374.0,441.0,418.0,533.0,333.0
A00065717,2.635,2.704,2.65,2.595,2.773,2.782,1.741,1.847,3.556,3.749,2.495,2.701,2.799,2.782,2.624,2.616,2.77,2.965,2.779,2.979,2.241,2.319,2.187,2.356,2.579,2.775,1.943,1.908,2.318,2.429,2.977,3.134,2.667,2.948,2.849,2.563,2.571,2.626,2.348,2.693,2.577,2.451,1.45,1.55,2.212,2.233,2.563,2.372,2.664,2.738,2.574,2.348,2.839,2.736,2.339,2.464,2.763,2.838,2.324,2.381,2.958,2.963,2.737,2.716,3.574,3.958,2.53,2.579,978.0,817.0,790.0,945.0,2253.0,2010.0,1911.0,1707.0,372.0,449.0,326.0,299.0,2761.0,3308.0,4216.0,4501.0,3583.0,3718.0,2604.0,2338.0,1100.0,875.0,5632.0,5357.0,2988.0,2798.0,3813.0,3189.0,2382.0,1982.0,3591.0,3362.0,1246.0,1341.0,555.0,587.0,1582.0,1974.0,788.0,833.0,1616.0,1610.0,1746.0,1546.0,4316.0,4196.0,995.0,1216.0,4933.0,5177.0,4132.0,4521.0,906.0,950.0,6616.0,6432.0,6795.0,7280.0,5388.0,5620.0,3412.0,3857.0,4049.0,3900.0,479.0,457.0,421.0,307.0
A00065722,2.558,2.924,2.31,2.289,2.626,2.536,2.078,2.007,3.293,3.374,2.545,2.82,3.018,2.952,2.598,2.679,3.024,2.788,3.004,3.089,2.205,2.169,2.243,2.299,2.835,2.755,2.053,2.067,2.562,2.6,3.129,3.104,2.538,2.545,3.064,2.941,2.759,2.71,2.682,2.964,2.578,2.519,1.729,1.63,2.175,2.189,2.392,2.373,2.594,2.51,2.586,2.39,2.979,3.115,2.456,2.478,2.728,2.779,2.313,2.286,2.874,2.834,2.496,2.674,4.133,3.757,2.333,2.231,939.0,902.0,732.0,765.0,1900.0,1338.0,1474.0,1448.0,480.0,470.0,355.0,279.0,3169.0,2962.0,4173.0,5337.0,3075.0,3328.0,2679.0,2354.0,1297.0,1049.0,4727.0,4365.0,2451.0,2624.0,3344.0,2962.0,1652.0,2076.0,3141.0,3280.0,1299.0,1415.0,737.0,692.0,1263.0,1599.0,587.0,919.0,1827.0,1412.0,1400.0,1326.0,4190.0,4358.0,1454.0,1469.0,4838.0,4847.0,3501.0,3741.0,494.0,654.0,5778.0,5125.0,7427.0,6711.0,5804.0,5943.0,3598.0,3887.0,4936.0,4285.0,517.0,450.0,470.0,355.0
A00065743,2.58,2.526,2.609,2.98,2.643,2.454,2.132,1.871,3.122,3.578,2.426,2.576,2.726,2.683,2.457,2.405,2.841,2.803,2.984,2.928,2.442,2.75,2.164,2.335,2.725,2.751,2.033,1.933,2.37,2.413,2.769,2.831,2.597,2.652,2.655,2.948,2.645,2.697,2.475,2.772,2.374,2.249,1.484,1.58,2.272,2.087,2.548,2.27,2.469,2.584,2.363,2.52,2.957,2.482,2.237,2.275,2.659,2.747,2.292,2.251,2.849,2.899,2.624,2.607,3.791,3.68,2.694,2.014,771.0,942.0,494.0,609.0,1973.0,2069.0,1578.0,1831.0,468.0,348.0,314.0,290.0,3141.0,2803.0,3486.0,4717.0,2665.0,3043.0,2405.0,2403.0,1085.0,646.0,4289.0,4873.0,2499.0,2785.0,3201.0,3373.0,1831.0,2155.0,3199.0,2762.0,1362.0,1740.0,725.0,737.0,1482.0,1730.0,708.0,891.0,1479.0,1548.0,1850.0,1605.0,4110.0,4302.0,901.0,1116.0,4615.0,4420.0,4070.0,4316.0,599.0,754.0,6056.0,5771.0,8125.0,7343.0,5567.0,6038.0,3628.0,3959.0,4734.0,3991.0,426.0,466.0,418.0,415.0
A00065749,2.562,2.64,2.477,2.335,2.45,2.461,1.707,1.719,3.686,3.738,2.148,2.528,2.806,2.73,2.405,2.496,2.859,2.764,2.928,2.807,2.258,2.267,2.164,2.363,2.662,2.741,2.043,1.865,2.432,2.391,2.813,2.905,2.334,2.416,3.143,2.981,2.447,2.48,2.47,2.599,2.283,2.412,1.551,1.521,2.068,2.074,2.418,2.462,2.373,2.435,2.399,2.481,2.644,2.956,2.203,2.251,2.609,2.54,2.044,2.127,2.735,2.747,2.5,2.427,3.651,3.617,2.337,2.382,896.0,847.0,680.0,643.0,2607.0,2286.0,1276.0,1372.0,531.0,395.0,302.0,208.0,2891.0,2904.0,4345.0,4740.0,3013.0,2789.0,2213.0,2497.0,887.0,844.0,4288.0,4783.0,2462.0,2253.0,2867.0,2695.0,1722.0,1958.0,3174.0,2660.0,1290.0,1318.0,510.0,557.0,1176.0,1716.0,546.0,823.0,1366.0,1196.0,1391.0,1361.0,4346.0,4103.0,1225.0,1162.0,4988.0,4764.0,3376.0,3466.0,496.0,781.0,5432.0,5526.0,6932.0,7116.0,4890.0,4643.0,3301.0,3759.0,4434.0,3628.0,409.0,426.0,375.0,296.0
A00065790,2.793,2.942,2.942,2.505,2.751,2.756,2.128,2.169,3.478,3.271,2.713,2.755,2.79,2.945,2.464,2.691,2.978,3.049,3.111,3.157,2.197,2.218,2.263,2.441,2.865,2.925,2.003,2.16,2.454,2.746,3.142,3.243,2.619,2.749,3.136,3.234,2.886,2.749,3.183,3.124,2.68,2.607,1.677,1.739,2.176,2.22,2.567,2.506,2.84,2.773,2.545,2.662,2.87,3.225,2.405,2.541,2.94,2.858,2.342,2.254,3.018,3.018,2.82,2.89,3.775,3.853,2.781,2.615,876.0,867.0,747.0,665.0,2240.0,2126.0,1477.0,1656.0,443.0,378.0,338.0,234.0,2937.0,2765.0,4757.0,4901.0,2921.0,3070.0,2179.0,2264.0,979.0,794.0,5013.0,4956.0,2641.0,2291.0,2583.0,2672.0,1766.0,1896.0,3150.0,2787.0,1199.0,1292.0,595.0,636.0,1155.0,1377.0,754.0,742.0,1195.0,1413.0,1456.0,1382.0,3587.0,3854.0,983.0,1048.0,4430.0,4366.0,3258.0,3822.0,589.0,1003.0,5750.0,5890.0,6268.0,6658.0,4926.0,4828.0,3009.0,3271.0,2722.0,2890.0,440.0,373.0,322.0,247.0
A00065792,2.538,2.766,2.728,2.567,2.529,2.616,2.173,2.069,3.301,2.973,2.68,3.075,2.629,2.971,2.675,2.556,3.061,2.924,3.002,3.242,2.33,2.388,2.273,2.196,2.85,2.725,2.124,2.161,2.675,2.711,3.053,3.059,2.506,2.528,2.753,2.666,2.71,2.789,2.638,2.857,2.569,2.625,1.899,1.641,2.271,2.238,2.589,2.681,2.548,2.649,2.65,2.575,3.241,3.536,2.361,2.479,2.943,2.799,2.328,2.389,2.762,3.027,2.693,2.663,3.367,3.587,2.917,2.67,1117.0,900.0,587.0,697.0,2554.0,2263.0,1416.0,1574.0,331.0,329.0,298.0,250.0,2796.0,2710.0,4704.0,4963.0,3056.0,3385.0,2445.0,2459.0,974.0,875.0,5877.0,5996.0,2390.0,2360.0,2535.0,2656.0,1538.0,1538.0,4116.0,3564.0,1478.0,1560.0,556.0,612.0,1149.0,1351.0,596.0,744.0,1411.0,1103.0,1155.0,1037.0,4356.0,3792.0,1325.0,1175.0,4962.0,5025.0,3238.0,3446.0,462.0,537.0,5663.0,5540.0,7338.0,6751.0,5526.0,4181.0,3895.0,4536.0,4071.0,4239.0,420.0,442.0,456.0,300.0
A00065802,2.796,2.861,3.096,2.772,2.807,2.842,2.144,1.994,2.705,2.779,2.918,3.153,3.023,3.001,2.762,2.782,2.826,2.788,3.119,3.177,2.429,2.52,2.369,2.198,2.823,2.916,2.084,2.089,2.521,2.608,3.016,3.058,2.726,2.777,3.15,3.102,2.929,2.918,3.081,2.931,2.774,2.73,1.538,1.693,2.032,2.061,2.823,2.959,2.713,2.75,2.612,2.683,2.923,2.98,2.582,2.683,3.008,3.052,2.527,2.416,3.199,3.238,2.893,2.779,3.223,3.722,2.86,2.667,1083.0,1029.0,555.0,657.0,2109.0,2015.0,1512.0,1518.0,556.0,528.0,362.0,257.0,3015.0,2914.0,4809.0,6235.0,3427.0,3317.0,2234.0,2189.0,1096.0,994.0,6050.0,5025.0,2912.0,3097.0,3460.0,3649.0,1879.0,2051.0,3549.0,3203.0,1487.0,1571.0,643.0,723.0,1234.0,1454.0,914.0,1052.0,1484.0,1415.0,1729.0,1531.0,4175.0,4041.0,1262.0,1087.0,5265.0,5084.0,3906.0,3790.0,667.0,1018.0,6367.0,6433.0,7799.0,7247.0,5301.0,5346.0,3586.0,3549.0,3085.0,3156.0,362.0,433.0,366.0,291.0
A00065873,2.201,2.514,2.664,2.223,2.405,2.462,1.822,1.909,3.212,3.334,2.952,3.236,2.71,2.647,2.323,2.371,2.773,2.757,2.922,3.173,2.275,2.238,2.131,2.122,2.669,2.627,1.871,1.94,2.397,2.397,2.838,2.766,2.381,2.344,2.646,2.619,2.354,2.556,2.88,2.732,2.32,2.306,1.401,1.497,1.934,2.018,2.343,2.525,2.281,2.308,2.328,2.222,2.619,2.795,2.288,2.396,2.639,2.637,2.037,2.141,2.675,2.678,2.383,2.457,3.673,3.73,2.095,2.149,925.0,807.0,485.0,692.0,2133.0,2135.0,1277.0,1332.0,514.0,518.0,285.0,198.0,2831.0,2636.0,3973.0,4807.0,2789.0,2681.0,2533.0,2156.0,737.0,760.0,4294.0,4628.0,2536.0,2754.0,3173.0,3273.0,1480.0,1679.0,3075.0,2804.0,1404.0,1545.0,681.0,822.0,1273.0,1533.0,712.0,831.0,1377.0,1327.0,1566.0,1281.0,3132.0,3525.0,1119.0,1020.0,4617.0,4211.0,3150.0,3500.0,576.0,733.0,4960.0,5040.0,7243.0,6393.0,4912.0,4873.0,3600.0,3985.0,3872.0,3141.0,388.0,463.0,478.0,303.0
A00065934,2.866,3.059,2.87,2.996,2.938,2.946,2.221,2.269,3.155,2.857,3.463,2.326,2.961,3.02,2.86,2.835,2.857,3.042,3.138,3.391,2.582,2.485,2.352,2.579,2.895,3.173,2.298,2.116,2.471,2.848,3.251,3.123,2.607,2.83,2.952,2.97,3.245,2.924,2.885,3.219,2.704,2.762,1.756,1.667,2.237,2.269,2.51,2.583,2.767,2.598,2.678,2.787,2.933,2.936,2.534,2.569,3.137,3.105,2.574,2.579,3.146,3.093,2.884,2.999,3.37,2.961,2.707,2.724,1023.0,1272.0,864.0,911.0,2821.0,2712.0,2296.0,2457.0,509.0,376.0,276.0,281.0,3794.0,3874.0,3872.0,5675.0,3524.0,4455.0,2860.0,2422.0,1089.0,989.0,6821.0,6084.0,2740.0,2466.0,4266.0,3797.0,1771.0,2269.0,3663.0,3549.0,1416.0,1500.0,652.0,832.0,1619.0,1928.0,744.0,911.0,1918.0,1726.0,2355.0,2165.0,4916.0,4616.0,1326.0,1361.0,4836.0,5492.0,4104.0,4184.0,513.0,923.0,6922.0,6489.0,8282.0,7296.0,5463.0,5925.0,4384.0,4473.0,4373.0,3665.0,526.0,393.0,524.0,360.0
A00065941,2.796,2.806,3.081,2.621,2.78,2.686,1.891,2.019,3.207,3.471,2.459,2.897,2.854,2.997,2.553,2.709,2.831,2.829,3.291,3.138,2.421,2.607,2.34,2.526,2.866,2.894,2.168,2.085,2.738,2.602,3.253,3.12,2.695,2.747,2.801,2.69,2.894,2.818,3.12,3.144,2.756,2.62,1.523,1.483,2.223,2.219,2.662,2.664,2.683,2.654,2.483,2.622,3.262,3.053,2.673,2.691,3.126,3.003,2.399,2.307,3.307,3.222,2.859,2.946,3.134,3.312,2.677,2.686,1157.0,968.0,535.0,562.0,1960.0,2266.0,1635.0,1598.0,362.0,281.0,334.0,237.0,3103.0,3285.0,4978.0,4982.0,3402.0,3751.0,2304.0,2149.0,967.0,933.0,5248.0,5953.0,2625.0,2443.0,3089.0,3477.0,1766.0,1757.0,3927.0,3253.0,1346.0,1154.0,587.0,605.0,1248.0,1614.0,681.0,761.0,1289.0,1422.0,1688.0,1504.0,4247.0,4287.0,1193.0,1191.0,5084.0,4798.0,3678.0,3941.0,474.0,892.0,5931.0,5955.0,7635.0,6760.0,4883.0,5714.0,3992.0,4004.0,4039.0,3914.0,339.0,383.0,467.0,356.0
A00065962,2.51,2.767,2.592,2.357,2.875,2.641,1.949,1.966,2.801,3.24,3.069,2.635,2.945,2.907,2.609,2.614,2.856,2.908,2.993,3.149,2.39,2.273,2.303,2.285,2.58,2.656,2.154,2.235,2.377,2.495,2.989,2.919,2.45,2.721,2.945,2.758,2.829,2.87,2.923,2.612,2.463,2.443,1.594,1.608,2.135,2.151,2.656,2.575,2.654,2.615,2.541,2.684,3.29,3.217,2.443,2.464,2.824,2.812,2.309,2.335,3.101,3.06,2.678,2.691,4.045,4.103,2.524,2.556,672.0,638.0,490.0,591.0,1668.0,1628.0,1204.0,1158.0,394.0,349.0,249.0,240.0,2156.0,2384.0,3570.0,3952.0,2281.0,2028.0,2037.0,2138.0,725.0,824.0,4503.0,4226.0,2229.0,2103.0,2776.0,2768.0,1760.0,1590.0,2656.0,2205.0,1092.0,1077.0,537.0,583.0,1088.0,1234.0,640.0,672.0,1323.0,1085.0,1556.0,1374.0,3206.0,3306.0,962.0,905.0,4078.0,4215.0,2708.0,2526.0,335.0,502.0,5273.0,5096.0,6384.0,5268.0,3753.0,3876.0,2990.0,3439.0,2701.0,2942.0,369.0,339.0,393.0,308.0
A00065974,2.4,2.79,2.929,2.592,2.559,2.505,1.727,1.777,2.992,3.595,2.602,2.557,2.743,2.756,2.369,2.5,2.715,2.627,2.805,2.981,2.383,2.48,2.03,2.169,2.682,2.647,1.899,1.943,2.367,2.232,2.851,2.759,2.34,2.495,2.68,3.026,2.567,2.7,2.505,2.454,2.258,2.221,1.541,1.609,2.102,1.932,2.579,2.48,2.446,2.557,2.292,2.338,2.647,2.888,2.222,2.364,2.73,2.717,2.146,2.149,2.829,2.702,2.571,2.602,3.567,3.206,2.433,2.518,1004.0,982.0,698.0,602.0,2198.0,2546.0,1280.0,1341.0,465.0,389.0,293.0,264.0,2989.0,3300.0,4535.0,5439.0,3380.0,3389.0,2584.0,2105.0,928.0,829.0,4653.0,4561.0,2688.0,2626.0,3415.0,3459.0,1825.0,2336.0,3384.0,3267.0,1386.0,1639.0,680.0,647.0,1313.0,1745.0,702.0,814.0,1529.0,1553.0,1640.0,1485.0,3744.0,3973.0,921.0,1039.0,5332.0,4719.0,3822.0,3860.0,550.0,858.0,5662.0,6274.0,7619.0,7647.0,5140.0,5656.0,3797.0,3885.0,3855.0,3753.0,460.0,396.0,464.0,316.0
A00065975,2.786,2.734,2.617,2.548,3.057,3.027,1.862,1.795,3.685,3.603,3.402,3.467,2.867,2.904,2.769,2.79,2.901,2.943,3.185,3.276,2.456,2.422,2.266,2.274,3.014,2.919,2.057,2.199,2.828,2.772,3.16,3.194,2.926,2.739,3.148,3.236,3.071,3.046,3.171,3.363,2.979,2.798,1.566,1.416,2.14,2.149,2.853,2.788,2.767,2.784,2.723,2.656,3.034,3.002,2.788,2.659,3.155,3.063,2.39,2.423,3.16,3.081,2.877,2.766,3.553,4.025,2.631,2.56,876.0,862.0,461.0,564.0,1931.0,1870.0,1191.0,1347.0,473.0,382.0,276.0,265.0,2833.0,2773.0,3599.0,4228.0,2874.0,2763.0,2189.0,2304.0,866.0,956.0,4774.0,5145.0,2231.0,2310.0,3116.0,2937.0,1481.0,1700.0,3268.0,2905.0,1191.0,1105.0,548.0,623.0,1294.0,1568.0,799.0,818.0,1283.0,1358.0,1376.0,1043.0,3219.0,3206.0,1009.0,995.0,4619.0,4350.0,3077.0,3439.0,525.0,681.0,5414.0,5976.0,6079.0,5954.0,4266.0,4390.0,3473.0,3550.0,3520.0,3265.0,498.0,405.0,357.0,304.0
A00065978,2.823,2.687,3.401,2.74,3.31,2.906,2.242,2.222,3.42,3.621,2.757,3.482,3.102,3.232,3.081,2.945,3.11,3.23,3.47,3.655,2.928,2.762,2.376,2.458,3.206,3.044,2.122,2.377,2.992,2.903,3.238,3.3,3.027,2.827,3.2,3.314,3.164,3.16,3.139,2.843,3.173,3.058,1.798,1.943,2.258,2.193,2.777,2.93,2.955,3.022,2.728,2.606,3.272,3.186,2.772,2.868,3.398,3.262,2.422,2.599,3.414,3.583,3.048,3.036,4.163,4.139,3.25,3.076,878.0,720.0,620.0,530.0,1862.0,1778.0,1487.0,1584.0,401.0,408.0,343.0,231.0,2966.0,2949.0,3618.0,4328.0,3087.0,2847.0,2551.0,2194.0,1250.0,1196.0,5037.0,4634.0,2555.0,2382.0,3760.0,3481.0,1381.0,1810.0,2899.0,2779.0,1229.0,1361.0,733.0,696.0,1100.0,1438.0,848.0,773.0,1472.0,1486.0,1629.0,1569.0,3987.0,3776.0,1052.0,1030.0,4583.0,4273.0,3679.0,3813.0,439.0,717.0,6081.0,5726.0,6624.0,6195.0,4957.0,4691.0,3313.0,3571.0,3948.0,3649.0,420.0,510.0,467.0,308.0
A00065991,2.609,2.827,2.972,2.705,2.79,2.777,2.03,2.167,3.666,3.877,2.987,3.239,3.026,2.988,2.782,2.799,3.09,2.865,3.048,3.21,2.364,2.312,2.33,2.371,2.8,3.003,2.156,1.989,2.595,2.636,2.996,3.064,2.724,2.777,2.846,2.694,2.925,2.712,2.689,3.046,2.737,2.668,1.473,1.659,2.253,2.335,2.723,2.523,2.698,2.776,2.57,2.595,2.965,2.88,2.624,2.517,3.145,3.095,2.628,2.626,3.162,2.971,2.781,2.839,3.429,3.74,2.228,2.487,862.0,886.0,470.0,593.0,2089.0,1364.0,1895.0,1882.0,319.0,321.0,273.0,185.0,2578.0,2933.0,3392.0,4242.0,2620.0,2569.0,1994.0,1841.0,1140.0,918.0,5502.0,5605.0,2036.0,2098.0,3571.0,3177.0,1378.0,1517.0,2816.0,2427.0,995.0,1132.0,708.0,651.0,1041.0,1257.0,595.0,711.0,1307.0,1025.0,1802.0,1637.0,3618.0,3346.0,930.0,952.0,4049.0,4091.0,3090.0,3106.0,588.0,608.0,5057.0,4774.0,6310.0,5837.0,4594.0,4421.0,3085.0,3321.0,3891.0,2689.0,514.0,411.0,445.0,302.0
A00065995,2.476,2.486,2.62,2.292,2.327,2.394,1.869,1.996,2.6,3.086,2.975,3.011,2.641,2.713,2.459,2.344,2.719,2.88,2.951,3.029,2.333,2.154,2.079,2.157,2.562,2.489,2.042,1.883,2.507,2.431,2.868,2.719,2.321,2.336,2.34,2.388,2.421,2.521,2.413,2.434,2.378,2.336,1.512,1.501,1.95,1.977,2.358,2.492,2.479,2.387,2.246,2.225,2.708,2.744,2.333,2.404,2.662,2.604,2.086,2.132,2.876,2.759,2.477,2.442,3.449,2.904,2.118,2.147,1136.0,910.0,521.0,949.0,2542.0,2163.0,2001.0,2223.0,432.0,419.0,283.0,253.0,3382.0,3617.0,4612.0,5454.0,3726.0,3703.0,2848.0,2439.0,1127.0,1102.0,5827.0,5818.0,2770.0,2808.0,3690.0,3847.0,1934.0,2146.0,3654.0,3460.0,1725.0,2042.0,662.0,701.0,1509.0,1511.0,674.0,773.0,1548.0,1566.0,2178.0,1852.0,4590.0,4928.0,1706.0,1221.0,5398.0,5428.0,4607.0,4564.0,592.0,844.0,5730.0,5922.0,8274.0,7179.0,5457.0,5577.0,3793.0,4094.0,5055.0,4330.0,455.0,330.0,466.0,381.0
A00066013,2.627,2.593,2.742,2.422,2.504,2.554,1.83,2.005,3.399,3.763,2.353,2.492,2.718,2.67,2.457,2.517,2.752,2.809,2.937,2.968,2.273,2.188,2.163,2.206,2.704,2.677,1.925,1.804,2.347,2.449,2.805,2.752,2.491,2.434,3.015,3.286,2.575,2.414,2.607,2.677,2.401,2.352,1.673,1.418,2.317,2.282,2.374,2.409,2.621,2.58,2.241,2.307,2.956,3.002,2.224,2.385,2.641,2.592,2.194,2.217,2.748,2.602,2.622,2.703,3.386,3.951,1.924,2.402,994.0,1054.0,613.0,706.0,2081.0,1937.0,1300.0,1362.0,642.0,431.0,279.0,254.0,2800.0,3037.0,4173.0,5354.0,3114.0,2889.0,2221.0,2049.0,1093.0,824.0,4836.0,4814.0,2523.0,2563.0,3029.0,3372.0,1948.0,1862.0,3242.0,2799.0,1133.0,1491.0,644.0,771.0,1107.0,1358.0,721.0,712.0,1319.0,1195.0,1203.0,1051.0,4243.0,3733.0,1108.0,1082.0,4329.0,4650.0,4193.0,4321.0,608.0,598.0,5784.0,4885.0,7081.0,6992.0,5952.0,5493.0,3435.0,3533.0,3915.0,3288.0,463.0,404.0,459.0,290.0
A00066091,2.558,2.682,2.441,2.442,2.704,2.687,1.939,1.854,3.602,3.811,2.729,3.335,2.951,2.895,2.525,2.642,2.981,2.959,3.275,3.143,2.141,2.352,2.375,2.412,2.867,2.811,2.203,2.048,2.759,2.597,2.985,2.808,2.736,2.773,2.937,3.426,2.837,2.814,2.961,2.794,2.579,2.631,1.581,1.543,2.174,2.166,2.489,2.522,2.69,2.704,2.552,2.505,2.869,3.08,2.363,2.554,2.984,2.77,2.287,2.236,3.022,2.998,2.74,2.714,3.028,3.64,2.646,2.45,1036.0,923.0,778.0,853.0,3037.0,2238.0,1742.0,1797.0,625.0,477.0,315.0,261.0,3332.0,3303.0,4968.0,5770.0,4262.0,3791.0,2957.0,2863.0,1267.0,1211.0,5516.0,5640.0,3191.0,2837.0,3568.0,3503.0,2088.0,2209.0,3974.0,3856.0,1385.0,1701.0,644.0,690.0,1892.0,1975.0,931.0,1066.0,2079.0,1740.0,1774.0,1454.0,4921.0,5237.0,1646.0,1439.0,5283.0,5364.0,4953.0,4535.0,714.0,972.0,7129.0,7023.0,7915.0,8042.0,6035.0,6536.0,4035.0,4314.0,5318.0,4821.0,480.0,491.0,472.0,363.0
A00066130,2.126,2.411,2.357,2.281,2.302,2.517,1.927,1.797,3.557,3.535,2.894,2.949,2.808,2.489,2.403,2.484,2.806,2.968,2.664,2.751,2.172,2.271,2.132,2.089,2.619,2.671,1.901,1.655,2.307,2.406,2.639,2.689,2.449,2.484,2.703,2.626,2.523,2.455,2.731,2.829,2.36,2.32,1.606,1.38,1.859,1.893,2.295,2.405,2.463,2.584,2.296,2.293,3.073,2.469,2.32,2.282,2.59,2.553,2.15,2.099,2.541,2.474,2.323,2.44,3.587,3.908,2.042,2.248,967.0,879.0,542.0,725.0,2412.0,1880.0,616.0,1344.0,517.0,366.0,243.0,216.0,2669.0,2982.0,4112.0,5011.0,2499.0,2817.0,2437.0,2221.0,968.0,785.0,4378.0,4104.0,2078.0,2047.0,2353.0,3219.0,1800.0,1746.0,3275.0,2741.0,1142.0,1298.0,491.0,630.0,1354.0,1383.0,607.0,676.0,1233.0,1066.0,1062.0,754.0,3897.0,3536.0,1186.0,1214.0,4871.0,4790.0,3233.0,3545.0,450.0,924.0,4532.0,4928.0,6752.0,6798.0,5123.0,4732.0,3672.0,3750.0,4678.0,3642.0,368.0,347.0,429.0,303.0
A00066132,2.484,2.694,2.834,2.562,2.48,2.617,1.902,2.052,3.056,3.227,3.008,3.118,2.744,2.799,2.432,2.471,2.575,2.788,2.814,3.136,2.229,2.294,2.194,2.164,2.629,2.713,1.944,1.991,2.435,2.421,2.962,2.754,2.534,2.555,2.731,2.879,2.476,2.668,2.933,2.741,2.374,2.646,1.595,1.511,2.255,2.186,2.457,2.585,2.635,2.632,2.369,2.46,2.703,2.942,2.252,2.421,2.768,2.718,2.219,2.315,3.054,2.965,2.581,2.686,3.769,4.037,2.178,2.12,936.0,966.0,537.0,784.0,2269.0,2122.0,1464.0,1438.0,514.0,405.0,318.0,263.0,3344.0,3195.0,3745.0,5478.0,3376.0,3115.0,2555.0,2430.0,1090.0,876.0,4645.0,4529.0,2947.0,2629.0,2551.0,2877.0,2103.0,2124.0,3526.0,2993.0,1301.0,1675.0,678.0,701.0,1362.0,1514.0,698.0,826.0,1988.0,1649.0,1240.0,1209.0,4505.0,3943.0,1301.0,1272.0,5166.0,5462.0,3738.0,3759.0,549.0,701.0,6465.0,6517.0,7790.0,6980.0,5491.0,5485.0,3858.0,4052.0,4191.0,3138.0,534.0,472.0,502.0,366.0
A00066153,2.403,2.787,2.664,2.609,2.608,2.603,1.874,1.854,2.951,3.244,3.112,2.861,2.874,2.866,2.488,2.684,3.05,2.909,3.071,3.218,2.349,2.592,2.103,2.26,2.551,2.608,2.059,1.979,2.312,2.583,3.002,2.943,2.483,2.458,2.873,2.799,2.602,2.727,2.801,2.647,2.43,2.523,1.525,1.545,2.185,2.029,2.533,2.615,2.577,2.627,2.518,2.495,2.872,2.791,2.452,2.593,2.799,2.68,2.158,2.206,2.974,3.017,2.67,2.54,3.372,2.998,2.295,2.341,968.0,1013.0,555.0,889.0,2617.0,2246.0,1645.0,1780.0,499.0,420.0,345.0,289.0,3496.0,3570.0,6306.0,6941.0,3432.0,3626.0,2514.0,2373.0,961.0,998.0,6146.0,5195.0,2813.0,2886.0,3130.0,3114.0,2210.0,1885.0,3650.0,3322.0,1385.0,1411.0,705.0,695.0,1261.0,1342.0,808.0,1041.0,1228.0,1200.0,1475.0,1291.0,4286.0,4211.0,1261.0,1099.0,4946.0,5152.0,4379.0,4724.0,724.0,903.0,6161.0,6038.0,8176.0,7795.0,5976.0,6549.0,3719.0,4185.0,4330.0,4423.0,514.0,543.0,555.0,312.0
A00066154,2.429,2.405,2.594,2.249,2.429,2.646,1.591,1.649,3.146,3.348,2.613,2.862,2.703,2.722,2.487,2.493,2.871,2.935,2.832,2.839,2.281,2.219,2.15,2.307,2.557,2.486,2.0,2.038,2.319,2.348,2.928,2.753,2.582,2.546,2.37,2.711,2.587,2.461,2.724,2.609,2.406,2.415,1.413,1.487,2.133,2.157,2.319,2.442,2.631,2.588,2.411,2.391,2.687,2.731,2.282,2.339,2.718,2.74,2.308,2.343,2.699,2.783,2.574,2.5,3.344,3.862,2.036,2.299,985.0,1040.0,805.0,589.0,2428.0,2241.0,1189.0,1253.0,435.0,337.0,289.0,280.0,2747.0,2986.0,3859.0,6078.0,2693.0,2928.0,2137.0,2077.0,785.0,682.0,4805.0,4562.0,2685.0,2766.0,2933.0,2911.0,2022.0,1996.0,3476.0,2745.0,1363.0,1380.0,721.0,705.0,1165.0,1251.0,630.0,729.0,1217.0,1023.0,1303.0,1046.0,4050.0,3825.0,1072.0,1292.0,4768.0,4575.0,3010.0,3479.0,619.0,833.0,5273.0,5946.0,7152.0,6566.0,5060.0,4794.0,3652.0,3829.0,4266.0,2992.0,406.0,400.0,451.0,284.0
A00066162,2.614,2.829,3.308,2.875,2.757,2.782,1.964,2.114,3.465,3.285,2.853,2.862,2.928,2.94,2.561,2.655,2.836,3.084,3.19,3.117,2.353,2.649,2.403,2.579,2.946,2.928,2.156,2.11,2.326,2.614,3.131,2.936,2.51,2.611,2.904,3.0,2.577,2.678,2.948,2.715,2.457,2.316,1.663,1.502,2.137,1.999,2.637,2.866,2.686,2.716,2.552,2.568,2.907,2.885,2.497,2.578,2.875,2.809,2.347,2.379,3.061,2.876,2.772,2.757,4.171,3.059,2.859,3.046,678.0,747.0,538.0,540.0,2164.0,1865.0,1559.0,1468.0,391.0,349.0,261.0,216.0,2671.0,2807.0,3397.0,3691.0,2741.0,2994.0,2087.0,2383.0,878.0,715.0,4884.0,4426.0,2280.0,2015.0,3462.0,3294.0,1625.0,1622.0,2989.0,2601.0,1462.0,1578.0,614.0,567.0,1133.0,1474.0,688.0,703.0,1370.0,1189.0,1769.0,1579.0,4037.0,4325.0,1020.0,1026.0,5084.0,4470.0,3228.0,3297.0,503.0,699.0,4716.0,5369.0,6569.0,6787.0,5142.0,5187.0,3354.0,3580.0,3596.0,3157.0,462.0,459.0,395.0,306.0
A00066232,2.788,2.933,2.763,2.642,2.869,2.695,1.9,2.006,3.548,3.254,2.938,2.596,3.04,2.888,2.49,2.649,3.011,2.966,3.295,3.208,2.32,1.977,2.246,2.474,3.075,2.924,2.138,2.014,2.521,2.554,3.162,3.013,2.62,2.601,2.95,2.73,2.813,2.889,2.983,2.769,2.847,2.551,1.511,1.633,2.112,2.138,2.502,2.791,2.742,2.849,2.617,2.537,2.851,2.799,2.461,2.55,2.987,2.869,2.263,2.353,3.094,3.274,2.702,2.793,4.192,4.524,2.487,2.652,1210.0,1174.0,805.0,598.0,3801.0,3216.0,1753.0,2051.0,599.0,511.0,386.0,332.0,3647.0,4279.0,6418.0,6210.0,4683.0,5281.0,2890.0,2980.0,992.0,997.0,6043.0,5813.0,3014.0,3216.0,4190.0,2883.0,2338.0,2211.0,4728.0,4389.0,1971.0,1979.0,696.0,815.0,1648.0,1881.0,928.0,1056.0,1955.0,1588.0,1872.0,1620.0,5604.0,5330.0,1394.0,1508.0,5152.0,6134.0,4574.0,4546.0,675.0,1211.0,7929.0,7792.0,10379.0,10730.0,6111.0,6006.0,4717.0,4827.0,5512.0,5266.0,637.0,597.0,481.0,374.0
A00066236,2.723,2.699,2.615,2.729,2.804,2.625,1.91,1.937,2.744,2.949,2.437,2.654,2.745,2.725,2.667,2.578,2.945,2.441,2.942,3.189,2.487,2.432,2.344,2.335,2.607,2.542,2.092,2.079,2.362,2.187,2.989,2.998,2.552,2.465,2.449,2.563,2.799,2.61,2.859,2.687,2.428,2.619,1.517,1.465,2.124,2.045,2.411,2.498,2.47,2.716,2.522,2.524,2.757,3.016,2.343,2.46,2.823,2.72,2.261,2.371,2.955,2.83,2.689,2.543,2.946,3.224,2.507,2.258,1380.0,1034.0,660.0,736.0,2436.0,2257.0,1580.0,1612.0,363.0,284.0,307.0,283.0,3683.0,3296.0,5019.0,6573.0,3719.0,3686.0,2732.0,2548.0,1024.0,929.0,4746.0,5327.0,2888.0,3238.0,3143.0,3211.0,2147.0,2060.0,4014.0,3990.0,1325.0,1572.0,642.0,691.0,1245.0,1346.0,820.0,1069.0,1436.0,1305.0,1546.0,1536.0,4480.0,4741.0,1385.0,1271.0,5015.0,5307.0,3942.0,3898.0,765.0,930.0,6097.0,5816.0,7582.0,7986.0,5624.0,5305.0,4365.0,4636.0,4869.0,4231.0,468.0,457.0,623.0,409.0
A00066237,2.337,2.478,2.785,2.684,2.612,2.523,1.764,1.716,3.572,3.479,2.474,2.684,2.598,2.65,2.467,2.491,2.602,2.609,2.966,3.091,2.251,2.443,2.094,2.139,2.544,2.631,1.912,1.848,2.517,2.386,2.795,2.778,2.261,2.312,2.761,2.755,2.511,2.643,2.827,2.755,2.312,2.308,1.459,1.44,1.982,2.057,2.533,2.564,2.534,2.53,2.339,2.306,2.773,2.875,2.26,2.347,2.744,2.651,2.129,2.165,2.707,2.687,2.525,2.64,3.537,3.844,2.236,2.211,1009.0,720.0,517.0,638.0,1493.0,1534.0,1422.0,1412.0,300.0,371.0,276.0,244.0,2644.0,2839.0,4059.0,4662.0,2552.0,2430.0,2043.0,1956.0,941.0,857.0,4349.0,4667.0,2292.0,2119.0,3170.0,2945.0,1468.0,1569.0,2803.0,2816.0,1272.0,1213.0,567.0,610.0,1134.0,1500.0,674.0,718.0,1384.0,1252.0,1570.0,1428.0,3348.0,3453.0,1074.0,911.0,4227.0,4008.0,3628.0,3533.0,376.0,748.0,4621.0,4563.0,5899.0,5466.0,4919.0,5218.0,3132.0,3392.0,3822.0,3378.0,288.0,318.0,422.0,292.0
A00066245,2.7,2.769,2.446,2.511,2.483,2.533,1.8,1.838,2.919,3.305,2.748,2.756,2.688,2.719,2.484,2.533,2.696,2.74,2.773,2.863,2.114,2.472,2.087,2.235,2.66,2.557,2.047,1.869,2.375,2.241,2.807,2.826,2.203,2.447,2.509,2.792,2.466,2.536,2.723,2.749,2.634,2.442,1.376,1.369,2.036,2.015,2.456,2.282,2.556,2.52,2.392,2.411,2.559,2.596,2.288,2.412,2.737,2.716,2.28,2.227,2.737,2.856,2.577,2.537,3.721,2.891,2.16,2.151,928.0,906.0,657.0,435.0,2215.0,2317.0,1524.0,1741.0,441.0,308.0,264.0,218.0,2661.0,3425.0,4123.0,4352.0,2797.0,3031.0,2174.0,2282.0,842.0,676.0,5185.0,3970.0,2567.0,2448.0,3577.0,2593.0,1670.0,1852.0,2971.0,2526.0,1215.0,1395.0,778.0,610.0,1542.0,1408.0,727.0,864.0,1615.0,1299.0,1588.0,1146.0,3417.0,3544.0,992.0,1054.0,4596.0,4840.0,3602.0,3640.0,579.0,826.0,4918.0,5435.0,6348.0,5981.0,4379.0,4517.0,3343.0,3530.0,3150.0,3025.0,430.0,459.0,369.0,299.0
A00066246,2.67,2.659,2.516,2.594,2.595,2.422,1.737,1.802,2.801,3.246,2.439,2.692,2.57,2.53,2.383,2.414,2.639,2.661,2.941,2.99,2.179,2.335,2.045,2.028,2.76,2.585,1.81,1.863,2.46,2.322,2.88,2.717,2.36,2.424,2.265,2.868,2.513,2.499,2.647,2.604,2.452,2.561,1.584,1.531,2.082,2.004,2.347,2.431,2.581,2.562,2.213,2.36,3.094,3.047,2.342,2.52,2.767,2.659,2.089,2.089,2.703,2.608,2.574,2.493,3.094,3.444,1.791,2.007,1187.0,979.0,687.0,826.0,2501.0,2474.0,1708.0,1929.0,526.0,535.0,311.0,253.0,3940.0,3534.0,4902.0,6805.0,4168.0,4289.0,2467.0,2407.0,1071.0,1035.0,5547.0,5757.0,2996.0,3383.0,3715.0,3579.0,2248.0,2085.0,4150.0,4065.0,1732.0,1730.0,855.0,815.0,1472.0,1576.0,715.0,922.0,1659.0,1438.0,2194.0,1960.0,4867.0,4571.0,1441.0,1335.0,5315.0,5543.0,4988.0,4424.0,789.0,858.0,5769.0,5552.0,8385.0,7288.0,6468.0,6873.0,3784.0,4413.0,4530.0,5071.0,418.0,501.0,559.0,363.0
A00066282,2.627,2.396,2.551,2.361,2.537,2.556,1.846,1.828,2.982,3.727,2.868,2.787,2.874,2.781,2.405,2.538,2.918,2.773,3.209,3.071,2.125,2.199,2.243,2.214,2.699,2.699,2.134,2.07,2.434,2.476,2.95,3.017,2.286,2.402,3.048,3.121,2.583,2.566,2.876,2.722,2.325,2.372,1.486,1.481,2.173,2.085,2.354,2.321,2.447,2.602,2.474,2.399,2.842,3.076,2.377,2.409,2.745,2.733,2.124,2.194,2.852,2.696,2.607,2.546,3.935,3.716,2.272,2.225,909.0,742.0,518.0,692.0,2026.0,2195.0,1397.0,1496.0,446.0,394.0,268.0,231.0,2718.0,2999.0,4451.0,4246.0,3040.0,2800.0,2019.0,2478.0,901.0,875.0,4637.0,5657.0,2577.0,2333.0,2988.0,2889.0,1640.0,1646.0,3028.0,2904.0,1156.0,1329.0,535.0,623.0,1236.0,1355.0,703.0,751.0,1588.0,1213.0,1273.0,1178.0,3457.0,3803.0,1259.0,1026.0,4335.0,4529.0,3045.0,3377.0,548.0,743.0,5218.0,4976.0,7100.0,6401.0,4341.0,4837.0,3054.0,3198.0,2789.0,2894.0,375.0,484.0,385.0,264.0
A00066302,2.349,2.523,2.543,2.31,2.316,2.398,1.765,1.861,2.997,3.489,2.755,2.656,2.71,2.462,2.299,2.483,2.63,2.77,2.731,2.805,2.241,2.255,2.08,2.082,2.654,2.547,2.074,1.832,2.282,2.312,2.718,2.828,2.428,2.268,2.759,2.6,2.369,2.443,2.394,2.49,2.387,2.194,1.598,1.475,2.1,2.159,2.206,2.35,2.211,2.202,2.319,2.298,2.982,2.609,2.174,2.224,2.419,2.432,2.06,2.127,2.511,2.666,2.513,2.689,3.37,3.408,2.297,2.018,1198.0,995.0,475.0,661.0,2877.0,2933.0,1513.0,1667.0,567.0,414.0,308.0,262.0,2746.0,3187.0,4046.0,5050.0,3652.0,3182.0,2448.0,2569.0,1124.0,969.0,5298.0,4965.0,2508.0,2206.0,3905.0,3562.0,1941.0,1682.0,3427.0,3328.0,1415.0,1538.0,563.0,714.0,1432.0,1481.0,693.0,728.0,1354.0,1108.0,1789.0,1578.0,4601.0,4691.0,1166.0,1144.0,5917.0,5900.0,3744.0,4119.0,646.0,845.0,5923.0,5989.0,9520.0,8436.0,5201.0,5456.0,4218.0,4338.0,4612.0,3835.0,418.0,440.0,527.0,378.0
A00066314,2.72,2.787,2.901,2.511,2.727,2.703,1.921,2.002,3.445,3.051,2.358,2.828,3.006,2.827,2.626,2.705,2.776,2.843,3.144,3.355,2.199,2.426,2.33,2.451,2.938,3.002,2.249,2.133,2.438,2.714,2.962,2.966,2.716,2.612,3.109,3.213,2.591,2.87,2.949,2.962,2.479,2.786,1.557,1.691,2.041,2.042,2.521,2.775,2.521,2.759,2.701,2.776,3.169,3.147,2.462,2.679,2.899,2.723,2.3,2.321,3.01,2.912,2.682,2.736,3.072,3.443,2.219,2.19,1342.0,1110.0,1011.0,747.0,2401.0,2422.0,2201.0,2044.0,571.0,532.0,370.0,272.0,3450.0,4079.0,6555.0,7958.0,4310.0,4808.0,3107.0,2488.0,1185.0,1159.0,6857.0,6993.0,3048.0,2921.0,4847.0,3808.0,1904.0,2284.0,4703.0,4008.0,1886.0,2233.0,677.0,722.0,1374.0,1890.0,864.0,970.0,1831.0,1710.0,2086.0,2077.0,4775.0,4895.0,1387.0,1676.0,7003.0,5574.0,5125.0,4926.0,767.0,1188.0,8204.0,8516.0,9939.0,9259.0,6851.0,7060.0,4258.0,5392.0,5213.0,3922.0,464.0,557.0,621.0,343.0
A00066319,2.644,3.182,2.933,2.779,2.554,2.521,1.77,1.829,3.011,3.01,2.67,2.857,2.6,2.729,2.607,2.649,2.696,2.693,3.209,3.073,2.4,2.223,2.206,2.332,2.896,2.748,1.962,1.846,2.413,2.414,3.037,2.959,2.562,2.529,2.811,2.911,2.785,2.57,2.731,2.589,2.631,2.382,1.524,1.351,2.157,2.088,2.44,2.662,2.562,2.576,2.433,2.516,3.109,3.036,2.392,2.367,2.79,2.68,2.369,2.327,2.834,2.933,2.65,2.716,3.783,3.315,2.601,2.563,1046.0,1002.0,824.0,691.0,1893.0,2203.0,1649.0,1767.0,499.0,545.0,325.0,258.0,2913.0,2903.0,4070.0,4825.0,3229.0,3115.0,2093.0,1923.0,921.0,780.0,4660.0,4513.0,2487.0,2370.0,3182.0,3146.0,1819.0,1701.0,3352.0,2971.0,1239.0,1331.0,585.0,716.0,1106.0,1410.0,604.0,709.0,1331.0,1220.0,1414.0,1306.0,3919.0,3728.0,1167.0,1423.0,4538.0,5239.0,3358.0,3724.0,507.0,777.0,6384.0,5323.0,6907.0,6972.0,5566.0,5341.0,3314.0,3646.0,4220.0,4082.0,419.0,503.0,408.0,267.0
A00066389,2.302,2.735,2.396,2.25,2.488,2.426,1.989,2.065,3.202,2.956,3.316,2.933,2.906,2.892,2.431,2.498,2.79,2.732,3.131,3.098,2.412,2.372,2.22,2.262,2.721,2.727,1.976,1.875,2.208,2.569,2.783,2.867,2.362,2.503,2.381,2.687,2.598,2.542,2.622,2.671,2.258,2.37,1.654,1.634,2.048,2.094,2.468,2.402,2.366,2.395,2.457,2.422,2.762,3.034,2.211,2.34,2.747,2.729,2.265,2.243,2.658,2.563,2.422,2.537,3.602,3.807,2.181,2.097,1355.0,961.0,565.0,539.0,2031.0,1656.0,1546.0,1805.0,318.0,357.0,308.0,250.0,2746.0,2578.0,4569.0,5254.0,2958.0,2880.0,2262.0,2318.0,1101.0,1018.0,5321.0,5577.0,2245.0,2452.0,3666.0,3598.0,1591.0,1659.0,3237.0,3081.0,1296.0,1522.0,609.0,569.0,977.0,1301.0,637.0,848.0,1280.0,1249.0,1963.0,1913.0,3749.0,3709.0,1028.0,994.0,5444.0,4917.0,3199.0,3314.0,406.0,648.0,5664.0,5472.0,6298.0,6164.0,4914.0,4724.0,3258.0,3647.0,3980.0,2870.0,358.0,438.0,490.0,316.0
A00066419,2.584,2.657,3.028,2.823,2.978,2.665,1.833,2.132,3.337,3.554,2.855,2.609,2.749,2.784,2.768,2.642,2.667,2.806,2.853,3.062,2.34,2.346,2.192,2.236,2.642,2.8,2.067,2.095,2.318,2.627,3.011,2.935,2.584,2.684,2.789,2.716,2.656,2.741,2.777,3.041,2.361,2.668,1.551,1.547,2.322,2.36,2.622,2.485,2.56,2.684,2.506,2.483,3.106,3.159,2.398,2.324,2.972,2.882,2.275,2.363,2.972,2.766,2.737,2.655,3.94,4.347,2.548,2.606,659.0,811.0,550.0,453.0,1846.0,1678.0,1351.0,1478.0,340.0,341.0,317.0,236.0,2438.0,2780.0,3663.0,4310.0,2604.0,2648.0,2149.0,1963.0,845.0,718.0,4861.0,4520.0,2454.0,2266.0,3132.0,3023.0,1623.0,1608.0,2842.0,2146.0,1310.0,1312.0,578.0,649.0,1020.0,1318.0,761.0,802.0,1150.0,1275.0,1575.0,1294.0,3656.0,3567.0,903.0,944.0,4483.0,4557.0,3931.0,3721.0,396.0,526.0,4836.0,4756.0,6000.0,6241.0,5551.0,5092.0,3067.0,3364.0,3489.0,2991.0,459.0,348.0,400.0,271.0
A00066460,2.675,2.489,2.473,2.652,2.386,2.375,1.759,1.651,2.655,3.147,2.604,2.686,2.6,2.7,2.277,2.415,2.633,2.891,2.901,2.984,2.038,2.06,1.979,2.055,2.646,2.802,1.924,1.848,2.363,2.417,2.718,2.694,2.256,2.213,2.574,2.787,2.403,2.452,2.7,2.551,2.348,2.309,1.506,1.479,2.026,1.962,2.612,2.26,2.275,2.421,2.187,2.121,2.768,2.585,2.213,2.306,2.531,2.471,1.955,2.016,2.692,2.64,2.363,2.424,3.083,3.316,2.468,2.432,1256.0,843.0,758.0,584.0,2210.0,2383.0,1756.0,1972.0,502.0,388.0,310.0,278.0,3779.0,3152.0,4002.0,5263.0,3758.0,3161.0,2506.0,2285.0,1222.0,844.0,5533.0,6372.0,2446.0,2461.0,3876.0,3813.0,2474.0,2043.0,3531.0,3366.0,1521.0,2247.0,551.0,641.0,1312.0,1698.0,702.0,791.0,1592.0,1362.0,1948.0,1960.0,4943.0,4665.0,994.0,1384.0,5876.0,5375.0,4057.0,4528.0,706.0,864.0,5075.0,5511.0,8382.0,8327.0,5395.0,5519.0,4078.0,4135.0,4782.0,3502.0,500.0,369.0,444.0,324.0
A00066539,2.349,2.432,2.508,2.144,2.385,2.614,1.7,1.789,3.28,3.866,2.075,2.468,2.695,2.609,2.306,2.476,2.717,2.618,2.913,2.951,2.229,2.409,2.174,2.331,2.635,2.555,1.987,1.788,2.464,2.278,2.716,2.604,2.381,2.399,2.357,2.756,2.529,2.567,2.731,2.747,2.459,2.497,1.482,1.357,2.115,2.161,2.402,2.285,2.46,2.572,2.223,2.291,2.371,2.464,2.366,2.371,2.643,2.55,2.217,2.167,2.669,2.614,2.323,2.547,3.177,3.344,2.358,2.242,1099.0,891.0,903.0,926.0,3051.0,2759.0,2095.0,1760.0,617.0,455.0,337.0,291.0,3256.0,2994.0,4737.0,5936.0,4150.0,4287.0,2959.0,2934.0,1468.0,1082.0,6315.0,6028.0,3170.0,3374.0,3146.0,2857.0,2400.0,2653.0,4660.0,3562.0,1732.0,2228.0,649.0,779.0,1622.0,1982.0,848.0,1011.0,1882.0,1605.0,1493.0,1334.0,5160.0,5368.0,1582.0,1500.0,6975.0,6250.0,4796.0,4618.0,913.0,1184.0,6760.0,6998.0,10485.0,9996.0,6362.0,6601.0,4600.0,4766.0,5035.0,4356.0,552.0,646.0,730.0,444.0
A00066572,2.848,2.916,3.071,2.495,2.815,2.99,1.965,2.063,4.124,3.208,2.478,2.519,2.968,3.076,2.724,2.762,2.881,2.975,3.334,3.386,2.601,2.876,2.402,2.401,2.872,2.845,2.018,2.069,2.669,2.799,3.09,3.113,2.744,2.733,3.153,2.863,2.905,3.006,2.969,3.023,2.658,2.616,1.721,1.728,2.272,2.219,2.67,2.83,2.824,2.964,2.653,2.593,2.893,3.011,2.481,2.51,3.171,3.008,2.43,2.49,3.094,3.093,2.927,2.866,3.444,3.773,2.216,2.666,1151.0,1020.0,651.0,881.0,1665.0,1624.0,1195.0,1366.0,383.0,371.0,391.0,272.0,2939.0,3135.0,4335.0,5022.0,3191.0,3365.0,2388.0,2318.0,1062.0,829.0,4562.0,4622.0,2646.0,2754.0,2911.0,3058.0,1961.0,1908.0,3765.0,3191.0,1246.0,1456.0,773.0,779.0,1063.0,1560.0,808.0,1053.0,1726.0,1789.0,1377.0,1227.0,3891.0,4485.0,1128.0,1170.0,4397.0,4579.0,3843.0,3967.0,575.0,658.0,6352.0,6492.0,6371.0,6137.0,5177.0,5790.0,4087.0,3984.0,4540.0,4080.0,531.0,439.0,463.0,369.0
A00066573,3.051,3.118,2.78,2.884,2.84,2.731,2.327,2.517,3.297,3.154,2.842,3.174,2.966,3.078,2.939,2.961,3.113,3.101,3.377,3.333,2.658,2.91,2.557,2.635,3.017,3.09,2.537,2.449,2.802,2.701,3.22,3.342,3.05,2.918,2.676,2.903,3.004,3.004,3.212,3.109,2.942,3.013,1.977,1.95,2.292,2.352,2.787,2.917,2.74,2.779,2.981,2.895,3.327,3.375,2.729,2.811,3.078,3.005,2.601,2.554,3.28,3.228,2.757,2.767,2.996,3.156,2.82,2.959,993.0,1190.0,494.0,687.0,2648.0,1944.0,1524.0,1716.0,451.0,431.0,323.0,347.0,3328.0,3399.0,5135.0,5899.0,3144.0,3147.0,2905.0,2895.0,1205.0,932.0,5640.0,5422.0,2694.0,2585.0,3462.0,3018.0,1593.0,1980.0,3281.0,3230.0,1389.0,1691.0,777.0,684.0,1432.0,1417.0,588.0,870.0,1518.0,1179.0,1862.0,1656.0,5109.0,4570.0,1364.0,1181.0,4731.0,4949.0,4054.0,4232.0,630.0,893.0,6559.0,6130.0,7778.0,7473.0,5506.0,6260.0,4099.0,4379.0,5130.0,4462.0,344.0,429.0,500.0,343.0
A00066581,2.734,2.912,2.828,2.848,2.89,2.786,2.11,2.037,3.187,3.356,2.787,3.043,2.834,2.879,2.782,2.842,3.016,3.0,3.23,3.271,2.532,2.613,2.362,2.484,2.886,2.982,2.047,2.09,2.596,2.606,3.197,3.286,3.011,2.985,2.926,3.231,2.927,2.843,3.115,3.076,2.825,3.002,1.564,1.505,2.292,2.235,2.83,2.761,2.658,2.758,2.843,2.882,3.131,3.227,2.678,2.679,3.086,3.109,2.52,2.472,3.297,3.372,2.881,2.93,3.568,3.305,3.07,3.187,1087.0,1055.0,779.0,667.0,2299.0,3090.0,1694.0,2063.0,509.0,808.0,316.0,273.0,3546.0,3853.0,5301.0,6443.0,4580.0,4017.0,2781.0,2598.0,1156.0,1047.0,6139.0,6170.0,2665.0,2508.0,3595.0,3259.0,1694.0,2055.0,4083.0,3503.0,1523.0,1518.0,689.0,671.0,1801.0,2067.0,640.0,826.0,1504.0,1366.0,1965.0,1819.0,5165.0,4716.0,1245.0,1393.0,5776.0,6084.0,4303.0,4202.0,560.0,857.0,6664.0,6620.0,8412.0,8237.0,4956.0,6164.0,3664.0,4111.0,4321.0,4152.0,498.0,582.0,522.0,337.0
A00066582,2.885,2.882,2.928,2.859,2.723,2.959,2.095,2.044,3.208,3.398,3.01,3.063,2.976,3.018,2.792,2.884,3.256,3.146,3.348,3.411,2.868,2.61,2.35,2.502,2.785,2.953,2.01,2.03,2.656,2.652,3.271,3.275,2.768,2.898,3.423,3.225,2.932,2.971,2.949,3.12,2.599,2.527,1.467,1.55,2.243,2.066,2.94,2.674,2.583,2.722,2.635,2.721,3.22,3.101,2.475,2.562,2.979,2.849,2.518,2.502,3.013,3.177,2.923,2.878,3.57,3.321,2.615,2.885,1052.0,1037.0,817.0,495.0,2136.0,2595.0,1378.0,1344.0,615.0,444.0,270.0,255.0,2767.0,3018.0,4726.0,6371.0,3202.0,3342.0,2321.0,1960.0,987.0,860.0,4801.0,5190.0,2493.0,2417.0,2918.0,2873.0,1676.0,1891.0,3672.0,2890.0,1429.0,1530.0,542.0,661.0,1549.0,1542.0,666.0,712.0,1383.0,1297.0,1560.0,1448.0,4056.0,4238.0,1099.0,1298.0,5295.0,5719.0,3840.0,3692.0,461.0,938.0,6252.0,5849.0,8168.0,8857.0,5440.0,4891.0,3553.0,3854.0,4354.0,3149.0,412.0,444.0,503.0,334.0
A00066584,2.623,2.965,2.669,2.482,2.667,2.488,2.059,2.03,3.071,3.232,2.975,2.734,2.955,2.99,2.638,2.68,2.926,2.805,3.21,3.25,2.543,2.453,2.248,2.476,2.622,2.623,2.21,2.118,2.34,2.435,3.152,3.105,2.536,2.725,2.758,2.85,2.788,2.73,2.966,2.7,2.651,2.555,1.367,1.646,2.245,2.142,2.564,2.579,2.565,2.728,2.536,2.506,3.015,2.952,2.271,2.453,2.771,2.694,2.288,2.309,3.196,3.196,2.748,2.637,3.144,2.961,2.537,2.423,1323.0,1294.0,1101.0,713.0,2977.0,3439.0,1734.0,2051.0,480.0,594.0,346.0,287.0,3625.0,3895.0,5256.0,7522.0,4091.0,4608.0,2763.0,2662.0,1702.0,1265.0,6718.0,6470.0,3335.0,3335.0,4256.0,4014.0,2241.0,2367.0,4506.0,4131.0,1442.0,1813.0,772.0,687.0,1849.0,2074.0,988.0,1113.0,2224.0,1825.0,1758.0,1572.0,4684.0,4672.0,1308.0,1496.0,5401.0,5174.0,4592.0,5345.0,710.0,991.0,8125.0,8021.0,9478.0,8917.0,5862.0,5728.0,4273.0,5152.0,5481.0,4375.0,497.0,529.0,549.0,392.0
A00066589,2.829,2.918,3.117,2.656,2.999,2.932,2.058,1.989,3.613,3.693,2.41,3.166,2.966,3.045,2.845,2.788,2.947,3.185,3.278,3.227,2.614,2.49,2.471,2.382,3.07,3.24,2.054,2.177,2.559,3.003,3.298,3.347,2.792,2.753,3.263,3.337,2.91,3.101,3.242,2.928,2.845,2.896,1.81,1.744,2.355,2.171,2.72,2.791,2.81,2.914,2.779,2.771,3.388,3.198,2.552,2.758,3.136,3.066,2.53,2.622,3.236,3.316,3.001,2.969,3.715,4.151,2.968,2.979,1180.0,862.0,684.0,766.0,2767.0,2044.0,1571.0,1440.0,517.0,390.0,386.0,280.0,3516.0,3057.0,4337.0,5532.0,3088.0,3405.0,2771.0,2770.0,1224.0,1054.0,4803.0,5489.0,2946.0,2310.0,3536.0,3086.0,1567.0,1747.0,3560.0,3502.0,1383.0,1390.0,754.0,688.0,1574.0,1816.0,743.0,778.0,1543.0,1260.0,1424.0,1460.0,4278.0,3971.0,1413.0,1194.0,5031.0,5003.0,3753.0,4125.0,610.0,909.0,6231.0,5416.0,7509.0,7598.0,5698.0,5249.0,4350.0,4592.0,4498.0,3666.0,506.0,425.0,472.0,368.0
A00066735,2.707,2.57,2.63,2.423,2.751,2.734,1.9,1.956,3.322,3.084,2.742,2.88,2.794,2.752,2.605,2.685,2.701,2.806,3.011,3.158,2.533,2.487,2.19,2.275,2.713,2.592,1.959,1.96,2.389,2.509,2.904,3.031,2.815,2.795,2.596,3.09,2.949,2.814,2.876,2.649,2.699,2.651,1.869,1.815,2.101,2.207,2.533,2.372,2.653,2.808,2.58,2.441,2.777,3.109,2.372,2.552,2.948,2.844,2.292,2.285,3.015,2.92,2.641,2.688,3.362,3.741,2.454,2.685,938.0,992.0,701.0,677.0,2345.0,1718.0,2293.0,2049.0,459.0,466.0,415.0,329.0,3535.0,3191.0,4404.0,6344.0,3642.0,3291.0,2703.0,2589.0,1187.0,1133.0,5760.0,5712.0,2964.0,2983.0,3757.0,4273.0,2051.0,2267.0,3873.0,3273.0,1340.0,1222.0,641.0,589.0,1765.0,1795.0,876.0,1076.0,2166.0,1467.0,2263.0,2045.0,4504.0,3891.0,1180.0,1277.0,4702.0,5381.0,3867.0,4061.0,454.0,935.0,7331.0,6101.0,8668.0,7883.0,5295.0,5119.0,4006.0,4584.0,5967.0,4066.0,494.0,493.0,492.0,341.0
A00066781,2.361,2.616,2.829,2.626,2.623,2.603,1.887,2.03,3.233,3.777,2.628,2.481,2.883,2.872,2.442,2.553,2.876,2.849,3.124,2.964,2.523,2.326,2.271,2.28,2.731,2.543,1.98,2.067,2.427,2.412,2.885,2.881,2.501,2.457,3.058,3.328,2.535,2.762,2.373,2.587,2.272,2.297,1.568,1.518,2.058,2.074,2.423,2.365,2.575,2.569,2.49,2.373,2.481,2.753,2.315,2.317,2.774,2.646,2.143,2.167,2.628,2.749,2.474,2.495,2.88,4.124,2.014,2.235,1285.0,963.0,1119.0,926.0,2730.0,2731.0,1977.0,2252.0,657.0,495.0,392.0,327.0,4016.0,4230.0,5841.0,7020.0,4558.0,4080.0,2470.0,2846.0,1133.0,1216.0,7054.0,6712.0,2922.0,2485.0,4261.0,3782.0,2210.0,2256.0,4576.0,3997.0,1337.0,1712.0,657.0,664.0,1886.0,1773.0,939.0,906.0,1833.0,1626.0,2409.0,1930.0,4826.0,4289.0,1248.0,1361.0,5820.0,5345.0,4403.0,4347.0,685.0,1052.0,7743.0,8413.0,8411.0,8375.0,5887.0,5890.0,4441.0,5754.0,5462.0,5286.0,467.0,545.0,627.0,477.0
A00066784,2.964,3.046,2.965,2.674,2.951,2.866,1.909,2.025,3.385,3.354,3.455,3.257,3.091,3.038,2.788,2.853,3.199,3.21,3.451,3.532,2.611,2.814,2.439,2.396,3.178,3.171,2.093,2.165,2.781,2.753,3.464,2.927,2.729,2.88,3.399,2.873,3.071,3.055,3.039,3.096,3.074,2.924,1.64,1.595,2.299,2.159,2.795,2.761,2.687,2.738,2.637,2.916,3.348,3.145,2.658,2.662,3.075,3.149,2.461,2.415,3.144,3.073,2.81,2.968,2.828,3.691,2.781,2.966,958.0,992.0,526.0,661.0,2380.0,2594.0,1389.0,1359.0,396.0,366.0,300.0,296.0,2555.0,2327.0,3982.0,5866.0,2617.0,2661.0,1920.0,1922.0,751.0,796.0,4402.0,4548.0,2353.0,2316.0,2566.0,3077.0,1809.0,1644.0,2892.0,2827.0,1238.0,1548.0,610.0,754.0,1855.0,1748.0,679.0,782.0,1880.0,1342.0,1169.0,1318.0,3837.0,3538.0,1033.0,1106.0,5255.0,5240.0,3717.0,3670.0,568.0,541.0,5883.0,5753.0,7628.0,6510.0,5168.0,5287.0,3472.0,4056.0,3688.0,2983.0,380.0,454.0,439.0,340.0
A00066800,2.489,2.442,2.961,2.574,2.557,2.574,1.744,1.857,3.214,3.342,3.136,3.004,2.73,2.615,2.547,2.418,2.837,2.767,2.927,3.01,2.372,2.308,2.332,2.338,2.581,2.604,1.901,1.773,2.336,2.655,2.691,2.899,2.494,2.648,2.595,2.978,2.563,2.584,2.636,2.73,2.353,2.583,1.495,1.569,2.111,2.293,2.521,2.529,2.47,2.507,2.455,2.484,2.852,3.012,2.44,2.535,2.856,2.91,2.388,2.398,3.012,3.135,2.489,2.637,3.507,3.471,2.286,2.154,922.0,699.0,570.0,613.0,1637.0,2030.0,1557.0,1560.0,501.0,468.0,296.0,241.0,3020.0,2938.0,3548.0,4412.0,3901.0,3243.0,2217.0,2317.0,1050.0,1038.0,4437.0,5681.0,2601.0,2351.0,2847.0,3299.0,1998.0,1798.0,3237.0,2862.0,1178.0,1457.0,604.0,791.0,1197.0,1543.0,674.0,887.0,1528.0,1316.0,1422.0,1376.0,4249.0,4359.0,1106.0,1143.0,4285.0,4383.0,3954.0,4061.0,529.0,724.0,5584.0,5404.0,6267.0,5899.0,5342.0,5057.0,3599.0,3881.0,4670.0,3552.0,484.0,460.0,481.0,360.0
A00066812,2.587,2.734,2.818,2.616,2.694,2.474,1.87,2.03,3.363,3.357,2.955,2.983,3.048,2.992,2.496,2.585,3.046,3.028,3.218,3.321,2.403,2.487,2.095,2.243,2.744,2.711,2.197,2.051,2.598,2.377,3.256,3.051,2.61,2.436,3.003,2.763,2.567,2.725,2.427,2.633,2.824,2.606,1.679,1.607,2.311,2.132,2.305,2.604,2.705,2.717,2.519,2.434,3.139,3.053,2.398,2.473,2.966,2.753,2.223,2.22,3.222,3.188,2.685,2.679,4.308,3.864,2.605,2.762,916.0,985.0,510.0,722.0,2171.0,2550.0,1653.0,1787.0,498.0,420.0,292.0,245.0,2983.0,3031.0,4250.0,5556.0,2576.0,2902.0,2312.0,2163.0,851.0,960.0,5327.0,5034.0,2411.0,2251.0,3858.0,3413.0,1493.0,1635.0,3183.0,3030.0,1270.0,1378.0,609.0,579.0,1198.0,1438.0,736.0,864.0,1674.0,1359.0,2156.0,1904.0,3987.0,3880.0,1312.0,1148.0,4477.0,4365.0,3248.0,3148.0,536.0,875.0,5483.0,5744.0,6883.0,6625.0,4649.0,4624.0,3698.0,4011.0,2836.0,2718.0,436.0,404.0,535.0,368.0
A00066820,2.414,2.421,2.824,2.294,2.477,2.356,1.9,2.03,2.483,2.468,2.484,2.581,2.514,2.816,2.399,2.362,2.488,2.761,2.748,2.425,2.31,2.252,2.21,2.331,2.534,2.554,1.981,1.877,2.147,2.183,2.532,2.772,2.347,2.26,2.88,2.62,2.386,2.523,2.493,2.544,2.179,2.231,1.673,1.559,2.113,2.072,2.205,2.439,2.462,2.541,2.33,2.195,2.896,2.351,2.143,2.266,2.504,2.399,2.238,2.26,2.516,2.498,2.411,2.32,3.26,3.176,2.481,2.344,763.0,677.0,558.0,638.0,1722.0,1581.0,1987.0,2034.0,484.0,459.0,318.0,242.0,2693.0,3268.0,3622.0,3522.0,2438.0,2830.0,2309.0,2397.0,1128.0,1023.0,5264.0,5003.0,2250.0,2249.0,3562.0,3424.0,1967.0,1804.0,2777.0,2474.0,1629.0,1542.0,614.0,682.0,1192.0,1583.0,675.0,787.0,1343.0,1224.0,2096.0,1826.0,4288.0,3750.0,943.0,1153.0,4601.0,4760.0,3523.0,3434.0,643.0,865.0,5240.0,4613.0,6956.0,5886.0,4835.0,4688.0,3234.0,3323.0,2847.0,3379.0,535.0,417.0,418.0,281.0
A00066822,2.524,2.627,2.908,2.826,2.569,2.734,1.892,2.214,3.066,2.838,2.696,2.833,2.687,2.652,2.516,2.539,2.82,2.669,2.996,3.076,2.247,2.422,2.294,2.482,2.587,2.74,1.951,2.038,2.486,2.472,2.906,2.891,2.621,2.524,2.642,2.837,2.628,2.62,2.953,2.716,2.638,2.641,1.53,1.612,2.185,2.076,2.538,2.588,2.665,2.778,2.457,2.531,3.07,3.117,2.366,2.366,2.937,2.911,2.473,2.377,3.011,2.963,2.669,2.763,3.372,3.568,2.594,2.35,805.0,651.0,411.0,743.0,1854.0,1627.0,1464.0,1575.0,356.0,484.0,249.0,191.0,2981.0,2912.0,3904.0,4187.0,3260.0,2864.0,1753.0,1695.0,776.0,621.0,4518.0,4513.0,2630.0,2429.0,2289.0,2197.0,1653.0,1699.0,2868.0,2322.0,1116.0,1356.0,542.0,525.0,1042.0,1317.0,652.0,711.0,1286.0,978.0,1410.0,1011.0,3312.0,3078.0,1150.0,858.0,4237.0,3972.0,3308.0,3480.0,557.0,732.0,4838.0,4750.0,6028.0,5548.0,4891.0,4870.0,2684.0,3088.0,3460.0,3001.0,451.0,489.0,374.0,251.0
A00066827,2.792,2.859,2.501,2.521,2.736,2.711,1.805,1.846,3.519,3.711,2.687,3.01,2.854,2.812,2.696,2.756,2.793,2.951,2.881,3.019,2.675,2.532,2.442,2.345,2.645,2.643,2.104,1.914,2.393,2.323,3.022,2.975,2.554,2.559,3.191,3.293,2.882,2.797,2.913,2.915,2.644,2.647,1.691,1.526,2.214,2.148,2.516,2.55,2.608,2.717,2.601,2.617,2.808,3.028,2.35,2.493,2.965,2.821,2.523,2.454,3.049,2.962,2.728,2.742,3.61,3.689,2.39,1.987,1068.0,848.0,625.0,914.0,2324.0,2084.0,1610.0,1582.0,484.0,461.0,266.0,241.0,3586.0,3230.0,4400.0,5107.0,3478.0,3424.0,2385.0,2106.0,881.0,804.0,5455.0,5273.0,2576.0,2818.0,3435.0,3249.0,1561.0,1818.0,3413.0,3122.0,1304.0,1536.0,760.0,627.0,1187.0,1513.0,685.0,888.0,1368.0,1178.0,1632.0,1572.0,3790.0,3649.0,1270.0,1155.0,4596.0,4709.0,3691.0,3671.0,587.0,798.0,5369.0,6244.0,6808.0,6425.0,5626.0,5432.0,3368.0,3723.0,3956.0,3458.0,472.0,559.0,443.0,285.0
A00066860,3.075,2.965,2.954,2.52,2.509,2.594,1.901,1.936,3.77,3.41,2.67,2.431,3.005,2.887,2.441,2.422,2.585,2.801,3.368,3.421,2.626,2.769,2.123,2.178,2.761,2.866,2.09,2.196,2.829,2.9,2.933,2.895,2.962,2.841,2.934,3.334,2.791,2.993,2.297,2.474,2.606,2.747,1.976,2.015,2.027,2.033,2.644,2.816,2.563,2.645,2.773,2.756,3.535,3.771,2.468,2.566,2.917,2.892,2.14,2.18,2.932,3.058,2.656,2.608,3.145,3.551,3.103,2.594,1132.0,1061.0,614.0,541.0,2223.0,1817.0,1224.0,1455.0,398.0,344.0,309.0,238.0,2949.0,3467.0,4434.0,5463.0,3363.0,3124.0,2391.0,2284.0,1030.0,976.0,4285.0,4176.0,2279.0,2314.0,2651.0,2460.0,1720.0,1689.0,3330.0,2857.0,1143.0,1202.0,566.0,571.0,1877.0,1572.0,540.0,720.0,1802.0,1042.0,1269.0,1043.0,3916.0,3960.0,1061.0,1216.0,4113.0,4317.0,3816.0,4229.0,442.0,624.0,5603.0,4943.0,6409.0,5519.0,4718.0,4958.0,3728.0,4104.0,4210.0,4084.0,404.0,422.0,514.0,428.0
A00066864,2.569,2.646,2.381,2.581,2.611,2.671,1.951,1.936,3.164,3.772,2.815,2.705,2.595,2.658,2.56,2.664,2.809,2.657,2.866,2.988,2.332,2.262,2.245,2.322,2.676,2.601,1.875,1.905,2.373,2.501,2.762,2.848,2.561,2.567,2.807,2.802,2.488,2.519,2.747,2.725,2.321,2.548,1.541,1.607,2.229,2.118,2.501,2.314,2.503,2.618,2.427,2.461,2.97,2.703,2.382,2.439,2.737,2.73,2.219,2.29,2.669,2.722,2.627,2.707,3.712,4.214,2.07,1.795,703.0,628.0,417.0,484.0,2295.0,1989.0,1543.0,1324.0,462.0,307.0,274.0,242.0,2292.0,2299.0,3047.0,4056.0,2688.0,2563.0,2119.0,2035.0,904.0,843.0,3727.0,3608.0,2318.0,2397.0,2610.0,2692.0,1609.0,1728.0,2647.0,2273.0,1167.0,1390.0,447.0,492.0,1187.0,1661.0,569.0,739.0,1277.0,1208.0,1452.0,1562.0,3535.0,3766.0,1036.0,870.0,4862.0,4240.0,3114.0,3479.0,504.0,654.0,5010.0,4740.0,6726.0,6273.0,4876.0,4681.0,3512.0,3546.0,3739.0,3410.0,401.0,422.0,483.0,415.0
A00066865,2.621,2.924,3.061,2.718,2.659,2.742,1.849,1.863,3.374,3.563,3.055,2.918,2.771,2.879,2.58,2.569,2.893,2.724,3.028,3.324,2.521,2.456,2.26,2.28,2.793,2.538,1.868,1.784,2.669,2.553,3.012,2.898,2.454,2.573,2.93,2.922,2.529,2.576,2.783,2.688,2.447,2.457,1.731,1.73,2.095,2.064,2.482,2.624,2.695,2.836,2.416,2.468,3.031,3.017,2.377,2.435,2.824,2.855,2.172,2.29,2.982,2.855,2.729,2.745,4.36,4.077,2.387,2.507,946.0,679.0,624.0,530.0,2044.0,1988.0,1261.0,1417.0,447.0,384.0,286.0,247.0,2497.0,2887.0,3714.0,3943.0,2772.0,2995.0,2333.0,1949.0,1032.0,844.0,4447.0,4130.0,2122.0,2339.0,2984.0,2818.0,1371.0,1663.0,3114.0,2982.0,1142.0,1305.0,563.0,587.0,1106.0,1268.0,663.0,689.0,1225.0,1167.0,1551.0,1518.0,3692.0,3532.0,1078.0,1203.0,4521.0,4171.0,3214.0,3232.0,411.0,670.0,4598.0,4545.0,5913.0,5500.0,4590.0,4457.0,3177.0,3407.0,3427.0,3468.0,421.0,404.0,381.0,332.0
A00066871,2.372,2.781,2.533,2.34,2.756,2.79,1.867,1.809,2.911,3.027,2.886,2.717,3.056,2.921,2.485,2.689,3.012,2.827,3.108,3.174,2.469,2.364,2.23,2.373,2.77,2.923,2.073,1.879,2.436,2.608,3.211,3.061,2.547,2.558,3.073,2.563,2.848,2.723,2.815,2.697,2.409,2.441,1.429,1.445,2.239,2.292,2.414,2.61,2.704,2.745,2.468,2.536,2.846,3.058,2.38,2.448,2.89,2.863,2.331,2.239,2.974,2.742,2.62,2.634,3.817,4.076,2.446,2.649,1219.0,705.0,469.0,801.0,2374.0,1974.0,1151.0,1185.0,419.0,411.0,247.0,205.0,2618.0,2758.0,4834.0,5564.0,2759.0,3094.0,2349.0,2111.0,965.0,797.0,4809.0,4692.0,2272.0,1965.0,2985.0,2871.0,1477.0,1631.0,2896.0,3047.0,1135.0,1255.0,456.0,568.0,1226.0,1568.0,592.0,695.0,1218.0,1239.0,1235.0,1171.0,3733.0,3659.0,1113.0,915.0,4228.0,4728.0,3089.0,3340.0,698.0,570.0,5182.0,4635.0,7287.0,6414.0,4263.0,4135.0,3011.0,3016.0,3441.0,3293.0,310.0,331.0,413.0,297.0
A00066926,2.349,2.651,2.63,2.64,2.567,2.511,2.0,1.842,3.217,3.126,2.539,2.43,2.621,2.487,2.61,2.543,2.647,2.76,3.127,2.998,2.306,2.417,2.151,2.08,2.724,2.874,1.886,1.733,2.528,2.434,2.965,2.843,2.423,2.573,2.339,2.437,2.737,2.703,2.413,2.455,2.37,2.414,1.389,1.422,2.086,2.093,2.461,2.495,2.552,2.597,2.438,2.453,2.965,2.796,2.225,2.283,2.739,2.71,2.249,2.347,2.683,2.668,2.632,2.544,3.246,3.386,2.027,1.875,1276.0,996.0,623.0,897.0,2198.0,2007.0,1644.0,1703.0,455.0,331.0,323.0,257.0,3107.0,3296.0,4818.0,5391.0,3504.0,3177.0,2398.0,2289.0,1100.0,918.0,5247.0,4901.0,2591.0,2496.0,2956.0,3001.0,1717.0,1936.0,3611.0,3417.0,1303.0,1363.0,604.0,642.0,1432.0,1910.0,702.0,896.0,1899.0,1525.0,1568.0,1555.0,4010.0,3868.0,1254.0,1428.0,4680.0,4995.0,3911.0,4262.0,653.0,1021.0,6219.0,5578.0,6826.0,6076.0,5670.0,5351.0,3630.0,3891.0,4475.0,3987.0,397.0,395.0,496.0,369.0
A00067062,2.523,2.816,2.61,2.64,2.649,2.43,2.038,2.062,3.275,3.91,2.701,2.564,2.794,2.831,2.464,2.628,2.867,2.918,3.013,2.926,2.764,2.64,2.345,2.437,2.699,2.638,2.192,2.182,2.371,2.32,2.937,2.822,2.67,2.647,2.708,2.704,2.691,2.705,2.584,2.735,2.543,2.519,1.886,1.804,2.208,2.205,2.447,2.518,2.739,2.737,2.391,2.534,2.854,2.85,2.278,2.388,2.753,2.653,2.302,2.307,3.069,3.071,2.576,2.708,2.941,3.877,3.029,2.831,929.0,824.0,616.0,794.0,1945.0,1794.0,1002.0,1179.0,489.0,352.0,295.0,236.0,2852.0,3078.0,4070.0,4837.0,3671.0,3967.0,2290.0,2331.0,910.0,809.0,4254.0,4632.0,2359.0,2340.0,3369.0,3187.0,2136.0,1866.0,3357.0,2908.0,1355.0,1455.0,757.0,670.0,1050.0,1509.0,613.0,796.0,1225.0,1123.0,1230.0,1054.0,3739.0,3708.0,1283.0,1006.0,5028.0,4825.0,3867.0,3780.0,528.0,836.0,4748.0,4626.0,6960.0,6817.0,5248.0,5644.0,3462.0,3600.0,3787.0,3591.0,393.0,435.0,399.0,298.0
A00067146,2.695,3.124,2.61,2.632,2.891,2.797,2.071,2.052,3.414,3.603,2.961,3.261,2.79,2.869,2.682,2.941,3.143,3.128,3.14,3.631,2.513,2.717,2.436,2.468,2.857,2.863,2.128,2.124,2.798,2.687,3.232,3.216,2.642,2.777,2.953,3.322,2.933,2.928,2.767,2.991,2.781,2.927,1.738,1.69,2.194,2.233,2.704,2.542,2.733,2.756,2.712,2.724,3.143,3.316,2.615,2.679,3.078,3.101,2.435,2.478,3.202,3.218,2.619,2.804,3.285,3.263,2.696,3.048,878.0,868.0,669.0,716.0,2097.0,2622.0,1697.0,1719.0,546.0,387.0,334.0,248.0,2878.0,3219.0,4658.0,6284.0,3266.0,3219.0,2546.0,1928.0,1021.0,935.0,4812.0,4549.0,2878.0,2918.0,3024.0,2919.0,1660.0,1943.0,3098.0,2933.0,1392.0,1685.0,659.0,747.0,1391.0,1411.0,710.0,833.0,1373.0,1467.0,1428.0,1408.0,4548.0,4427.0,1216.0,1266.0,5863.0,5800.0,3837.0,4049.0,476.0,817.0,6498.0,5641.0,7818.0,7355.0,5680.0,5674.0,3590.0,4126.0,5012.0,3987.0,390.0,432.0,456.0,311.0
A00067174,2.242,2.355,2.086,2.345,2.371,2.46,1.813,1.67,2.785,2.931,2.609,2.704,2.438,2.575,2.201,2.213,2.59,2.657,2.901,2.9,2.059,1.996,2.015,1.998,2.509,2.542,1.921,1.887,2.231,2.259,2.846,2.743,2.135,2.234,2.553,2.736,2.308,2.54,2.6,2.597,2.228,2.146,1.364,1.454,2.0,1.856,2.12,2.32,2.36,2.372,2.155,2.109,2.652,2.549,2.178,2.208,2.556,2.493,1.959,1.996,2.638,2.607,2.42,2.419,3.575,3.291,2.176,2.31,980.0,943.0,401.0,698.0,2917.0,2044.0,1608.0,1622.0,713.0,633.0,312.0,288.0,3672.0,3655.0,4419.0,4572.0,3780.0,3513.0,2764.0,2802.0,1264.0,1015.0,5594.0,5971.0,3013.0,3035.0,3529.0,3251.0,2389.0,2197.0,3815.0,3416.0,1490.0,1753.0,603.0,689.0,1623.0,2190.0,749.0,1068.0,2024.0,1698.0,1351.0,1213.0,3829.0,4337.0,1227.0,1286.0,5128.0,4960.0,5005.0,4722.0,787.0,723.0,5793.0,5448.0,7950.0,7333.0,6288.0,6878.0,3939.0,3891.0,4401.0,4650.0,551.0,473.0,418.0,306.0
A00072203,2.497,2.704,2.819,2.53,2.757,2.582,1.759,1.869,2.881,3.637,2.76,2.592,2.727,2.774,2.533,2.606,2.936,2.847,3.041,2.987,2.661,2.663,2.213,2.286,2.661,2.826,1.935,2.12,2.519,2.625,2.984,3.001,2.449,2.501,2.823,3.053,2.872,2.748,2.788,2.65,2.632,2.436,1.555,1.687,1.965,2.061,2.718,2.594,2.652,2.532,2.404,2.466,2.781,3.185,2.334,2.375,2.719,2.742,2.164,2.216,2.923,2.781,2.653,2.724,3.121,3.746,2.885,2.567,1033.0,891.0,786.0,647.0,2070.0,1962.0,1555.0,1541.0,437.0,322.0,310.0,234.0,3429.0,3017.0,4467.0,5778.0,3208.0,3272.0,2522.0,2619.0,1026.0,930.0,5183.0,6057.0,2613.0,2593.0,3435.0,3281.0,1650.0,2021.0,3445.0,3300.0,1400.0,1661.0,618.0,586.0,1391.0,1717.0,733.0,941.0,2070.0,1422.0,1638.0,1710.0,4232.0,4045.0,1155.0,1238.0,4964.0,4931.0,3649.0,3806.0,478.0,823.0,5873.0,5780.0,7240.0,6699.0,5711.0,5538.0,3596.0,4007.0,4952.0,3828.0,425.0,422.0,442.0,310.0
A00073230,2.443,2.476,2.484,2.291,2.69,2.562,1.66,1.772,3.792,3.047,2.461,2.228,2.933,2.854,2.555,2.411,2.883,2.881,2.999,2.898,2.534,2.639,2.31,2.398,2.718,2.606,2.039,2.083,2.398,2.378,2.955,2.88,2.345,2.47,3.072,2.943,2.623,2.692,2.908,2.552,2.425,2.153,1.415,1.445,2.043,2.117,2.685,2.668,2.5,2.44,2.348,2.323,2.634,2.8,2.398,2.331,2.585,2.688,2.104,2.305,2.606,2.881,2.544,2.549,3.72,3.471,2.499,2.548,955.0,847.0,890.0,713.0,2025.0,2063.0,1177.0,1224.0,485.0,470.0,232.0,227.0,2854.0,2663.0,3609.0,4776.0,3191.0,2729.0,2068.0,1994.0,848.0,672.0,3766.0,3969.0,2322.0,2454.0,2843.0,2828.0,1679.0,1693.0,3289.0,2767.0,1253.0,1333.0,523.0,619.0,1195.0,1420.0,607.0,674.0,1402.0,1048.0,1094.0,1037.0,4176.0,4072.0,1082.0,1149.0,4515.0,5091.0,3570.0,3876.0,594.0,836.0,4897.0,4477.0,6550.0,6776.0,4922.0,5240.0,3335.0,3653.0,3339.0,3400.0,509.0,541.0,409.0,265.0
A00073283,2.296,2.481,2.369,2.193,2.529,2.4,1.7,1.829,3.259,3.409,2.23,2.418,2.776,2.741,2.216,2.387,2.751,2.72,2.593,2.703,2.255,2.321,1.948,1.922,2.556,2.583,1.835,1.974,2.48,2.253,2.705,2.855,2.553,2.331,2.501,2.831,2.539,2.461,2.304,2.454,2.226,2.283,1.456,1.555,2.057,2.036,2.364,2.422,2.467,2.563,2.254,2.236,2.581,2.811,2.112,2.243,2.685,2.539,2.217,2.105,2.718,2.751,2.358,2.55,3.397,3.617,2.492,2.485,1078.0,991.0,713.0,773.0,1833.0,1814.0,1641.0,1602.0,437.0,405.0,310.0,278.0,3239.0,2882.0,4927.0,6011.0,3426.0,3161.0,2535.0,2694.0,1155.0,1110.0,4860.0,4507.0,2699.0,2430.0,3905.0,3271.0,1954.0,1940.0,3649.0,3232.0,1351.0,1404.0,734.0,654.0,1107.0,1746.0,751.0,955.0,1584.0,1468.0,1796.0,1662.0,3899.0,3922.0,1255.0,1267.0,4407.0,4705.0,3747.0,3744.0,562.0,867.0,6455.0,5946.0,6854.0,6906.0,5090.0,4883.0,3622.0,3639.0,3718.0,3198.0,465.0,452.0,356.0,293.0
A00073296,2.475,2.704,2.671,2.089,2.595,2.414,1.91,2.14,3.645,3.984,2.763,2.758,2.737,2.78,2.479,2.451,2.934,3.054,2.775,2.826,2.205,1.572,2.28,2.423,2.56,2.702,2.067,1.813,2.299,2.299,2.835,2.756,2.463,2.337,2.578,3.039,2.636,2.533,2.667,2.722,2.359,2.392,1.71,1.594,2.206,2.212,2.156,2.584,2.58,2.651,2.522,2.487,2.459,2.568,2.398,2.313,2.675,2.566,2.345,2.243,2.76,2.771,2.36,2.562,3.49,4.013,2.51,2.353,712.0,683.0,545.0,582.0,1685.0,1572.0,1360.0,1427.0,596.0,352.0,291.0,216.0,2571.0,2456.0,3602.0,3795.0,2796.0,3070.0,2197.0,2010.0,703.0,661.0,3512.0,3756.0,2203.0,2115.0,3006.0,2805.0,1635.0,1834.0,2661.0,2556.0,1205.0,1364.0,556.0,564.0,933.0,1235.0,600.0,793.0,1106.0,1224.0,1485.0,1421.0,3263.0,3292.0,728.0,686.0,4321.0,4068.0,2696.0,2801.0,614.0,815.0,4932.0,4227.0,6545.0,6653.0,3326.0,3612.0,3134.0,3243.0,2995.0,2678.0,454.0,366.0,419.0,302.0
A00073303,2.92,2.789,2.744,2.829,2.676,2.744,1.817,2.014,3.351,3.154,3.318,3.057,2.794,2.884,2.874,2.823,3.08,2.966,3.193,3.491,2.388,2.42,2.294,2.366,2.762,2.874,2.044,2.03,2.725,2.737,3.276,3.259,2.685,2.631,2.474,2.841,2.638,2.807,3.043,2.847,2.73,2.789,1.601,1.623,2.192,2.136,2.791,2.598,2.484,2.667,2.71,2.772,3.171,3.097,2.588,2.588,2.942,3.007,2.498,2.394,3.004,3.084,2.846,2.86,3.236,3.166,2.453,2.496,1143.0,917.0,883.0,789.0,2626.0,2657.0,1819.0,1697.0,423.0,380.0,293.0,300.0,3223.0,3387.0,4906.0,5951.0,3614.0,4129.0,2664.0,2491.0,1211.0,836.0,5722.0,5273.0,3039.0,3062.0,2764.0,2909.0,2245.0,2111.0,4128.0,3511.0,1412.0,1692.0,618.0,638.0,1561.0,2154.0,737.0,899.0,1818.0,1804.0,1446.0,1414.0,5096.0,4556.0,1428.0,1648.0,5577.0,5888.0,4593.0,4384.0,738.0,971.0,7019.0,6808.0,7864.0,8772.0,5938.0,5030.0,3974.0,4290.0,4309.0,4269.0,420.0,453.0,430.0,365.0
A00073308,2.279,2.337,2.952,2.356,2.367,2.391,1.957,2.019,3.531,3.436,2.618,2.503,2.474,2.533,2.267,2.31,2.697,2.671,2.905,2.746,2.389,2.26,2.025,2.069,2.667,2.67,1.894,1.767,2.251,2.164,2.801,2.786,2.134,2.276,2.205,2.593,2.363,2.327,2.554,2.442,2.214,2.226,1.504,1.358,1.857,1.84,2.477,2.532,2.172,2.356,2.206,2.17,2.603,2.775,2.324,2.326,2.597,2.616,2.077,2.137,2.471,2.524,2.337,2.316,3.515,3.487,2.136,2.086,796.0,788.0,599.0,617.0,1570.0,1851.0,1713.0,1788.0,375.0,347.0,273.0,252.0,3386.0,2673.0,3312.0,5287.0,2544.0,2839.0,2107.0,2290.0,1133.0,959.0,5412.0,5595.0,2284.0,2032.0,3769.0,3719.0,1844.0,1809.0,2722.0,2923.0,1380.0,1542.0,759.0,609.0,1100.0,1347.0,608.0,839.0,1596.0,1362.0,1940.0,1588.0,3738.0,3165.0,651.0,961.0,4288.0,4538.0,3334.0,3576.0,600.0,774.0,4790.0,4718.0,6325.0,6054.0,4388.0,4040.0,3580.0,4253.0,3321.0,2686.0,372.0,383.0,478.0,264.0
A00073529,2.661,2.608,2.712,2.344,2.917,2.828,2.09,1.994,3.413,3.689,2.615,3.063,2.763,2.825,2.752,2.731,2.947,3.175,3.141,3.311,2.469,2.352,2.286,2.311,2.949,2.928,1.877,2.02,2.612,2.452,3.072,2.959,2.569,2.681,2.694,2.936,2.807,2.732,2.877,2.892,2.628,2.597,1.4,1.49,2.143,2.198,2.563,2.884,2.827,2.81,2.678,2.651,2.984,2.837,2.472,2.531,3.113,3.078,2.509,2.52,3.016,3.055,2.887,2.833,4.052,4.164,2.457,2.073,930.0,819.0,628.0,474.0,2371.0,2080.0,1886.0,1978.0,464.0,300.0,345.0,276.0,3405.0,3544.0,4358.0,4954.0,2904.0,2819.0,2267.0,2235.0,942.0,988.0,5850.0,6103.0,2825.0,2676.0,2944.0,3016.0,2151.0,1987.0,3409.0,2639.0,1438.0,1550.0,577.0,624.0,1666.0,1285.0,723.0,909.0,1514.0,1276.0,1824.0,1504.0,4254.0,3874.0,1143.0,909.0,5285.0,5016.0,3747.0,4014.0,458.0,838.0,5642.0,6549.0,7225.0,6888.0,5321.0,5212.0,3394.0,3727.0,3910.0,3648.0,413.0,478.0,429.0,374.0
A00073600,2.635,2.615,3.192,2.719,2.523,2.571,1.763,1.876,3.425,3.447,3.269,3.004,2.721,2.694,2.643,2.519,2.823,2.995,3.041,3.136,2.434,2.336,2.132,2.224,2.694,2.896,1.909,1.903,2.557,2.506,3.029,2.962,2.697,2.639,2.734,2.594,2.776,2.604,2.602,2.708,2.567,2.552,1.421,1.554,2.164,2.147,2.558,2.764,2.549,2.63,2.534,2.498,3.127,3.205,2.364,2.51,2.972,2.901,2.169,2.317,2.966,3.068,2.765,2.614,4.165,3.608,2.509,2.656,1117.0,912.0,667.0,582.0,2208.0,2075.0,1364.0,1451.0,395.0,379.0,312.0,267.0,3177.0,2996.0,4428.0,5111.0,3010.0,3131.0,2245.0,2160.0,1044.0,855.0,4764.0,4773.0,2428.0,2191.0,3056.0,3001.0,1824.0,1746.0,3354.0,3069.0,1209.0,1495.0,651.0,664.0,1147.0,1753.0,727.0,907.0,1433.0,1474.0,1298.0,1240.0,4176.0,3915.0,1262.0,1097.0,4576.0,4829.0,3529.0,3641.0,460.0,696.0,6026.0,5339.0,6161.0,6717.0,4806.0,4776.0,3840.0,3947.0,3959.0,3884.0,320.0,384.0,406.0,298.0
A00073611,2.354,2.365,2.752,2.566,2.635,2.491,2.08,1.812,3.311,3.626,2.916,2.866,2.743,2.837,2.586,2.717,2.841,2.866,2.961,2.768,2.697,2.525,2.3,2.278,2.623,2.706,1.891,1.648,2.45,2.459,2.93,2.916,2.184,2.502,2.974,3.152,2.548,2.55,2.873,2.622,2.42,2.433,1.449,1.477,2.286,2.096,2.687,2.624,2.628,2.61,2.728,2.492,2.669,2.731,2.488,2.39,2.766,2.679,2.39,2.405,2.771,2.72,2.583,2.644,3.381,3.925,1.895,1.965,667.0,755.0,493.0,531.0,1610.0,1411.0,1215.0,1431.0,467.0,403.0,298.0,202.0,2551.0,3078.0,3165.0,3982.0,2602.0,2422.0,2109.0,2079.0,756.0,676.0,4360.0,4294.0,2082.0,2060.0,2504.0,2136.0,1627.0,1502.0,2713.0,2287.0,1198.0,1398.0,534.0,649.0,1208.0,1180.0,524.0,617.0,1357.0,963.0,1046.0,1099.0,3537.0,3018.0,892.0,868.0,3939.0,4071.0,2590.0,2843.0,581.0,732.0,4345.0,4496.0,6197.0,6426.0,4032.0,3568.0,3255.0,3278.0,2744.0,2369.0,482.0,430.0,401.0,328.0
A00073677,2.731,2.639,2.446,2.238,2.651,2.342,1.869,1.999,3.275,3.425,2.439,2.466,2.664,2.555,2.462,2.615,2.759,2.775,2.655,2.878,2.145,2.169,2.075,2.273,2.486,2.572,2.054,1.979,2.32,2.237,2.95,2.972,2.428,2.459,2.645,2.661,2.274,2.486,2.629,2.437,2.307,2.284,1.718,1.502,2.053,2.034,2.527,2.544,2.44,2.496,2.554,2.474,2.543,2.579,2.234,2.339,2.683,2.561,2.272,2.3,2.692,2.703,2.615,2.599,3.647,3.457,2.355,2.69,909.0,739.0,594.0,450.0,2006.0,1962.0,1313.0,1283.0,329.0,328.0,260.0,214.0,2286.0,2583.0,3813.0,3767.0,2689.0,2722.0,2003.0,2277.0,841.0,809.0,3978.0,4000.0,2309.0,1894.0,2750.0,2300.0,1817.0,1619.0,2904.0,2772.0,1408.0,1310.0,546.0,544.0,871.0,1200.0,526.0,592.0,1013.0,988.0,1282.0,1133.0,3780.0,3605.0,985.0,1032.0,4558.0,4268.0,2979.0,3090.0,570.0,657.0,4563.0,4832.0,6596.0,6518.0,4358.0,4277.0,2954.0,3251.0,3350.0,3269.0,389.0,326.0,326.0,214.0
A00073940,2.64,2.586,2.397,2.466,2.649,2.563,1.832,1.781,3.642,4.098,2.794,2.895,2.84,2.687,2.571,2.563,2.771,2.909,3.068,3.041,2.366,2.455,2.183,2.377,2.65,2.743,2.035,2.019,2.641,2.512,3.104,3.184,2.562,2.566,2.964,3.14,2.641,2.563,2.898,2.803,2.451,2.525,1.52,1.34,2.13,2.163,2.593,2.358,2.711,2.737,2.565,2.524,3.048,3.137,2.346,2.383,2.887,2.82,2.332,2.238,2.916,2.906,2.681,2.535,3.21,4.086,2.345,2.279,989.0,816.0,564.0,534.0,1819.0,1533.0,1323.0,1304.0,308.0,284.0,288.0,278.0,2776.0,2639.0,4205.0,4813.0,2222.0,2418.0,2036.0,1960.0,913.0,724.0,4870.0,5041.0,2259.0,2302.0,2991.0,2300.0,1547.0,1630.0,2726.0,2630.0,1001.0,1117.0,553.0,521.0,1021.0,1190.0,613.0,738.0,1246.0,1175.0,1309.0,1084.0,3110.0,3033.0,861.0,1071.0,3795.0,3790.0,2925.0,3285.0,469.0,601.0,5026.0,5148.0,5235.0,5494.0,3922.0,4253.0,3225.0,3625.0,3088.0,2534.0,374.0,354.0,412.0,293.0
A00073953,2.283,2.468,2.523,2.175,2.324,2.507,1.756,1.897,3.583,3.777,2.579,2.776,2.638,2.81,2.347,2.508,2.703,2.507,2.662,2.876,2.424,2.196,2.098,2.191,2.587,2.598,1.924,1.774,2.418,2.257,2.694,2.719,2.102,2.383,2.535,2.45,2.485,2.449,2.599,2.661,2.155,2.262,1.525,1.467,2.059,1.907,2.473,2.199,2.523,2.413,2.245,2.252,2.473,2.675,2.215,2.228,2.627,2.611,2.14,2.156,2.518,2.472,2.559,2.475,3.192,3.413,2.175,2.069,1028.0,819.0,671.0,609.0,1805.0,1752.0,1421.0,1429.0,414.0,403.0,314.0,261.0,3259.0,3273.0,4201.0,4962.0,2804.0,2779.0,2441.0,2396.0,937.0,738.0,5236.0,4535.0,2547.0,2228.0,3021.0,2885.0,1790.0,1753.0,2956.0,2653.0,1223.0,1494.0,705.0,727.0,1168.0,1546.0,649.0,767.0,1727.0,1322.0,1279.0,1158.0,3954.0,3668.0,988.0,1093.0,4698.0,4764.0,3430.0,3463.0,568.0,656.0,5200.0,5369.0,6717.0,6527.0,4574.0,4206.0,3065.0,3603.0,3549.0,2905.0,395.0,362.0,461.0,279.0
A00073975,2.701,2.778,2.553,2.584,2.91,2.69,2.046,1.968,3.442,3.161,2.758,2.85,2.944,2.845,2.517,2.684,2.995,2.733,3.147,3.126,2.511,2.51,2.178,2.294,2.869,2.703,2.158,2.076,2.74,2.484,3.012,3.02,2.424,2.564,2.842,2.967,2.734,2.975,2.698,3.065,2.632,2.654,1.5,1.592,2.401,2.275,2.53,2.46,2.795,2.818,2.517,2.568,3.03,3.365,2.324,2.566,2.932,2.926,2.366,2.321,2.737,2.907,2.781,2.679,3.816,4.239,2.827,2.441,854.0,890.0,557.0,964.0,1815.0,1941.0,1575.0,1498.0,473.0,333.0,284.0,239.0,2588.0,2761.0,3661.0,5119.0,2228.0,2764.0,2179.0,1900.0,1005.0,690.0,4481.0,4630.0,2485.0,2442.0,3160.0,3047.0,1466.0,1773.0,3064.0,2458.0,1253.0,1403.0,653.0,575.0,1383.0,1325.0,653.0,773.0,1453.0,1205.0,1618.0,1610.0,3530.0,3531.0,1314.0,1113.0,3974.0,3864.0,3138.0,3332.0,556.0,635.0,5086.0,5381.0,6655.0,5797.0,4844.0,5117.0,3308.0,3289.0,3605.0,3067.0,400.0,393.0,400.0,279.0
A00074034,3.151,3.264,3.175,2.65,2.975,2.797,1.92,2.353,3.172,3.259,2.708,3.067,2.986,2.944,2.775,2.874,3.153,3.071,3.179,3.116,3.018,3.052,2.462,2.456,2.817,2.868,2.255,2.233,2.61,2.93,3.425,3.46,2.78,2.772,3.12,3.133,3.01,2.962,3.254,3.264,2.803,2.686,1.845,1.632,2.442,2.352,2.962,2.995,2.686,2.838,2.858,2.91,3.52,3.288,2.714,2.891,3.278,3.015,2.445,2.506,3.256,3.178,3.004,2.816,3.163,3.19,3.172,2.798,1206.0,1162.0,744.0,775.0,2748.0,2553.0,1444.0,1453.0,364.0,317.0,313.0,250.0,3365.0,3076.0,5420.0,5445.0,3187.0,3624.0,2350.0,2449.0,857.0,985.0,5138.0,5000.0,2890.0,2761.0,3160.0,3085.0,2037.0,1981.0,3899.0,3426.0,1606.0,1571.0,750.0,757.0,1161.0,1245.0,694.0,904.0,1312.0,1139.0,1672.0,1527.0,4201.0,4493.0,1198.0,1223.0,5763.0,6056.0,3891.0,4110.0,652.0,826.0,7549.0,6339.0,8240.0,7213.0,5542.0,5264.0,3798.0,3851.0,3706.0,3964.0,437.0,499.0,404.0,357.0
A00074114,2.492,2.613,2.598,2.672,2.667,2.623,1.772,1.942,3.15,3.476,2.848,2.868,2.808,2.805,2.674,2.663,2.793,2.869,2.894,3.116,2.563,2.531,2.29,2.355,2.663,2.647,1.982,1.892,2.446,2.326,2.867,2.832,2.595,2.558,2.715,2.882,2.599,2.635,2.801,2.723,2.437,2.619,1.585,1.422,2.219,2.196,2.581,2.638,2.599,2.555,2.368,2.563,2.71,2.906,2.406,2.493,2.719,2.707,2.355,2.318,2.834,2.763,2.865,2.74,3.762,3.9,2.039,2.55,566.0,757.0,361.0,631.0,2063.0,1817.0,1344.0,1497.0,459.0,447.0,327.0,223.0,2726.0,2898.0,3490.0,4141.0,2827.0,3166.0,2103.0,1962.0,806.0,693.0,4325.0,4305.0,2156.0,2166.0,2971.0,2546.0,1509.0,1658.0,2788.0,2597.0,1017.0,1254.0,569.0,606.0,1082.0,1381.0,556.0,680.0,1316.0,976.0,1410.0,1227.0,3497.0,3348.0,893.0,942.0,4266.0,4558.0,2904.0,3320.0,561.0,599.0,4326.0,4172.0,5918.0,5568.0,4672.0,4817.0,2872.0,3031.0,3059.0,2668.0,441.0,491.0,355.0,266.0
A00074425,2.442,2.894,2.889,2.644,2.627,2.594,1.844,2.041,3.203,3.171,2.68,2.814,2.693,2.818,2.523,2.659,2.973,2.858,2.951,3.183,2.298,2.43,2.33,2.404,2.649,2.659,1.967,1.93,2.272,2.352,3.145,3.103,2.559,2.665,3.071,2.834,2.756,2.641,2.592,2.502,2.478,2.434,1.434,1.461,2.162,2.067,2.595,2.699,2.568,2.59,2.461,2.483,2.763,3.024,2.295,2.394,2.916,2.802,2.332,2.364,3.199,3.139,2.774,2.725,2.822,3.514,2.894,2.575,969.0,974.0,558.0,1005.0,2412.0,2205.0,1645.0,1619.0,453.0,423.0,346.0,227.0,3235.0,3744.0,4922.0,5645.0,3570.0,3717.0,2864.0,2360.0,1180.0,912.0,6277.0,5845.0,2679.0,2526.0,3537.0,2670.0,1444.0,1933.0,3949.0,3512.0,1544.0,1612.0,662.0,770.0,1758.0,1800.0,824.0,861.0,1923.0,1542.0,1475.0,979.0,5409.0,4392.0,1389.0,1253.0,5880.0,5890.0,4893.0,4745.0,721.0,855.0,6148.0,6610.0,7103.0,6723.0,6110.0,5420.0,3954.0,4399.0,4061.0,4481.0,425.0,359.0,542.0,380.0
A00074427,2.73,3.032,3.211,2.494,3.025,2.96,2.066,2.029,3.7,3.817,2.629,2.366,3.013,3.01,2.841,2.908,2.956,3.024,3.291,3.49,2.569,2.633,2.416,2.628,3.129,3.03,2.209,2.189,2.633,2.754,3.284,3.273,2.814,2.916,2.66,2.963,2.978,2.941,3.41,3.057,2.741,2.791,1.645,1.676,2.307,2.32,2.705,2.673,2.816,2.887,2.689,2.746,3.052,3.202,2.575,2.592,3.133,3.211,2.477,2.531,3.117,3.404,3.086,2.93,4.312,3.85,2.691,2.586,1004.0,776.0,842.0,668.0,1931.0,2690.0,1234.0,1415.0,538.0,295.0,259.0,247.0,3240.0,3185.0,3813.0,4881.0,3350.0,3316.0,2971.0,2495.0,936.0,878.0,4986.0,5659.0,2750.0,2692.0,2949.0,3227.0,1627.0,1899.0,3674.0,3128.0,1424.0,1422.0,889.0,772.0,1519.0,1907.0,822.0,979.0,1753.0,1597.0,1350.0,1120.0,4111.0,3919.0,1037.0,1392.0,4493.0,4767.0,4004.0,4225.0,577.0,938.0,6105.0,5704.0,6415.0,7002.0,6091.0,5734.0,3702.0,3994.0,4360.0,3846.0,459.0,437.0,504.0,380.0
A00074439,2.413,2.374,2.552,2.527,2.657,2.638,1.831,1.93,3.445,3.679,2.815,2.76,2.869,2.738,2.463,2.427,2.615,2.741,2.722,2.832,2.048,2.228,2.205,2.159,2.617,2.715,1.876,1.841,2.315,2.466,2.791,2.827,2.418,2.541,2.46,2.94,2.489,2.523,2.642,2.549,2.369,2.514,1.444,1.481,2.014,2.011,2.384,2.262,2.567,2.544,2.298,2.258,2.602,2.899,2.351,2.468,2.913,2.787,2.199,2.214,2.768,2.664,2.483,2.395,3.714,3.627,2.141,2.401,620.0,737.0,524.0,657.0,1889.0,1526.0,1226.0,1343.0,421.0,354.0,266.0,220.0,2112.0,2365.0,3004.0,4418.0,2438.0,2451.0,2063.0,1992.0,796.0,645.0,4082.0,4034.0,2501.0,2323.0,2633.0,2753.0,1561.0,1752.0,2594.0,2284.0,1003.0,1200.0,483.0,470.0,985.0,1301.0,638.0,680.0,1140.0,1263.0,1209.0,951.0,3072.0,3104.0,877.0,924.0,4003.0,4007.0,3154.0,2627.0,421.0,577.0,5515.0,5266.0,6224.0,5956.0,4155.0,4078.0,2852.0,3376.0,3454.0,2431.0,437.0,412.0,393.0,235.0
A00074609,2.738,2.795,2.799,2.646,2.913,2.755,1.976,1.993,3.597,3.429,2.426,2.856,2.86,2.902,2.671,2.771,3.168,3.088,3.37,3.452,2.401,2.325,2.235,2.42,2.834,2.704,2.199,2.093,2.586,2.539,3.04,3.071,2.692,2.634,2.771,2.802,2.805,2.856,2.84,2.753,2.592,2.653,1.624,1.575,2.321,2.126,2.669,2.44,2.764,2.874,2.589,2.632,3.137,3.241,2.256,2.548,2.948,2.887,2.319,2.398,3.192,3.208,2.886,2.847,4.075,4.1,2.596,2.639,889.0,784.0,785.0,774.0,2488.0,2546.0,1846.0,1733.0,492.0,395.0,293.0,230.0,3142.0,2969.0,4321.0,4720.0,3389.0,3278.0,2271.0,2095.0,1007.0,896.0,5208.0,5023.0,2698.0,2802.0,3557.0,3151.0,1767.0,1804.0,3252.0,3220.0,1445.0,1674.0,587.0,655.0,1660.0,1416.0,763.0,957.0,1623.0,1391.0,1733.0,1594.0,3961.0,4211.0,1260.0,1339.0,5098.0,5292.0,3979.0,3722.0,654.0,890.0,6428.0,7179.0,7785.0,7916.0,5627.0,5658.0,3908.0,3875.0,3160.0,3425.0,418.0,399.0,452.0,343.0
A00074639,2.484,2.587,2.472,2.61,2.611,2.594,1.552,1.731,2.798,3.377,2.762,2.587,2.621,2.602,2.435,2.5,2.681,2.648,2.868,2.957,2.15,2.339,2.142,2.266,2.533,2.513,1.889,1.853,2.343,2.486,2.869,2.829,2.557,2.634,2.522,2.641,2.64,2.58,2.497,2.681,2.391,2.62,1.531,1.545,2.175,2.211,2.468,2.22,2.687,2.592,2.309,2.325,2.584,2.688,2.236,2.311,2.741,2.719,2.161,2.152,2.777,2.642,2.591,2.598,3.087,3.304,2.17,2.277,1018.0,1098.0,694.0,819.0,2776.0,2082.0,1836.0,1793.0,531.0,407.0,323.0,280.0,3478.0,3834.0,5693.0,5566.0,3889.0,4044.0,2671.0,2256.0,1353.0,1207.0,6371.0,6095.0,3052.0,2734.0,3747.0,3623.0,1876.0,2033.0,4400.0,3794.0,1271.0,1627.0,763.0,712.0,1288.0,1840.0,796.0,931.0,1721.0,1329.0,2036.0,1710.0,4651.0,4554.0,1365.0,1667.0,4753.0,5004.0,5114.0,5093.0,512.0,917.0,6768.0,6013.0,8800.0,8271.0,5484.0,5472.0,3825.0,3947.0,3425.0,4002.0,503.0,434.0,530.0,329.0
A00074641,2.447,2.788,2.428,2.502,2.669,2.699,1.943,2.069,3.836,3.909,2.489,2.494,2.885,2.971,2.559,2.631,2.717,2.987,3.036,3.093,2.199,2.443,2.439,2.427,2.514,2.651,2.149,2.095,2.358,2.416,3.003,2.954,2.571,2.876,3.189,3.164,2.842,2.577,2.565,2.855,2.501,2.553,1.753,1.795,2.372,2.3,2.593,2.473,2.728,2.732,2.406,2.506,2.792,2.618,2.44,2.447,2.728,2.708,2.342,2.327,2.955,2.783,2.664,2.706,3.537,3.874,2.793,2.857,996.0,870.0,585.0,719.0,2057.0,2083.0,1303.0,1715.0,393.0,416.0,294.0,260.0,2942.0,2745.0,3269.0,4564.0,3063.0,2693.0,2071.0,2031.0,891.0,696.0,4500.0,5017.0,2578.0,2418.0,3660.0,3599.0,1874.0,1814.0,3061.0,2716.0,1347.0,1590.0,589.0,627.0,1220.0,1466.0,557.0,743.0,1355.0,1241.0,1786.0,1513.0,4084.0,3515.0,944.0,1097.0,4720.0,4668.0,3581.0,3284.0,604.0,897.0,5341.0,5513.0,7326.0,7411.0,4304.0,4507.0,3240.0,3898.0,3913.0,3052.0,395.0,466.0,394.0,256.0
A00074652,2.982,3.182,3.059,2.802,3.368,3.099,2.227,2.346,4.221,4.356,2.761,3.324,3.072,3.204,2.95,3.03,3.354,3.269,3.528,3.571,2.85,2.769,2.628,2.643,3.047,3.233,2.475,2.442,2.73,2.988,3.45,3.602,3.273,3.294,3.136,3.58,3.184,3.157,3.255,3.017,3.178,3.014,1.715,1.622,2.485,2.518,3.13,2.792,2.825,3.052,2.896,2.855,3.447,3.302,2.61,2.805,3.47,3.386,2.484,2.723,3.498,3.48,3.163,3.186,4.138,4.303,3.162,3.245,1085.0,874.0,569.0,648.0,2177.0,2430.0,1767.0,1838.0,420.0,517.0,284.0,188.0,3430.0,3418.0,4254.0,5587.0,3049.0,3383.0,2341.0,2546.0,1025.0,885.0,5509.0,5241.0,2882.0,2532.0,3770.0,3368.0,1986.0,1939.0,3189.0,2795.0,1358.0,1546.0,715.0,714.0,1322.0,1696.0,707.0,927.0,1634.0,1446.0,1581.0,1492.0,4551.0,4112.0,1064.0,1128.0,5189.0,5364.0,3784.0,3726.0,554.0,834.0,6017.0,5263.0,7438.0,7009.0,5976.0,4848.0,3542.0,4213.0,3814.0,3254.0,396.0,459.0,454.0,286.0
A00074687,2.405,2.402,2.245,2.608,2.391,2.529,1.982,2.071,3.616,3.081,2.86,2.73,2.678,2.722,2.368,2.523,2.764,2.725,2.888,3.106,2.322,2.425,2.125,2.164,2.73,2.737,1.996,1.836,2.199,2.575,2.754,2.859,2.343,2.457,2.646,2.709,2.505,2.612,2.724,2.876,2.483,2.414,1.531,1.429,1.996,1.962,2.651,2.608,2.397,2.364,2.455,2.274,3.048,2.503,2.369,2.468,2.695,2.738,2.137,2.103,2.791,2.751,2.456,2.527,3.699,3.396,2.389,2.203,949.0,860.0,393.0,631.0,1685.0,1803.0,1665.0,1759.0,432.0,431.0,287.0,276.0,2858.0,2730.0,4226.0,4696.0,3206.0,3002.0,2275.0,2078.0,1037.0,1050.0,5272.0,4902.0,2370.0,2417.0,3427.0,3376.0,1732.0,1570.0,3067.0,2995.0,1211.0,1320.0,584.0,552.0,1428.0,1427.0,697.0,752.0,1546.0,1419.0,1605.0,1499.0,3410.0,3922.0,990.0,946.0,4607.0,4323.0,2935.0,3404.0,462.0,762.0,4815.0,5312.0,6644.0,5923.0,4908.0,5309.0,3226.0,3975.0,4071.0,3913.0,450.0,461.0,377.0,295.0
A00074688,2.946,2.734,2.975,2.817,3.032,2.836,2.047,2.079,3.606,3.479,2.838,3.057,3.038,3.036,2.944,2.847,2.936,3.111,3.433,3.352,2.637,2.778,2.428,2.395,3.09,3.337,2.204,2.178,2.878,2.925,3.265,3.166,3.092,2.867,3.054,3.525,3.094,3.088,3.056,3.028,3.048,2.902,1.539,1.845,2.257,2.273,2.942,3.022,3.058,2.991,2.728,2.732,3.241,3.312,2.836,2.788,3.233,3.2,2.515,2.481,2.868,3.038,2.996,2.831,4.023,4.319,2.48,2.263,1341.0,959.0,628.0,777.0,3147.0,2846.0,2147.0,1710.0,646.0,472.0,297.0,240.0,4199.0,4042.0,4803.0,5949.0,4418.0,4473.0,2510.0,2763.0,1226.0,1131.0,6626.0,7779.0,3128.0,2896.0,3915.0,4104.0,2252.0,2498.0,5095.0,3982.0,1903.0,2137.0,685.0,847.0,1540.0,2338.0,729.0,925.0,1790.0,1841.0,1638.0,2008.0,4549.0,5125.0,1535.0,1332.0,6061.0,5504.0,5423.0,5316.0,683.0,944.0,7851.0,8219.0,9378.0,8928.0,6974.0,7019.0,4762.0,5241.0,5287.0,4961.0,535.0,513.0,573.0,438.0
A00074701,2.719,2.829,2.681,2.623,2.694,2.702,1.699,1.799,3.208,4.092,3.599,3.496,2.998,3.164,2.856,2.835,3.085,3.208,3.454,3.412,2.43,2.309,2.296,2.496,3.003,2.969,1.98,2.056,2.839,2.679,3.417,3.515,2.786,2.506,3.201,3.309,2.806,2.904,3.298,3.145,2.708,2.852,1.627,1.558,2.147,2.142,2.63,2.438,2.848,2.741,2.568,2.576,3.549,3.492,2.66,2.614,3.007,3.018,2.304,2.228,3.154,3.171,2.924,2.775,4.414,4.129,2.613,2.607,888.0,747.0,608.0,675.0,2095.0,1898.0,1357.0,1446.0,494.0,433.0,300.0,261.0,2553.0,2872.0,3912.0,4338.0,2917.0,2597.0,2094.0,1997.0,1004.0,861.0,4592.0,4314.0,2641.0,2682.0,3038.0,2906.0,1949.0,1711.0,2997.0,2757.0,1056.0,1375.0,564.0,692.0,1325.0,1312.0,611.0,689.0,1344.0,1088.0,1350.0,1322.0,3743.0,3783.0,1092.0,1123.0,4385.0,4337.0,3404.0,3463.0,628.0,725.0,5287.0,4998.0,6437.0,5653.0,4315.0,4451.0,3420.0,3428.0,3597.0,3495.0,448.0,448.0,435.0,340.0
A00074709,2.586,2.655,2.613,2.382,2.848,2.845,1.839,1.866,3.484,3.639,2.612,3.228,2.774,2.761,2.527,2.607,2.976,2.917,2.876,3.06,2.161,2.317,2.411,2.378,2.707,2.735,1.959,1.9,2.468,2.568,2.828,2.896,2.543,2.787,2.756,2.995,2.842,2.851,3.045,2.845,2.422,2.532,1.452,1.34,2.289,2.309,2.481,2.47,2.742,2.807,2.521,2.524,2.879,2.667,2.46,2.548,2.873,2.843,2.379,2.415,2.911,2.839,2.654,2.599,3.049,3.529,2.23,2.539,784.0,812.0,642.0,663.0,2082.0,1869.0,1452.0,1645.0,461.0,386.0,244.0,230.0,2954.0,2730.0,3985.0,5046.0,2973.0,3507.0,2075.0,1938.0,837.0,815.0,4429.0,4512.0,2321.0,2247.0,2695.0,2799.0,1848.0,1764.0,3133.0,2864.0,1132.0,1137.0,647.0,635.0,1052.0,1283.0,677.0,791.0,1409.0,1211.0,1435.0,1299.0,3471.0,3470.0,1187.0,1129.0,3789.0,3931.0,2949.0,3319.0,574.0,791.0,5633.0,5358.0,6112.0,6249.0,4495.0,4676.0,3639.0,3832.0,3372.0,3492.0,476.0,411.0,497.0,341.0
A00074769,2.471,2.578,2.856,2.504,2.553,2.479,1.88,1.854,3.368,2.933,2.701,2.542,2.829,2.701,2.542,2.627,2.938,2.936,3.11,3.051,2.54,2.484,2.256,2.255,2.548,2.768,1.93,1.784,2.407,2.404,2.979,2.945,2.494,2.497,2.935,2.784,2.449,2.516,2.803,2.979,2.356,2.413,1.55,1.497,2.168,2.167,2.638,2.711,2.491,2.534,2.386,2.396,2.517,2.801,2.285,2.463,2.55,2.58,2.27,2.16,2.842,2.82,2.673,2.647,3.749,4.096,2.907,2.73,857.0,812.0,646.0,671.0,1852.0,2095.0,1178.0,1366.0,450.0,467.0,268.0,250.0,2766.0,2946.0,3909.0,4102.0,2781.0,3036.0,2173.0,2140.0,786.0,926.0,4055.0,4348.0,2672.0,2298.0,2857.0,2526.0,1932.0,1859.0,3033.0,2692.0,1333.0,1505.0,542.0,556.0,1056.0,1283.0,675.0,664.0,1060.0,1015.0,1356.0,1120.0,4084.0,3817.0,1113.0,955.0,5161.0,5161.0,3757.0,3568.0,525.0,801.0,4702.0,4583.0,6179.0,6225.0,4176.0,4514.0,3395.0,3624.0,2979.0,3169.0,411.0,365.0,350.0,282.0
A00074780,2.366,2.777,2.899,2.784,2.792,2.568,1.814,1.861,3.62,3.962,2.649,2.735,2.697,2.75,2.52,2.613,2.863,2.81,3.082,3.237,2.523,2.457,2.217,2.362,2.776,2.735,1.962,1.831,2.395,2.315,2.991,2.86,2.54,2.632,3.009,2.718,2.578,2.655,2.904,2.78,2.5,2.551,1.424,1.36,2.214,2.265,2.434,2.719,2.565,2.581,2.621,2.524,2.974,2.896,2.398,2.367,2.896,2.897,2.375,2.393,3.137,3.056,2.691,2.679,3.245,3.869,2.693,2.562,1125.0,992.0,562.0,700.0,2416.0,2310.0,1577.0,1911.0,377.0,367.0,279.0,225.0,3389.0,3105.0,5023.0,4880.0,3763.0,4220.0,2290.0,2238.0,832.0,950.0,5932.0,5465.0,2537.0,2788.0,3513.0,3169.0,1661.0,2011.0,3788.0,3420.0,1283.0,1583.0,587.0,680.0,1358.0,1822.0,727.0,858.0,1448.0,1512.0,1550.0,1509.0,4121.0,4031.0,1195.0,1127.0,5697.0,4969.0,4011.0,4292.0,665.0,1012.0,5709.0,6116.0,7550.0,7199.0,5793.0,5663.0,3793.0,3753.0,3547.0,3313.0,475.0,519.0,433.0,335.0
A00074784,2.642,3.071,2.792,2.827,2.603,2.475,1.937,2.052,2.829,3.201,2.617,2.552,2.748,2.693,2.504,2.577,2.807,2.66,2.997,3.005,2.482,2.427,2.098,2.159,2.699,2.625,2.045,1.928,2.272,2.366,3.023,2.847,2.398,2.453,2.853,2.994,2.582,2.585,2.807,2.719,2.335,2.327,1.473,1.467,2.147,2.109,2.589,2.516,2.54,2.644,2.453,2.415,3.037,2.803,2.346,2.415,2.75,2.83,2.231,2.222,2.741,2.767,2.619,2.645,3.977,3.917,2.462,2.507,600.0,797.0,712.0,532.0,1911.0,1790.0,1303.0,1400.0,589.0,355.0,281.0,225.0,2581.0,2678.0,3854.0,4100.0,2789.0,3385.0,2038.0,2035.0,990.0,969.0,4700.0,4618.0,2425.0,2130.0,2999.0,2796.0,1809.0,1817.0,3181.0,2859.0,1090.0,1266.0,539.0,636.0,1331.0,1413.0,577.0,735.0,1542.0,1193.0,1420.0,1383.0,3488.0,3487.0,1164.0,1069.0,4021.0,4415.0,3241.0,3153.0,438.0,771.0,5124.0,5145.0,5924.0,5833.0,4205.0,4540.0,3121.0,3466.0,2989.0,3064.0,351.0,397.0,383.0,264.0
A00074787,2.922,2.536,2.657,2.661,2.789,2.685,1.914,1.888,3.629,3.617,2.998,2.941,2.809,2.936,2.671,2.624,2.919,2.843,3.047,2.979,2.383,2.462,2.268,2.395,2.799,2.957,2.103,2.093,2.514,2.352,2.987,2.909,2.665,2.501,3.134,3.076,2.739,2.798,2.928,3.047,2.463,2.583,1.367,1.46,2.222,2.228,2.408,2.473,2.629,2.701,2.537,2.571,3.044,3.101,2.581,2.543,2.906,2.907,2.411,2.425,2.92,2.871,2.79,2.718,3.439,3.777,2.516,2.443,946.0,793.0,441.0,756.0,2279.0,2461.0,1346.0,1495.0,466.0,460.0,345.0,279.0,3099.0,3175.0,3728.0,4498.0,3266.0,2480.0,2503.0,2076.0,957.0,947.0,5139.0,5331.0,2441.0,2241.0,2795.0,2993.0,1427.0,1800.0,3282.0,3037.0,1353.0,1458.0,658.0,646.0,1270.0,1575.0,708.0,809.0,1495.0,1428.0,1201.0,1056.0,3919.0,3784.0,1171.0,1080.0,4590.0,4933.0,3316.0,3798.0,589.0,487.0,5649.0,5237.0,7379.0,6662.0,4718.0,4716.0,3212.0,3810.0,3642.0,2917.0,420.0,376.0,402.0,281.0
A00074793,2.488,2.556,2.3,2.489,2.507,2.628,1.811,1.845,3.278,3.958,2.85,2.888,2.69,2.731,2.518,2.64,2.685,2.765,3.011,3.091,2.249,2.288,2.25,2.21,2.723,2.51,2.083,1.922,2.34,2.212,2.915,2.892,2.432,2.51,2.662,3.011,2.653,2.685,2.783,2.562,2.537,2.406,1.658,1.73,2.256,2.186,2.358,2.409,2.616,2.636,2.345,2.458,2.864,2.593,2.337,2.306,2.581,2.607,2.285,2.323,2.814,2.786,2.583,2.635,3.632,4.032,2.498,2.457,1022.0,1000.0,615.0,539.0,2545.0,2842.0,1846.0,1956.0,656.0,398.0,334.0,265.0,3322.0,3776.0,4626.0,6194.0,3244.0,3589.0,2585.0,2367.0,1211.0,1279.0,5645.0,6029.0,2883.0,2926.0,3660.0,3950.0,2072.0,2293.0,3783.0,3360.0,1694.0,1635.0,640.0,819.0,1801.0,2043.0,777.0,862.0,1744.0,1645.0,1958.0,1710.0,4783.0,4884.0,1420.0,1403.0,5244.0,4769.0,4864.0,4775.0,597.0,962.0,7422.0,7074.0,9688.0,8836.0,6403.0,6919.0,4230.0,4263.0,4501.0,3894.0,500.0,494.0,549.0,392.0
A00074794,2.582,2.556,2.611,2.754,2.591,2.592,1.605,1.745,3.051,3.618,2.606,2.539,2.729,2.797,2.357,2.465,2.834,2.826,2.687,2.967,2.071,2.304,2.249,2.259,2.568,2.556,1.969,1.886,2.343,2.276,2.965,2.854,2.362,2.5,2.78,2.777,2.526,2.448,2.653,2.566,2.383,2.395,1.54,1.46,2.124,2.002,2.663,2.379,2.517,2.536,2.372,2.388,2.713,2.761,2.218,2.276,2.731,2.728,2.196,2.244,2.909,2.791,2.59,2.531,3.811,3.632,2.16,2.043,989.0,1053.0,786.0,642.0,1979.0,2092.0,1465.0,1526.0,585.0,393.0,252.0,257.0,2826.0,2982.0,4938.0,5874.0,3079.0,2998.0,2985.0,2403.0,1033.0,1010.0,4239.0,4865.0,2523.0,2855.0,2820.0,3026.0,1701.0,2121.0,3765.0,3144.0,1449.0,1558.0,634.0,686.0,1217.0,1609.0,649.0,786.0,1649.0,1319.0,1462.0,1459.0,3913.0,3853.0,1192.0,1501.0,4765.0,5010.0,3974.0,3730.0,693.0,1015.0,5832.0,5327.0,7372.0,7476.0,5594.0,5554.0,4011.0,3877.0,3772.0,3862.0,520.0,439.0,431.0,344.0
A00074795,2.846,2.499,2.816,2.723,2.805,2.598,1.804,2.021,3.861,4.155,2.938,3.242,2.896,2.918,2.654,2.596,2.933,3.046,3.21,3.201,2.647,2.58,2.325,2.436,2.729,2.742,2.2,1.907,2.671,2.788,3.018,3.142,2.463,2.676,3.061,2.972,2.572,2.52,2.956,3.026,2.557,2.694,1.798,1.542,2.184,2.241,2.588,2.695,2.799,2.743,2.514,2.455,3.124,2.941,2.563,2.638,2.942,2.846,2.363,2.288,2.951,2.983,2.75,2.851,3.788,3.729,2.505,2.283,827.0,661.0,370.0,399.0,1595.0,1742.0,1605.0,1348.0,337.0,289.0,255.0,225.0,2417.0,2303.0,3362.0,4067.0,2641.0,2706.0,1852.0,1667.0,709.0,644.0,4306.0,4552.0,1999.0,1968.0,2322.0,2704.0,1440.0,1368.0,2688.0,2632.0,1217.0,1194.0,538.0,585.0,823.0,1133.0,580.0,722.0,945.0,872.0,1133.0,1076.0,3114.0,3237.0,819.0,836.0,4164.0,4155.0,2785.0,3048.0,309.0,461.0,4430.0,4278.0,6085.0,5573.0,4176.0,4202.0,2600.0,3025.0,3199.0,2482.0,352.0,397.0,303.0,248.0
A00074800,2.423,2.807,2.539,2.494,2.543,2.517,1.957,2.085,3.748,4.02,2.292,2.694,2.678,2.686,2.407,2.526,2.539,2.717,2.654,2.88,2.437,2.455,2.112,2.228,2.616,2.67,1.971,1.867,2.281,2.4,2.923,2.863,2.251,2.351,2.895,3.243,2.6,2.519,2.637,2.595,2.401,2.407,1.566,1.527,1.96,1.927,2.527,2.442,2.358,2.363,2.347,2.386,2.793,2.626,2.513,2.421,2.688,2.709,2.171,2.172,2.707,2.631,2.463,2.462,3.748,3.682,2.216,2.239,861.0,785.0,650.0,571.0,2017.0,1854.0,1600.0,1597.0,367.0,273.0,273.0,232.0,2630.0,2882.0,4400.0,4738.0,3135.0,2881.0,2448.0,2027.0,833.0,1017.0,5294.0,4514.0,2377.0,2359.0,3703.0,3385.0,1497.0,1688.0,3706.0,3064.0,1199.0,1167.0,543.0,558.0,1124.0,1248.0,586.0,705.0,1067.0,1025.0,1729.0,1640.0,3455.0,3867.0,973.0,1022.0,4361.0,4384.0,3723.0,3914.0,428.0,730.0,5245.0,5014.0,6512.0,6486.0,4562.0,4950.0,3360.0,3305.0,3652.0,3696.0,432.0,428.0,395.0,306.0
A00074802,2.339,2.494,2.407,2.424,2.573,2.508,1.807,1.91,3.568,3.939,2.442,2.747,2.859,2.781,2.475,2.388,2.938,2.717,2.988,2.929,2.298,2.207,2.263,2.332,2.734,2.526,1.979,1.962,2.464,2.423,2.951,2.782,2.45,2.378,2.436,2.388,2.512,2.494,2.747,2.67,2.376,2.26,1.609,1.657,1.968,1.938,2.546,2.561,2.395,2.508,2.466,2.395,2.741,2.881,2.32,2.331,2.714,2.588,2.304,2.33,2.711,2.712,2.406,2.531,3.603,3.203,2.486,2.59,1239.0,985.0,555.0,812.0,2635.0,2017.0,1307.0,1450.0,377.0,328.0,339.0,296.0,3129.0,3355.0,5229.0,6086.0,3526.0,3747.0,2531.0,2344.0,1122.0,794.0,4868.0,5197.0,2630.0,2675.0,2694.0,2418.0,1990.0,2178.0,3675.0,4124.0,1683.0,1986.0,665.0,669.0,1499.0,1520.0,696.0,825.0,1908.0,1253.0,1349.0,1144.0,4189.0,3996.0,1240.0,1354.0,5060.0,5265.0,3963.0,4204.0,670.0,1026.0,6206.0,5631.0,8404.0,7580.0,5399.0,5109.0,3603.0,3880.0,5058.0,4132.0,439.0,500.0,337.0,277.0
A00074808,2.694,2.301,2.46,2.437,2.621,2.575,1.773,1.958,2.976,3.221,2.709,2.301,2.869,2.744,2.437,2.482,2.812,2.851,2.863,2.958,2.356,2.483,2.091,2.173,2.629,2.71,1.961,1.937,2.445,2.344,2.762,2.822,2.558,2.395,2.709,2.702,2.554,2.657,2.846,2.982,2.509,2.65,1.539,1.437,1.998,1.898,2.408,2.371,2.372,2.543,2.33,2.34,2.837,2.862,2.296,2.385,2.841,2.803,2.182,2.165,2.821,2.744,2.528,2.536,3.662,3.587,2.463,2.419,632.0,868.0,654.0,709.0,1913.0,1666.0,1187.0,1235.0,382.0,377.0,270.0,219.0,2390.0,2558.0,3365.0,4066.0,2891.0,2408.0,1912.0,1884.0,741.0,626.0,4131.0,4123.0,2311.0,2231.0,2289.0,2177.0,1536.0,1643.0,2872.0,2544.0,1086.0,1222.0,498.0,462.0,1047.0,1126.0,585.0,668.0,1227.0,1110.0,1028.0,918.0,3355.0,3008.0,884.0,1054.0,4177.0,4005.0,2997.0,3057.0,525.0,522.0,4723.0,4509.0,6322.0,6222.0,4381.0,4675.0,2961.0,3677.0,3258.0,2809.0,424.0,416.0,371.0,265.0
A00074836,2.477,2.613,2.952,2.574,2.772,2.754,2.07,2.047,3.799,3.992,3.208,3.17,2.87,2.869,2.399,2.624,3.018,2.949,2.848,3.149,2.42,2.507,2.279,2.41,2.881,2.797,2.018,2.071,2.662,2.471,3.086,2.795,2.897,2.84,3.002,2.944,2.755,2.696,2.682,3.076,2.594,2.582,1.687,1.764,2.169,2.186,2.548,2.622,2.779,2.819,2.592,2.653,3.193,2.989,2.525,2.548,2.991,2.896,2.343,2.391,2.83,2.704,2.556,2.525,3.68,4.026,2.502,2.606,901.0,803.0,445.0,700.0,1875.0,1833.0,1510.0,1475.0,345.0,355.0,255.0,255.0,2548.0,2610.0,3711.0,5317.0,3483.0,3196.0,2292.0,2035.0,989.0,793.0,5091.0,4703.0,2293.0,2115.0,2541.0,2998.0,1603.0,1678.0,3626.0,2914.0,1020.0,1375.0,494.0,585.0,1342.0,1367.0,648.0,670.0,1423.0,1272.0,1573.0,1370.0,3347.0,3249.0,1092.0,1009.0,4542.0,4561.0,3026.0,3198.0,420.0,664.0,5074.0,5579.0,7144.0,6389.0,4449.0,4109.0,3386.0,3904.0,4720.0,3136.0,449.0,484.0,480.0,301.0
A00074942,2.648,2.868,2.77,2.602,2.837,2.735,1.913,1.885,3.354,3.745,3.145,2.771,2.778,2.815,2.519,2.646,2.816,3.032,3.279,3.211,2.314,2.58,2.058,2.253,2.704,2.715,1.89,1.841,2.461,2.565,3.064,3.046,2.392,2.541,3.017,2.954,2.628,2.817,2.827,2.902,2.6,2.575,1.675,1.506,2.156,2.115,2.631,2.445,2.707,2.756,2.451,2.459,2.965,2.825,2.385,2.502,2.903,2.758,2.286,2.248,3.06,2.957,2.758,2.72,4.39,4.229,2.737,2.601,826.0,806.0,527.0,647.0,1892.0,1709.0,1546.0,1435.0,477.0,391.0,272.0,212.0,2867.0,2858.0,3993.0,4406.0,2627.0,2802.0,2263.0,2462.0,879.0,803.0,4692.0,4328.0,2640.0,2231.0,2907.0,2697.0,2039.0,1694.0,3056.0,2650.0,1279.0,1460.0,575.0,633.0,1371.0,1384.0,601.0,677.0,1533.0,1072.0,1631.0,1572.0,3531.0,3424.0,1066.0,899.0,4235.0,4043.0,3497.0,3668.0,557.0,592.0,4546.0,4918.0,6425.0,6155.0,4343.0,4646.0,3542.0,3516.0,3330.0,3388.0,418.0,450.0,380.0,275.0
A00074952,2.926,2.984,2.815,2.582,2.817,2.596,2.06,2.213,2.718,3.129,3.184,2.913,2.935,2.821,2.82,2.712,2.754,2.886,3.289,3.228,2.464,2.419,2.335,2.46,2.854,2.903,2.247,2.38,2.608,2.694,2.993,3.1,2.767,2.703,3.052,3.057,2.793,2.888,2.964,3.174,2.682,2.796,1.687,1.752,2.259,2.239,2.611,2.6,2.675,2.656,2.57,2.692,2.978,2.86,2.675,2.727,2.98,2.903,2.463,2.36,2.967,2.757,2.702,2.706,2.712,3.455,2.763,2.669,1085.0,1062.0,543.0,779.0,2327.0,1970.0,1500.0,1744.0,383.0,339.0,359.0,296.0,3354.0,3661.0,4775.0,5686.0,3789.0,4046.0,2718.0,2360.0,1283.0,1124.0,6543.0,6047.0,3214.0,3100.0,3779.0,3304.0,1698.0,2009.0,3902.0,3789.0,1406.0,1432.0,676.0,620.0,1316.0,1612.0,845.0,1072.0,2045.0,1523.0,1686.0,1191.0,4137.0,4454.0,1342.0,1157.0,5012.0,4725.0,4352.0,4753.0,643.0,727.0,6173.0,5866.0,7739.0,7025.0,5729.0,5954.0,3705.0,4520.0,5476.0,5259.0,389.0,458.0,415.0,311.0
A00074956,2.481,2.56,2.881,2.865,2.619,2.566,1.774,1.805,3.0,3.743,2.475,3.413,2.814,2.774,2.44,2.485,2.845,2.79,3.078,3.028,2.338,2.193,2.243,2.304,2.684,2.568,2.114,2.035,2.317,2.156,2.895,2.934,2.393,2.503,2.772,3.044,2.598,2.635,2.449,2.768,2.43,2.408,1.748,1.763,2.083,2.013,2.447,2.595,2.545,2.549,2.474,2.42,2.801,2.555,2.365,2.448,2.819,2.748,2.241,2.23,2.664,2.538,2.557,2.476,3.445,4.053,2.329,2.309,985.0,714.0,560.0,473.0,1656.0,1698.0,1410.0,1724.0,346.0,327.0,272.0,238.0,2509.0,2440.0,4518.0,4373.0,2800.0,2510.0,2085.0,1953.0,1010.0,829.0,4200.0,4552.0,2265.0,2581.0,3086.0,2829.0,1757.0,1751.0,3020.0,2827.0,1276.0,1425.0,538.0,546.0,1130.0,1662.0,556.0,626.0,1252.0,1130.0,1505.0,1163.0,3770.0,3773.0,693.0,1151.0,4325.0,4687.0,3883.0,4228.0,455.0,625.0,5149.0,4225.0,5962.0,5671.0,5441.0,4974.0,3058.0,3116.0,3897.0,3841.0,320.0,409.0,344.0,254.0
A00074962,2.335,2.617,2.804,2.774,2.567,2.588,1.803,1.82,3.596,3.763,2.554,2.568,2.662,2.719,2.457,2.577,2.571,2.762,3.017,3.018,2.442,2.526,2.235,2.258,2.652,2.827,1.949,1.915,2.408,2.62,2.835,2.702,2.498,2.482,2.567,2.311,2.715,2.665,2.692,2.808,2.454,2.643,1.567,1.547,2.192,2.123,2.592,2.357,2.648,2.528,2.41,2.411,3.035,3.258,2.387,2.389,2.72,2.67,2.18,2.231,2.908,2.915,2.609,2.58,4.053,3.809,2.498,2.522,943.0,768.0,525.0,697.0,1762.0,1866.0,1468.0,1431.0,342.0,369.0,333.0,235.0,2739.0,2717.0,3388.0,4290.0,2614.0,2731.0,2224.0,2083.0,829.0,679.0,4409.0,4984.0,2347.0,2153.0,2959.0,3206.0,1768.0,1716.0,2910.0,2668.0,1346.0,1477.0,618.0,643.0,1175.0,1546.0,650.0,812.0,1548.0,1597.0,1457.0,1331.0,3927.0,3550.0,1007.0,954.0,4256.0,4061.0,3769.0,3805.0,574.0,560.0,5331.0,5530.0,6336.0,5983.0,5494.0,5321.0,3070.0,3703.0,3949.0,3164.0,419.0,447.0,419.0,290.0
A00074969,2.391,2.582,2.742,2.7,2.709,2.792,2.111,1.965,3.239,3.418,3.204,2.916,2.956,2.971,2.62,2.752,2.843,3.061,3.005,3.576,2.601,2.802,2.316,2.187,3.302,3.168,1.934,2.082,2.65,2.829,2.74,2.79,2.379,2.529,2.482,2.44,2.796,2.699,3.159,3.267,3.02,2.722,1.921,1.763,2.358,2.15,2.586,2.309,2.642,2.473,2.617,2.514,3.141,2.89,2.769,2.701,2.895,2.987,2.366,2.499,3.061,2.868,2.897,2.772,4.193,4.109,2.637,2.674,798.0,882.0,701.0,555.0,2090.0,2120.0,1567.0,1529.0,440.0,377.0,250.0,238.0,2669.0,2762.0,3726.0,4626.0,3475.0,3268.0,2013.0,1882.0,801.0,749.0,4453.0,4221.0,1901.0,1954.0,3149.0,2849.0,1525.0,1785.0,3050.0,2755.0,1079.0,1266.0,665.0,657.0,1626.0,1682.0,545.0,580.0,1159.0,1319.0,1712.0,1530.0,3645.0,3428.0,977.0,1055.0,4343.0,4240.0,3151.0,3490.0,359.0,769.0,5273.0,5391.0,6418.0,6265.0,5264.0,4868.0,3126.0,3130.0,3022.0,3215.0,329.0,361.0,366.0,308.0
A00074975,2.234,2.47,2.424,2.27,2.494,2.406,1.632,1.783,3.753,3.425,2.59,2.317,2.766,2.8,2.366,2.451,3.006,2.961,2.692,2.8,2.18,2.318,2.295,2.44,2.734,2.779,1.896,1.817,2.511,2.539,2.765,2.699,2.375,2.45,3.014,3.279,2.433,2.39,2.597,2.703,2.43,2.316,1.755,1.639,1.798,1.815,2.349,2.409,2.394,2.465,2.342,2.305,2.795,2.55,2.299,2.114,2.573,2.598,2.249,2.254,2.625,2.503,2.39,2.567,4.19,4.246,2.173,1.819,948.0,917.0,746.0,676.0,1913.0,2183.0,2135.0,1920.0,450.0,482.0,296.0,250.0,2843.0,2987.0,5077.0,5403.0,3797.0,3323.0,2562.0,2367.0,1258.0,1054.0,5677.0,5084.0,2781.0,2711.0,3610.0,3734.0,1949.0,1946.0,2961.0,3018.0,1578.0,1465.0,605.0,560.0,1202.0,1817.0,765.0,816.0,1477.0,1521.0,2081.0,1807.0,4012.0,3610.0,1262.0,1045.0,4582.0,5533.0,3632.0,3681.0,621.0,877.0,6161.0,4918.0,6559.0,6746.0,4509.0,4628.0,3180.0,3672.0,3161.0,3537.0,386.0,423.0,387.0,290.0
A00074985,2.498,2.588,2.674,2.592,2.594,2.606,1.746,1.939,3.412,3.372,2.843,3.337,2.72,2.662,2.497,2.57,2.888,2.789,2.933,3.128,2.127,2.177,2.179,2.4,2.654,2.601,1.975,1.979,2.483,2.383,2.841,2.917,2.308,2.326,2.455,2.367,2.605,2.631,2.67,2.615,2.445,2.26,1.502,1.473,2.051,2.063,2.362,2.497,2.572,2.511,2.344,2.399,2.784,2.704,2.406,2.498,2.678,2.594,2.177,2.244,2.85,2.869,2.609,2.585,3.514,4.142,2.394,2.243,929.0,876.0,498.0,700.0,2149.0,1759.0,1668.0,1769.0,328.0,317.0,348.0,252.0,3209.0,3275.0,4084.0,4867.0,2883.0,3254.0,2359.0,2166.0,875.0,897.0,5380.0,5233.0,2680.0,2599.0,3001.0,2843.0,1811.0,1961.0,3169.0,3050.0,1299.0,1309.0,647.0,676.0,1369.0,1460.0,806.0,887.0,1481.0,1215.0,1678.0,1500.0,4116.0,3901.0,1035.0,1202.0,4491.0,4783.0,3316.0,3522.0,580.0,759.0,6181.0,5677.0,6955.0,6893.0,4640.0,4887.0,3712.0,4384.0,3365.0,3293.0,411.0,403.0,486.0,351.0
A00074989,2.545,2.907,2.397,2.575,2.719,2.782,2.123,2.024,3.327,3.338,2.069,3.117,2.967,3.045,2.837,2.75,2.939,3.11,3.262,3.206,2.593,2.46,2.344,2.502,3.15,2.903,2.107,2.154,2.789,2.596,2.753,2.888,2.883,2.551,2.81,2.905,2.841,2.775,3.061,3.12,2.522,2.694,1.795,1.607,2.162,2.071,2.692,2.802,2.668,2.536,2.733,2.618,2.795,3.11,2.589,2.604,3.124,2.954,2.669,2.61,2.729,2.816,2.75,2.771,3.916,3.848,2.394,2.329,881.0,578.0,481.0,812.0,2463.0,2090.0,1434.0,1626.0,460.0,405.0,332.0,274.0,2834.0,3047.0,3172.0,3797.0,2961.0,2709.0,2413.0,2515.0,973.0,827.0,4500.0,4230.0,2457.0,2556.0,3272.0,3295.0,1814.0,1768.0,2615.0,2598.0,1255.0,1383.0,550.0,544.0,1418.0,1543.0,766.0,1016.0,2282.0,1822.0,1699.0,1463.0,3935.0,3974.0,894.0,1148.0,4300.0,5072.0,3802.0,3582.0,580.0,654.0,7668.0,7215.0,7122.0,6538.0,5466.0,5381.0,3677.0,4205.0,4064.0,3870.0,490.0,491.0,498.0,376.0
A00075151,2.821,3.15,2.938,2.384,2.549,2.721,2.399,2.123,3.8,3.852,2.927,2.537,3.016,3.014,3.127,3.195,3.057,2.709,3.288,3.341,2.741,2.901,2.538,2.561,3.104,2.958,2.215,2.495,2.699,2.669,3.081,2.928,3.036,2.798,3.12,3.137,2.865,2.686,2.95,2.742,2.622,2.663,1.911,1.915,2.747,3.08,2.831,2.797,2.586,2.533,2.889,2.558,3.444,3.442,2.725,2.68,2.889,2.87,2.612,2.71,3.181,2.915,3.066,3.269,3.813,4.005,2.362,2.956,1373.0,1061.0,946.0,804.0,1917.0,1901.0,1888.0,1395.0,563.0,497.0,437.0,307.0,3732.0,3923.0,5053.0,5352.0,3620.0,3913.0,2758.0,2495.0,1040.0,978.0,6804.0,6519.0,2575.0,2685.0,4393.0,4218.0,1700.0,2149.0,4351.0,3619.0,1417.0,1952.0,592.0,693.0,2006.0,2362.0,880.0,1205.0,2567.0,1918.0,1960.0,1984.0,2884.0,3223.0,1473.0,1227.0,3854.0,4475.0,3184.0,3763.0,687.0,920.0,9912.0,9376.0,10332.0,9699.0,4648.0,4454.0,3949.0,4439.0,2870.0,2607.0,499.0,682.0,468.0,363.0
A00075156,2.658,2.825,2.739,2.604,2.771,2.666,2.071,2.036,3.949,4.302,3.105,3.139,2.914,3.086,2.694,2.649,2.934,2.976,3.325,3.334,2.751,3.014,2.365,2.464,2.88,2.935,2.061,2.075,2.671,2.724,3.039,3.23,2.677,2.59,3.297,3.591,2.71,2.75,3.259,3.252,2.736,2.637,1.775,1.852,2.268,2.177,2.513,2.721,2.743,2.76,2.577,2.581,3.181,3.739,2.523,2.486,3.017,2.962,2.201,2.264,3.041,3.133,2.778,2.88,3.727,4.028,2.888,2.74,983.0,791.0,639.0,559.0,2102.0,2098.0,1472.0,1531.0,358.0,297.0,339.0,259.0,2644.0,2796.0,4177.0,4280.0,3175.0,3015.0,2139.0,1849.0,844.0,758.0,5135.0,5134.0,2305.0,2046.0,3461.0,3042.0,1604.0,1530.0,3436.0,2897.0,1080.0,1273.0,512.0,625.0,1196.0,1544.0,532.0,663.0,1170.0,1085.0,1671.0,1401.0,3906.0,3621.0,876.0,1043.0,4422.0,4645.0,3198.0,3716.0,416.0,508.0,5032.0,4735.0,5867.0,6618.0,4330.0,4690.0,3511.0,3432.0,3546.0,3140.0,424.0,382.0,442.0,280.0
A00075220,2.571,2.961,2.448,2.421,2.629,2.683,1.682,1.976,3.523,3.721,2.939,3.101,2.967,2.96,2.632,2.77,2.91,2.888,3.027,3.108,2.714,2.54,2.216,2.349,3.002,2.94,2.132,2.019,2.788,2.743,2.957,3.015,2.483,2.622,2.988,3.084,2.739,2.87,2.669,3.014,2.686,2.677,1.817,1.534,2.097,2.093,2.453,2.545,2.582,2.645,2.618,2.574,2.961,2.753,2.61,2.63,2.809,2.888,2.277,2.376,2.952,2.958,2.58,2.67,4.032,4.144,2.438,2.244,1093.0,800.0,553.0,470.0,2107.0,2247.0,1580.0,1726.0,640.0,566.0,388.0,299.0,3618.0,3312.0,5032.0,5536.0,3597.0,3132.0,2588.0,2704.0,999.0,918.0,5958.0,5190.0,2639.0,2580.0,3515.0,3294.0,1843.0,1812.0,3407.0,3022.0,1360.0,1582.0,723.0,725.0,1305.0,1312.0,809.0,859.0,1452.0,1235.0,1590.0,1359.0,4763.0,4197.0,1122.0,1089.0,4909.0,4594.0,4149.0,4494.0,403.0,712.0,5819.0,5378.0,7064.0,6729.0,5714.0,5250.0,3565.0,4099.0,4672.0,4169.0,528.0,493.0,518.0,335.0
A00075229,2.656,2.556,2.194,2.431,2.357,2.5,2.191,2.126,3.376,3.216,2.72,2.435,2.726,2.7,2.303,2.335,2.778,2.777,3.022,3.037,2.087,2.248,2.187,2.268,2.724,2.716,1.904,1.864,2.319,2.519,2.947,2.85,2.474,2.468,2.684,2.447,2.415,2.491,2.674,2.659,2.293,2.319,1.629,1.633,2.007,2.047,2.2,2.368,2.475,2.574,2.265,2.279,2.811,2.64,2.305,2.281,2.59,2.559,2.063,2.115,2.776,2.655,2.366,2.582,3.5,3.509,2.324,2.39,943.0,784.0,478.0,634.0,2437.0,2207.0,1533.0,1594.0,479.0,529.0,312.0,284.0,3257.0,3068.0,4459.0,5755.0,3618.0,3533.0,2474.0,2627.0,1391.0,1108.0,5345.0,5061.0,2333.0,2457.0,3553.0,3344.0,1951.0,1933.0,3313.0,3351.0,1308.0,1560.0,690.0,675.0,1483.0,1515.0,662.0,854.0,1440.0,1389.0,2036.0,1734.0,4996.0,4239.0,1169.0,1143.0,5386.0,5378.0,3360.0,3470.0,634.0,858.0,5960.0,6044.0,7544.0,7337.0,4497.0,4019.0,3534.0,4412.0,4402.0,3157.0,496.0,513.0,487.0,317.0
A00075267,2.561,2.642,2.781,2.353,2.534,2.544,1.944,2.011,2.956,3.113,2.88,2.545,2.885,2.811,2.417,2.61,2.892,2.769,2.964,3.003,2.348,2.345,2.248,2.255,2.602,2.619,1.918,2.004,2.365,2.438,2.915,2.912,2.634,2.582,2.537,2.365,2.549,2.762,2.747,2.621,2.317,2.485,1.437,1.503,2.151,2.099,2.391,2.546,2.526,2.599,2.535,2.499,2.676,2.833,2.294,2.272,2.727,2.702,2.318,2.25,2.903,2.814,2.59,2.558,2.912,3.754,2.477,2.53,968.0,900.0,868.0,734.0,2207.0,1809.0,1769.0,1926.0,334.0,350.0,379.0,250.0,3567.0,4004.0,4709.0,5329.0,4092.0,3389.0,2442.0,2725.0,1307.0,1031.0,6585.0,5493.0,2693.0,2710.0,4085.0,3939.0,2176.0,2206.0,3665.0,3278.0,1317.0,1444.0,690.0,630.0,1435.0,1615.0,778.0,966.0,1578.0,1620.0,2112.0,2164.0,4213.0,4615.0,1191.0,1129.0,5062.0,5118.0,4079.0,4172.0,606.0,974.0,6676.0,6284.0,6747.0,7167.0,6013.0,5250.0,3986.0,4325.0,4315.0,3640.0,381.0,438.0,467.0,345.0
A00075269,2.643,2.747,2.482,2.463,2.711,2.717,1.961,2.007,3.301,3.444,2.995,2.809,2.801,2.762,2.628,2.714,3.116,2.962,2.898,3.076,2.298,2.226,2.333,2.443,2.686,2.741,1.983,1.956,2.245,2.374,3.064,3.005,2.59,2.66,2.904,2.91,2.561,2.79,2.595,2.499,2.65,2.513,1.481,1.658,2.12,2.125,2.572,2.445,2.563,2.783,2.605,2.636,2.853,2.765,2.401,2.457,2.811,2.836,2.413,2.506,2.961,2.864,2.711,2.644,3.587,3.737,2.624,2.5,919.0,776.0,627.0,642.0,1968.0,1827.0,1260.0,1452.0,395.0,423.0,275.0,229.0,2774.0,2774.0,3897.0,4458.0,2933.0,3263.0,2057.0,2084.0,904.0,781.0,3916.0,3803.0,2401.0,2226.0,2734.0,2821.0,1634.0,1827.0,2999.0,2900.0,1326.0,1535.0,688.0,727.0,1027.0,1439.0,562.0,678.0,1201.0,1156.0,1255.0,1159.0,3706.0,3796.0,1094.0,1121.0,4656.0,4569.0,3614.0,3659.0,600.0,718.0,5346.0,5386.0,6644.0,6475.0,5426.0,5594.0,3246.0,3330.0,3475.0,3514.0,389.0,454.0,438.0,286.0
A00075296,3.059,3.007,3.434,2.715,2.732,2.431,2.049,2.251,2.548,2.609,3.743,3.595,2.833,3.023,2.85,2.708,2.649,2.919,3.034,3.271,3.011,2.776,2.443,2.492,2.77,3.011,2.236,2.257,2.579,2.893,3.004,2.919,2.689,2.76,3.048,2.776,2.626,2.763,2.932,2.82,2.749,2.663,1.734,1.759,2.102,2.146,2.649,2.794,2.428,2.498,2.735,2.678,3.113,3.553,2.66,2.769,3.101,2.949,2.183,2.257,3.047,3.023,2.735,2.835,3.13,2.597,2.682,2.884,1067.0,785.0,407.0,665.0,1938.0,2666.0,1605.0,1864.0,432.0,320.0,245.0,260.0,3109.0,2833.0,4539.0,4790.0,3517.0,3459.0,2434.0,2194.0,1000.0,918.0,5021.0,4580.0,2428.0,2386.0,3529.0,3232.0,1415.0,1586.0,3188.0,2938.0,1325.0,1239.0,602.0,630.0,1500.0,1954.0,602.0,745.0,1632.0,1880.0,2009.0,1964.0,4196.0,3881.0,1155.0,1021.0,4483.0,4804.0,4608.0,4681.0,489.0,405.0,5159.0,5499.0,6457.0,6748.0,5898.0,7082.0,3568.0,3433.0,3867.0,3487.0,391.0,525.0,432.0,359.0
A00075369,2.455,2.684,2.607,2.305,2.518,2.539,1.803,1.983,2.807,3.321,2.216,2.738,2.683,2.675,2.421,2.453,2.771,2.626,2.917,2.979,2.389,2.194,2.03,2.115,2.699,2.59,1.896,1.805,2.266,2.23,2.87,2.83,2.329,2.282,2.774,2.689,2.575,2.58,2.465,2.354,2.342,2.346,1.392,1.438,2.042,2.022,2.331,2.573,2.269,2.345,2.516,2.453,2.751,2.675,2.12,2.215,2.572,2.576,2.227,2.279,2.679,2.824,2.525,2.496,3.703,2.939,2.376,2.215,1051.0,897.0,688.0,784.0,2484.0,2156.0,1640.0,1531.0,417.0,411.0,326.0,254.0,3393.0,3248.0,5145.0,5445.0,3630.0,3860.0,2047.0,2063.0,922.0,886.0,5362.0,4787.0,2275.0,2339.0,3381.0,3444.0,1760.0,2103.0,3752.0,3352.0,1536.0,1533.0,581.0,544.0,1721.0,1572.0,583.0,797.0,1389.0,1174.0,1425.0,1360.0,4406.0,3772.0,1182.0,1181.0,4656.0,4635.0,3709.0,3913.0,616.0,992.0,5861.0,5617.0,7863.0,7178.0,6301.0,6184.0,3373.0,3453.0,4294.0,3929.0,482.0,494.0,352.0,306.0
A00075407,2.383,2.675,2.63,2.711,2.696,2.678,1.836,1.588,3.804,3.781,2.95,3.355,2.859,2.865,2.761,2.671,3.034,3.007,3.187,2.99,2.748,2.765,2.302,2.205,2.852,2.952,1.949,1.772,2.547,2.617,2.819,2.818,2.705,2.735,3.178,3.392,2.774,2.786,3.166,3.119,2.689,2.411,1.399,1.548,2.014,2.023,2.73,2.545,2.682,2.603,2.498,2.413,2.953,2.901,2.522,2.596,2.99,2.974,2.38,2.331,2.663,2.413,2.603,2.546,3.526,3.542,2.593,2.515,789.0,668.0,560.0,560.0,1783.0,1974.0,1409.0,1443.0,475.0,493.0,280.0,231.0,2680.0,2801.0,3714.0,4866.0,3277.0,3427.0,2102.0,2439.0,815.0,803.0,4948.0,4736.0,2030.0,2104.0,3101.0,3056.0,1828.0,1772.0,2879.0,2405.0,1279.0,1344.0,526.0,577.0,973.0,1375.0,568.0,669.0,991.0,932.0,1602.0,1471.0,3857.0,4103.0,1081.0,1059.0,4509.0,4411.0,3320.0,3612.0,552.0,828.0,5027.0,4464.0,5545.0,5778.0,4488.0,4333.0,2924.0,3171.0,3649.0,3385.0,498.0,544.0,361.0,275.0
A00075412,2.916,3.157,2.684,3.135,2.846,3.055,2.077,2.041,3.87,4.262,3.268,3.168,3.155,3.087,2.752,2.841,3.126,3.184,3.419,3.311,2.31,2.984,2.644,2.528,3.138,3.219,2.336,2.131,2.81,2.901,3.352,3.227,3.024,2.822,2.845,2.633,3.241,3.033,3.349,3.42,3.215,3.097,1.881,1.781,2.381,2.342,2.887,2.771,2.956,2.965,2.953,2.919,3.536,3.319,2.848,2.625,3.224,3.223,2.693,2.685,3.285,3.263,2.832,2.97,2.777,4.117,2.271,2.613,998.0,1105.0,680.0,634.0,2573.0,1935.0,1532.0,1629.0,383.0,396.0,321.0,307.0,3423.0,3661.0,5341.0,6687.0,3700.0,3968.0,2315.0,2655.0,906.0,818.0,5726.0,6751.0,2409.0,1978.0,2754.0,3268.0,1736.0,1651.0,3860.0,3584.0,1379.0,1592.0,785.0,758.0,1416.0,1673.0,728.0,797.0,1411.0,1576.0,1263.0,1400.0,4400.0,4706.0,1102.0,1249.0,5552.0,5027.0,3553.0,3542.0,479.0,1007.0,5591.0,6971.0,7099.0,7597.0,5111.0,5048.0,3878.0,4286.0,4147.0,3547.0,423.0,442.0,510.0,361.0
A00075432,2.483,2.481,2.834,2.362,2.599,2.468,1.609,1.627,3.848,3.997,2.815,2.923,2.883,2.835,2.667,2.654,2.97,3.153,3.057,3.026,2.172,2.235,2.282,2.338,2.693,2.862,1.855,1.829,2.442,2.482,2.777,2.876,2.598,2.478,2.833,2.988,2.424,2.537,2.991,2.94,2.472,2.58,1.477,1.429,2.096,2.01,2.282,2.51,2.489,2.64,2.39,2.37,2.705,2.843,2.266,2.25,2.725,2.659,2.235,2.239,2.652,2.715,2.587,2.585,3.806,3.724,2.16,2.334,933.0,918.0,725.0,767.0,2432.0,2233.0,1741.0,1727.0,480.0,456.0,268.0,250.0,2781.0,3068.0,4060.0,5340.0,3447.0,2607.0,2355.0,2588.0,980.0,892.0,4983.0,5251.0,2837.0,2560.0,3009.0,2979.0,2007.0,1851.0,3370.0,2563.0,1198.0,1283.0,685.0,622.0,1772.0,1639.0,676.0,819.0,1437.0,1307.0,1490.0,1276.0,4165.0,4152.0,1181.0,1077.0,5082.0,5220.0,3547.0,3499.0,531.0,765.0,5488.0,5248.0,6478.0,6950.0,4993.0,5082.0,3166.0,4229.0,4461.0,3083.0,496.0,509.0,540.0,286.0
A00075651,2.667,2.731,2.834,2.759,2.886,2.767,2.045,1.86,3.668,3.539,2.433,2.731,3.059,3.032,2.802,2.688,2.971,3.064,3.354,3.317,2.149,2.284,2.467,2.49,3.052,3.056,1.938,2.028,2.739,2.812,3.135,3.123,3.092,2.967,2.819,3.072,3.08,2.918,3.09,2.994,2.624,2.875,1.596,1.726,2.455,2.338,2.493,2.569,2.917,3.034,2.647,2.718,2.934,3.367,2.407,2.673,3.025,2.984,2.352,2.557,2.999,2.939,3.036,2.864,4.029,4.409,2.736,2.434,809.0,771.0,340.0,550.0,1674.0,1285.0,1478.0,1592.0,453.0,377.0,270.0,233.0,2533.0,3066.0,4098.0,4207.0,2565.0,2745.0,2045.0,1995.0,835.0,856.0,4742.0,4538.0,2601.0,2478.0,3316.0,2976.0,1605.0,1775.0,2770.0,2475.0,1103.0,1090.0,554.0,586.0,879.0,1648.0,632.0,766.0,1218.0,1176.0,1579.0,1379.0,3388.0,3320.0,927.0,869.0,3807.0,3850.0,3307.0,3417.0,398.0,532.0,5174.0,4389.0,5665.0,5291.0,4289.0,4426.0,3189.0,3179.0,2836.0,3122.0,425.0,358.0,331.0,287.0
A00075653,2.833,2.779,2.926,2.735,2.925,2.902,1.852,2.012,3.561,3.163,3.261,3.053,3.08,3.077,2.731,2.812,2.915,3.168,3.318,3.331,2.777,2.463,2.376,2.488,2.94,3.18,1.916,2.044,2.587,2.727,3.035,3.307,2.836,2.777,3.087,2.748,2.704,2.854,3.279,3.194,2.779,2.883,1.633,1.636,2.168,2.21,2.746,2.916,2.682,2.666,2.636,2.686,2.916,3.129,2.613,2.74,3.056,2.969,2.388,2.518,3.158,3.055,2.933,2.851,3.83,3.593,2.689,2.272,1117.0,967.0,394.0,880.0,2380.0,1740.0,1401.0,1451.0,371.0,479.0,288.0,257.0,2995.0,2997.0,4840.0,5290.0,3258.0,2850.0,2063.0,2137.0,752.0,651.0,4450.0,4389.0,2333.0,1986.0,2618.0,2297.0,1861.0,1636.0,3386.0,2893.0,1059.0,1344.0,588.0,592.0,1139.0,1533.0,661.0,707.0,1197.0,1137.0,1095.0,973.0,3907.0,3741.0,1135.0,899.0,4385.0,4654.0,3854.0,3900.0,662.0,732.0,5392.0,5793.0,6710.0,6606.0,5164.0,5003.0,3352.0,3749.0,4023.0,3408.0,443.0,358.0,417.0,314.0
A00075657,2.937,3.154,3.021,3.0,2.988,2.842,2.507,2.298,3.513,4.198,3.557,3.051,2.968,3.137,2.986,2.958,3.166,3.224,3.281,3.283,2.8,3.066,2.396,2.554,3.141,3.145,2.316,2.511,2.873,2.974,3.23,3.402,3.106,3.107,3.103,3.339,3.094,3.271,3.324,3.215,2.767,2.968,1.688,2.004,2.388,2.364,2.76,3.08,2.829,2.836,3.003,2.898,3.534,3.623,2.728,2.966,3.18,3.03,2.498,2.517,3.403,3.397,2.858,2.916,3.832,4.095,2.993,3.164,1557.0,1132.0,626.0,880.0,2392.0,2349.0,1319.0,1614.0,424.0,387.0,378.0,274.0,3615.0,3107.0,6012.0,7219.0,3347.0,4232.0,2940.0,2654.0,1257.0,1038.0,5959.0,5188.0,2786.0,2624.0,3789.0,2953.0,1943.0,2010.0,4037.0,4551.0,1420.0,1596.0,696.0,741.0,1610.0,1634.0,846.0,987.0,1680.0,1394.0,1691.0,1385.0,4589.0,4818.0,1292.0,1258.0,5118.0,5115.0,4448.0,4728.0,619.0,602.0,7799.0,7857.0,8047.0,7515.0,5881.0,6890.0,4515.0,4524.0,4425.0,4552.0,448.0,462.0,475.0,335.0
A00075660,2.756,2.888,2.966,2.633,2.863,2.89,1.913,1.902,3.55,3.293,3.198,3.392,2.973,3.02,2.975,2.942,3.01,3.3,3.286,3.628,2.683,3.022,2.514,2.539,3.078,3.3,2.169,2.127,2.615,2.794,3.159,3.219,2.863,2.622,2.795,2.877,2.973,3.064,3.056,2.943,2.84,2.836,1.829,1.836,2.305,2.429,2.961,2.826,2.937,2.877,2.648,2.705,3.289,3.105,2.66,2.658,3.149,3.116,2.582,2.563,3.255,3.134,2.973,2.93,3.685,3.433,2.688,3.227,668.0,884.0,702.0,739.0,2438.0,2163.0,1611.0,1607.0,493.0,397.0,305.0,241.0,3058.0,2986.0,3857.0,4997.0,3265.0,3628.0,2611.0,2161.0,1105.0,859.0,4882.0,5111.0,2554.0,2312.0,3373.0,3207.0,1677.0,1859.0,3279.0,2904.0,1523.0,1802.0,669.0,744.0,1307.0,1404.0,676.0,824.0,1576.0,1195.0,1682.0,1455.0,4046.0,3970.0,1117.0,1278.0,4842.0,5134.0,4141.0,4031.0,638.0,639.0,6168.0,5466.0,7431.0,6768.0,5374.0,5445.0,3945.0,4170.0,4837.0,4045.0,330.0,337.0,397.0,318.0
A00075678,2.623,2.676,2.689,2.529,2.575,2.58,1.922,1.847,3.758,3.822,2.886,2.934,2.935,2.938,2.825,2.628,3.096,3.161,3.061,2.983,2.817,2.493,2.278,2.309,2.885,2.899,2.101,2.117,2.409,2.609,3.025,3.055,2.931,2.598,2.827,2.86,2.595,2.431,2.686,2.826,2.619,2.416,1.698,1.583,2.107,1.928,2.518,2.537,2.558,2.468,2.581,2.454,2.891,3.039,2.538,2.478,2.759,2.752,2.191,2.341,2.905,2.914,2.71,2.577,4.028,4.376,2.27,2.713,784.0,867.0,449.0,604.0,2002.0,1621.0,1554.0,1520.0,386.0,257.0,343.0,238.0,2909.0,2672.0,4030.0,4366.0,2363.0,2719.0,2236.0,2045.0,900.0,906.0,5003.0,5082.0,2285.0,2587.0,3146.0,3138.0,1835.0,1671.0,3084.0,2722.0,1188.0,1382.0,576.0,580.0,1294.0,1576.0,706.0,758.0,1506.0,1259.0,1416.0,1474.0,3298.0,3232.0,1075.0,868.0,3958.0,4031.0,3689.0,4193.0,387.0,765.0,5046.0,5262.0,7099.0,6280.0,5175.0,4869.0,3423.0,3631.0,2845.0,3013.0,354.0,357.0,416.0,300.0
A00075721,2.786,2.914,2.963,2.54,2.875,3.058,1.971,1.899,4.094,4.12,3.07,3.481,2.964,3.126,2.791,2.782,3.087,3.163,3.406,3.314,2.779,2.796,2.491,2.451,2.981,2.985,2.269,2.218,2.955,2.723,2.961,3.255,2.947,2.854,2.8,2.838,2.975,2.977,3.355,3.251,2.862,3.041,1.923,1.702,2.263,2.141,2.696,2.848,2.932,3.081,2.574,2.595,3.281,3.312,2.607,2.643,3.059,2.998,2.409,2.498,3.057,3.091,2.921,2.816,4.033,3.893,2.446,2.52,983.0,880.0,505.0,829.0,2115.0,1676.0,1162.0,1257.0,360.0,336.0,294.0,226.0,2657.0,2700.0,4885.0,5268.0,3032.0,3032.0,2024.0,2057.0,839.0,657.0,3992.0,4102.0,2423.0,2346.0,2594.0,2464.0,1667.0,1862.0,3164.0,2931.0,1078.0,1364.0,634.0,617.0,1000.0,1228.0,540.0,698.0,1411.0,1117.0,1227.0,1135.0,3706.0,3620.0,1162.0,914.0,4327.0,4468.0,3136.0,2990.0,559.0,634.0,4781.0,4793.0,6806.0,6019.0,3906.0,3843.0,3138.0,3276.0,3080.0,2855.0,390.0,407.0,364.0,282.0
A00075729,3.209,3.69,3.456,3.0,3.249,3.198,2.441,2.388,3.195,3.748,3.272,2.773,3.022,3.281,3.387,3.25,2.842,3.223,3.731,3.769,3.051,2.828,2.675,2.607,3.532,3.686,2.324,2.29,2.991,2.915,3.648,3.159,3.131,3.271,2.999,3.298,3.295,3.236,3.561,3.817,3.234,3.141,1.829,1.816,2.566,2.502,3.136,3.294,3.275,3.22,3.072,3.096,3.247,3.508,2.975,2.935,3.492,3.462,2.716,2.745,3.599,3.503,3.364,3.411,3.784,3.625,2.933,2.965,1208.0,869.0,459.0,623.0,2225.0,1977.0,1276.0,1408.0,386.0,251.0,304.0,205.0,3660.0,3008.0,3876.0,4562.0,3321.0,3806.0,2287.0,2246.0,1029.0,885.0,4472.0,4649.0,2669.0,2452.0,2921.0,3210.0,1831.0,1830.0,3542.0,3770.0,1270.0,1221.0,724.0,684.0,1468.0,1559.0,784.0,895.0,1545.0,1531.0,1313.0,1547.0,3748.0,3633.0,1238.0,964.0,4398.0,4561.0,3958.0,4133.0,424.0,667.0,5186.0,5497.0,7032.0,6803.0,5115.0,5653.0,4007.0,4299.0,3772.0,3550.0,448.0,365.0,464.0,312.0
A00075732,2.947,3.322,3.185,3.432,3.305,3.305,2.196,1.971,3.698,3.881,3.425,3.166,3.208,3.189,3.125,3.058,3.069,3.327,3.474,3.762,2.714,3.053,2.628,2.518,3.335,3.424,2.356,2.382,3.111,3.32,3.407,3.278,3.013,2.957,3.0,3.195,3.338,3.288,3.523,3.359,3.191,3.267,1.897,2.136,2.491,2.546,2.774,2.781,3.142,3.148,2.813,2.835,3.55,3.644,3.042,3.046,3.413,3.467,2.537,2.536,3.366,3.315,3.038,3.064,3.866,4.051,3.251,2.973,921.0,874.0,574.0,428.0,1865.0,1405.0,1378.0,1439.0,362.0,366.0,420.0,260.0,2787.0,2606.0,4803.0,5254.0,2781.0,3176.0,2229.0,1887.0,1067.0,825.0,4206.0,4757.0,2538.0,2794.0,2858.0,3035.0,1550.0,1869.0,3290.0,2935.0,1254.0,1245.0,654.0,584.0,1263.0,1559.0,763.0,884.0,1514.0,1356.0,1647.0,1573.0,4181.0,3856.0,1081.0,1285.0,4526.0,4447.0,3807.0,3748.0,384.0,712.0,5678.0,5452.0,6587.0,5848.0,5655.0,5721.0,3214.0,3401.0,3298.0,3330.0,438.0,452.0,367.0,283.0
A00075735,2.619,2.926,2.483,2.783,2.693,2.668,1.843,1.721,3.555,3.474,2.874,3.323,3.005,2.962,2.78,2.919,3.027,3.137,3.199,3.14,2.784,2.8,2.223,2.325,3.099,3.265,2.118,2.059,2.614,2.715,3.066,3.149,2.739,2.656,3.074,3.225,2.812,2.847,2.889,3.124,2.702,2.698,1.49,1.506,1.996,2.033,2.552,2.752,2.59,2.707,2.668,2.531,2.996,3.056,2.631,2.607,2.846,2.798,2.31,2.413,2.978,3.083,2.8,2.803,3.618,3.741,2.565,2.163,1102.0,796.0,489.0,607.0,1645.0,1698.0,1315.0,1287.0,420.0,390.0,258.0,222.0,2899.0,2504.0,4396.0,4322.0,2942.0,3037.0,2016.0,2073.0,723.0,714.0,4018.0,4303.0,2303.0,2111.0,2599.0,2199.0,1786.0,1732.0,3070.0,2720.0,1323.0,1473.0,579.0,560.0,1191.0,1286.0,584.0,722.0,1333.0,1100.0,1215.0,1072.0,3359.0,3619.0,1057.0,1063.0,4149.0,4241.0,3354.0,3639.0,606.0,844.0,4393.0,4201.0,6877.0,6043.0,5134.0,5404.0,3329.0,3566.0,3697.0,3343.0,381.0,401.0,338.0,278.0
A00075737,3.021,3.092,2.541,2.668,3.098,3.05,2.157,2.127,3.482,3.374,2.853,3.251,3.16,3.108,2.868,3.001,3.232,3.258,3.315,3.6,2.923,2.631,2.546,2.569,3.197,3.299,2.399,2.385,2.753,3.074,3.483,3.431,2.945,3.025,3.107,2.858,3.115,3.166,3.221,3.267,2.982,2.985,1.904,1.95,2.413,2.45,2.848,3.262,3.149,3.128,2.794,2.755,2.999,3.192,2.705,2.836,3.396,3.305,2.684,2.751,3.227,3.181,3.053,3.095,4.062,3.743,2.59,2.833,1070.0,979.0,790.0,1068.0,3130.0,2745.0,1668.0,1701.0,389.0,411.0,303.0,241.0,3886.0,4072.0,4976.0,5826.0,3918.0,4456.0,3365.0,2761.0,920.0,1002.0,6332.0,5766.0,3454.0,3350.0,3731.0,3254.0,2138.0,2188.0,4215.0,4009.0,1714.0,1974.0,638.0,754.0,1767.0,1720.0,1032.0,1141.0,1901.0,1673.0,1676.0,1430.0,5454.0,5276.0,1935.0,1496.0,6313.0,6288.0,4458.0,4187.0,968.0,1059.0,6760.0,6814.0,8422.0,8179.0,6387.0,5693.0,4193.0,4887.0,4685.0,4561.0,377.0,391.0,621.0,396.0
A00075738,2.654,2.724,2.767,2.444,3.098,3.052,1.957,2.218,3.534,3.512,3.158,2.977,2.941,2.979,2.819,2.889,3.181,3.011,3.594,3.466,2.908,2.713,2.385,2.408,3.189,3.165,2.229,2.289,2.728,2.613,3.387,3.165,2.831,2.92,3.18,2.906,3.09,3.125,3.053,3.344,2.873,2.84,1.818,1.824,2.428,2.463,2.787,3.091,2.948,3.098,2.696,2.694,3.093,3.154,2.675,2.725,3.094,3.13,2.42,2.519,3.06,3.0,2.952,2.992,3.686,3.466,2.559,2.38,1286.0,1289.0,502.0,875.0,3344.0,3163.0,1771.0,1716.0,285.0,343.0,393.0,308.0,3729.0,4267.0,5132.0,5738.0,3926.0,4422.0,2493.0,2568.0,965.0,996.0,6705.0,6420.0,3302.0,2981.0,3780.0,3593.0,2309.0,2227.0,4255.0,4122.0,1718.0,1873.0,669.0,677.0,2041.0,2355.0,935.0,1072.0,2182.0,1838.0,1785.0,1646.0,4715.0,4537.0,1472.0,1295.0,5714.0,5864.0,4747.0,5245.0,724.0,938.0,6764.0,6295.0,9664.0,8929.0,5746.0,5595.0,4289.0,5065.0,4288.0,3972.0,498.0,549.0,575.0,400.0
A00075741,2.964,2.793,2.962,2.589,2.769,2.567,2.047,2.025,3.664,3.893,3.115,2.872,2.972,3.046,2.621,2.725,3.186,3.072,3.371,3.367,2.891,2.532,2.454,2.602,2.902,2.943,2.245,2.218,2.732,2.818,3.093,3.1,2.925,2.63,3.156,3.021,2.784,2.675,2.953,3.043,2.638,2.684,1.984,1.842,2.242,2.144,2.508,2.834,2.843,2.913,2.65,2.57,2.814,2.891,2.548,2.69,2.917,2.749,2.391,2.476,2.857,2.956,2.723,2.743,4.192,4.245,2.836,2.511,984.0,869.0,446.0,487.0,2083.0,1686.0,1234.0,1156.0,475.0,360.0,219.0,244.0,3169.0,2877.0,3940.0,5031.0,2721.0,2850.0,2078.0,2067.0,734.0,771.0,4615.0,4160.0,2450.0,2378.0,2878.0,2667.0,1952.0,1552.0,3056.0,2859.0,1274.0,1411.0,748.0,717.0,1208.0,1347.0,715.0,846.0,1421.0,1190.0,1238.0,1386.0,3775.0,3576.0,1076.0,929.0,4281.0,4376.0,3329.0,3585.0,346.0,609.0,5036.0,4392.0,5632.0,5958.0,4833.0,4556.0,3263.0,3399.0,3528.0,2925.0,379.0,336.0,416.0,287.0
A00075744,2.939,3.199,2.996,2.739,3.025,3.015,2.083,2.11,3.799,3.98,3.321,3.054,3.018,2.985,2.982,2.956,3.039,3.114,3.418,3.624,2.638,2.539,2.361,2.554,3.028,3.163,2.262,2.402,2.826,2.949,3.272,3.343,2.836,2.881,2.938,3.013,3.126,3.102,3.153,3.134,2.943,2.813,1.557,1.628,2.267,2.437,2.699,2.878,2.795,2.782,2.852,2.853,3.303,3.282,2.801,2.708,3.259,3.274,2.715,2.694,3.331,3.094,2.967,3.087,3.596,3.748,2.636,2.507,1084.0,1249.0,1198.0,1103.0,3632.0,2915.0,1784.0,2167.0,486.0,489.0,280.0,319.0,4191.0,4304.0,6466.0,7740.0,4575.0,5148.0,3272.0,2821.0,1131.0,1158.0,7100.0,6610.0,3232.0,3324.0,3780.0,3603.0,1825.0,2131.0,5155.0,4978.0,1532.0,1766.0,800.0,864.0,1406.0,1705.0,930.0,1107.0,1819.0,1734.0,1968.0,1673.0,5716.0,5420.0,1810.0,1610.0,5908.0,6391.0,5038.0,5479.0,737.0,1281.0,8387.0,7301.0,8377.0,8561.0,6938.0,7512.0,4707.0,4757.0,5614.0,4471.0,515.0,633.0,443.0,375.0
A00075745,2.766,3.094,3.023,2.87,3.025,3.148,2.024,2.116,3.593,3.409,2.978,3.485,3.044,3.072,2.937,3.056,3.083,2.974,3.527,3.497,2.579,2.672,2.425,2.47,3.075,3.043,2.361,2.241,2.766,2.927,3.296,3.375,2.919,2.95,3.155,3.311,3.132,3.197,3.257,3.48,3.002,2.924,1.546,1.821,2.581,2.687,2.953,2.943,2.966,3.065,2.807,2.735,3.31,3.063,2.791,2.854,3.348,3.267,2.764,2.76,3.35,3.181,3.148,2.906,3.68,3.615,2.684,2.466,953.0,1045.0,596.0,972.0,2355.0,1950.0,1636.0,1652.0,390.0,384.0,339.0,261.0,3077.0,3397.0,5120.0,6372.0,3564.0,3418.0,2782.0,2320.0,1161.0,912.0,5860.0,6104.0,2590.0,2540.0,3189.0,3423.0,1813.0,1808.0,4148.0,3513.0,1779.0,1591.0,670.0,599.0,1265.0,1592.0,826.0,841.0,1608.0,1254.0,1553.0,1487.0,4761.0,4673.0,1442.0,1378.0,5019.0,5343.0,4057.0,4596.0,744.0,1093.0,6076.0,5510.0,8191.0,7743.0,6242.0,5425.0,4039.0,5030.0,4748.0,3770.0,449.0,469.0,668.0,424.0
A00075746,3.166,3.296,3.051,2.517,3.171,3.099,2.194,2.273,3.915,3.862,2.881,2.649,3.139,3.344,3.104,3.202,3.063,3.074,3.659,3.539,2.645,2.302,2.647,2.687,3.294,3.148,2.348,2.482,2.927,2.857,3.272,3.468,3.187,3.119,3.0,3.298,3.116,3.222,3.164,3.16,3.115,2.909,2.04,1.79,2.711,2.655,2.957,2.878,3.009,2.991,3.075,2.944,3.111,3.338,2.793,2.972,3.312,3.254,2.852,2.95,3.422,3.316,3.219,3.219,3.677,3.388,2.822,2.86,1256.0,1032.0,884.0,659.0,2560.0,3267.0,1807.0,1640.0,570.0,407.0,343.0,322.0,4521.0,3974.0,5992.0,5942.0,4806.0,4675.0,3334.0,3208.0,1281.0,1155.0,5616.0,5980.0,3189.0,3029.0,3468.0,3382.0,2203.0,2492.0,4864.0,3990.0,1590.0,1966.0,696.0,830.0,2168.0,1790.0,1086.0,895.0,2277.0,1829.0,1416.0,1445.0,6823.0,6127.0,1625.0,1808.0,5924.0,6132.0,5070.0,5810.0,756.0,1279.0,6875.0,7978.0,9895.0,9259.0,7031.0,6153.0,4569.0,5099.0,5781.0,5448.0,553.0,604.0,658.0,465.0
A00075757,2.791,2.965,2.745,2.727,2.677,2.737,1.917,2.106,3.772,3.495,3.001,2.964,3.014,3.04,2.771,2.821,3.148,3.026,3.196,3.341,2.67,2.859,2.453,2.367,3.164,3.043,2.102,2.037,2.788,3.037,3.097,3.121,2.843,2.862,2.896,3.286,2.706,2.796,2.898,2.999,2.683,2.668,1.967,1.811,2.248,2.123,2.925,2.639,2.796,2.731,2.711,2.822,3.056,3.138,2.597,2.672,2.761,2.938,2.504,2.463,2.921,2.943,2.836,2.874,3.43,3.766,2.492,2.307,1041.0,867.0,870.0,583.0,2062.0,2776.0,1505.0,1610.0,512.0,399.0,265.0,295.0,3360.0,3389.0,4925.0,5449.0,3303.0,3507.0,2709.0,2541.0,998.0,855.0,4822.0,4870.0,2468.0,2508.0,3449.0,3241.0,1995.0,1951.0,3666.0,3388.0,1400.0,1682.0,653.0,576.0,1524.0,1724.0,707.0,789.0,1928.0,1515.0,1897.0,1639.0,4429.0,4281.0,1142.0,1326.0,5545.0,5459.0,4191.0,4084.0,515.0,903.0,5576.0,5711.0,8551.0,8247.0,5204.0,5106.0,3886.0,3998.0,3982.0,3902.0,480.0,496.0,420.0,324.0
A00075806,2.696,2.622,3.225,3.191,2.826,2.793,2.079,1.937,3.709,3.617,3.141,3.339,2.995,3.186,2.762,2.743,3.059,2.907,3.443,3.414,2.706,2.686,2.379,2.43,3.101,3.042,2.106,2.059,2.721,2.905,3.164,3.137,2.78,2.855,3.445,3.412,2.838,3.076,3.154,2.872,2.893,2.866,1.627,1.79,2.221,2.173,2.682,2.877,2.7,2.856,2.752,2.658,3.519,3.665,2.766,2.634,3.143,3.097,2.361,2.521,3.114,2.952,2.83,2.776,4.054,4.213,2.756,2.51,863.0,726.0,414.0,529.0,1783.0,1803.0,1260.0,1424.0,331.0,312.0,287.0,250.0,2584.0,2803.0,4108.0,4550.0,2544.0,2535.0,1867.0,1883.0,760.0,628.0,4508.0,4554.0,2123.0,2178.0,2419.0,2299.0,1562.0,1672.0,3013.0,2820.0,1111.0,1190.0,517.0,550.0,1212.0,1476.0,578.0,643.0,1333.0,1238.0,1268.0,1146.0,3448.0,3421.0,1005.0,742.0,4143.0,4124.0,2732.0,3067.0,401.0,502.0,5083.0,5169.0,6079.0,5385.0,4065.0,4354.0,3053.0,3169.0,2909.0,2769.0,341.0,307.0,424.0,272.0
A00075895,2.832,2.641,2.511,2.18,2.789,2.706,2.176,2.025,3.538,3.579,2.862,2.729,3.015,2.936,2.677,2.717,3.063,3.125,3.096,3.065,2.575,2.521,2.314,2.463,3.051,3.004,2.097,2.113,2.756,2.66,3.097,2.935,2.75,2.527,3.003,3.113,2.872,2.916,2.772,2.929,2.735,2.515,1.766,1.719,2.328,2.165,2.392,2.396,2.875,2.874,2.625,2.58,3.08,3.151,2.567,2.523,2.741,2.822,2.456,2.486,3.001,2.908,2.727,2.735,3.823,4.1,2.744,2.677,1079.0,695.0,582.0,607.0,1700.0,1709.0,1863.0,1593.0,424.0,404.0,304.0,260.0,3008.0,3335.0,3554.0,5598.0,3161.0,3271.0,2797.0,2597.0,959.0,1000.0,6066.0,5502.0,2382.0,2432.0,3410.0,3689.0,1563.0,1828.0,3660.0,2971.0,1400.0,1401.0,600.0,595.0,1302.0,1580.0,773.0,856.0,1643.0,1542.0,1785.0,1891.0,4131.0,3989.0,1302.0,1108.0,4228.0,5017.0,3395.0,3567.0,520.0,709.0,6705.0,5801.0,6679.0,6219.0,5494.0,4933.0,3536.0,3748.0,3822.0,3209.0,517.0,466.0,475.0,353.0
A00075896,2.672,2.577,2.5,2.522,2.838,2.861,1.871,1.919,3.603,3.549,2.427,2.04,2.774,2.848,2.52,2.751,3.026,2.845,3.233,3.218,2.412,2.422,2.315,2.302,3.004,2.799,2.084,2.09,2.539,2.484,3.134,3.113,2.639,2.58,3.027,3.36,2.785,2.926,2.878,2.741,2.533,2.754,1.737,1.749,2.25,2.198,2.565,2.639,2.829,2.797,2.601,2.527,2.899,3.107,2.321,2.4,2.805,2.779,2.361,2.394,3.071,3.093,2.716,2.747,3.675,2.823,2.777,2.646,729.0,804.0,561.0,648.0,2283.0,2127.0,1604.0,1827.0,425.0,420.0,337.0,218.0,3194.0,3279.0,4424.0,5279.0,3203.0,2546.0,2403.0,2314.0,997.0,893.0,5693.0,5486.0,2409.0,2442.0,3864.0,3493.0,1914.0,1993.0,3237.0,3020.0,1345.0,1435.0,632.0,625.0,1247.0,1488.0,778.0,874.0,1448.0,1380.0,1751.0,1554.0,3826.0,4165.0,956.0,1126.0,5022.0,4740.0,4125.0,4542.0,558.0,874.0,6225.0,5839.0,6509.0,6403.0,5764.0,6215.0,3636.0,3979.0,4577.0,3889.0,350.0,426.0,419.0,312.0
A00075898,2.919,2.869,2.814,2.358,2.694,2.629,1.89,2.08,3.738,3.6,2.698,2.963,2.794,2.935,2.846,2.772,3.067,3.09,3.153,3.255,2.789,2.671,2.45,2.567,3.04,2.936,2.004,2.182,2.893,2.851,3.183,3.154,2.595,2.554,3.045,2.629,2.753,2.8,3.151,3.266,2.784,2.676,1.711,1.996,2.588,2.199,2.58,2.647,2.57,2.173,2.761,2.711,2.881,3.119,2.648,2.643,2.893,2.961,2.399,2.699,2.927,2.909,2.892,2.856,3.944,3.579,2.443,2.487,833.0,795.0,517.0,592.0,2059.0,1367.0,1128.0,1280.0,437.0,430.0,325.0,241.0,3007.0,3458.0,3582.0,5050.0,3199.0,2932.0,2002.0,1888.0,794.0,766.0,5206.0,4985.0,2278.0,2315.0,3373.0,2806.0,1625.0,1953.0,3002.0,2474.0,1395.0,1177.0,691.0,798.0,1044.0,1781.0,614.0,729.0,1433.0,1364.0,1481.0,1206.0,2676.0,3007.0,835.0,1009.0,4460.0,3475.0,3109.0,3647.0,480.0,501.0,4920.0,6797.0,7470.0,5359.0,5823.0,3884.0,3029.0,3326.0,2390.0,2919.0,462.0,522.0,414.0,237.0
A00075964,2.757,3.068,3.008,2.797,3.023,3.244,2.081,2.325,3.57,4.046,3.171,3.15,3.064,3.269,2.88,2.936,3.469,3.183,3.509,3.607,2.589,2.77,2.509,2.648,3.129,3.313,2.307,2.42,2.901,2.938,3.292,3.325,3.026,2.843,2.944,3.411,3.144,3.103,3.181,3.499,3.205,2.839,2.117,1.906,2.307,2.331,2.91,2.836,2.921,3.035,2.793,2.761,3.217,3.272,2.826,2.793,3.274,3.218,2.431,2.54,3.41,3.341,2.966,2.907,4.262,4.297,3.072,2.959,702.0,847.0,695.0,569.0,2158.0,2516.0,1331.0,1449.0,434.0,364.0,336.0,239.0,2682.0,2966.0,3065.0,5490.0,3118.0,3173.0,2290.0,2018.0,941.0,833.0,4661.0,4368.0,2545.0,2327.0,2902.0,2929.0,1737.0,1836.0,2976.0,2905.0,1367.0,1612.0,479.0,534.0,1504.0,1816.0,669.0,722.0,1516.0,1347.0,1601.0,1391.0,4091.0,4113.0,1107.0,1262.0,4633.0,4709.0,4117.0,3831.0,606.0,907.0,5353.0,4889.0,7544.0,7617.0,6004.0,6306.0,3619.0,4313.0,3943.0,3420.0,457.0,481.0,455.0,351.0
A00076380,2.864,3.02,2.901,2.641,2.729,2.628,2.005,2.132,3.906,3.988,2.583,2.674,3.08,3.124,2.658,2.678,3.118,3.046,3.347,3.295,2.469,2.475,2.538,2.472,2.856,2.906,2.215,2.183,2.79,2.917,3.096,3.22,2.63,2.607,3.055,3.045,2.852,2.721,2.79,2.833,2.734,2.874,1.744,1.774,2.197,2.185,2.297,2.49,2.749,2.809,2.58,2.655,3.56,3.255,2.582,2.464,2.713,2.717,2.442,2.356,3.049,3.063,2.78,2.752,4.154,4.097,2.538,2.454,978.0,992.0,646.0,717.0,2240.0,2067.0,1475.0,1404.0,325.0,380.0,289.0,224.0,2809.0,2662.0,4374.0,5685.0,2884.0,3000.0,2181.0,2055.0,882.0,846.0,4413.0,4144.0,2802.0,2785.0,2900.0,3052.0,1826.0,1777.0,3274.0,3024.0,1325.0,1375.0,637.0,600.0,1243.0,1565.0,625.0,804.0,1599.0,1140.0,1397.0,1517.0,4019.0,3751.0,1372.0,1340.0,4666.0,4514.0,3266.0,3354.0,572.0,725.0,5565.0,5137.0,7756.0,6749.0,5121.0,4745.0,3411.0,3608.0,3713.0,3268.0,439.0,443.0,394.0,331.0
A00076381,2.691,2.889,2.663,2.705,2.643,2.601,1.744,1.726,3.486,3.782,2.501,3.127,2.98,2.93,2.687,2.568,2.969,3.093,3.276,3.086,2.229,2.325,2.316,2.3,2.848,2.763,2.062,2.03,2.703,2.74,2.902,2.845,2.728,2.848,2.882,2.998,2.75,2.689,3.021,2.805,2.495,2.588,1.555,1.611,1.991,1.928,2.718,2.455,2.534,2.597,2.511,2.411,2.907,2.868,2.515,2.475,2.84,2.774,2.147,2.33,2.998,2.789,2.564,2.553,3.783,4.235,2.294,2.162,957.0,972.0,671.0,806.0,2328.0,1993.0,1676.0,1638.0,683.0,549.0,313.0,242.0,3233.0,3260.0,4600.0,5464.0,3857.0,3773.0,2443.0,2936.0,1191.0,932.0,5014.0,4539.0,2790.0,2716.0,3700.0,2930.0,1989.0,2424.0,3696.0,3005.0,1377.0,1465.0,604.0,694.0,1633.0,1812.0,842.0,981.0,1883.0,1462.0,1779.0,1345.0,4032.0,4361.0,1284.0,1404.0,4905.0,4849.0,4230.0,4459.0,562.0,885.0,5404.0,6279.0,7231.0,6961.0,5289.0,5284.0,3960.0,4222.0,4554.0,3731.0,426.0,482.0,528.0,370.0
A00076546,2.497,2.543,2.839,2.63,2.598,2.425,1.806,1.614,3.714,3.81,2.979,2.966,3.053,2.942,2.328,2.457,2.881,3.026,3.339,3.308,2.34,2.243,2.272,2.158,2.941,2.744,1.997,2.004,2.544,2.429,2.966,2.888,1.969,2.228,3.04,3.354,2.375,2.477,2.539,2.524,2.334,2.15,1.693,1.614,1.945,1.886,2.171,2.149,2.356,2.413,2.156,2.267,3.406,3.156,2.343,2.433,2.757,2.699,1.862,1.845,2.674,2.568,2.553,2.52,3.537,4.148,2.299,2.166,853.0,905.0,679.0,477.0,2074.0,2073.0,983.0,1199.0,467.0,381.0,254.0,244.0,2504.0,2637.0,4203.0,4225.0,3037.0,3316.0,1808.0,2104.0,927.0,757.0,3671.0,3748.0,2227.0,2350.0,2586.0,2500.0,1913.0,1735.0,2879.0,2793.0,1116.0,1185.0,520.0,678.0,1075.0,1307.0,601.0,748.0,1200.0,873.0,1114.0,1050.0,3415.0,3393.0,932.0,971.0,3952.0,4146.0,3528.0,3514.0,461.0,745.0,4520.0,4525.0,5464.0,6009.0,4723.0,4939.0,2705.0,2761.0,3010.0,2941.0,464.0,502.0,276.0,238.0
A00076574,2.769,3.059,3.094,2.892,3.151,3.32,2.234,2.25,3.628,3.632,3.346,3.677,3.222,3.274,2.968,3.023,3.095,3.23,3.528,3.437,2.486,2.696,2.401,2.557,3.213,3.082,2.396,2.424,2.518,2.965,3.358,3.447,3.035,3.196,3.036,3.177,3.273,3.153,3.15,3.097,3.052,2.988,1.795,2.032,2.622,2.63,2.541,2.735,3.064,3.031,3.089,3.028,3.228,3.457,2.678,2.751,3.315,3.325,2.669,2.792,3.453,3.358,3.069,2.894,3.921,3.444,3.043,3.071,1196.0,960.0,765.0,848.0,2544.0,2053.0,1668.0,1844.0,367.0,366.0,338.0,304.0,2967.0,2856.0,4516.0,5719.0,3181.0,3128.0,2595.0,2603.0,1057.0,987.0,5175.0,5573.0,3125.0,2784.0,3917.0,3175.0,1743.0,1954.0,3893.0,3153.0,1564.0,1393.0,645.0,617.0,1319.0,2000.0,891.0,1076.0,2012.0,1413.0,2066.0,1810.0,4104.0,4184.0,1289.0,1284.0,5109.0,5312.0,4182.0,4371.0,610.0,824.0,8406.0,7122.0,7952.0,7706.0,5713.0,6350.0,4206.0,4447.0,5135.0,3875.0,431.0,472.0,516.0,398.0
A00076586,2.513,2.904,2.712,2.543,2.914,3.043,1.984,1.92,3.588,3.201,2.863,2.813,3.112,3.054,2.748,2.907,3.214,3.31,3.244,3.352,2.561,2.898,2.37,2.492,2.993,2.901,2.141,2.22,2.715,2.873,3.14,3.089,2.64,2.738,3.233,3.595,2.861,2.851,3.427,3.366,2.868,2.637,1.786,1.857,2.211,2.39,2.854,2.806,2.844,2.861,2.686,2.537,3.168,3.28,2.622,2.603,2.944,2.99,2.327,2.325,3.24,3.187,2.958,2.972,4.325,4.241,2.851,2.37,898.0,827.0,610.0,790.0,2004.0,2254.0,1343.0,1664.0,472.0,440.0,283.0,236.0,3230.0,3051.0,4504.0,5308.0,3369.0,3367.0,2736.0,2365.0,950.0,813.0,4144.0,5056.0,2259.0,2407.0,3161.0,3159.0,1583.0,1741.0,3050.0,3090.0,1470.0,1591.0,551.0,598.0,1142.0,1203.0,586.0,825.0,1343.0,1160.0,1741.0,1603.0,3686.0,3861.0,1203.0,1208.0,4933.0,4785.0,3684.0,3934.0,582.0,683.0,4989.0,4909.0,7450.0,6862.0,5392.0,5885.0,3041.0,3339.0,3444.0,2909.0,440.0,473.0,387.0,306.0
A00076594,2.589,2.84,2.674,2.991,2.7,2.843,2.09,1.978,3.933,3.58,2.699,2.877,2.912,3.031,2.621,2.693,2.963,3.137,3.235,3.227,2.663,2.72,2.163,2.286,2.802,2.835,2.101,2.152,2.663,2.818,3.211,3.059,2.843,2.828,3.005,2.724,2.707,2.828,3.022,3.23,2.734,2.632,1.842,1.858,2.195,2.103,2.721,2.659,2.835,2.762,2.669,2.697,3.445,3.254,2.592,2.577,2.988,3.054,2.283,2.355,2.82,2.634,2.921,2.687,4.039,4.015,2.639,2.557,1059.0,852.0,392.0,549.0,1957.0,1581.0,1335.0,1477.0,318.0,356.0,308.0,226.0,2588.0,2577.0,4730.0,4534.0,3105.0,2778.0,2185.0,2145.0,753.0,736.0,4392.0,4555.0,2593.0,2552.0,3328.0,2827.0,1488.0,1680.0,3215.0,2983.0,1128.0,1272.0,522.0,593.0,1193.0,1297.0,597.0,764.0,1163.0,1117.0,1598.0,1364.0,3310.0,3239.0,914.0,1032.0,4646.0,4137.0,2821.0,2993.0,452.0,652.0,4423.0,4346.0,6608.0,6070.0,4357.0,4053.0,3238.0,3784.0,3097.0,3277.0,405.0,440.0,362.0,265.0
A00076595,3.058,3.456,3.43,2.771,3.329,3.206,2.281,2.25,3.228,3.431,3.612,3.545,3.202,3.275,3.275,3.178,3.147,3.399,3.544,3.804,3.138,2.836,2.734,2.851,3.273,3.329,2.32,2.275,3.021,3.002,3.357,3.454,3.227,3.23,3.446,3.418,3.258,3.181,3.615,3.55,3.124,3.045,1.571,2.133,2.574,2.53,2.754,2.864,3.288,3.221,2.909,2.996,3.357,3.942,2.944,2.885,3.546,3.483,2.782,2.884,3.56,3.495,3.26,3.148,4.133,4.156,2.949,2.853,1059.0,866.0,602.0,580.0,2485.0,2138.0,1367.0,1440.0,533.0,451.0,294.0,285.0,3348.0,2896.0,3961.0,3931.0,3209.0,3216.0,2779.0,2518.0,924.0,905.0,5494.0,5174.0,2959.0,2641.0,3378.0,3890.0,1752.0,1899.0,3440.0,2890.0,1262.0,1453.0,602.0,717.0,1439.0,1520.0,756.0,942.0,1736.0,1601.0,1428.0,1240.0,4298.0,4562.0,1127.0,1050.0,5317.0,5499.0,3560.0,3669.0,586.0,717.0,6070.0,6068.0,7752.0,8154.0,5021.0,5102.0,4462.0,4565.0,4113.0,4354.0,455.0,424.0,527.0,391.0
A00076600,2.753,2.85,2.469,2.353,2.643,2.61,2.006,2.123,3.803,3.626,3.455,3.257,2.946,2.997,2.627,2.687,3.03,3.035,3.37,3.31,2.647,2.419,2.464,2.466,3.022,2.961,2.2,2.081,2.615,2.833,2.885,2.774,2.789,2.57,3.511,3.668,2.804,2.705,3.121,3.22,2.447,2.459,1.682,1.464,2.161,2.138,2.66,2.69,2.671,2.701,2.673,2.494,3.235,2.836,2.482,2.452,2.832,2.816,2.338,2.432,2.791,2.926,2.754,2.697,3.874,3.735,2.382,2.552,1014.0,833.0,599.0,581.0,2548.0,2197.0,1516.0,1467.0,412.0,442.0,286.0,252.0,2680.0,2588.0,4674.0,5222.0,3109.0,2930.0,2006.0,1993.0,867.0,833.0,4502.0,5030.0,2332.0,2458.0,2773.0,2988.0,1915.0,1928.0,3158.0,2817.0,1249.0,1416.0,642.0,747.0,1252.0,1424.0,647.0,769.0,1212.0,1091.0,1190.0,987.0,4148.0,3998.0,1216.0,822.0,5314.0,4861.0,3568.0,3731.0,597.0,1034.0,5695.0,5642.0,7008.0,6692.0,5205.0,5161.0,3333.0,3703.0,3499.0,3045.0,427.0,395.0,422.0,328.0
A00076744,2.874,2.841,2.847,2.913,2.787,2.709,2.046,1.875,3.618,3.623,3.01,2.915,3.039,3.035,2.729,2.853,2.906,2.718,2.953,3.198,2.57,2.607,2.294,2.227,2.713,3.07,2.067,2.075,2.394,2.704,3.039,3.109,2.818,2.532,3.22,3.32,2.871,2.738,2.737,2.996,2.809,2.612,1.774,1.782,2.214,2.215,2.648,2.446,2.684,2.649,2.611,2.704,2.94,3.014,2.609,2.573,2.919,2.912,2.494,2.554,2.946,2.95,2.812,2.871,3.812,3.845,2.427,2.557,777.0,699.0,458.0,522.0,1752.0,1737.0,1521.0,1382.0,313.0,305.0,223.0,163.0,2860.0,2793.0,3535.0,3941.0,2461.0,2800.0,1970.0,1886.0,701.0,738.0,4727.0,4100.0,2426.0,2078.0,2993.0,2908.0,1510.0,1643.0,2584.0,2459.0,1338.0,1501.0,499.0,540.0,1349.0,1525.0,598.0,751.0,1541.0,1463.0,1416.0,1357.0,3572.0,3545.0,986.0,1141.0,4623.0,4416.0,3415.0,3497.0,413.0,721.0,4326.0,4508.0,6280.0,5954.0,4725.0,4556.0,3083.0,2969.0,2797.0,2974.0,398.0,401.0,325.0,279.0
A00076746,2.52,2.926,2.408,2.228,2.475,2.476,1.664,1.803,3.402,3.741,2.589,2.555,2.886,2.772,2.483,2.365,2.757,2.792,3.072,3.036,2.239,2.339,2.122,2.212,2.699,2.74,1.885,1.848,2.49,2.58,2.758,2.725,2.31,2.422,2.787,2.784,2.523,2.607,2.511,2.668,2.454,2.523,1.444,1.497,1.909,1.781,2.464,2.562,2.419,2.412,2.281,2.313,2.935,2.942,2.342,2.285,2.671,2.732,2.111,2.197,2.628,2.493,2.516,2.467,3.539,3.382,2.282,2.245,707.0,716.0,541.0,604.0,1819.0,1527.0,1651.0,1607.0,342.0,284.0,267.0,234.0,2858.0,2775.0,3693.0,3936.0,2304.0,2505.0,1913.0,1887.0,742.0,762.0,5146.0,4680.0,2248.0,2208.0,3565.0,2880.0,1645.0,1616.0,2983.0,2921.0,1130.0,1305.0,505.0,529.0,1125.0,1528.0,598.0,754.0,1632.0,1326.0,1452.0,1328.0,3774.0,3442.0,826.0,1079.0,4762.0,4804.0,3399.0,3623.0,487.0,772.0,4178.0,4207.0,5796.0,5867.0,5201.0,4660.0,3102.0,3335.0,2707.0,2769.0,408.0,392.0,394.0,290.0
A00076755,2.882,2.899,3.2,2.999,2.955,3.099,2.257,2.073,3.311,3.397,3.323,2.96,2.853,3.011,2.955,2.951,2.947,2.939,3.664,3.417,2.74,2.613,2.484,2.427,3.261,3.11,2.009,2.001,2.951,3.158,3.177,3.302,2.752,2.674,2.846,2.765,3.074,3.267,3.036,3.219,2.925,2.809,1.542,1.868,2.251,2.255,3.015,2.865,2.942,2.9,2.747,2.69,3.442,3.312,2.746,2.73,3.134,3.05,2.563,2.562,3.151,3.11,2.981,2.981,3.642,3.852,2.993,2.719,1136.0,1059.0,1072.0,625.0,2284.0,2013.0,1703.0,1628.0,339.0,433.0,407.0,259.0,4020.0,3303.0,5253.0,5624.0,4113.0,3452.0,2176.0,2202.0,1144.0,1014.0,5900.0,6167.0,2802.0,2977.0,3156.0,3728.0,1926.0,1953.0,3984.0,3595.0,1395.0,1621.0,667.0,619.0,1396.0,1561.0,660.0,890.0,1503.0,1225.0,1259.0,1479.0,3913.0,4021.0,1211.0,1701.0,5067.0,5572.0,4338.0,4434.0,748.0,975.0,5885.0,5184.0,7125.0,7565.0,6509.0,5697.0,3961.0,4656.0,4610.0,4262.0,346.0,461.0,475.0,344.0
A00076775,2.662,2.845,2.946,3.109,2.851,2.806,1.738,1.723,3.81,4.044,3.431,3.134,3.148,3.07,2.508,2.554,3.062,2.801,3.125,3.12,2.512,2.781,2.289,2.359,2.869,3.238,2.112,2.063,2.798,2.779,3.112,3.084,2.62,2.781,2.657,2.883,2.725,2.55,3.172,2.963,2.714,2.739,1.611,1.548,2.269,2.321,2.448,2.371,2.722,2.752,2.469,2.415,3.254,3.046,2.627,2.416,2.821,2.887,2.188,2.272,3.017,2.919,2.738,2.75,4.342,3.998,2.876,2.761,869.0,734.0,558.0,481.0,1533.0,1524.0,1106.0,1288.0,348.0,321.0,229.0,192.0,2603.0,2683.0,3309.0,4658.0,2478.0,2544.0,2024.0,1948.0,1026.0,675.0,4038.0,3819.0,2212.0,1887.0,2517.0,2633.0,1421.0,1532.0,2560.0,2471.0,1138.0,1245.0,505.0,507.0,1151.0,1221.0,514.0,714.0,1178.0,1024.0,1274.0,1049.0,3254.0,3117.0,1007.0,944.0,3671.0,3880.0,3354.0,2913.0,398.0,639.0,3637.0,3626.0,5672.0,5878.0,4596.0,4132.0,2704.0,2994.0,3206.0,2823.0,377.0,449.0,288.0,194.0
A00076863,2.763,2.797,2.642,2.782,2.69,2.748,1.99,1.9,3.204,3.641,2.881,2.722,2.866,2.956,3.001,2.843,3.039,2.975,3.125,3.276,2.184,2.43,2.495,2.473,2.953,3.041,2.136,1.934,2.699,2.695,3.075,3.029,2.595,2.719,3.13,3.251,2.628,2.559,3.084,2.956,2.627,2.575,1.54,1.553,2.365,2.252,2.555,2.551,2.868,2.693,2.65,2.715,2.84,3.052,2.542,2.579,2.835,2.89,2.645,2.629,3.066,3.023,2.934,2.786,3.881,4.117,2.547,2.77,839.0,793.0,731.0,863.0,2486.0,1908.0,1495.0,1741.0,666.0,478.0,301.0,277.0,2973.0,3146.0,3898.0,4434.0,3324.0,3057.0,2672.0,2233.0,950.0,934.0,4771.0,4678.0,2329.0,2390.0,3183.0,2866.0,1407.0,1842.0,3123.0,2743.0,1429.0,1824.0,631.0,675.0,1451.0,1423.0,664.0,823.0,1585.0,1264.0,1361.0,1222.0,4132.0,3489.0,1191.0,1219.0,5089.0,5187.0,3187.0,3081.0,522.0,867.0,5431.0,5273.0,7026.0,6721.0,4021.0,4290.0,3417.0,3735.0,3101.0,3231.0,469.0,428.0,408.0,299.0
A00077088,2.88,2.808,2.538,2.433,2.951,2.871,2.189,2.184,3.791,3.844,2.954,3.143,2.898,2.834,2.746,2.728,2.951,2.961,3.362,3.326,2.495,2.632,2.437,2.352,2.903,3.104,2.312,2.175,2.781,2.907,3.309,3.109,2.892,2.93,3.166,3.216,2.882,2.814,3.034,2.963,2.992,2.801,1.873,1.994,2.33,2.123,2.63,2.702,2.722,2.886,2.779,2.732,3.118,3.168,2.664,2.583,3.025,3.063,2.494,2.537,3.077,2.855,2.793,2.709,4.082,4.111,2.578,2.491,959.0,908.0,616.0,663.0,2401.0,2437.0,1790.0,1775.0,378.0,345.0,328.0,286.0,3005.0,2650.0,3535.0,4501.0,2798.0,2969.0,2304.0,2171.0,1030.0,939.0,5302.0,4954.0,2391.0,2055.0,3433.0,3283.0,1672.0,1659.0,3257.0,3084.0,1387.0,1522.0,638.0,569.0,1220.0,1612.0,577.0,627.0,1150.0,1237.0,1805.0,1561.0,4188.0,3656.0,1245.0,1458.0,4490.0,4166.0,3698.0,3447.0,438.0,730.0,5494.0,5168.0,6189.0,6612.0,5125.0,5001.0,3440.0,3752.0,3806.0,3621.0,387.0,413.0,421.0,345.0
A00077091,2.872,2.759,2.894,2.429,2.771,2.602,2.084,2.241,3.533,3.71,3.051,2.854,3.049,3.095,2.744,2.789,3.226,2.933,3.293,3.151,2.39,2.57,2.472,2.551,2.919,2.923,2.203,2.259,2.614,2.745,3.21,3.149,2.874,2.899,2.971,3.47,2.817,2.912,2.996,2.881,2.775,2.854,1.838,1.802,2.323,2.212,2.73,2.59,2.876,2.799,2.709,2.702,2.904,3.272,2.58,2.652,2.877,2.909,2.507,2.55,3.178,3.11,2.883,2.706,4.134,4.283,2.517,2.662,1097.0,735.0,465.0,705.0,2103.0,2247.0,1556.0,1714.0,554.0,395.0,292.0,252.0,2698.0,2912.0,5151.0,4529.0,3014.0,3040.0,2329.0,2618.0,1010.0,883.0,5515.0,5905.0,2607.0,2415.0,3285.0,3231.0,1916.0,1927.0,3461.0,3185.0,1157.0,1532.0,664.0,734.0,1241.0,1878.0,713.0,800.0,1238.0,1307.0,1716.0,1347.0,3790.0,3838.0,1080.0,834.0,5278.0,4940.0,3246.0,3458.0,504.0,724.0,5974.0,5952.0,7225.0,7164.0,4900.0,4799.0,3595.0,4145.0,3432.0,3657.0,444.0,411.0,533.0,289.0
A00077095,2.574,2.772,2.764,2.587,2.73,2.882,1.983,2.211,3.444,3.581,2.665,2.534,2.922,3.177,2.627,2.619,3.076,3.001,3.321,3.326,2.635,2.179,2.414,2.448,2.998,2.937,2.122,1.965,2.791,2.827,2.916,2.954,2.754,2.741,3.128,2.978,2.724,2.884,3.048,3.099,2.683,2.588,1.869,1.485,2.175,2.241,2.441,2.472,2.73,2.721,2.617,2.548,3.291,3.171,2.547,2.562,2.995,2.898,2.383,2.432,2.867,3.058,2.805,2.77,3.612,4.052,2.654,2.702,933.0,800.0,622.0,559.0,1864.0,2256.0,1353.0,1494.0,389.0,415.0,255.0,228.0,2808.0,2629.0,3624.0,4645.0,3004.0,2697.0,2051.0,2045.0,649.0,761.0,4329.0,4440.0,2169.0,2249.0,2874.0,2640.0,1615.0,1541.0,3080.0,2750.0,1109.0,1205.0,573.0,615.0,1452.0,1696.0,649.0,744.0,1452.0,1233.0,1297.0,1195.0,3959.0,3776.0,954.0,921.0,4442.0,4319.0,3266.0,3308.0,352.0,736.0,5093.0,5495.0,5809.0,5358.0,4269.0,4625.0,2882.0,3345.0,3490.0,2918.0,380.0,470.0,398.0,256.0
A00077109,2.868,2.637,3.198,3.231,2.979,2.832,2.156,2.234,3.084,3.578,2.997,3.332,3.024,3.033,2.919,2.764,3.041,3.064,3.366,3.383,2.655,2.634,2.384,2.441,3.055,3.02,2.206,2.208,2.694,2.873,3.075,3.184,2.803,2.671,3.148,3.684,2.879,2.813,3.169,3.165,2.748,2.904,1.646,1.817,2.285,2.249,2.864,2.709,2.597,2.683,2.843,2.738,3.408,3.05,2.798,2.71,3.118,3.145,2.641,2.609,2.791,3.082,2.869,2.856,4.199,3.832,2.76,2.663,719.0,650.0,523.0,629.0,2516.0,2683.0,1449.0,1540.0,427.0,473.0,293.0,238.0,2428.0,2708.0,3356.0,4074.0,2503.0,2685.0,2004.0,2356.0,1063.0,915.0,4711.0,4861.0,2336.0,2254.0,3168.0,2815.0,1700.0,1869.0,2809.0,2502.0,1318.0,1406.0,652.0,558.0,1268.0,1624.0,610.0,673.0,1194.0,1300.0,1565.0,1249.0,4054.0,3843.0,1139.0,1165.0,5330.0,5401.0,3754.0,3776.0,622.0,796.0,5163.0,5238.0,7517.0,6933.0,4767.0,4650.0,3483.0,3573.0,3089.0,3097.0,474.0,395.0,395.0,367.0
A00077111,2.587,2.679,2.75,2.622,2.739,2.702,1.659,2.049,3.255,3.572,3.485,3.193,2.848,2.97,2.673,2.621,3.063,3.05,3.373,3.204,2.442,2.608,2.31,2.443,2.915,3.094,2.02,1.96,2.483,2.716,3.048,2.965,2.291,2.584,2.939,2.946,2.944,2.737,3.108,3.05,2.81,2.622,1.733,1.661,2.066,2.073,2.693,2.577,2.586,2.524,2.439,2.722,3.111,3.46,2.741,2.596,3.018,3.154,2.343,2.398,2.953,2.846,2.783,2.823,3.842,4.169,2.503,2.466,910.0,955.0,497.0,564.0,2138.0,1782.0,1259.0,1354.0,420.0,388.0,277.0,186.0,2676.0,2848.0,3928.0,4667.0,2456.0,2406.0,2115.0,2082.0,991.0,867.0,4100.0,3919.0,2424.0,2062.0,3148.0,2765.0,1656.0,1724.0,2878.0,2534.0,1413.0,1356.0,542.0,608.0,1199.0,1348.0,549.0,771.0,1384.0,1201.0,1468.0,1325.0,4034.0,3924.0,992.0,1106.0,4712.0,4707.0,3831.0,3509.0,535.0,654.0,4449.0,4437.0,6560.0,5592.0,4525.0,5171.0,3196.0,3445.0,3625.0,3074.0,426.0,439.0,367.0,270.0
A00077134,2.988,3.047,2.705,2.87,2.823,2.965,2.025,1.972,3.439,3.586,2.787,3.006,3.366,3.256,2.814,2.719,3.118,3.07,3.213,3.239,2.635,2.548,2.547,2.666,2.987,2.961,2.297,2.383,2.633,2.804,3.209,3.182,2.895,2.798,2.696,2.698,2.731,2.768,3.028,2.867,2.721,2.823,1.942,1.972,2.199,2.252,2.719,2.632,2.922,2.902,2.805,2.822,3.34,3.046,2.547,2.699,2.92,3.05,2.595,2.627,3.015,3.092,2.825,2.787,4.136,4.469,2.582,2.591,988.0,979.0,1020.0,642.0,2786.0,2531.0,1303.0,1564.0,477.0,418.0,346.0,224.0,3398.0,3886.0,4462.0,5422.0,3692.0,3681.0,2741.0,2583.0,1065.0,957.0,5438.0,4973.0,3055.0,3017.0,3683.0,3306.0,2056.0,2265.0,3730.0,3022.0,1492.0,1623.0,737.0,691.0,1379.0,1745.0,782.0,937.0,1692.0,1514.0,1644.0,1392.0,4512.0,4284.0,1290.0,1617.0,5674.0,6138.0,3636.0,3798.0,762.0,1119.0,6216.0,5644.0,8174.0,8188.0,6229.0,5949.0,3862.0,3881.0,3581.0,3792.0,533.0,453.0,427.0,319.0
A00077144,2.772,2.619,2.55,2.472,2.997,2.768,1.932,1.917,3.991,4.157,2.4,2.232,3.026,3.077,2.715,2.803,3.159,3.176,3.092,3.2,2.393,2.496,2.498,2.56,3.009,2.991,2.264,2.17,2.752,2.645,3.148,3.001,2.699,2.779,3.19,3.345,2.94,3.013,3.041,2.776,2.893,2.872,1.884,1.738,2.298,2.229,2.606,2.424,2.853,2.929,2.701,2.539,3.098,3.208,2.517,2.583,3.081,2.991,2.481,2.443,3.065,2.988,2.858,2.922,4.194,4.639,2.739,2.933,1059.0,772.0,582.0,679.0,2167.0,2000.0,1645.0,1461.0,390.0,274.0,226.0,208.0,2926.0,2678.0,4456.0,5387.0,2636.0,2956.0,2384.0,2603.0,891.0,780.0,4386.0,4687.0,2445.0,2224.0,2948.0,3071.0,1639.0,1795.0,3296.0,3119.0,1135.0,1666.0,665.0,647.0,1479.0,1422.0,624.0,704.0,1601.0,1255.0,1470.0,1414.0,3526.0,3587.0,946.0,1249.0,4862.0,4642.0,3758.0,4002.0,543.0,817.0,4912.0,4981.0,7045.0,6654.0,5083.0,5161.0,3355.0,3861.0,3975.0,2867.0,408.0,347.0,474.0,284.0
A00077181,2.689,2.938,2.496,2.465,2.831,2.829,1.693,1.986,4.109,4.144,3.458,3.261,3.106,3.035,2.61,2.714,3.296,3.113,3.27,3.282,2.421,2.699,2.252,2.577,2.977,3.185,2.083,2.03,2.801,2.667,3.115,3.207,2.777,2.761,3.262,3.188,2.852,2.711,2.725,3.018,2.787,2.779,1.864,1.729,2.011,2.09,2.614,2.535,2.786,2.764,2.662,2.669,3.318,3.138,2.591,2.547,2.921,2.949,2.337,2.409,3.02,3.159,2.665,2.65,4.086,4.562,2.639,2.081,808.0,750.0,524.0,665.0,2058.0,1952.0,1143.0,1238.0,373.0,356.0,230.0,205.0,2587.0,2642.0,3962.0,4719.0,2932.0,2826.0,2055.0,2126.0,988.0,741.0,4274.0,4216.0,2522.0,2162.0,3008.0,2830.0,1591.0,1678.0,3060.0,2802.0,1167.0,1487.0,616.0,663.0,1168.0,1374.0,604.0,753.0,1102.0,1194.0,1398.0,1164.0,3460.0,3546.0,1015.0,1079.0,4277.0,4525.0,3373.0,3332.0,485.0,712.0,5052.0,5227.0,6558.0,6833.0,4948.0,5198.0,3088.0,3518.0,4278.0,3356.0,403.0,363.0,370.0,238.0
A00077182,2.827,3.148,2.989,2.552,3.101,3.034,2.184,2.146,3.404,3.098,2.881,3.161,2.974,2.985,2.908,2.817,3.118,3.012,3.2,3.172,2.705,2.682,2.492,2.486,3.051,2.829,2.201,2.23,2.848,2.613,3.095,3.089,2.965,2.869,3.303,3.259,3.15,3.106,3.065,3.084,2.813,2.807,1.811,1.68,2.61,2.362,2.774,2.644,2.882,3.033,2.904,2.83,3.078,3.52,2.8,2.775,3.326,3.221,2.473,2.608,3.318,3.302,2.982,2.896,3.968,4.281,2.958,2.884,846.0,811.0,548.0,560.0,2512.0,2270.0,1486.0,1406.0,450.0,414.0,302.0,243.0,2878.0,2890.0,3951.0,4420.0,3008.0,3301.0,2628.0,2277.0,816.0,754.0,4859.0,4577.0,2622.0,2773.0,3210.0,2957.0,1567.0,1974.0,2895.0,2816.0,1455.0,1522.0,573.0,625.0,1284.0,1791.0,649.0,694.0,1376.0,1261.0,1372.0,1430.0,3677.0,3471.0,1193.0,1103.0,4832.0,4728.0,2994.0,3414.0,530.0,714.0,5705.0,5007.0,6980.0,6391.0,5026.0,4470.0,3647.0,3773.0,3331.0,3407.0,445.0,443.0,517.0,360.0
A00077184,2.55,2.919,2.439,2.496,2.655,2.561,2.057,1.916,3.661,4.065,2.976,2.91,3.161,3.178,2.788,2.642,3.101,3.053,3.222,3.14,2.554,2.463,2.408,2.569,3.069,3.147,2.184,2.182,2.889,2.805,3.268,2.995,2.575,2.644,3.063,3.226,2.843,2.813,3.106,3.033,2.525,2.585,2.016,1.831,2.01,1.976,2.354,2.581,2.538,2.64,2.623,2.516,3.198,3.163,2.578,2.496,2.833,2.805,2.228,2.292,2.995,2.996,2.717,2.696,3.816,3.671,2.508,2.404,1003.0,913.0,564.0,707.0,1711.0,1591.0,1553.0,1664.0,474.0,353.0,279.0,222.0,2589.0,2706.0,3639.0,5164.0,2481.0,2774.0,2213.0,2129.0,945.0,975.0,4818.0,4890.0,2306.0,2141.0,3869.0,3217.0,1795.0,1711.0,2967.0,2856.0,1333.0,1359.0,620.0,684.0,1081.0,1511.0,556.0,838.0,1560.0,1373.0,1879.0,1707.0,3711.0,3276.0,1257.0,1205.0,4048.0,4244.0,3580.0,3521.0,687.0,691.0,5487.0,5134.0,6332.0,5648.0,5442.0,5759.0,3832.0,3721.0,4049.0,3426.0,374.0,454.0,431.0,283.0
A00077188,2.531,2.598,2.691,2.404,2.519,2.594,2.082,1.893,3.015,3.11,3.027,2.991,2.938,3.032,2.673,2.665,2.747,2.728,3.268,3.332,2.783,2.817,2.332,2.319,2.831,3.153,2.164,2.113,2.62,2.758,3.037,3.012,2.221,2.469,3.173,3.191,2.737,2.722,3.22,2.749,2.564,2.656,1.567,1.504,2.248,2.202,2.665,2.769,2.42,2.607,2.561,2.551,2.863,3.141,2.469,2.482,2.761,2.876,2.131,2.116,2.951,2.842,2.8,2.738,4.126,4.439,2.56,2.445,821.0,777.0,603.0,533.0,2091.0,1862.0,1400.0,1438.0,433.0,469.0,294.0,226.0,2749.0,2809.0,3751.0,4274.0,2886.0,2644.0,2141.0,2050.0,971.0,817.0,5265.0,4879.0,2319.0,2317.0,3236.0,3356.0,1684.0,1736.0,2680.0,2783.0,1294.0,1339.0,564.0,573.0,1288.0,1337.0,637.0,956.0,1521.0,1143.0,1383.0,1616.0,3768.0,3472.0,1019.0,1147.0,4428.0,3954.0,3160.0,3326.0,472.0,817.0,5588.0,5679.0,6579.0,6030.0,4179.0,4402.0,3215.0,3739.0,2810.0,2964.0,464.0,412.0,434.0,308.0
A00077199,3.047,3.223,3.193,3.138,3.298,3.351,2.162,2.108,3.024,2.887,3.833,3.952,3.068,3.186,3.032,3.176,3.093,3.202,3.422,3.646,2.785,2.895,2.479,2.551,3.121,3.133,2.4,2.304,2.995,3.063,3.325,3.422,3.325,3.037,3.191,3.453,3.267,3.236,3.711,3.506,3.139,3.2,1.756,1.887,2.675,2.572,2.96,2.86,3.193,3.3,2.965,2.944,3.59,3.398,3.017,3.188,3.503,3.461,2.855,2.851,3.427,3.5,3.185,3.332,4.095,3.482,3.082,2.776,848.0,929.0,499.0,757.0,1821.0,1819.0,1161.0,1163.0,515.0,449.0,274.0,292.0,2376.0,2681.0,3365.0,4712.0,3253.0,3272.0,2383.0,1916.0,868.0,726.0,3690.0,3872.0,2678.0,2512.0,2547.0,2468.0,1520.0,1645.0,3079.0,2864.0,1240.0,1429.0,494.0,589.0,1312.0,1502.0,721.0,784.0,1296.0,1377.0,1314.0,1294.0,3463.0,3292.0,1124.0,1253.0,4233.0,4291.0,3300.0,3464.0,547.0,772.0,5381.0,4904.0,7207.0,6618.0,4670.0,5434.0,3042.0,3151.0,3142.0,2553.0,368.0,398.0,367.0,259.0
A00077201,2.736,2.98,2.936,2.432,2.985,2.961,2.059,1.898,3.28,2.867,3.064,2.921,2.944,3.078,2.848,2.967,2.978,3.011,3.582,3.585,2.792,2.638,2.329,2.405,3.17,3.252,2.103,2.225,3.116,3.23,3.246,3.372,3.01,3.007,3.176,3.097,3.154,2.994,3.099,3.043,2.922,2.993,1.449,1.744,2.355,2.349,2.842,2.791,2.957,3.028,2.836,2.827,3.199,3.508,2.71,2.726,3.343,3.246,2.55,2.566,3.184,3.091,3.012,3.022,3.643,3.675,2.76,2.644,1518.0,952.0,557.0,549.0,2823.0,2314.0,1495.0,1491.0,377.0,401.0,321.0,242.0,3168.0,3147.0,4647.0,4813.0,3176.0,2908.0,2260.0,2376.0,1026.0,946.0,5412.0,5595.0,2847.0,2719.0,3286.0,3386.0,1955.0,1986.0,3456.0,3273.0,1397.0,1371.0,596.0,675.0,1641.0,1680.0,671.0,903.0,1834.0,1361.0,1370.0,1329.0,4239.0,4373.0,1245.0,1074.0,5189.0,5854.0,3810.0,4108.0,539.0,607.0,6042.0,5784.0,7379.0,7335.0,5205.0,5569.0,3867.0,4147.0,3953.0,3915.0,391.0,432.0,431.0,390.0
A00077203,2.945,2.848,2.548,2.408,3.064,2.915,2.042,1.976,3.945,4.294,2.819,3.034,3.182,3.12,2.838,2.91,3.268,3.025,3.412,3.589,2.54,2.627,2.438,2.492,3.035,3.06,2.195,2.092,2.866,2.897,3.295,3.186,3.035,3.053,2.911,2.752,3.182,3.093,2.923,3.196,3.054,2.961,1.543,1.542,2.4,2.433,2.602,2.644,2.997,3.007,2.658,2.754,3.103,3.224,2.801,2.764,3.306,3.298,2.762,2.65,3.345,3.211,2.95,3.12,3.906,3.452,2.431,2.577,792.0,815.0,600.0,736.0,2268.0,1898.0,1457.0,1443.0,235.0,306.0,284.0,245.0,2341.0,2574.0,3334.0,4109.0,2656.0,2787.0,2003.0,1941.0,770.0,913.0,4460.0,4649.0,2275.0,2522.0,2947.0,2918.0,1500.0,1740.0,3040.0,2692.0,1332.0,1319.0,638.0,612.0,1244.0,1486.0,501.0,799.0,1456.0,1220.0,1373.0,1393.0,3568.0,3246.0,1070.0,1272.0,4447.0,4691.0,3531.0,3718.0,546.0,740.0,5809.0,5379.0,6983.0,6438.0,4661.0,4878.0,3375.0,3733.0,3291.0,2927.0,307.0,353.0,502.0,336.0
A00077213,2.765,2.72,2.249,2.668,2.564,2.613,1.555,1.662,3.831,4.078,2.811,2.234,2.944,2.821,2.517,2.48,2.793,2.792,3.147,2.948,2.549,2.582,2.096,2.11,2.784,2.665,1.927,2.034,2.406,2.665,2.927,2.757,2.573,2.607,2.882,2.918,2.65,2.744,2.94,2.601,2.59,2.718,1.447,1.525,2.007,1.996,2.556,2.328,2.556,2.536,2.287,2.236,3.029,2.859,2.441,2.327,2.557,2.788,2.152,2.06,2.687,2.621,2.733,2.546,3.336,3.759,2.503,2.442,970.0,773.0,568.0,815.0,1921.0,1955.0,1672.0,1350.0,360.0,267.0,250.0,259.0,2722.0,2847.0,4600.0,4874.0,2891.0,3370.0,2219.0,2369.0,1177.0,966.0,4084.0,4780.0,2481.0,2502.0,2661.0,2960.0,1742.0,1889.0,3325.0,3123.0,1260.0,1368.0,544.0,561.0,1363.0,1621.0,638.0,716.0,1616.0,1395.0,1107.0,1241.0,3935.0,3898.0,1194.0,1073.0,5076.0,4813.0,3616.0,4108.0,605.0,898.0,5217.0,4819.0,7551.0,6263.0,4884.0,5550.0,3309.0,3265.0,3431.0,3317.0,437.0,463.0,391.0,304.0
A00077252,2.648,2.818,2.187,2.375,2.591,2.831,1.933,1.858,3.667,3.385,2.685,2.46,2.777,2.885,2.615,2.669,2.973,2.94,2.923,2.897,2.043,1.946,2.323,2.309,2.772,2.883,1.945,2.058,2.656,2.701,2.93,2.824,2.68,2.593,2.845,3.03,2.912,2.512,2.552,3.152,2.829,2.608,1.902,1.834,2.116,2.194,2.514,2.408,2.695,2.652,2.652,2.494,3.116,2.736,2.517,2.355,2.9,2.968,2.365,2.596,2.851,2.651,2.571,2.613,3.2,4.275,2.331,2.415,818.0,778.0,733.0,862.0,1817.0,1991.0,1458.0,1814.0,682.0,589.0,302.0,288.0,3160.0,3074.0,3919.0,5248.0,3219.0,3905.0,2894.0,2917.0,1227.0,1011.0,5553.0,5555.0,2864.0,2525.0,2927.0,3220.0,1851.0,1975.0,3198.0,3339.0,1453.0,1738.0,691.0,718.0,1202.0,1809.0,769.0,930.0,1304.0,1495.0,1783.0,1332.0,4196.0,4301.0,1346.0,1367.0,4968.0,4959.0,4124.0,4161.0,637.0,663.0,6294.0,5354.0,7953.0,7000.0,6042.0,6196.0,3916.0,3963.0,4470.0,4429.0,485.0,398.0,425.0,361.0
A00077391,2.557,2.646,2.843,2.576,2.567,2.519,1.764,1.715,3.7,4.316,2.46,3.082,2.985,2.889,2.628,2.524,2.977,3.002,3.344,3.216,2.496,2.343,2.279,2.423,2.942,2.805,2.136,1.9,2.682,2.479,2.878,3.167,2.602,2.429,2.998,2.859,2.736,2.622,2.744,2.745,2.687,2.821,1.586,1.717,2.189,2.222,2.505,2.624,2.636,2.681,2.523,2.519,3.068,3.024,2.34,2.481,2.791,2.676,2.316,2.356,2.827,3.067,2.771,2.646,3.926,4.507,2.323,2.041,837.0,742.0,513.0,873.0,2311.0,2336.0,1451.0,1667.0,405.0,341.0,290.0,243.0,2477.0,3223.0,3979.0,5295.0,3084.0,3186.0,2602.0,2403.0,1028.0,881.0,4427.0,4357.0,2447.0,2550.0,3190.0,2928.0,1712.0,1879.0,3329.0,2947.0,1365.0,1301.0,504.0,577.0,1176.0,1378.0,652.0,767.0,1490.0,1060.0,1656.0,1509.0,4447.0,3768.0,1307.0,1119.0,4698.0,5453.0,3685.0,3849.0,635.0,835.0,6039.0,5250.0,7092.0,6705.0,5522.0,5141.0,3560.0,3809.0,4025.0,3161.0,422.0,544.0,446.0,285.0
A00077395,2.842,2.972,2.696,2.445,3.117,3.268,2.443,2.176,3.491,3.709,2.981,3.719,3.101,3.112,2.982,3.041,3.067,3.05,3.69,3.726,2.562,2.715,2.522,2.685,3.196,3.094,2.421,2.395,2.965,2.863,3.505,3.341,2.955,3.059,3.309,3.437,3.374,3.098,3.222,3.232,2.943,3.065,1.803,1.623,2.368,2.355,2.675,2.71,3.023,2.911,2.94,2.87,3.131,3.166,2.866,2.862,3.278,3.288,2.572,2.68,3.205,3.322,2.982,3.036,4.01,4.069,2.862,2.853,1342.0,1024.0,711.0,718.0,2254.0,1993.0,1865.0,1924.0,601.0,409.0,312.0,236.0,3573.0,3580.0,4566.0,5951.0,3492.0,3737.0,2313.0,2384.0,1122.0,1053.0,5855.0,5450.0,2802.0,2922.0,3245.0,2586.0,2358.0,2049.0,4480.0,3585.0,1545.0,1392.0,598.0,655.0,1491.0,1808.0,819.0,1007.0,1728.0,1395.0,1606.0,1133.0,4276.0,3895.0,991.0,1301.0,5189.0,5161.0,3809.0,4076.0,638.0,866.0,6986.0,6365.0,8736.0,8235.0,6878.0,5315.0,4023.0,5262.0,5500.0,4118.0,550.0,485.0,574.0,315.0
A00077412,3.283,3.215,3.02,2.743,3.087,3.184,2.621,2.355,3.66,3.992,3.428,3.941,3.154,3.257,3.171,3.081,3.196,3.309,3.527,3.771,2.756,2.658,2.686,2.631,3.322,3.337,2.568,2.264,2.872,2.857,3.417,3.476,3.386,3.241,3.086,3.338,3.073,3.261,3.552,3.585,3.11,3.131,1.917,1.972,2.457,2.389,2.682,2.77,2.942,2.898,3.214,2.976,3.505,3.491,2.929,3.0,3.388,3.313,2.692,2.728,3.552,3.611,3.1,2.946,4.195,4.467,3.328,3.048,1008.0,1129.0,650.0,869.0,2633.0,1889.0,1152.0,1297.0,440.0,377.0,306.0,238.0,2918.0,2921.0,4275.0,5410.0,3176.0,3336.0,2487.0,2139.0,948.0,981.0,5634.0,4365.0,2597.0,2693.0,2887.0,3126.0,1689.0,1954.0,3567.0,3176.0,1383.0,1471.0,685.0,754.0,1190.0,1515.0,796.0,897.0,1622.0,1439.0,1359.0,1268.0,3904.0,3689.0,1416.0,1217.0,5115.0,4919.0,3185.0,3843.0,663.0,811.0,6529.0,5404.0,7592.0,6384.0,5235.0,4978.0,4036.0,3944.0,3182.0,3721.0,434.0,404.0,396.0,301.0
A00077413,2.834,2.86,2.52,2.538,2.775,2.765,1.895,2.152,3.858,3.461,3.042,3.506,3.119,3.056,2.57,2.753,3.09,2.971,3.232,3.28,2.351,2.405,2.321,2.486,2.895,3.023,2.188,2.101,2.659,2.696,3.117,2.957,2.814,2.714,3.371,2.881,2.888,2.873,3.131,3.356,2.706,2.515,1.671,1.902,2.038,2.077,2.54,2.68,2.722,2.631,2.675,2.71,3.113,2.878,2.647,2.551,2.806,2.94,2.43,2.35,3.289,3.1,2.766,2.758,4.044,3.924,2.693,2.892,974.0,897.0,471.0,706.0,2401.0,2097.0,1428.0,1474.0,334.0,449.0,243.0,214.0,2422.0,2872.0,4816.0,4870.0,2773.0,3006.0,2360.0,2328.0,1022.0,1104.0,4886.0,4987.0,2530.0,2587.0,3416.0,3145.0,1799.0,1727.0,3166.0,2917.0,1690.0,1618.0,624.0,727.0,1252.0,1410.0,610.0,737.0,1454.0,1140.0,1691.0,1525.0,3907.0,3766.0,1422.0,1190.0,4996.0,4675.0,3281.0,3719.0,502.0,912.0,5518.0,4934.0,7172.0,6999.0,5669.0,5702.0,3528.0,3481.0,3292.0,3311.0,407.0,446.0,359.0,291.0
A00077453,2.711,3.105,2.934,2.538,2.989,3.05,2.014,2.136,3.259,3.378,2.632,3.206,2.975,3.122,3.059,2.896,2.888,3.199,3.526,3.462,2.635,2.374,2.446,2.503,3.091,2.979,2.296,2.11,2.822,2.923,3.053,3.101,2.977,2.934,3.242,3.084,2.996,3.023,3.232,3.147,2.944,3.019,1.747,1.61,2.348,2.371,2.815,2.897,2.989,2.911,2.862,2.837,3.239,3.423,2.823,2.85,3.297,3.195,2.676,2.584,3.358,3.249,3.018,2.977,3.467,3.96,2.767,2.806,1004.0,932.0,626.0,665.0,2267.0,2263.0,1799.0,1748.0,516.0,488.0,302.0,229.0,3568.0,3639.0,4918.0,5480.0,3803.0,3451.0,2682.0,2301.0,858.0,863.0,5496.0,5445.0,2751.0,2827.0,2602.0,2424.0,1593.0,1958.0,4012.0,3105.0,1454.0,1508.0,612.0,724.0,1677.0,2055.0,692.0,775.0,1770.0,1776.0,1194.0,1383.0,4173.0,4253.0,1236.0,1247.0,4732.0,4862.0,4356.0,4622.0,656.0,812.0,5940.0,5981.0,7347.0,7744.0,5827.0,6724.0,3585.0,3584.0,3899.0,4019.0,479.0,480.0,460.0,329.0
A00077528,2.771,2.996,2.834,2.679,2.578,2.709,2.081,2.071,3.477,3.628,2.991,3.174,2.836,3.018,2.632,2.911,2.899,3.085,3.253,3.223,2.647,2.785,2.334,2.522,2.891,3.026,2.255,2.269,2.714,3.104,3.176,3.166,2.585,2.804,2.75,3.016,2.819,2.565,2.925,3.289,2.725,2.625,2.054,1.946,2.248,2.177,2.914,2.641,2.691,2.722,2.695,2.818,3.0,3.21,2.707,2.546,2.921,3.029,2.349,2.417,3.173,2.74,2.86,2.89,4.036,3.586,2.446,2.654,844.0,613.0,436.0,560.0,1739.0,2150.0,1433.0,1416.0,454.0,396.0,260.0,227.0,2946.0,2984.0,3936.0,4156.0,2924.0,3161.0,2267.0,2112.0,1115.0,727.0,5340.0,5414.0,2917.0,2573.0,3079.0,3133.0,1960.0,1748.0,3061.0,2834.0,1168.0,1324.0,639.0,663.0,1139.0,1609.0,863.0,823.0,1581.0,1650.0,1394.0,1425.0,3754.0,3385.0,864.0,1059.0,5019.0,4325.0,3408.0,3641.0,404.0,517.0,4713.0,5272.0,6588.0,5884.0,4502.0,4009.0,3103.0,3171.0,3086.0,2942.0,475.0,482.0,378.0,285.0
A00077556,2.655,2.746,2.447,1.962,2.356,2.619,1.779,1.77,3.819,3.837,3.137,3.187,3.013,2.942,2.431,2.554,3.039,2.85,3.15,3.135,2.481,2.424,2.242,2.268,2.929,3.189,2.023,1.97,2.427,2.793,3.113,3.11,2.375,2.279,2.727,2.894,2.476,2.347,2.697,3.441,2.458,2.474,1.524,1.536,1.766,1.692,2.304,2.511,2.121,2.094,2.303,2.312,2.624,3.355,2.405,2.241,2.6,2.576,2.059,2.047,2.888,2.523,2.556,2.518,4.458,4.852,2.164,1.896,964.0,728.0,526.0,689.0,2232.0,1743.0,1434.0,1538.0,301.0,293.0,239.0,210.0,2250.0,2572.0,4170.0,4876.0,2291.0,2592.0,1707.0,1821.0,880.0,902.0,4192.0,3871.0,2150.0,2206.0,2831.0,2765.0,1515.0,1425.0,2600.0,2593.0,1199.0,1424.0,500.0,461.0,1214.0,1262.0,439.0,686.0,1221.0,904.0,1523.0,1426.0,3531.0,3129.0,1043.0,894.0,4602.0,4614.0,3382.0,3419.0,576.0,643.0,3905.0,4199.0,5638.0,5253.0,4792.0,4621.0,2724.0,2874.0,3162.0,2809.0,321.0,361.0,349.0,262.0
A00077573,2.894,3.158,3.313,2.329,3.144,3.064,1.992,1.989,3.519,4.351,3.351,3.838,3.438,3.271,2.959,2.991,3.108,3.529,3.584,3.609,2.458,2.223,2.573,2.586,3.143,3.28,2.218,2.045,3.13,3.167,3.3,3.204,3.193,2.791,3.135,3.195,3.119,3.405,3.161,3.09,3.103,3.11,1.57,1.61,2.251,2.259,2.544,2.872,2.986,3.107,2.884,2.698,3.771,3.699,2.703,2.85,3.202,3.111,2.461,2.6,3.371,3.251,2.84,2.928,4.124,4.697,2.669,2.471,633.0,646.0,375.0,424.0,1581.0,1584.0,913.0,1075.0,401.0,316.0,234.0,154.0,2187.0,2462.0,3118.0,3661.0,2284.0,2277.0,1939.0,1740.0,654.0,684.0,3576.0,3699.0,2182.0,2030.0,2634.0,2430.0,1329.0,1278.0,2363.0,2080.0,963.0,1053.0,570.0,610.0,1236.0,1251.0,488.0,618.0,1170.0,931.0,1138.0,862.0,3196.0,3268.0,939.0,834.0,3503.0,3527.0,2837.0,2861.0,310.0,378.0,3535.0,3727.0,5206.0,5044.0,4478.0,4386.0,2751.0,3041.0,3988.0,3041.0,314.0,343.0,425.0,321.0
A00077574,3.09,3.302,2.693,2.759,3.362,3.376,2.206,2.184,3.891,4.155,3.45,3.19,3.34,3.284,3.021,3.06,3.023,3.151,3.436,3.623,2.841,2.853,2.528,2.707,3.144,3.352,2.376,2.577,3.167,3.22,3.581,3.243,3.283,3.254,3.358,3.743,3.551,3.393,3.635,3.644,3.323,3.294,1.72,1.875,2.672,2.734,2.923,2.691,3.264,3.272,2.945,2.946,3.014,3.467,2.979,3.125,3.483,3.45,2.585,2.551,3.472,3.581,3.222,3.326,4.347,4.125,3.024,2.788,1044.0,865.0,606.0,773.0,2704.0,2608.0,1188.0,1326.0,466.0,387.0,387.0,276.0,3080.0,3024.0,5381.0,5075.0,3269.0,3363.0,2623.0,2264.0,1078.0,872.0,4010.0,4606.0,2739.0,2826.0,3094.0,3114.0,1557.0,1899.0,3283.0,3142.0,1171.0,1197.0,633.0,760.0,1256.0,1475.0,714.0,848.0,1341.0,1282.0,1375.0,1140.0,4292.0,4050.0,1346.0,1012.0,4606.0,5048.0,3698.0,4031.0,512.0,722.0,5828.0,5394.0,6856.0,6660.0,5920.0,6188.0,3385.0,3808.0,4455.0,3819.0,390.0,379.0,432.0,329.0
A00077585,3.006,2.943,2.814,2.325,2.894,2.687,1.993,2.01,3.507,3.523,3.186,3.214,3.116,3.19,2.853,2.66,3.082,3.34,3.217,3.23,2.428,2.345,2.53,2.612,3.198,3.184,2.123,2.096,2.743,3.114,3.05,3.178,2.742,2.667,3.155,3.438,2.929,2.823,3.012,2.886,2.604,2.859,1.807,1.839,2.141,2.039,2.589,2.679,2.784,2.77,2.6,2.597,3.033,2.897,2.56,2.527,2.846,2.915,2.321,2.416,2.977,2.819,2.789,2.857,3.735,4.141,2.395,2.434,706.0,733.0,597.0,736.0,2099.0,2075.0,1339.0,1483.0,345.0,355.0,351.0,248.0,2756.0,2826.0,3211.0,4527.0,2733.0,2433.0,2161.0,1984.0,834.0,842.0,4167.0,4441.0,2395.0,2438.0,2853.0,2529.0,1948.0,1751.0,2735.0,2317.0,1309.0,1531.0,505.0,548.0,1355.0,1575.0,706.0,763.0,1434.0,1298.0,1398.0,1256.0,3829.0,3684.0,1210.0,1093.0,4997.0,4929.0,3894.0,4016.0,615.0,809.0,4996.0,4968.0,7044.0,6166.0,4825.0,4766.0,3232.0,3786.0,4230.0,2934.0,381.0,412.0,424.0,292.0
A00077622,2.193,2.314,1.768,2.095,2.37,2.19,1.623,1.731,3.508,2.814,2.502,2.505,2.775,2.889,2.19,2.242,2.898,3.005,2.906,2.896,2.238,2.029,2.148,2.252,2.861,2.903,1.875,1.896,2.612,2.554,2.651,2.804,2.471,2.473,2.09,2.288,2.564,2.599,3.033,2.477,2.312,2.436,1.433,1.534,1.984,1.851,2.071,2.227,2.337,2.372,2.332,2.286,2.402,2.451,2.135,2.202,2.498,2.437,1.971,2.039,2.414,2.58,2.306,2.308,3.933,3.644,2.119,2.123,963.0,826.0,580.0,550.0,2245.0,1742.0,1406.0,1500.0,385.0,394.0,329.0,267.0,3002.0,2987.0,3840.0,5270.0,2728.0,2417.0,2220.0,2204.0,924.0,838.0,4993.0,4528.0,2270.0,2236.0,2913.0,3023.0,1904.0,1924.0,2915.0,2936.0,1264.0,1422.0,584.0,581.0,1388.0,1221.0,661.0,833.0,1711.0,1150.0,1265.0,1451.0,3787.0,3396.0,1239.0,1240.0,4482.0,5046.0,3546.0,3526.0,430.0,786.0,6146.0,5691.0,6971.0,6430.0,4508.0,4999.0,3410.0,3851.0,4013.0,3544.0,422.0,434.0,491.0,361.0
A00077637,2.661,2.999,2.489,3.035,2.705,2.794,1.958,2.12,3.542,3.51,3.136,2.745,3.114,3.078,2.826,2.907,2.996,2.909,3.372,3.439,2.606,2.699,2.415,2.535,3.074,3.069,2.166,2.144,2.632,2.904,3.172,3.009,2.74,2.713,3.029,3.028,3.021,2.852,2.916,3.244,2.699,2.704,1.857,1.911,2.247,2.336,3.048,2.77,2.777,2.601,2.848,2.755,3.489,3.179,2.588,2.437,2.809,2.865,2.655,2.658,3.076,2.93,2.923,2.907,3.337,3.536,2.439,2.549,1091.0,939.0,672.0,935.0,2053.0,2347.0,1477.0,1754.0,331.0,334.0,271.0,291.0,3282.0,3182.0,5190.0,5299.0,3783.0,3573.0,2078.0,2095.0,959.0,839.0,5224.0,3855.0,2614.0,2511.0,2946.0,2896.0,2055.0,2039.0,4051.0,3709.0,1517.0,1930.0,596.0,677.0,1171.0,1445.0,756.0,764.0,1333.0,1022.0,1624.0,1455.0,3875.0,4131.0,1394.0,1108.0,5144.0,4858.0,3999.0,4511.0,622.0,1002.0,5503.0,6073.0,8634.0,7411.0,5313.0,5117.0,3882.0,3905.0,3515.0,3826.0,387.0,448.0,453.0,308.0
A00077668,2.736,3.212,3.091,2.688,3.076,3.173,2.422,2.205,3.523,3.6,3.363,3.287,3.151,3.135,3.093,3.03,3.05,3.112,3.424,3.596,2.649,2.8,2.597,2.635,3.205,3.088,2.174,2.228,2.84,3.008,3.338,3.303,3.211,2.952,2.794,2.927,3.139,3.103,3.363,3.202,3.197,3.191,2.162,1.988,2.595,2.529,2.955,2.715,3.057,3.02,2.942,2.95,3.278,3.416,2.899,2.943,3.386,3.315,2.725,2.828,3.252,3.304,3.059,3.144,3.41,4.058,2.94,3.053,1158.0,909.0,629.0,726.0,2101.0,2202.0,1406.0,1727.0,562.0,448.0,346.0,267.0,2917.0,3320.0,5159.0,5493.0,3531.0,3268.0,2518.0,2114.0,1522.0,1097.0,5428.0,6153.0,2840.0,2692.0,3474.0,3444.0,1733.0,1992.0,3866.0,3210.0,1393.0,1711.0,627.0,696.0,1332.0,1457.0,703.0,829.0,1630.0,1378.0,1920.0,1625.0,4111.0,4592.0,1480.0,1374.0,4580.0,4537.0,3906.0,3599.0,562.0,842.0,7206.0,7448.0,8305.0,7478.0,5280.0,6145.0,3599.0,3819.0,3772.0,3367.0,386.0,490.0,389.0,326.0
A00077734,2.731,3.083,2.471,2.364,2.977,2.753,2.031,2.298,3.776,3.533,2.584,2.668,3.046,3.194,2.916,2.962,2.971,3.301,3.336,3.513,2.721,2.559,2.516,2.665,2.766,2.811,2.313,2.489,2.317,2.244,3.262,3.325,2.823,2.736,3.279,3.015,2.898,2.856,2.991,3.111,2.765,3.017,1.841,1.8,2.234,2.233,2.961,2.667,2.78,2.703,2.753,2.844,3.044,2.709,2.495,2.609,2.828,2.91,2.628,2.468,3.135,3.153,2.917,2.862,3.041,3.611,2.729,2.709,827.0,1031.0,728.0,733.0,2146.0,2570.0,2192.0,2034.0,369.0,521.0,318.0,256.0,3838.0,3644.0,5401.0,6259.0,4067.0,4310.0,2596.0,2496.0,1376.0,1069.0,6232.0,5799.0,2976.0,2798.0,4057.0,3666.0,2113.0,2222.0,4473.0,4052.0,1555.0,1720.0,805.0,789.0,1561.0,1819.0,755.0,904.0,1580.0,1501.0,1952.0,1703.0,4908.0,4473.0,1395.0,1512.0,5110.0,5249.0,5549.0,5722.0,683.0,1118.0,6890.0,6575.0,8244.0,8008.0,7030.0,7613.0,3815.0,4199.0,4239.0,4420.0,492.0,567.0,542.0,385.0
A00077753,2.821,2.931,2.803,2.613,2.88,2.883,2.268,2.222,2.876,3.301,2.004,2.366,2.814,2.919,2.993,2.992,3.034,3.081,3.266,3.303,3.089,2.808,2.46,2.405,2.224,2.115,2.294,2.359,1.755,1.727,3.413,3.127,2.787,2.964,2.645,2.915,2.91,2.894,2.225,2.516,2.827,2.671,1.69,1.854,2.118,2.064,2.873,2.762,2.729,2.831,2.818,2.608,2.96,2.761,2.711,2.704,3.165,3.167,2.477,2.497,2.994,2.848,3.074,2.997,2.438,3.227,2.539,2.638,623.0,928.0,519.0,627.0,2593.0,2346.0,1762.0,1922.0,501.0,279.0,408.0,363.0,3114.0,2999.0,4230.0,4719.0,2880.0,3545.0,2174.0,1977.0,824.0,821.0,5423.0,5451.0,2699.0,2662.0,3359.0,2923.0,1911.0,2004.0,3267.0,2890.0,1391.0,1548.0,645.0,587.0,1465.0,1543.0,696.0,692.0,1648.0,1367.0,1908.0,1595.0,3808.0,4073.0,1087.0,1052.0,4686.0,4401.0,3400.0,3756.0,432.0,702.0,6331.0,5896.0,6822.0,6554.0,5837.0,5726.0,3539.0,3233.0,2979.0,3233.0,351.0,210.0,443.0,346.0
A00077758,2.536,2.797,2.572,2.719,2.858,2.835,2.061,2.176,3.483,2.973,2.96,2.816,2.98,3.109,2.873,2.877,2.998,3.194,3.119,3.228,2.286,2.455,2.313,2.54,2.995,2.99,2.231,2.142,2.671,2.919,3.251,3.124,2.523,2.589,3.057,2.861,2.714,2.991,3.195,3.062,3.033,2.695,1.564,1.613,2.08,2.158,2.569,2.55,2.731,2.667,2.671,2.719,3.278,3.257,2.64,2.68,3.071,2.945,2.449,2.482,3.19,3.122,2.814,2.875,4.226,4.472,2.601,2.34,930.0,909.0,512.0,839.0,2261.0,1861.0,1717.0,1914.0,423.0,437.0,284.0,245.0,3283.0,3033.0,4832.0,4893.0,3326.0,3147.0,2750.0,2346.0,916.0,896.0,5223.0,5399.0,2366.0,2652.0,2811.0,2678.0,1578.0,1763.0,3536.0,3617.0,1314.0,1299.0,587.0,648.0,1277.0,1496.0,735.0,838.0,1693.0,1361.0,1614.0,1399.0,4327.0,3742.0,1308.0,1111.0,5090.0,4945.0,3437.0,3594.0,565.0,675.0,6411.0,6560.0,7696.0,6984.0,5515.0,5941.0,3469.0,3743.0,3516.0,3468.0,451.0,476.0,372.0,293.0
A00078238,2.748,2.842,3.297,2.751,2.964,3.078,1.847,1.753,4.21,4.215,3.06,3.276,3.065,3.106,2.688,2.689,2.888,2.986,3.418,3.39,2.457,2.455,2.414,2.254,2.897,3.041,2.088,2.021,2.801,2.955,3.203,2.988,2.77,2.868,3.03,3.052,2.793,2.692,3.058,3.145,2.706,2.771,1.681,1.797,2.261,2.134,2.815,2.842,2.854,2.927,2.732,2.591,3.134,3.42,2.552,2.558,3.166,3.082,2.406,2.377,3.123,2.984,2.895,2.703,3.923,3.786,2.699,2.799,644.0,734.0,566.0,574.0,1772.0,1604.0,1186.0,1006.0,401.0,356.0,212.0,188.0,2663.0,2530.0,2712.0,3526.0,2392.0,2666.0,1816.0,1844.0,752.0,630.0,4073.0,3806.0,2069.0,2043.0,2584.0,2648.0,1510.0,1568.0,2923.0,2788.0,1025.0,1177.0,543.0,591.0,1352.0,1182.0,548.0,618.0,1392.0,1006.0,1250.0,1183.0,2982.0,2923.0,841.0,986.0,3809.0,3786.0,2295.0,2809.0,551.0,582.0,4045.0,4161.0,5363.0,5150.0,3901.0,3408.0,3108.0,3427.0,2676.0,2821.0,437.0,363.0,321.0,285.0
A00078262,2.509,2.749,2.759,2.727,2.647,2.544,1.874,1.875,3.402,3.844,2.689,2.681,3.023,2.96,2.535,2.544,3.033,2.975,3.233,3.184,2.354,2.751,2.262,2.348,2.822,2.979,1.966,2.102,2.861,2.828,2.976,2.922,2.477,2.646,2.659,2.668,3.008,2.859,2.717,3.0,2.664,2.76,1.598,1.551,2.022,2.092,2.662,2.654,2.73,2.568,2.635,2.61,3.242,3.184,2.448,2.416,2.622,2.795,2.213,2.181,2.913,2.801,2.547,2.576,3.775,4.016,2.451,2.655,1524.0,975.0,713.0,899.0,2458.0,1997.0,1847.0,2065.0,688.0,526.0,345.0,322.0,3763.0,3693.0,6758.0,7716.0,4286.0,3844.0,2662.0,2736.0,1170.0,1015.0,5575.0,5841.0,2992.0,2881.0,3808.0,3448.0,2102.0,2242.0,4871.0,3835.0,1633.0,1829.0,731.0,746.0,1345.0,1616.0,688.0,977.0,1517.0,1430.0,2128.0,1383.0,4652.0,5005.0,1664.0,1339.0,5127.0,5495.0,3908.0,3801.0,826.0,1105.0,6709.0,6592.0,7760.0,7677.0,6041.0,5842.0,3566.0,4276.0,5510.0,4381.0,519.0,470.0,477.0,272.0
A00078823,2.542,2.648,2.929,2.673,2.753,2.806,1.784,1.724,3.79,3.262,3.081,3.471,2.977,2.83,2.822,2.746,2.953,2.924,3.092,3.167,3.043,2.49,2.25,2.244,2.782,2.849,2.017,1.81,2.472,2.707,3.041,2.908,2.977,2.929,3.09,3.077,2.832,2.738,3.087,3.221,2.684,2.867,1.546,1.572,2.202,2.18,2.515,2.967,2.824,2.786,2.668,2.586,2.985,3.135,2.684,2.6,2.99,2.93,2.324,2.426,3.012,3.081,2.844,2.667,3.976,4.104,2.269,2.043,735.0,578.0,467.0,778.0,1731.0,1898.0,1435.0,1606.0,386.0,391.0,254.0,232.0,3069.0,3394.0,3573.0,4366.0,2813.0,3192.0,2361.0,2097.0,536.0,740.0,5254.0,5109.0,2284.0,2211.0,3490.0,3207.0,1510.0,1702.0,2812.0,2872.0,1133.0,1138.0,673.0,657.0,1227.0,1145.0,689.0,677.0,1354.0,1097.0,1764.0,1576.0,3421.0,3096.0,1186.0,952.0,3929.0,4135.0,3336.0,3264.0,542.0,834.0,4860.0,5023.0,6139.0,5640.0,4645.0,4709.0,3016.0,3266.0,2725.0,2641.0,413.0,410.0,401.0,293.0
A00079292,2.525,2.757,3.366,2.7,2.947,2.767,1.825,1.929,3.604,3.954,2.934,2.995,3.052,3.226,2.821,2.923,2.985,2.909,3.238,3.267,2.199,2.235,2.266,2.499,2.907,2.788,2.197,2.049,2.72,2.651,3.021,2.956,2.989,2.703,2.821,3.047,2.873,2.707,2.755,2.759,2.574,2.588,1.608,1.637,2.159,2.178,2.772,2.853,2.658,2.744,2.828,2.756,3.051,3.27,2.5,2.509,2.98,2.939,2.64,2.57,3.078,2.962,2.815,2.768,4.148,4.155,2.689,2.451,909.0,826.0,615.0,804.0,1810.0,1665.0,1324.0,1381.0,416.0,411.0,273.0,240.0,2670.0,2710.0,4130.0,4653.0,3048.0,2900.0,2060.0,1950.0,820.0,775.0,3877.0,3942.0,1972.0,2276.0,2647.0,2738.0,1603.0,1725.0,2869.0,2749.0,1342.0,1313.0,492.0,553.0,1161.0,1641.0,585.0,677.0,1266.0,1179.0,1369.0,1182.0,3615.0,3830.0,1094.0,1074.0,4678.0,4175.0,3335.0,3719.0,502.0,718.0,5619.0,5393.0,6239.0,5937.0,5327.0,5193.0,3214.0,3638.0,3916.0,3366.0,410.0,425.0,359.0,307.0
A00079301,2.664,2.792,2.939,2.162,2.639,2.535,1.797,1.717,3.252,3.373,2.83,2.804,2.815,2.951,2.462,2.57,2.971,3.057,3.323,3.294,2.421,2.379,2.242,2.292,2.962,3.105,1.953,2.008,2.753,2.782,3.139,3.001,2.558,2.603,2.742,2.967,2.745,2.677,2.88,2.815,2.445,2.448,1.486,1.376,1.871,1.936,2.373,2.383,2.529,2.534,2.514,2.443,2.827,3.187,2.413,2.377,2.594,2.711,2.106,2.211,2.71,2.727,2.62,2.552,3.807,3.741,2.81,2.246,725.0,612.0,595.0,447.0,2239.0,1835.0,1776.0,1944.0,380.0,284.0,295.0,231.0,2489.0,2304.0,3461.0,4083.0,2396.0,2301.0,1803.0,1824.0,771.0,796.0,4720.0,4613.0,2018.0,2049.0,3010.0,2790.0,1514.0,1621.0,2512.0,2490.0,1245.0,1067.0,517.0,500.0,1063.0,1204.0,532.0,630.0,1209.0,1040.0,1487.0,1322.0,4033.0,3850.0,760.0,1064.0,4650.0,4539.0,2958.0,3483.0,433.0,798.0,5124.0,4536.0,5705.0,5316.0,4492.0,4617.0,3160.0,3505.0,3360.0,3127.0,360.0,420.0,346.0,336.0
A00079302,2.322,2.842,2.578,2.34,2.937,2.79,1.774,1.657,3.125,3.111,2.75,2.563,2.934,2.95,2.914,2.689,3.046,3.197,2.748,2.794,2.234,2.144,2.413,2.357,2.731,2.788,1.909,1.845,2.25,2.418,3.212,3.197,2.706,2.554,2.576,2.467,2.632,2.637,3.07,3.034,2.73,2.649,1.683,1.709,2.037,2.204,2.434,2.531,2.705,2.665,2.467,2.402,3.081,3.011,2.66,2.638,2.966,2.87,2.385,2.365,2.838,2.684,2.581,2.505,3.287,4.002,1.976,2.207,792.0,766.0,531.0,719.0,1789.0,1959.0,1354.0,1416.0,294.0,317.0,280.0,259.0,2290.0,2593.0,4101.0,4439.0,2363.0,2481.0,2246.0,2237.0,720.0,635.0,5054.0,4518.0,2448.0,2491.0,2868.0,2540.0,1866.0,1859.0,2861.0,2617.0,1366.0,1472.0,619.0,573.0,1324.0,1655.0,641.0,740.0,1310.0,1188.0,1362.0,1247.0,3738.0,3977.0,911.0,719.0,4087.0,4062.0,3438.0,3412.0,552.0,1043.0,5200.0,5305.0,6412.0,6305.0,4198.0,4639.0,3459.0,3597.0,2630.0,2832.0,447.0,495.0,365.0,292.0
A00079334,2.594,2.462,2.729,2.5,2.48,2.467,1.8,1.485,3.291,3.252,3.018,3.115,2.943,2.856,2.697,2.46,3.031,3.06,3.129,3.202,2.33,2.531,2.368,2.216,3.059,3.09,1.997,2.155,3.108,2.751,3.037,3.082,2.358,2.281,3.197,3.245,2.589,2.544,3.011,3.192,2.454,2.493,1.494,1.599,1.692,1.762,2.385,2.548,2.369,2.366,2.181,2.351,2.913,3.068,2.586,2.441,2.781,2.716,2.104,2.186,2.779,2.808,2.558,2.392,4.339,4.082,2.048,1.928,927.0,751.0,541.0,724.0,2892.0,2650.0,1461.0,1482.0,550.0,493.0,276.0,249.0,2801.0,2990.0,4626.0,5758.0,3485.0,2911.0,2381.0,2299.0,1559.0,984.0,4366.0,5536.0,2457.0,2345.0,3192.0,3063.0,1720.0,1765.0,3467.0,2840.0,1492.0,1479.0,678.0,646.0,1091.0,1449.0,692.0,828.0,1350.0,1310.0,1415.0,1306.0,3890.0,4209.0,1302.0,1280.0,5139.0,5169.0,4083.0,4114.0,573.0,694.0,5311.0,5016.0,6619.0,5980.0,5724.0,5778.0,3375.0,4371.0,4739.0,3632.0,447.0,451.0,461.0,317.0
A00079337,2.989,3.133,3.228,3.09,3.139,3.208,2.233,2.207,3.688,3.586,4.034,3.687,3.177,3.331,3.119,3.006,3.233,3.004,3.617,3.707,2.913,2.991,2.584,2.523,3.458,3.576,2.237,2.235,3.405,3.111,3.461,3.642,2.965,2.822,2.795,2.899,3.371,3.319,3.634,3.784,3.448,3.476,1.684,1.797,2.484,2.362,2.882,2.896,2.894,2.887,3.205,2.893,3.556,3.857,3.134,3.186,3.546,3.438,2.697,2.65,3.565,3.343,3.429,3.197,4.267,4.107,3.04,3.068,844.0,813.0,509.0,800.0,2481.0,2283.0,1615.0,1721.0,344.0,329.0,313.0,250.0,3149.0,3709.0,5009.0,6161.0,2962.0,3246.0,2303.0,2017.0,964.0,777.0,5445.0,5505.0,2655.0,2852.0,3202.0,3193.0,1634.0,1915.0,3128.0,2772.0,1364.0,1563.0,664.0,660.0,1209.0,1569.0,658.0,950.0,1532.0,1431.0,1790.0,1638.0,4127.0,3633.0,992.0,1070.0,4992.0,5072.0,3555.0,4060.0,646.0,737.0,5970.0,5741.0,6922.0,6351.0,5832.0,6145.0,3625.0,3371.0,2767.0,2590.0,378.0,438.0,394.0,311.0
A00079353,2.754,2.85,3.086,2.605,2.905,2.731,1.95,1.929,4.162,3.681,2.948,3.163,3.03,3.001,2.835,2.749,2.882,2.935,3.512,3.56,2.886,3.048,2.45,2.464,3.028,3.098,2.168,2.18,2.737,2.704,3.269,3.061,2.694,2.904,3.075,3.412,2.956,2.837,2.841,2.862,2.86,2.648,1.812,1.854,2.212,2.094,2.692,2.905,2.849,2.844,2.645,2.546,3.19,3.186,2.598,2.65,2.92,2.954,2.42,2.453,3.203,3.242,2.701,2.738,4.238,3.799,2.957,2.446,1063.0,1005.0,743.0,876.0,2151.0,1963.0,1494.0,1590.0,439.0,473.0,336.0,287.0,3405.0,3667.0,4680.0,6298.0,3485.0,3461.0,2262.0,2022.0,802.0,818.0,5265.0,4995.0,2672.0,2530.0,3165.0,2947.0,2349.0,2037.0,3813.0,3358.0,1483.0,1550.0,655.0,677.0,1767.0,1888.0,699.0,851.0,1636.0,1153.0,1588.0,1492.0,3800.0,3933.0,1188.0,1246.0,4341.0,4405.0,4410.0,4507.0,624.0,1000.0,5923.0,6155.0,6767.0,7275.0,6304.0,6431.0,3660.0,4174.0,4402.0,4028.0,432.0,498.0,463.0,327.0
A00079702,2.501,2.424,2.841,3.095,2.738,2.639,1.821,1.84,2.9,2.794,2.562,2.908,2.664,2.755,2.452,2.554,2.847,2.941,3.073,3.136,2.225,2.013,2.119,2.083,2.73,2.562,2.031,1.879,2.52,2.465,2.923,2.834,2.574,2.576,2.54,2.628,2.926,2.732,2.566,2.974,2.505,2.407,1.632,1.669,1.965,1.964,2.394,2.58,2.428,2.554,2.367,2.466,3.113,3.279,2.41,2.537,3.014,2.867,2.453,2.427,2.976,2.911,2.556,2.601,3.538,3.838,2.228,2.279,949.0,815.0,502.0,543.0,2032.0,1812.0,1396.0,1451.0,375.0,372.0,255.0,238.0,3092.0,2905.0,3571.0,4717.0,3199.0,2820.0,2150.0,2196.0,1020.0,801.0,3927.0,3891.0,2449.0,2682.0,3065.0,3523.0,1889.0,1711.0,3138.0,2768.0,1478.0,1291.0,606.0,697.0,1092.0,1334.0,653.0,820.0,1481.0,1379.0,1528.0,1553.0,3289.0,3438.0,1133.0,995.0,4074.0,4085.0,3369.0,3517.0,567.0,687.0,5998.0,6217.0,6313.0,6494.0,4434.0,4795.0,3600.0,3864.0,3840.0,3742.0,387.0,423.0,484.0,365.0
A00079710,3.123,3.102,2.819,3.04,3.198,3.164,2.605,2.315,3.634,3.28,3.399,3.891,3.367,3.481,3.37,3.287,3.332,3.202,3.66,3.66,2.772,2.975,2.624,2.735,3.414,3.246,2.49,2.52,3.381,3.04,3.522,3.664,3.051,2.799,3.35,3.427,3.24,3.314,3.591,3.461,3.212,3.177,1.96,2.061,2.622,2.518,2.789,2.84,3.04,3.073,3.171,3.135,3.621,3.418,3.03,3.125,3.5,3.447,2.889,2.99,3.544,3.572,3.204,3.315,4.226,4.403,3.475,3.302,1294.0,1158.0,780.0,818.0,2500.0,3074.0,1512.0,1540.0,489.0,412.0,280.0,290.0,2793.0,3123.0,5838.0,6187.0,2676.0,2957.0,2599.0,2252.0,1105.0,950.0,5653.0,5280.0,2987.0,3284.0,3251.0,3212.0,1943.0,2179.0,3510.0,3247.0,1490.0,1570.0,691.0,637.0,1631.0,2148.0,801.0,944.0,1602.0,1479.0,1455.0,1386.0,4618.0,4799.0,1169.0,1747.0,5851.0,5629.0,3495.0,3942.0,745.0,839.0,6782.0,6679.0,8106.0,7405.0,5273.0,5785.0,4271.0,4306.0,4273.0,3805.0,470.0,471.0,498.0,367.0
A00079724,2.5,2.397,2.137,2.418,2.411,2.729,2.193,2.098,3.393,3.223,2.956,2.757,3.017,2.805,2.385,2.442,2.788,2.884,3.251,3.358,2.396,2.369,2.201,2.254,2.74,2.836,1.967,1.951,2.51,2.726,2.996,2.94,2.212,2.369,3.124,3.193,2.874,2.463,2.79,3.059,2.541,2.537,1.629,1.886,2.021,2.068,2.476,2.342,2.359,2.379,2.138,2.269,3.13,2.987,2.568,2.501,2.665,2.758,2.274,2.097,2.934,2.792,2.379,2.468,3.367,4.357,2.413,2.283,1020.0,1016.0,569.0,584.0,2995.0,2387.0,1931.0,1912.0,591.0,510.0,308.0,279.0,3088.0,3120.0,4107.0,5738.0,3645.0,3061.0,2309.0,2281.0,1277.0,986.0,5887.0,7398.0,2774.0,2973.0,3884.0,4186.0,2008.0,2021.0,4183.0,3471.0,1223.0,1544.0,578.0,636.0,1243.0,1681.0,654.0,919.0,1379.0,1286.0,1840.0,2039.0,5455.0,4708.0,1056.0,1072.0,5954.0,5902.0,4307.0,4644.0,575.0,889.0,5885.0,5524.0,8175.0,7641.0,5324.0,5444.0,3969.0,4241.0,5303.0,3401.0,464.0,471.0,498.0,295.0
A00079730,2.421,2.423,2.718,2.417,2.592,2.473,1.741,1.981,3.177,3.669,2.702,2.609,3.057,2.72,2.498,2.531,2.793,2.85,2.741,3.0,2.332,2.531,2.319,2.457,3.012,2.836,2.055,1.873,2.781,2.614,2.769,2.812,2.448,2.584,2.976,3.099,2.583,2.374,2.868,2.655,2.462,2.701,1.615,1.799,1.741,1.807,2.624,2.306,2.447,2.384,2.264,2.349,3.041,2.795,2.331,2.386,2.561,2.637,2.331,2.318,2.256,2.322,2.479,2.614,3.657,3.414,2.058,2.049,891.0,759.0,594.0,559.0,2172.0,2034.0,1544.0,1645.0,404.0,414.0,268.0,270.0,2697.0,2791.0,3510.0,4520.0,2983.0,2717.0,2363.0,2010.0,951.0,764.0,4826.0,4791.0,2171.0,2392.0,3007.0,3116.0,1525.0,1648.0,3000.0,2725.0,1350.0,1696.0,588.0,542.0,1044.0,1308.0,506.0,672.0,1280.0,992.0,1657.0,1747.0,4014.0,3922.0,1239.0,1174.0,5322.0,5283.0,3133.0,3401.0,511.0,753.0,4920.0,4450.0,6648.0,6696.0,4618.0,5216.0,3300.0,3429.0,3163.0,2904.0,370.0,484.0,317.0,302.0
A00079747,2.767,2.748,3.065,2.579,2.801,2.776,1.998,2.268,3.364,3.699,2.918,2.989,3.027,2.975,2.694,2.84,3.05,3.072,3.313,3.28,2.857,2.876,2.557,2.58,2.901,3.029,2.206,2.254,2.643,2.65,3.025,2.997,2.747,2.885,3.427,3.516,2.816,2.786,3.044,3.093,2.918,2.758,1.696,1.796,2.273,2.312,2.493,2.503,2.8,2.718,2.64,2.633,3.239,3.124,2.748,2.595,2.96,3.003,2.42,2.379,3.12,3.066,2.747,2.814,3.918,3.992,2.665,2.706,824.0,674.0,418.0,617.0,1871.0,1814.0,1457.0,1415.0,430.0,408.0,250.0,183.0,2545.0,2972.0,4005.0,4574.0,2866.0,2873.0,1916.0,1850.0,773.0,776.0,4010.0,4139.0,2197.0,2078.0,2842.0,2977.0,1313.0,1409.0,2815.0,2300.0,1226.0,1228.0,629.0,671.0,1115.0,1164.0,524.0,597.0,1182.0,960.0,1431.0,1319.0,3502.0,3473.0,1016.0,797.0,4215.0,4298.0,2980.0,3568.0,420.0,599.0,4246.0,4700.0,6054.0,5619.0,4595.0,5033.0,2931.0,2972.0,3402.0,3434.0,341.0,348.0,326.0,261.0
A00079775,2.809,2.556,2.564,3.132,2.691,2.909,1.738,1.909,3.159,3.359,2.98,2.817,2.934,2.855,2.541,2.448,2.769,2.893,3.194,3.081,2.647,2.632,2.167,2.157,2.978,2.817,1.986,1.9,2.579,2.699,2.923,2.819,2.646,2.544,2.954,3.069,2.837,2.96,3.184,3.038,2.899,2.692,1.84,1.521,2.058,2.08,2.722,2.613,2.709,2.584,2.478,2.593,2.938,3.125,2.558,2.573,2.869,2.97,2.293,2.366,3.089,2.884,2.441,2.439,3.845,3.683,2.538,2.259,983.0,1174.0,485.0,750.0,1860.0,1778.0,1546.0,1662.0,494.0,477.0,318.0,210.0,2929.0,2843.0,4558.0,6352.0,2829.0,3420.0,2106.0,2113.0,922.0,841.0,4520.0,5036.0,2210.0,2574.0,3658.0,3087.0,1710.0,1868.0,3046.0,2965.0,1452.0,1623.0,625.0,695.0,1242.0,1405.0,687.0,817.0,1554.0,1206.0,1974.0,1683.0,3735.0,3685.0,1168.0,1066.0,4480.0,4335.0,4071.0,4097.0,439.0,801.0,5119.0,5631.0,6657.0,6325.0,5457.0,5398.0,3159.0,3809.0,4671.0,3519.0,468.0,453.0,435.0,321.0
A00079776,2.651,2.737,2.706,2.671,2.769,2.641,2.022,1.95,3.608,3.588,2.435,2.857,2.985,2.888,2.605,2.7,2.934,2.904,3.15,3.141,2.81,2.537,2.339,2.332,2.9,2.73,2.135,2.124,2.533,2.572,3.092,3.088,2.589,2.823,2.964,3.106,2.801,2.923,2.982,2.795,2.761,2.573,1.822,1.868,2.129,2.102,2.59,2.666,2.677,2.75,2.677,2.702,3.203,2.852,2.364,2.448,2.915,2.9,2.38,2.314,2.995,3.07,2.484,2.633,3.9,3.791,2.55,2.548,1766.0,1142.0,902.0,1006.0,2662.0,3075.0,1764.0,1877.0,449.0,388.0,375.0,265.0,3624.0,3426.0,6381.0,6044.0,3572.0,3597.0,2606.0,2527.0,1274.0,1048.0,4963.0,5789.0,2985.0,3020.0,3940.0,3718.0,2164.0,2266.0,4155.0,3571.0,1329.0,1854.0,750.0,776.0,1607.0,1745.0,813.0,793.0,1937.0,1711.0,2144.0,1949.0,4740.0,4688.0,1511.0,1415.0,5165.0,4879.0,4485.0,4298.0,783.0,1320.0,7347.0,8547.0,8788.0,9152.0,5612.0,6377.0,4233.0,5219.0,4698.0,4902.0,469.0,485.0,529.0,434.0
A00079777,2.563,2.51,2.65,2.569,2.58,2.583,1.843,1.778,3.606,3.593,3.18,3.154,2.823,2.9,2.692,2.615,2.972,2.842,3.068,3.229,2.427,2.29,2.28,2.382,2.979,2.754,2.12,2.087,2.557,2.625,2.924,2.92,2.367,2.624,3.051,3.117,2.935,2.847,2.911,2.982,2.666,2.644,1.605,1.458,1.968,2.059,2.78,2.707,2.569,2.54,2.654,2.607,2.774,2.659,2.504,2.51,2.77,2.809,2.263,2.401,2.776,2.927,2.782,2.607,3.7,3.493,2.296,2.401,914.0,868.0,629.0,877.0,2498.0,2484.0,1659.0,1652.0,539.0,466.0,313.0,258.0,2906.0,3317.0,4498.0,5419.0,3313.0,3246.0,2421.0,2484.0,1028.0,946.0,4925.0,4906.0,2614.0,2836.0,3233.0,3063.0,1945.0,1830.0,3511.0,3505.0,1427.0,1549.0,611.0,641.0,1211.0,1389.0,646.0,962.0,1461.0,1218.0,1883.0,1564.0,4723.0,4587.0,1256.0,1202.0,5319.0,5751.0,3616.0,3681.0,539.0,797.0,7440.0,6864.0,8215.0,8022.0,5230.0,5365.0,3839.0,4041.0,3453.0,3533.0,473.0,472.0,422.0,329.0
A00079818,2.924,3.156,2.677,2.598,2.953,2.998,2.051,2.191,3.566,2.831,2.843,3.564,3.212,2.927,2.887,2.974,2.96,3.182,3.605,3.397,2.498,2.609,2.553,2.599,3.128,3.205,2.3,2.26,2.793,2.992,3.423,3.24,2.881,3.039,2.718,2.699,3.049,3.043,3.315,3.24,3.018,2.951,1.791,1.878,2.352,2.507,2.828,2.76,2.933,2.955,2.833,2.873,3.075,3.131,2.934,2.735,3.166,3.164,2.587,2.527,3.275,3.109,2.876,2.953,3.191,3.818,2.816,2.887,1061.0,960.0,470.0,612.0,2714.0,1774.0,1559.0,1545.0,404.0,315.0,358.0,215.0,2942.0,3733.0,4468.0,6569.0,4143.0,4035.0,2466.0,2676.0,1062.0,945.0,5597.0,4865.0,3055.0,2671.0,3112.0,3183.0,1889.0,1906.0,4784.0,3720.0,1470.0,1803.0,739.0,753.0,1509.0,1485.0,713.0,870.0,1641.0,1246.0,1345.0,1409.0,4788.0,4400.0,1341.0,1051.0,4801.0,5692.0,4271.0,4428.0,644.0,800.0,6713.0,5860.0,8207.0,7345.0,5619.0,5718.0,3667.0,4297.0,4859.0,3778.0,485.0,424.0,474.0,269.0
A00079850,2.568,2.528,2.513,2.364,2.54,2.604,1.772,1.721,3.553,3.472,2.264,2.842,2.949,3.041,2.465,2.429,3.053,3.082,3.276,3.154,2.221,2.351,2.327,2.275,2.963,2.93,2.003,2.144,2.694,2.573,2.93,2.961,2.692,2.516,2.555,2.825,2.64,2.713,2.859,3.079,2.468,2.656,1.568,1.61,2.142,1.866,2.464,2.653,2.472,2.679,2.45,2.227,2.87,2.793,2.433,2.534,2.78,2.665,2.038,2.272,2.643,2.901,2.653,2.518,3.797,3.857,2.036,2.08,947.0,963.0,634.0,886.0,2494.0,2105.0,1367.0,1584.0,494.0,483.0,334.0,236.0,2863.0,2860.0,3283.0,4882.0,2899.0,3481.0,2137.0,2093.0,1028.0,1123.0,4656.0,4376.0,2674.0,2830.0,2715.0,2659.0,1805.0,2175.0,3072.0,3068.0,1352.0,1412.0,501.0,505.0,1346.0,1512.0,706.0,892.0,1912.0,1296.0,1238.0,1127.0,4522.0,3994.0,1252.0,1182.0,5606.0,5829.0,4039.0,4128.0,658.0,1064.0,6345.0,6097.0,8124.0,7647.0,5449.0,5270.0,3676.0,3823.0,3742.0,3698.0,462.0,502.0,502.0,401.0
A00079907,2.328,2.585,2.764,2.367,2.739,2.608,1.688,1.88,3.282,3.337,2.807,2.936,2.745,2.844,2.485,2.581,2.961,2.842,2.99,3.208,2.166,2.169,2.195,2.184,2.738,2.659,1.977,1.94,2.551,2.309,2.971,2.992,2.495,2.47,2.782,2.834,2.705,2.681,2.8,2.627,2.613,2.487,1.661,1.664,2.181,2.082,2.646,2.576,2.637,2.674,2.451,2.391,2.582,3.019,2.357,2.431,2.897,2.727,2.309,2.268,2.901,2.916,2.599,2.696,3.402,3.303,2.492,2.414,927.0,971.0,669.0,696.0,2550.0,2335.0,1497.0,1557.0,366.0,473.0,281.0,262.0,3435.0,2994.0,4206.0,5668.0,3429.0,3405.0,2491.0,2222.0,1074.0,888.0,5809.0,5809.0,2828.0,2499.0,3418.0,3072.0,1789.0,1882.0,3289.0,2999.0,1343.0,1715.0,590.0,652.0,1452.0,1622.0,641.0,817.0,1581.0,1226.0,1569.0,1466.0,4920.0,3965.0,1309.0,1233.0,5356.0,5613.0,3581.0,3808.0,524.0,860.0,5878.0,5421.0,7439.0,7858.0,4912.0,5137.0,3729.0,4044.0,4110.0,3457.0,475.0,565.0,486.0,319.0
A00079977,2.8,2.823,2.644,2.557,2.994,2.874,2.047,1.901,3.807,3.624,2.888,2.785,3.021,3.001,2.773,2.825,2.943,3.049,3.183,3.289,2.408,2.235,2.625,2.544,3.025,2.992,2.142,2.287,2.714,2.712,3.24,3.175,2.769,2.733,3.502,3.349,2.723,2.831,3.048,3.219,2.916,2.764,1.756,2.093,2.198,2.293,2.81,2.761,2.91,2.78,2.637,2.604,3.052,3.189,2.56,2.694,2.949,2.823,2.482,2.695,2.855,3.063,2.91,2.821,4.074,4.24,2.837,2.546,724.0,691.0,323.0,542.0,1691.0,1536.0,1224.0,1346.0,546.0,388.0,281.0,193.0,2422.0,2549.0,3512.0,3986.0,2462.0,2219.0,2098.0,1782.0,723.0,702.0,4274.0,4429.0,2026.0,1909.0,2884.0,2743.0,1277.0,1507.0,2396.0,2357.0,1072.0,1175.0,463.0,570.0,1138.0,1161.0,560.0,662.0,1054.0,1020.0,1546.0,1337.0,3038.0,3012.0,885.0,835.0,3716.0,3931.0,2806.0,2858.0,463.0,478.0,3792.0,3877.0,5636.0,5222.0,4199.0,3761.0,2577.0,2925.0,3105.0,2681.0,416.0,392.0,327.0,258.0
A00080052,2.986,3.135,3.201,2.895,2.821,2.846,1.971,1.993,3.749,3.735,2.856,2.616,3.148,3.177,2.682,2.693,3.126,3.212,3.365,3.535,2.27,2.323,2.496,2.517,3.152,3.233,2.359,2.079,2.927,2.906,3.215,3.299,2.983,2.883,3.015,3.06,2.959,2.743,3.056,3.055,2.822,2.774,1.803,1.624,2.198,2.249,2.854,2.796,2.977,2.874,2.748,2.816,3.38,3.402,2.756,2.607,2.94,3.057,2.519,2.481,3.3,3.097,2.715,2.872,3.591,3.834,2.502,2.998,1030.0,904.0,686.0,624.0,2315.0,2120.0,1242.0,1536.0,400.0,323.0,355.0,246.0,3216.0,3456.0,4815.0,4696.0,3385.0,3685.0,2514.0,2329.0,1157.0,786.0,4958.0,4810.0,2738.0,2216.0,3020.0,2433.0,1689.0,1816.0,3488.0,3590.0,1021.0,1492.0,676.0,705.0,1197.0,1363.0,669.0,772.0,1461.0,1361.0,1437.0,1113.0,4011.0,3988.0,1185.0,1251.0,4936.0,4962.0,3808.0,3646.0,472.0,680.0,5349.0,5006.0,6933.0,7053.0,5470.0,5470.0,3717.0,3902.0,3805.0,3952.0,464.0,451.0,466.0,300.0
A00080327,2.947,3.258,3.357,3.462,3.078,3.082,2.315,2.178,3.164,3.347,3.604,3.399,3.07,3.198,3.076,3.09,3.087,3.059,3.784,3.702,2.806,2.644,2.742,2.655,3.235,3.205,2.435,2.361,3.094,3.355,3.336,3.066,3.087,2.967,3.097,3.242,3.232,3.231,3.263,3.607,3.24,3.156,1.673,1.767,2.472,2.495,2.835,3.053,3.165,3.15,2.957,2.982,3.945,3.354,2.988,2.978,3.465,3.449,2.746,2.808,3.332,3.278,3.13,3.077,4.011,4.226,2.949,3.409,1029.0,945.0,607.0,588.0,2410.0,2481.0,1854.0,1624.0,658.0,615.0,342.0,296.0,3472.0,3433.0,3909.0,5620.0,3747.0,4270.0,2158.0,2362.0,843.0,844.0,5471.0,4823.0,2813.0,2472.0,3126.0,2910.0,1872.0,1931.0,3759.0,3602.0,1491.0,1777.0,739.0,671.0,1279.0,1828.0,707.0,843.0,1586.0,1639.0,1500.0,1447.0,4547.0,4642.0,1185.0,1179.0,5567.0,5136.0,3479.0,3954.0,525.0,878.0,6791.0,7265.0,7979.0,7769.0,5527.0,5569.0,4339.0,4703.0,4824.0,3845.0,531.0,486.0,551.0,366.0
A00080428,2.553,2.693,2.851,2.73,2.438,2.564,1.737,1.886,4.058,3.873,2.797,2.581,2.686,2.836,2.611,2.578,2.77,2.788,3.236,3.017,2.873,2.644,2.3,2.273,2.898,3.049,2.052,2.081,2.854,2.702,2.948,2.889,2.446,2.626,3.267,3.69,2.648,2.4,2.766,3.045,2.416,2.611,1.568,1.61,2.027,1.913,2.865,2.839,2.412,2.312,2.465,2.398,3.02,3.27,2.502,2.412,2.63,2.629,2.13,2.246,2.701,2.79,2.76,2.635,3.631,3.514,2.46,1.863,832.0,749.0,541.0,611.0,2264.0,2086.0,1422.0,1595.0,446.0,352.0,252.0,223.0,2942.0,3093.0,4147.0,4461.0,2883.0,3184.0,2002.0,2404.0,832.0,737.0,4324.0,4478.0,2134.0,1988.0,3219.0,3006.0,1629.0,1746.0,3258.0,2586.0,1005.0,1236.0,608.0,547.0,1354.0,1475.0,519.0,627.0,1414.0,1218.0,1621.0,1282.0,3864.0,3566.0,979.0,954.0,4444.0,4427.0,3294.0,3315.0,423.0,783.0,4667.0,4600.0,6631.0,6462.0,5085.0,5517.0,2925.0,2963.0,3623.0,3289.0,405.0,479.0,288.0,257.0
A00080452,2.823,2.852,2.718,3.073,3.031,3.016,2.243,2.094,3.649,3.74,3.22,3.321,3.106,3.097,2.841,2.728,3.058,3.024,3.317,3.297,3.096,3.106,2.419,2.423,3.055,3.127,2.185,2.372,2.66,2.969,3.133,3.1,2.48,2.681,3.163,3.107,3.208,3.158,3.303,3.129,2.854,2.815,1.626,1.976,2.04,2.279,2.976,2.655,2.863,2.72,2.799,2.738,3.169,3.253,2.822,2.794,3.215,3.349,2.627,2.665,3.178,3.103,2.763,2.95,3.744,3.822,2.648,2.691,915.0,735.0,775.0,1057.0,2484.0,2503.0,1605.0,1759.0,492.0,477.0,309.0,288.0,3196.0,3262.0,4063.0,4780.0,3330.0,3270.0,2121.0,2400.0,882.0,750.0,5923.0,5666.0,2794.0,2368.0,3650.0,2633.0,2209.0,2007.0,3315.0,3327.0,1738.0,1911.0,775.0,777.0,1174.0,1566.0,863.0,1041.0,1800.0,1423.0,1891.0,1424.0,3916.0,4278.0,1247.0,1281.0,5137.0,5188.0,3091.0,3475.0,806.0,686.0,7331.0,7328.0,8803.0,7824.0,4937.0,4675.0,3884.0,4216.0,4894.0,3636.0,470.0,459.0,402.0,334.0
A00080453,2.5,3.139,2.983,3.01,3.091,3.019,1.974,1.984,3.654,4.058,3.304,3.117,3.166,3.045,2.9,2.983,3.009,2.995,3.406,3.448,2.622,2.663,2.333,2.464,2.957,3.111,2.226,2.102,2.528,2.8,3.179,2.826,2.848,2.768,3.315,3.472,3.25,3.02,3.127,3.166,2.949,2.752,1.812,1.84,2.444,2.398,2.848,2.816,2.875,2.917,2.691,2.82,3.161,3.194,2.786,2.774,3.22,3.251,2.599,2.604,3.218,3.018,2.983,3.039,3.529,3.99,2.559,2.897,832.0,924.0,542.0,568.0,2710.0,2225.0,1105.0,1209.0,428.0,323.0,227.0,212.0,2495.0,2542.0,4102.0,4512.0,2634.0,3178.0,2421.0,2106.0,1008.0,770.0,4049.0,4139.0,2255.0,2121.0,2950.0,2800.0,1466.0,1560.0,3090.0,3166.0,1247.0,1591.0,615.0,596.0,1366.0,1451.0,730.0,766.0,1760.0,1410.0,1309.0,1322.0,4003.0,3434.0,1188.0,946.0,4703.0,4536.0,3762.0,3458.0,418.0,679.0,5607.0,5937.0,6605.0,6857.0,4706.0,4460.0,3563.0,3476.0,3853.0,3320.0,384.0,387.0,410.0,301.0
A00080535,2.806,2.791,2.495,2.337,2.765,2.714,1.848,1.709,3.562,3.311,2.337,3.081,2.974,3.106,2.779,2.674,3.159,2.971,3.091,3.343,2.393,2.504,2.414,2.484,2.856,3.076,2.022,2.094,2.645,2.808,3.048,2.942,2.582,2.625,3.194,3.715,2.796,2.586,3.01,3.079,2.441,2.451,1.676,1.72,2.134,2.12,2.475,2.509,2.674,2.632,2.654,2.633,3.442,2.845,2.407,2.44,2.905,2.955,2.368,2.454,2.924,2.909,2.62,2.734,4.009,3.976,2.406,2.526,895.0,808.0,580.0,630.0,2100.0,1956.0,1539.0,1605.0,459.0,428.0,277.0,200.0,2932.0,3125.0,3373.0,4494.0,2920.0,3151.0,2324.0,1846.0,953.0,720.0,4696.0,4879.0,2487.0,2360.0,3268.0,3062.0,1407.0,1440.0,3002.0,2740.0,1333.0,1384.0,573.0,636.0,1219.0,1389.0,619.0,691.0,1297.0,1003.0,1758.0,1448.0,3806.0,3337.0,1062.0,1046.0,4403.0,4387.0,3427.0,3477.0,512.0,616.0,4799.0,4750.0,6495.0,6035.0,4759.0,4634.0,3375.0,3423.0,4209.0,3465.0,387.0,444.0,381.0,307.0
A00080811,2.93,3.006,2.806,2.666,2.78,2.837,2.059,1.97,3.416,3.489,3.024,3.383,2.952,3.033,2.875,2.768,3.149,3.177,3.193,3.37,2.115,2.109,2.529,2.534,2.986,3.059,2.161,2.101,2.738,2.62,3.277,3.136,2.593,2.789,2.853,2.706,2.716,2.739,3.324,3.056,2.865,2.695,1.586,1.582,2.163,2.146,2.576,2.512,2.805,2.728,2.77,2.754,2.881,3.124,2.767,2.764,2.987,3.101,2.466,2.59,2.817,3.13,2.861,2.872,3.862,3.487,2.441,2.377,1075.0,1020.0,539.0,721.0,1865.0,2018.0,1260.0,1287.0,414.0,458.0,320.0,222.0,2752.0,2719.0,4620.0,4967.0,3360.0,3273.0,2305.0,2195.0,937.0,827.0,3768.0,4383.0,2391.0,2122.0,2759.0,2440.0,1603.0,1664.0,3944.0,3401.0,994.0,1270.0,614.0,702.0,1179.0,1509.0,670.0,754.0,1286.0,1191.0,1275.0,1168.0,3753.0,3419.0,1179.0,1079.0,4213.0,3917.0,3401.0,3408.0,632.0,803.0,4708.0,4731.0,6331.0,5940.0,5064.0,5029.0,3709.0,3858.0,3626.0,3598.0,385.0,422.0,461.0,351.0
A00080818,2.782,3.271,2.911,2.652,2.537,2.607,2.22,2.051,2.929,3.142,2.924,2.908,2.845,2.924,2.634,2.657,2.875,2.807,3.418,3.348,2.438,2.51,2.223,2.418,3.172,3.016,2.386,2.292,2.633,3.054,3.016,3.034,2.826,2.831,3.242,2.998,3.053,3.14,3.113,3.079,2.698,2.69,1.805,1.827,2.076,2.146,2.715,2.731,2.554,2.64,2.802,2.808,3.54,3.148,2.504,2.524,2.721,2.786,2.309,2.305,3.111,3.127,2.659,2.6,3.146,3.278,2.856,2.703,1143.0,1331.0,670.0,729.0,2036.0,1612.0,1631.0,1569.0,372.0,335.0,353.0,233.0,2909.0,2932.0,4996.0,6530.0,3760.0,3594.0,2329.0,2218.0,1261.0,1208.0,5259.0,5838.0,2883.0,2850.0,3434.0,3553.0,1656.0,1875.0,4050.0,3636.0,1356.0,1492.0,586.0,570.0,1518.0,1644.0,860.0,944.0,1523.0,1730.0,1521.0,1590.0,4091.0,4030.0,1559.0,1317.0,4605.0,5011.0,4381.0,4153.0,620.0,921.0,7232.0,6606.0,6570.0,6560.0,5358.0,5717.0,3864.0,4539.0,4307.0,3782.0,456.0,418.0,401.0,326.0
A00080819,2.736,2.799,2.416,2.631,2.526,2.629,1.917,1.972,3.582,3.603,3.172,3.173,3.134,3.059,2.549,2.735,3.033,3.046,3.386,3.48,2.282,2.263,2.322,2.417,3.029,3.077,2.113,1.983,2.667,2.819,3.132,3.079,2.284,2.706,3.145,3.26,2.935,2.704,3.076,2.94,2.842,2.549,1.785,1.973,2.35,2.221,2.61,2.359,2.472,2.478,2.429,2.505,3.266,3.202,2.603,2.576,2.846,2.814,2.255,2.155,3.08,3.011,2.771,2.764,3.82,4.081,2.518,2.393,873.0,861.0,814.0,575.0,2665.0,2273.0,1455.0,1547.0,461.0,436.0,318.0,265.0,3555.0,4111.0,4213.0,5691.0,3527.0,3241.0,2526.0,2375.0,1068.0,1060.0,5477.0,5894.0,2788.0,2626.0,3272.0,2956.0,1850.0,1748.0,3434.0,2784.0,1605.0,1368.0,626.0,743.0,1386.0,1867.0,733.0,830.0,1507.0,1617.0,1449.0,1262.0,4397.0,4686.0,1069.0,1461.0,5174.0,5091.0,4461.0,4557.0,588.0,876.0,6780.0,6737.0,7199.0,7972.0,5834.0,5400.0,4063.0,4303.0,4352.0,3987.0,599.0,568.0,568.0,423.0
A00080901,2.575,2.589,3.074,2.616,2.606,2.575,1.971,1.838,3.267,3.485,3.358,3.159,2.863,2.75,2.363,2.466,2.907,2.947,3.078,3.198,2.41,2.348,2.253,2.181,2.82,2.8,2.069,1.893,2.594,2.495,2.959,2.809,2.152,2.346,2.833,2.946,2.644,2.624,2.881,2.941,2.613,2.485,1.684,1.696,2.057,2.11,2.364,2.514,2.466,2.377,2.374,2.292,2.862,2.981,2.647,2.501,2.871,2.743,1.938,1.997,2.796,2.793,2.542,2.517,3.618,3.445,2.444,2.915,922.0,737.0,563.0,708.0,1776.0,1630.0,1213.0,1400.0,373.0,396.0,300.0,217.0,2604.0,2772.0,3488.0,4560.0,2551.0,2578.0,2058.0,1959.0,811.0,804.0,3673.0,4128.0,2097.0,2274.0,3085.0,2499.0,1747.0,1548.0,2761.0,2418.0,1269.0,1458.0,549.0,603.0,1027.0,1165.0,516.0,684.0,1043.0,899.0,1633.0,1390.0,3898.0,3731.0,958.0,980.0,4021.0,4195.0,3165.0,3272.0,546.0,668.0,4468.0,3877.0,5909.0,5531.0,4091.0,4526.0,2989.0,3255.0,3691.0,3052.0,357.0,476.0,398.0,266.0
A00080932,2.581,2.65,2.786,2.542,2.652,2.891,1.828,1.941,3.039,3.555,2.569,2.884,2.672,2.979,2.685,2.637,2.918,2.929,3.252,3.1,2.281,2.447,2.246,2.345,2.827,2.82,2.112,2.286,2.705,2.627,2.914,2.928,2.416,2.903,2.577,2.502,2.709,2.627,2.965,3.113,2.429,2.725,1.507,1.814,1.983,2.139,2.835,2.6,2.529,2.502,2.589,2.69,3.075,2.913,2.545,2.551,2.804,2.859,2.474,2.377,2.846,3.014,2.75,2.67,3.159,3.588,2.327,2.421,910.0,896.0,614.0,619.0,3090.0,2893.0,1618.0,1658.0,430.0,330.0,278.0,243.0,3303.0,2926.0,4761.0,5177.0,3059.0,2929.0,2442.0,2684.0,1025.0,849.0,5371.0,4631.0,2263.0,2212.0,3341.0,3131.0,1689.0,1744.0,3605.0,3222.0,1525.0,1719.0,718.0,680.0,1238.0,1641.0,609.0,701.0,1302.0,1449.0,1517.0,1491.0,4121.0,4685.0,1065.0,1334.0,5565.0,5535.0,3586.0,3899.0,486.0,781.0,6146.0,5994.0,8126.0,8031.0,4868.0,5458.0,3919.0,4124.0,3977.0,3570.0,480.0,504.0,551.0,395.0
A00081071,2.565,2.712,2.823,2.666,2.885,3.005,2.139,2.121,3.546,3.518,2.859,2.831,2.924,2.848,2.786,2.794,2.966,2.953,3.051,3.257,2.394,2.561,2.485,2.463,2.891,2.807,2.043,2.125,2.687,2.626,3.034,3.081,2.807,2.717,2.989,3.179,3.039,2.855,3.128,3.139,2.984,2.823,1.775,1.9,2.159,2.133,2.724,2.529,2.74,2.774,2.727,2.617,3.049,2.897,2.764,2.659,2.997,3.0,2.469,2.403,2.745,2.788,2.767,2.75,3.672,3.869,2.252,1.999,786.0,943.0,380.0,572.0,1815.0,1723.0,1368.0,1307.0,512.0,450.0,262.0,199.0,2949.0,2980.0,4003.0,4410.0,2770.0,2511.0,2073.0,1948.0,846.0,788.0,4409.0,4597.0,2094.0,2124.0,2450.0,2697.0,1574.0,1665.0,2896.0,2844.0,1149.0,1187.0,612.0,691.0,1314.0,1578.0,547.0,633.0,1411.0,1271.0,1627.0,1383.0,3592.0,3536.0,927.0,925.0,4531.0,4302.0,3081.0,3434.0,441.0,607.0,4231.0,4673.0,6321.0,5571.0,4227.0,4684.0,3223.0,3669.0,3043.0,3505.0,457.0,503.0,399.0,319.0
A00081098,2.028,2.044,2.554,2.502,2.169,2.226,2.005,1.88,3.673,3.661,3.664,3.515,2.621,2.633,2.079,2.095,2.686,2.822,2.786,3.035,1.957,2.062,2.09,2.069,2.91,2.791,1.902,1.788,2.161,2.658,2.375,2.489,2.15,2.109,2.388,2.426,2.351,2.502,2.699,2.699,2.181,2.206,1.61,1.748,1.784,1.86,2.068,2.407,2.085,2.093,2.107,2.219,2.966,2.545,2.396,2.301,2.524,2.498,1.886,1.789,2.508,2.478,2.207,2.334,4.349,3.662,2.278,2.289,1017.0,833.0,796.0,667.0,2573.0,2631.0,1574.0,1726.0,382.0,387.0,295.0,263.0,3200.0,2718.0,4397.0,4925.0,3858.0,2914.0,2894.0,2321.0,1075.0,928.0,5164.0,5286.0,2247.0,2648.0,3888.0,3614.0,1583.0,1841.0,3427.0,3181.0,1283.0,1417.0,720.0,639.0,1572.0,1510.0,608.0,930.0,1731.0,1285.0,1684.0,1508.0,3932.0,4028.0,1096.0,1243.0,4784.0,4871.0,3510.0,3627.0,616.0,1159.0,5638.0,5639.0,6853.0,6186.0,4919.0,4920.0,3216.0,3881.0,4433.0,3321.0,341.0,418.0,368.0,296.0
A00081103,2.588,2.605,2.09,2.584,2.74,2.789,1.778,1.691,3.098,3.11,2.747,2.157,2.955,2.887,2.761,2.808,2.946,2.908,3.11,3.269,2.18,2.597,2.288,2.225,2.93,2.979,2.007,2.037,2.625,2.595,2.938,2.884,2.66,2.562,2.465,2.873,2.789,2.881,2.923,3.098,3.06,2.555,1.446,1.487,2.007,2.09,2.797,2.505,2.575,2.59,2.527,2.524,2.757,2.943,2.627,2.373,2.677,2.843,2.363,2.393,2.912,2.834,2.72,2.727,3.662,4.135,2.144,2.259,1203.0,932.0,543.0,897.0,1867.0,1992.0,1516.0,1915.0,663.0,496.0,259.0,292.0,3434.0,3305.0,5183.0,5673.0,3543.0,3575.0,2408.0,2292.0,1045.0,679.0,5013.0,4508.0,2642.0,2724.0,2939.0,2753.0,2176.0,2086.0,3508.0,3256.0,1291.0,1599.0,691.0,697.0,1321.0,1547.0,603.0,831.0,1618.0,1647.0,1381.0,814.0,3832.0,3922.0,1149.0,1103.0,4943.0,4512.0,4057.0,4137.0,915.0,760.0,4978.0,6486.0,7077.0,6850.0,5605.0,5806.0,4377.0,4826.0,4349.0,4076.0,638.0,488.0,518.0,376.0
A00081105,2.847,2.836,2.657,2.65,2.91,2.782,1.907,1.9,3.425,3.7,2.857,2.802,3.102,2.976,2.59,2.73,2.859,3.059,3.277,3.173,2.348,2.499,2.419,2.403,3.084,2.994,2.156,2.08,2.835,2.913,3.071,3.036,2.738,2.469,3.182,3.113,2.811,3.018,3.164,3.069,2.815,2.949,1.548,1.638,2.125,1.943,2.708,2.682,2.567,2.593,2.679,2.59,3.105,3.306,2.534,2.675,3.036,2.969,2.289,2.503,3.072,3.168,2.784,2.784,4.148,4.306,2.81,2.536,846.0,838.0,573.0,720.0,2051.0,2050.0,1458.0,1494.0,507.0,408.0,326.0,238.0,2759.0,3078.0,4297.0,4997.0,2787.0,2628.0,2372.0,2174.0,1081.0,755.0,4816.0,4063.0,2091.0,2383.0,2766.0,2881.0,1601.0,1799.0,3115.0,2553.0,1123.0,1341.0,602.0,776.0,1161.0,1447.0,613.0,756.0,1489.0,1190.0,1290.0,1032.0,3609.0,4169.0,968.0,1106.0,4516.0,4378.0,3478.0,3871.0,419.0,727.0,5275.0,5164.0,6086.0,5832.0,6073.0,5870.0,3238.0,3390.0,3588.0,3086.0,464.0,450.0,440.0,279.0
A00081112,2.905,2.813,3.185,2.869,2.894,2.764,1.95,1.929,3.579,3.675,3.007,2.93,3.078,2.959,2.9,2.855,3.174,3.153,3.329,3.387,2.416,2.552,2.523,2.606,2.858,2.957,2.152,2.276,2.529,2.49,3.008,3.12,2.712,2.785,3.158,3.422,2.912,2.838,2.919,3.172,2.755,2.727,1.796,2.044,2.439,2.394,2.751,2.725,2.742,2.814,2.854,2.77,3.162,3.074,2.57,2.666,2.945,2.961,2.649,2.663,3.124,3.136,2.978,2.83,3.826,4.173,2.574,2.701,711.0,726.0,653.0,515.0,2137.0,2713.0,1228.0,1447.0,355.0,324.0,230.0,267.0,2596.0,2730.0,3545.0,3804.0,2659.0,2754.0,2025.0,1894.0,761.0,712.0,4381.0,3636.0,2649.0,2328.0,2537.0,2374.0,1913.0,1669.0,2875.0,2351.0,1261.0,1323.0,660.0,597.0,1140.0,1560.0,655.0,706.0,1266.0,1158.0,1202.0,1010.0,3488.0,3423.0,946.0,1190.0,4610.0,4686.0,3034.0,3343.0,510.0,813.0,5019.0,4982.0,6650.0,6515.0,4462.0,4500.0,3235.0,3489.0,2825.0,3104.0,356.0,352.0,450.0,317.0
A00081123,2.781,2.773,2.54,2.516,2.663,2.76,1.799,1.917,3.943,3.721,2.803,2.484,2.794,3.032,2.532,2.602,2.87,3.014,3.147,3.259,2.487,2.517,2.208,2.267,2.83,2.898,2.029,2.026,2.759,2.578,3.041,3.114,2.611,2.899,2.931,3.137,2.894,2.773,2.997,3.207,2.662,2.666,1.689,1.92,2.248,2.181,2.888,2.574,2.543,2.56,2.524,2.476,3.302,3.237,2.583,2.484,2.991,2.943,2.471,2.449,3.095,2.947,2.664,2.726,4.03,3.861,2.655,2.649,985.0,833.0,486.0,562.0,1834.0,1890.0,1328.0,1540.0,319.0,298.0,310.0,294.0,2425.0,2473.0,3752.0,4892.0,2588.0,2587.0,2195.0,2390.0,845.0,752.0,4465.0,3787.0,2376.0,2158.0,3156.0,2982.0,1718.0,1665.0,3154.0,3016.0,1130.0,1325.0,658.0,579.0,1213.0,1334.0,679.0,757.0,1505.0,1325.0,1568.0,1351.0,3316.0,3129.0,842.0,912.0,3936.0,3837.0,2936.0,3323.0,587.0,570.0,5199.0,4938.0,6092.0,5835.0,4020.0,3782.0,3305.0,3702.0,3844.0,2821.0,458.0,420.0,396.0,306.0
A00081132,2.621,2.676,1.973,2.341,2.255,2.239,1.73,1.726,3.375,3.374,2.606,3.037,2.783,2.944,2.327,2.289,3.024,2.873,3.171,3.135,2.795,2.461,2.189,2.2,2.854,3.0,1.983,1.99,2.609,2.513,2.752,2.892,2.055,2.075,2.775,2.59,2.383,2.461,2.499,2.949,2.617,2.293,1.587,1.503,2.038,1.724,2.516,2.208,1.964,2.172,2.32,2.128,3.066,2.814,2.312,2.292,2.573,2.655,1.885,1.906,2.794,2.825,2.463,2.424,4.036,4.355,2.053,2.024,793.0,773.0,632.0,606.0,2358.0,2388.0,1279.0,1540.0,407.0,313.0,219.0,227.0,2436.0,2501.0,3376.0,3596.0,2275.0,2415.0,2212.0,2148.0,731.0,825.0,4347.0,4385.0,2825.0,2443.0,2651.0,2703.0,1716.0,1843.0,2656.0,2693.0,1417.0,1513.0,519.0,556.0,1308.0,1427.0,659.0,689.0,1552.0,1145.0,1249.0,1061.0,3753.0,3661.0,789.0,895.0,4877.0,5016.0,3641.0,3463.0,456.0,862.0,4774.0,4815.0,7503.0,7437.0,5041.0,5157.0,3343.0,3312.0,3184.0,3393.0,473.0,410.0,370.0,365.0
A00081142,2.392,2.856,2.796,2.604,2.919,2.982,1.947,1.882,3.035,3.551,3.044,3.011,2.983,2.954,2.651,2.603,3.031,2.915,3.417,3.427,2.432,2.622,2.44,2.456,2.908,3.192,2.278,2.179,2.616,2.674,3.066,3.063,2.424,2.506,3.002,2.836,3.185,3.087,3.195,3.104,3.063,2.899,1.67,1.86,2.598,2.519,2.746,2.553,2.241,2.267,2.684,2.601,3.119,3.174,2.738,2.733,3.052,3.067,2.336,2.233,3.051,2.924,2.662,2.637,3.794,3.859,2.525,2.68,910.0,1105.0,652.0,942.0,2466.0,2329.0,1718.0,1611.0,346.0,419.0,362.0,313.0,3028.0,3649.0,6274.0,5916.0,4702.0,3990.0,2874.0,2642.0,1143.0,991.0,5705.0,6110.0,2951.0,2690.0,3362.0,2763.0,2264.0,2294.0,4653.0,3808.0,1638.0,1804.0,793.0,766.0,1610.0,1947.0,655.0,793.0,1722.0,1277.0,1541.0,1412.0,3647.0,4437.0,1298.0,1421.0,5917.0,5668.0,4116.0,4754.0,825.0,1088.0,6113.0,6012.0,9584.0,8958.0,4861.0,5283.0,3808.0,4313.0,4643.0,3697.0,477.0,511.0,675.0,337.0
A00081149,2.491,2.783,2.471,2.521,2.586,2.569,1.942,1.828,3.284,3.637,3.004,3.264,2.875,2.978,2.569,2.563,2.835,3.001,3.243,3.376,2.502,2.472,2.237,2.274,2.851,2.841,2.113,2.067,2.531,2.738,3.078,2.911,2.547,2.7,2.831,3.1,2.751,2.817,2.89,2.984,2.717,2.72,1.535,1.596,1.922,1.995,2.63,2.574,2.527,2.519,2.576,2.586,2.997,3.082,2.492,2.462,2.766,2.913,2.34,2.359,2.983,2.748,2.649,2.509,4.086,4.344,2.178,2.366,1267.0,840.0,496.0,822.0,2818.0,2411.0,1992.0,1961.0,652.0,414.0,281.0,225.0,2849.0,3012.0,4289.0,5805.0,3395.0,3066.0,2521.0,2268.0,909.0,875.0,6061.0,5671.0,2588.0,2670.0,3527.0,3459.0,1742.0,2054.0,3693.0,3364.0,1378.0,1594.0,686.0,773.0,1676.0,1816.0,727.0,745.0,1853.0,1394.0,1816.0,1615.0,4007.0,3790.0,1296.0,1246.0,5265.0,5192.0,3617.0,3803.0,580.0,809.0,5526.0,4979.0,7586.0,6801.0,5071.0,5035.0,4113.0,4388.0,4266.0,3493.0,479.0,483.0,544.0,395.0
A00081175,2.401,2.917,2.529,2.737,2.521,2.62,1.88,1.797,3.528,3.455,1.945,2.896,2.967,2.955,2.538,2.705,2.849,2.984,3.055,3.047,2.843,2.542,2.259,2.472,2.782,2.73,2.093,1.92,2.579,2.564,2.821,2.68,2.437,2.686,2.543,2.673,2.701,2.707,2.506,2.807,2.562,2.392,2.016,1.821,1.938,1.94,2.54,2.608,2.649,2.583,2.513,2.371,2.861,2.913,2.32,2.329,2.718,2.798,2.192,2.247,2.714,2.533,2.515,2.456,4.113,3.899,2.124,2.057,864.0,1004.0,582.0,561.0,2041.0,1687.0,1228.0,1273.0,358.0,301.0,255.0,216.0,2752.0,3094.0,4520.0,4857.0,2970.0,3365.0,1914.0,1976.0,789.0,817.0,5160.0,4304.0,2566.0,2577.0,3202.0,3060.0,1781.0,1565.0,3378.0,2873.0,1160.0,1352.0,660.0,708.0,1060.0,1184.0,657.0,816.0,1404.0,935.0,1295.0,1163.0,3779.0,3400.0,1181.0,1115.0,4247.0,4320.0,2979.0,3127.0,627.0,786.0,5222.0,5418.0,6423.0,6527.0,4729.0,4872.0,3142.0,3104.0,3201.0,2935.0,421.0,453.0,352.0,273.0
A00081185,2.889,2.817,2.453,2.452,2.748,2.778,1.851,1.856,3.292,3.313,2.748,2.763,2.971,2.94,2.684,2.76,2.972,2.889,3.114,3.182,2.322,2.299,2.276,2.3,2.889,2.739,1.927,2.103,2.464,2.497,3.086,3.147,2.723,2.755,3.01,3.256,2.805,2.621,2.824,3.014,2.57,2.663,1.593,1.609,1.978,2.124,2.701,2.332,2.686,2.42,2.516,2.517,2.872,2.618,2.659,2.422,2.837,2.87,2.356,2.315,2.902,2.927,2.646,2.69,3.868,3.994,2.358,1.946,1140.0,1058.0,749.0,548.0,2838.0,2920.0,2377.0,2212.0,522.0,469.0,319.0,322.0,3396.0,3530.0,4586.0,5453.0,3805.0,3760.0,2657.0,3080.0,1301.0,1127.0,6598.0,6462.0,3001.0,2988.0,4444.0,4251.0,2374.0,2192.0,4427.0,3891.0,1313.0,1729.0,602.0,685.0,1665.0,2090.0,766.0,964.0,1783.0,1852.0,2208.0,2225.0,4939.0,5442.0,1041.0,1443.0,6609.0,5571.0,4756.0,4672.0,586.0,1161.0,6558.0,7056.0,8398.0,8358.0,6219.0,5575.0,4296.0,4528.0,4702.0,4416.0,602.0,612.0,481.0,427.0
A00081239,2.924,2.839,3.161,2.571,2.792,2.78,2.583,2.47,3.434,3.765,3.098,3.225,3.052,3.104,2.874,2.966,3.307,3.078,3.44,3.229,2.358,2.515,2.588,2.62,2.992,3.099,2.117,2.144,2.735,2.836,3.18,3.309,2.777,2.932,3.007,3.076,2.952,2.981,3.092,2.962,2.765,2.77,1.756,1.955,2.475,2.526,2.746,2.794,2.919,2.773,2.862,2.788,3.009,3.234,2.675,2.692,2.979,2.958,2.581,2.558,3.213,3.3,3.01,2.995,4.392,4.742,3.067,3.272,1162.0,920.0,685.0,686.0,2048.0,2223.0,1610.0,1817.0,308.0,291.0,268.0,283.0,2968.0,2527.0,4311.0,5856.0,2837.0,2690.0,2054.0,2362.0,989.0,908.0,6216.0,5600.0,2296.0,2257.0,2951.0,3541.0,1966.0,1764.0,3056.0,3014.0,1073.0,1218.0,594.0,579.0,1339.0,1780.0,721.0,824.0,1574.0,1352.0,1397.0,1540.0,3571.0,3450.0,1045.0,1259.0,4593.0,4257.0,2946.0,3357.0,606.0,721.0,6022.0,6955.0,7373.0,7160.0,4629.0,4895.0,3480.0,3759.0,3270.0,2992.0,343.0,345.0,426.0,297.0
A00081243,2.538,2.752,2.539,2.406,2.53,2.473,1.722,1.625,3.876,3.429,2.756,2.476,2.715,2.889,2.53,2.517,2.717,2.867,3.143,3.004,2.15,2.114,2.276,2.285,2.824,2.881,1.878,1.84,2.612,2.638,2.897,2.867,2.587,2.563,2.759,2.931,2.621,2.429,2.978,2.884,2.542,2.559,1.506,1.734,1.905,1.779,2.357,2.398,2.445,2.484,2.446,2.428,2.78,3.209,2.355,2.391,2.705,2.637,2.026,2.194,2.833,2.685,2.436,2.337,4.144,3.823,2.217,1.778,819.0,774.0,533.0,563.0,2227.0,2224.0,1426.0,1429.0,327.0,342.0,265.0,219.0,2608.0,2501.0,3916.0,4737.0,2626.0,3060.0,2508.0,2563.0,978.0,920.0,4159.0,4260.0,2430.0,2261.0,2799.0,2986.0,1633.0,1598.0,2846.0,2707.0,1139.0,1461.0,514.0,550.0,1364.0,1574.0,612.0,714.0,1556.0,1138.0,1430.0,1355.0,3939.0,3723.0,1193.0,1166.0,4701.0,4702.0,3370.0,3355.0,534.0,508.0,4637.0,4670.0,7076.0,6883.0,4517.0,4220.0,3367.0,3820.0,3454.0,3325.0,419.0,428.0,415.0,379.0
A00081253,2.559,3.009,2.593,2.428,2.607,2.624,1.955,1.866,3.196,3.067,3.647,3.258,2.977,3.007,2.656,2.765,2.853,3.034,3.252,3.335,2.47,2.435,2.345,2.413,3.044,3.023,2.044,2.104,2.704,2.925,3.056,3.045,2.953,2.823,2.948,3.541,2.984,2.82,3.166,3.029,2.776,2.632,1.633,1.717,2.141,2.186,2.431,2.461,2.797,2.8,2.714,2.671,3.275,2.893,2.592,2.614,2.787,2.837,2.359,2.343,3.048,2.98,2.768,2.825,3.4,3.908,2.393,2.53,1073.0,882.0,410.0,791.0,2131.0,1611.0,2066.0,2106.0,457.0,520.0,325.0,223.0,4034.0,3371.0,4620.0,4770.0,3421.0,3448.0,2377.0,2300.0,1103.0,955.0,6745.0,6828.0,2622.0,2500.0,4062.0,3680.0,1870.0,1892.0,3271.0,3081.0,1304.0,1631.0,719.0,588.0,1193.0,1613.0,728.0,849.0,1473.0,1213.0,2129.0,1726.0,4470.0,3994.0,1208.0,1079.0,4669.0,5049.0,3857.0,3854.0,651.0,882.0,5832.0,5324.0,7866.0,7534.0,5517.0,4575.0,3861.0,4420.0,4667.0,3800.0,489.0,516.0,562.0,347.0
A00081392,2.998,2.951,3.097,2.813,2.843,2.897,1.932,2.064,3.002,3.573,2.789,2.449,2.86,2.792,2.805,2.85,2.974,2.858,2.928,3.343,2.825,2.533,2.243,2.34,2.781,2.828,2.0,1.92,2.464,2.622,3.183,3.19,2.854,2.665,2.847,2.64,2.94,2.725,2.971,3.018,2.836,2.565,1.57,1.647,2.314,2.255,2.704,2.755,2.757,2.762,2.658,2.566,3.23,3.009,2.797,2.535,3.219,3.222,2.612,2.462,3.07,3.027,2.817,2.908,3.052,3.365,2.643,2.736,976.0,856.0,537.0,662.0,2369.0,2130.0,1638.0,1683.0,369.0,338.0,322.0,327.0,2849.0,3055.0,4329.0,4075.0,3395.0,3156.0,2525.0,2227.0,837.0,743.0,4656.0,4905.0,2900.0,2905.0,2892.0,3188.0,1836.0,1901.0,3461.0,3213.0,1291.0,1599.0,542.0,562.0,1630.0,1834.0,767.0,945.0,2153.0,1650.0,1318.0,1310.0,4342.0,4323.0,1238.0,980.0,5374.0,6003.0,3991.0,4119.0,567.0,794.0,5909.0,5430.0,7760.0,7531.0,5753.0,6059.0,3875.0,3687.0,3860.0,3546.0,388.0,391.0,440.0,385.0
A00081394,3.224,3.405,3.352,2.913,3.043,3.152,2.661,2.463,3.076,2.925,3.167,3.36,3.109,3.043,3.139,3.127,2.817,3.063,3.415,3.473,2.697,2.724,2.557,2.489,3.462,3.252,2.59,2.463,3.075,3.084,3.45,3.519,3.078,3.0,3.104,3.148,3.231,3.23,3.085,3.373,3.15,3.069,2.055,2.08,2.53,2.495,3.011,2.87,2.937,2.906,2.961,2.968,3.868,3.567,2.965,2.955,3.394,3.279,2.678,2.642,3.331,3.448,3.269,3.061,3.281,3.463,3.126,2.924,1001.0,1020.0,692.0,534.0,2452.0,2183.0,1603.0,1671.0,364.0,350.0,288.0,261.0,2640.0,3261.0,4098.0,6237.0,3093.0,3533.0,2132.0,2209.0,833.0,930.0,5232.0,5141.0,2271.0,2068.0,2904.0,3067.0,1489.0,1743.0,3557.0,3070.0,1227.0,1280.0,557.0,571.0,1457.0,1715.0,701.0,777.0,1631.0,1416.0,1497.0,1519.0,4282.0,3537.0,1236.0,1252.0,5007.0,4750.0,3700.0,3660.0,487.0,589.0,5381.0,5808.0,6845.0,6726.0,5116.0,4738.0,3542.0,3765.0,3613.0,2975.0,379.0,343.0,425.0,370.0
A00081402,2.301,2.32,1.979,2.478,2.392,2.439,2.194,1.937,3.786,3.31,2.575,2.376,2.908,2.83,2.106,2.096,2.837,2.762,2.674,2.922,2.06,2.025,2.392,2.424,3.039,2.767,2.096,2.083,2.542,2.679,2.532,2.765,2.31,2.272,2.637,2.659,2.534,2.377,2.517,2.931,2.495,2.402,1.813,1.751,1.986,2.132,2.263,2.064,2.59,2.55,2.197,2.166,3.361,2.858,2.206,2.136,2.567,2.543,2.149,2.146,2.625,2.346,2.321,2.49,3.998,3.884,2.392,2.212,832.0,705.0,636.0,823.0,1577.0,1509.0,1577.0,1452.0,276.0,361.0,252.0,237.0,2490.0,2525.0,3514.0,3732.0,2549.0,2409.0,2315.0,2183.0,1004.0,791.0,4560.0,4631.0,1919.0,1944.0,2833.0,2732.0,1479.0,1725.0,3003.0,2395.0,1233.0,1222.0,603.0,593.0,1073.0,1386.0,602.0,588.0,1313.0,1461.0,1433.0,1433.0,3486.0,3195.0,1185.0,1162.0,4244.0,4090.0,2442.0,2703.0,585.0,752.0,4446.0,4323.0,5950.0,5692.0,3978.0,3855.0,3133.0,3021.0,2970.0,2677.0,410.0,411.0,359.0,285.0
A00081476,3.332,3.185,2.592,2.754,3.015,3.1,2.315,2.145,3.741,4.014,2.936,3.649,3.187,3.281,3.043,3.17,3.421,3.208,3.588,3.815,2.784,2.742,2.488,2.582,3.159,3.396,2.368,2.332,3.073,2.893,3.459,3.326,2.801,3.089,3.368,3.521,3.257,3.146,3.287,3.441,3.128,3.091,1.772,1.791,2.447,2.471,2.755,2.96,3.03,3.055,3.014,3.017,3.351,3.495,2.951,2.927,3.376,3.346,2.857,2.818,3.599,3.378,3.134,3.147,3.83,4.067,2.851,3.348,1267.0,1090.0,826.0,764.0,2415.0,1998.0,1674.0,1629.0,453.0,398.0,389.0,338.0,3469.0,3429.0,4874.0,5278.0,3691.0,3565.0,2623.0,2373.0,984.0,1051.0,5759.0,5070.0,2595.0,2570.0,3424.0,3449.0,1631.0,2013.0,3771.0,3473.0,1590.0,1619.0,658.0,770.0,1541.0,1537.0,649.0,817.0,1496.0,1328.0,1705.0,1562.0,4276.0,4083.0,1429.0,1280.0,4991.0,5050.0,3556.0,3845.0,653.0,797.0,5807.0,6060.0,7889.0,7768.0,4947.0,5131.0,3872.0,4145.0,4490.0,4149.0,502.0,490.0,484.0,342.0
A00081479,2.625,2.68,2.919,2.8,2.936,2.891,1.955,1.885,3.635,3.715,2.89,3.344,2.809,3.018,2.74,2.734,3.019,3.014,3.348,3.171,2.286,2.202,2.305,2.226,2.97,2.939,2.061,2.052,2.864,2.699,3.169,3.07,2.971,2.708,2.82,3.112,2.846,2.948,3.054,2.84,2.826,2.833,1.685,1.583,2.16,2.019,2.496,2.585,2.632,2.718,2.545,2.615,3.049,3.083,2.704,2.783,3.132,3.08,2.281,2.291,3.015,2.904,2.86,2.702,3.691,4.261,2.577,2.62,842.0,850.0,632.0,888.0,2028.0,1687.0,1743.0,1489.0,483.0,429.0,291.0,275.0,3272.0,2775.0,3682.0,5120.0,2908.0,2623.0,2255.0,2615.0,957.0,822.0,4501.0,5478.0,2518.0,2323.0,2880.0,2893.0,1724.0,1972.0,2823.0,2958.0,1521.0,1593.0,603.0,690.0,1458.0,1902.0,747.0,827.0,1953.0,1196.0,1307.0,1462.0,3997.0,3545.0,1229.0,1113.0,4814.0,4540.0,3305.0,3447.0,659.0,872.0,5076.0,5067.0,7540.0,6814.0,5613.0,5283.0,3494.0,4455.0,4012.0,3560.0,370.0,480.0,404.0,309.0
A00081517,2.439,2.645,2.54,2.851,2.603,2.558,1.84,1.956,3.259,2.948,2.871,2.749,2.605,2.799,2.532,2.482,2.79,2.566,2.979,3.061,2.738,2.448,2.212,2.398,2.73,2.845,1.984,1.838,2.452,2.534,2.933,3.004,2.843,2.749,2.708,2.779,2.736,2.72,2.873,2.724,2.421,2.411,1.432,1.349,2.146,2.267,2.818,2.86,2.6,2.689,2.54,2.48,2.88,2.881,2.372,2.481,2.833,2.7,2.354,2.451,2.892,2.779,2.667,2.612,3.567,3.694,2.67,2.63,754.0,591.0,404.0,590.0,1701.0,1489.0,1274.0,1321.0,329.0,448.0,251.0,227.0,2975.0,2600.0,3567.0,3901.0,2263.0,2349.0,1958.0,2062.0,774.0,666.0,4473.0,4356.0,2301.0,2092.0,2557.0,2158.0,1583.0,1632.0,2229.0,2607.0,1062.0,1307.0,592.0,542.0,1155.0,1333.0,708.0,776.0,1681.0,1273.0,1235.0,1116.0,3190.0,3030.0,843.0,878.0,4141.0,4065.0,2920.0,3138.0,545.0,682.0,4793.0,4594.0,6100.0,5910.0,4386.0,4199.0,2667.0,3389.0,2669.0,2424.0,381.0,411.0,451.0,234.0
A00081543,2.636,2.964,2.669,2.81,2.848,2.936,1.71,1.794,3.542,3.303,3.189,3.256,2.863,2.7,2.854,2.869,2.93,3.088,3.103,3.169,2.241,2.546,2.297,2.26,2.872,2.788,1.989,2.038,2.809,2.733,3.238,3.138,2.621,2.617,2.897,3.601,2.909,2.734,3.017,3.207,2.789,2.64,1.603,1.485,2.059,2.149,2.475,2.541,2.714,2.52,2.699,2.642,3.089,3.16,2.724,2.605,2.994,3.033,2.567,2.591,3.084,3.139,2.887,2.775,4.524,4.17,2.394,2.435,896.0,822.0,586.0,737.0,2199.0,2385.0,1498.0,1663.0,489.0,358.0,279.0,200.0,2804.0,2948.0,3809.0,4007.0,3329.0,3163.0,2321.0,2222.0,888.0,972.0,5118.0,5102.0,2253.0,2210.0,3513.0,3029.0,1419.0,1835.0,3543.0,3176.0,1208.0,1268.0,563.0,586.0,1222.0,1411.0,632.0,758.0,1519.0,1374.0,1566.0,1209.0,3776.0,3689.0,1112.0,956.0,4689.0,5057.0,4077.0,3967.0,572.0,727.0,5265.0,5861.0,6390.0,6205.0,4957.0,5417.0,3557.0,3766.0,3040.0,3232.0,464.0,387.0,450.0,349.0
A00081544,2.153,2.685,1.994,2.417,2.684,2.859,2.043,2.285,3.454,3.849,2.252,2.221,2.924,2.76,2.518,2.63,3.061,2.865,2.795,2.935,2.259,2.489,2.422,2.71,2.694,2.768,2.072,2.032,2.288,2.438,3.078,2.794,2.747,2.665,2.93,2.852,2.594,2.519,2.715,2.908,2.535,2.495,1.932,1.626,2.155,2.311,2.468,2.498,2.777,2.742,2.983,2.842,3.054,2.866,2.55,2.342,2.858,2.919,2.614,2.677,2.696,2.649,2.453,2.709,3.533,4.011,2.708,2.678,976.0,849.0,669.0,887.0,2522.0,2246.0,1463.0,1288.0,404.0,398.0,272.0,257.0,2770.0,2827.0,5338.0,5347.0,3407.0,2786.0,2336.0,2298.0,1134.0,1034.0,5360.0,4647.0,2885.0,3060.0,3326.0,2877.0,1995.0,2313.0,3515.0,2674.0,1363.0,1490.0,758.0,749.0,1299.0,1425.0,635.0,934.0,1493.0,982.0,1229.0,1192.0,4089.0,4128.0,1214.0,1226.0,5063.0,5154.0,3374.0,4062.0,705.0,825.0,6000.0,5998.0,7304.0,6421.0,6229.0,6229.0,3433.0,3893.0,3816.0,3586.0,428.0,511.0,462.0,278.0
A00081616,2.783,3.021,2.881,3.233,3.028,2.889,2.046,1.97,3.244,3.102,2.86,3.088,3.037,3.125,2.735,2.828,3.243,3.046,3.444,3.442,2.362,3.03,2.299,2.461,3.148,3.103,2.183,2.124,2.659,2.666,3.381,3.109,2.723,2.826,3.088,3.257,3.026,2.863,3.018,3.221,3.022,2.784,1.898,1.719,1.958,2.122,2.917,2.732,2.84,2.657,2.762,2.666,3.418,3.269,2.685,2.62,2.979,3.113,2.396,2.428,3.164,3.089,2.778,2.849,4.185,4.227,2.738,2.665,1087.0,851.0,480.0,580.0,1918.0,2023.0,1392.0,1468.0,438.0,468.0,286.0,243.0,3360.0,2912.0,4302.0,4828.0,2883.0,3007.0,2005.0,1984.0,811.0,629.0,4409.0,4202.0,2301.0,2219.0,2816.0,2557.0,1883.0,1808.0,2912.0,2879.0,1241.0,1473.0,704.0,618.0,1239.0,1261.0,587.0,671.0,1219.0,1059.0,1491.0,1146.0,3655.0,3531.0,922.0,1049.0,4778.0,5185.0,3515.0,3502.0,621.0,663.0,4640.0,4810.0,6699.0,6493.0,4891.0,4870.0,3123.0,3844.0,3435.0,3485.0,411.0,482.0,356.0,222.0
A00081719,2.694,2.756,2.602,2.707,2.412,2.387,1.731,1.775,3.517,3.037,2.475,2.905,2.813,3.008,2.562,2.505,2.875,3.279,3.132,3.389,2.748,2.567,2.397,2.382,3.224,3.071,1.89,1.972,2.779,2.75,3.002,2.916,2.216,2.129,2.829,3.086,2.671,2.985,2.905,2.819,2.391,2.449,1.497,1.574,1.86,1.878,2.656,2.675,2.215,2.398,2.437,2.544,3.141,3.334,2.423,2.349,2.63,2.573,2.211,2.175,2.747,2.917,2.729,2.589,3.377,4.221,2.139,1.919,932.0,777.0,656.0,603.0,2463.0,1965.0,1145.0,1180.0,439.0,466.0,281.0,236.0,3099.0,2960.0,3694.0,4798.0,2710.0,2738.0,2398.0,1953.0,720.0,824.0,4303.0,4920.0,1905.0,2102.0,2637.0,2953.0,1530.0,1611.0,3073.0,2756.0,1351.0,1603.0,616.0,587.0,1295.0,1170.0,544.0,697.0,1433.0,1015.0,1122.0,1050.0,3086.0,3366.0,1004.0,984.0,5072.0,4912.0,3164.0,3126.0,498.0,693.0,5405.0,4956.0,6837.0,6784.0,4012.0,4111.0,3362.0,3689.0,3214.0,2807.0,436.0,441.0,396.0,309.0
A00081721,2.262,2.664,2.302,2.36,2.546,2.557,1.837,1.688,3.771,3.576,2.69,2.826,2.63,2.679,2.258,2.354,2.553,2.703,2.851,2.912,2.164,2.14,2.032,2.065,2.654,2.458,1.882,1.943,2.362,2.127,2.745,2.666,2.37,2.448,2.297,2.621,2.415,2.63,2.66,2.763,2.271,2.53,1.387,1.426,1.969,1.928,2.311,2.159,2.429,2.472,2.381,2.314,2.427,2.678,2.277,2.361,2.721,2.64,2.193,2.204,2.619,2.498,2.247,2.371,3.699,3.235,2.272,2.171,804.0,653.0,704.0,565.0,2063.0,1923.0,1530.0,1619.0,427.0,406.0,326.0,264.0,3237.0,3175.0,4468.0,4581.0,3117.0,2977.0,2441.0,2313.0,1178.0,787.0,5181.0,5195.0,2475.0,2431.0,3428.0,3094.0,1890.0,2096.0,3068.0,2914.0,1285.0,1367.0,655.0,649.0,1630.0,1838.0,805.0,808.0,1408.0,1595.0,1899.0,1617.0,4171.0,4091.0,1071.0,1096.0,5301.0,4796.0,3565.0,3971.0,486.0,773.0,5983.0,6363.0,6724.0,7042.0,4777.0,4596.0,3459.0,3649.0,3170.0,3499.0,476.0,487.0,454.0,390.0
A00081724,2.75,2.777,2.69,2.531,2.685,2.601,1.998,1.848,3.68,3.733,2.79,2.595,2.981,2.988,2.673,2.654,2.803,2.762,2.95,3.256,2.285,2.559,2.344,2.274,2.837,3.053,2.056,2.066,2.72,2.666,3.055,2.968,2.626,2.539,3.116,2.988,2.883,2.738,2.887,2.895,2.785,2.529,1.567,1.482,2.056,2.057,2.586,2.688,2.641,2.661,2.486,2.475,3.016,3.096,2.498,2.5,2.723,2.725,2.196,2.287,3.0,3.011,2.577,2.568,3.821,4.244,2.018,2.382,1005.0,935.0,514.0,587.0,2179.0,2307.0,1540.0,1706.0,398.0,452.0,299.0,258.0,3079.0,3396.0,4520.0,5064.0,3532.0,3529.0,2581.0,2257.0,948.0,909.0,4976.0,6524.0,2847.0,2679.0,3246.0,3206.0,2023.0,2138.0,3722.0,3449.0,1195.0,1413.0,595.0,698.0,1211.0,1514.0,767.0,872.0,1330.0,1241.0,1631.0,1306.0,3800.0,3533.0,922.0,963.0,4794.0,4912.0,3517.0,3667.0,479.0,721.0,5491.0,4981.0,7472.0,7161.0,3900.0,4731.0,3826.0,4090.0,3956.0,3005.0,460.0,453.0,488.0,359.0
A00081725,2.73,2.37,2.497,2.532,2.732,2.74,1.97,1.705,3.641,3.588,2.853,3.138,2.994,2.972,2.748,2.725,3.048,2.984,3.054,2.989,2.444,2.297,2.295,2.301,2.865,2.693,1.956,2.063,2.902,3.183,2.816,3.031,2.634,2.465,2.965,3.179,2.632,2.738,2.985,2.932,2.656,2.796,1.705,1.737,2.188,2.063,2.206,2.476,2.483,2.528,2.705,2.497,3.108,2.874,2.693,2.592,2.87,2.843,2.3,2.359,2.439,2.656,2.952,2.667,3.673,3.083,2.395,1.93,742.0,538.0,405.0,431.0,1833.0,1674.0,1607.0,1454.0,466.0,332.0,193.0,254.0,1949.0,2600.0,3486.0,3680.0,1621.0,2988.0,2207.0,1565.0,813.0,753.0,4107.0,4497.0,1981.0,1550.0,2666.0,2775.0,1340.0,1188.0,1955.0,2628.0,1026.0,1273.0,455.0,561.0,1167.0,1658.0,483.0,461.0,963.0,1011.0,1532.0,1449.0,3570.0,3543.0,965.0,1043.0,4183.0,4445.0,3587.0,3801.0,225.0,509.0,3354.0,4154.0,6224.0,5440.0,4635.0,5473.0,2504.0,3076.0,3189.0,3033.0,397.0,320.0,401.0,301.0
A00081727,2.817,2.971,3.085,3.38,3.334,3.098,2.228,2.237,3.684,4.064,3.594,3.547,2.989,3.133,2.96,2.954,3.171,3.165,3.507,3.471,2.603,2.794,2.512,2.551,3.077,3.065,2.304,2.173,2.907,2.95,3.299,3.195,2.909,2.847,3.001,3.351,3.188,3.111,3.401,3.405,2.878,2.851,1.862,1.805,2.383,2.366,3.102,3.101,2.969,2.97,2.868,2.873,3.596,3.629,2.835,2.913,3.45,3.458,2.625,2.602,3.342,3.353,3.028,3.045,3.713,4.029,2.796,2.828,906.0,873.0,461.0,627.0,1921.0,1832.0,1249.0,1179.0,341.0,290.0,272.0,217.0,2956.0,3052.0,4556.0,4584.0,2691.0,3121.0,2002.0,1925.0,852.0,685.0,4630.0,4302.0,2366.0,2232.0,2967.0,2905.0,1784.0,1781.0,2992.0,2779.0,1318.0,1471.0,554.0,557.0,1258.0,1446.0,694.0,793.0,1279.0,1176.0,1273.0,1133.0,3617.0,3566.0,913.0,997.0,3953.0,4202.0,3322.0,3328.0,584.0,572.0,5958.0,5642.0,6666.0,6201.0,4981.0,4866.0,3482.0,3587.0,3181.0,3486.0,348.0,410.0,372.0,252.0
A00081729,2.656,2.646,2.196,2.278,2.668,2.568,1.73,1.745,3.594,3.993,2.655,2.56,2.863,3.057,2.684,2.62,3.08,3.088,3.155,3.178,2.225,2.292,2.373,2.402,2.86,3.045,2.03,1.956,2.809,2.756,2.866,2.91,2.041,2.352,2.719,3.107,2.941,2.867,2.847,2.814,2.579,2.676,1.637,1.659,2.091,1.893,2.535,2.507,2.44,2.545,2.648,2.425,2.816,3.06,2.44,2.465,2.784,2.729,2.602,2.557,2.73,2.846,2.687,2.582,4.021,4.325,2.408,2.252,922.0,905.0,697.0,775.0,2090.0,2603.0,1428.0,1706.0,519.0,447.0,348.0,326.0,3131.0,2927.0,3883.0,5307.0,3264.0,3339.0,2371.0,2644.0,1046.0,919.0,5074.0,5086.0,2336.0,2349.0,3076.0,2772.0,1913.0,1990.0,3227.0,3072.0,1551.0,1677.0,663.0,624.0,1137.0,1457.0,518.0,798.0,1321.0,1140.0,1411.0,1121.0,4348.0,3702.0,1115.0,1179.0,5926.0,5414.0,3509.0,3410.0,656.0,999.0,6202.0,6100.0,8074.0,7220.0,5544.0,4560.0,3362.0,3941.0,3776.0,3084.0,488.0,526.0,492.0,315.0
A00081734,2.858,2.806,2.634,2.571,2.772,2.628,1.841,1.831,3.512,3.566,2.601,2.726,3.104,3.104,2.772,2.852,3.044,3.085,3.16,3.283,2.979,2.765,2.539,2.492,2.922,3.041,2.083,2.099,2.639,2.781,3.082,3.132,2.666,2.731,3.27,3.3,3.068,2.98,2.974,3.157,2.691,2.643,1.79,1.85,2.212,2.144,2.502,2.408,2.674,2.769,2.543,2.538,3.219,3.202,2.518,2.513,2.865,2.925,2.349,2.523,2.901,3.066,2.819,2.788,3.921,3.785,2.431,2.683,1155.0,916.0,455.0,616.0,1796.0,1814.0,1557.0,1423.0,420.0,407.0,344.0,228.0,2566.0,2586.0,3456.0,4003.0,2945.0,2476.0,2019.0,1871.0,731.0,709.0,4036.0,4045.0,2556.0,2600.0,2707.0,2762.0,1787.0,1715.0,2984.0,2639.0,1326.0,1472.0,521.0,602.0,1082.0,1398.0,648.0,808.0,1306.0,1081.0,1278.0,1315.0,3577.0,3486.0,1098.0,939.0,4553.0,4932.0,3955.0,3902.0,598.0,683.0,5569.0,4823.0,7427.0,6896.0,5021.0,4892.0,3265.0,3765.0,3232.0,3320.0,480.0,516.0,385.0,267.0
A00081735,2.264,2.307,2.428,2.123,2.329,2.326,1.457,1.34,3.588,3.386,2.57,2.629,2.305,2.478,2.107,2.161,2.831,2.783,2.728,3.069,2.163,2.088,2.016,2.102,2.911,2.851,1.66,1.764,2.46,2.486,2.671,2.608,2.296,1.924,2.486,2.591,2.456,2.237,2.741,2.69,2.236,2.412,1.211,1.3,1.693,1.665,2.072,2.229,2.071,2.123,2.13,2.054,2.84,2.868,2.081,2.044,2.369,2.411,1.973,1.946,2.435,2.388,2.141,2.145,3.818,3.653,1.463,1.427,993.0,841.0,702.0,870.0,1851.0,1609.0,1530.0,1559.0,458.0,400.0,277.0,202.0,3204.0,2911.0,4228.0,5442.0,3520.0,3389.0,2532.0,2193.0,1025.0,977.0,4894.0,4632.0,2502.0,2478.0,3138.0,3262.0,1837.0,1901.0,3600.0,3308.0,1572.0,1573.0,712.0,762.0,1078.0,1086.0,666.0,754.0,1290.0,1033.0,1266.0,1131.0,4220.0,3833.0,1280.0,1017.0,4757.0,4691.0,3970.0,3972.0,516.0,843.0,5908.0,5330.0,7261.0,6757.0,5596.0,5343.0,3408.0,3779.0,4240.0,4191.0,422.0,437.0,460.0,323.0
A00081780,2.858,2.949,2.808,2.605,2.994,3.022,2.005,2.096,3.254,3.601,2.926,2.946,3.045,3.165,2.762,2.823,2.968,3.11,3.112,3.351,2.678,2.659,2.5,2.455,2.978,3.158,2.167,2.235,2.586,2.973,3.383,3.308,2.72,2.912,3.14,3.392,2.813,2.729,2.974,3.287,2.988,3.198,1.944,2.029,2.259,2.309,2.591,2.577,3.003,2.761,2.74,2.696,2.989,3.196,2.731,2.669,3.056,3.078,2.319,2.323,3.332,3.248,2.819,2.802,3.815,3.886,2.753,2.767,889.0,780.0,552.0,538.0,1913.0,1718.0,1417.0,1370.0,350.0,319.0,297.0,245.0,2871.0,2744.0,4597.0,4679.0,2818.0,2535.0,1990.0,2088.0,850.0,781.0,4690.0,4403.0,2178.0,1878.0,3504.0,3127.0,1547.0,1539.0,3135.0,2823.0,1158.0,1039.0,600.0,588.0,1199.0,1177.0,583.0,650.0,1423.0,989.0,1677.0,1644.0,3544.0,3372.0,996.0,1109.0,3792.0,4056.0,2917.0,3246.0,453.0,675.0,4350.0,4282.0,5711.0,5617.0,4458.0,4835.0,3278.0,3058.0,2729.0,3116.0,480.0,400.0,334.0,248.0
A00081785,2.688,2.728,2.157,2.709,2.538,2.664,1.644,2.03,3.421,3.5,2.666,2.702,2.867,2.757,2.553,2.575,3.073,3.111,3.015,3.296,2.136,2.202,2.215,2.356,2.829,3.095,2.092,1.994,2.451,2.798,3.082,2.927,2.792,2.951,2.913,2.724,3.084,2.796,3.024,3.078,2.683,2.498,1.779,1.548,2.098,2.16,2.238,1.847,2.886,2.671,2.637,2.634,3.101,3.046,2.638,2.339,2.867,2.897,2.488,2.399,2.798,2.802,2.606,2.701,3.818,4.103,2.684,2.57,1138.0,684.0,605.0,1019.0,2701.0,1851.0,1523.0,1285.0,597.0,480.0,276.0,257.0,3342.0,3479.0,4367.0,5492.0,3769.0,3160.0,2854.0,2755.0,931.0,621.0,4004.0,5047.0,2832.0,2778.0,2603.0,2767.0,2042.0,1939.0,3446.0,2933.0,1301.0,1459.0,578.0,646.0,1131.0,1695.0,729.0,952.0,1523.0,1373.0,1247.0,1229.0,3953.0,3674.0,942.0,1322.0,4565.0,4961.0,3458.0,3427.0,691.0,881.0,7174.0,6469.0,7821.0,7025.0,5481.0,5129.0,3815.0,4124.0,4925.0,3677.0,523.0,472.0,542.0,359.0
A00081794,2.869,2.743,2.776,2.525,2.639,2.613,1.823,1.747,3.735,4.052,2.589,2.655,2.804,3.109,2.74,2.676,2.938,2.857,3.471,3.424,2.21,2.251,2.37,2.385,2.958,3.037,2.006,1.995,2.941,2.84,2.99,3.051,2.583,2.45,2.795,3.271,2.993,2.845,3.278,3.206,2.86,2.658,1.864,1.726,2.172,2.108,2.434,2.469,2.636,2.679,2.606,2.563,3.062,3.47,2.486,2.57,2.895,2.919,2.335,2.474,3.046,3.135,2.665,2.644,3.958,4.277,2.434,2.233,1008.0,794.0,581.0,620.0,2098.0,2048.0,1416.0,1604.0,462.0,405.0,352.0,282.0,3274.0,3325.0,4300.0,5432.0,3219.0,3171.0,2222.0,2050.0,992.0,946.0,4982.0,4753.0,2602.0,2598.0,3022.0,3121.0,1990.0,1859.0,3191.0,3024.0,1251.0,1511.0,688.0,694.0,1122.0,1423.0,772.0,882.0,1268.0,1386.0,1341.0,1368.0,4147.0,4099.0,1298.0,1284.0,4828.0,4741.0,3692.0,3823.0,561.0,695.0,6001.0,5799.0,7460.0,6922.0,5027.0,4797.0,3349.0,3612.0,3795.0,3413.0,448.0,391.0,405.0,338.0
A00081805,2.992,3.184,3.244,2.855,2.789,2.92,2.274,2.247,3.53,3.971,3.089,2.711,3.254,3.273,3.028,3.156,3.253,3.292,3.313,3.5,2.642,2.66,2.597,2.686,3.174,3.406,2.402,2.277,2.86,2.945,3.451,3.361,2.901,2.798,3.255,3.024,2.95,3.101,3.173,3.356,3.055,2.968,1.76,1.942,2.249,2.387,2.853,2.834,2.842,2.802,3.054,2.902,3.518,3.506,2.826,2.785,3.18,3.139,2.67,2.639,3.296,3.435,3.076,2.885,3.779,4.156,2.991,3.119,1159.0,856.0,804.0,902.0,2087.0,2011.0,1666.0,1833.0,525.0,632.0,344.0,220.0,3209.0,3161.0,4482.0,5543.0,3480.0,3503.0,2534.0,2613.0,1209.0,971.0,5532.0,6261.0,2919.0,2520.0,3651.0,3556.0,1654.0,2188.0,3208.0,3248.0,1419.0,1907.0,689.0,716.0,1460.0,1414.0,804.0,950.0,2060.0,1486.0,1673.0,1532.0,4820.0,4675.0,1365.0,1498.0,5119.0,5216.0,4490.0,4021.0,577.0,969.0,7207.0,8176.0,7555.0,7663.0,5561.0,5846.0,3441.0,3752.0,4716.0,3853.0,534.0,475.0,413.0,304.0
A00081846,2.669,2.944,3.067,2.941,2.864,2.799,2.067,1.837,3.845,3.754,2.953,3.1,2.911,3.08,2.649,2.73,2.973,2.953,3.26,3.339,2.7,2.629,2.438,2.497,2.861,2.779,2.225,2.077,2.757,2.746,3.009,3.062,2.772,2.841,2.677,3.328,2.87,2.931,3.477,3.101,2.88,2.685,1.73,1.775,2.301,2.294,3.041,2.764,2.855,2.926,2.67,2.728,3.367,3.181,2.732,2.82,2.958,2.97,2.389,2.491,3.026,3.069,2.767,2.608,3.81,4.099,2.324,2.441,1218.0,990.0,692.0,585.0,1755.0,1412.0,1144.0,1209.0,307.0,289.0,313.0,226.0,2807.0,2881.0,4616.0,5152.0,3188.0,2713.0,2106.0,1981.0,1037.0,798.0,4250.0,3923.0,2220.0,2413.0,2517.0,2753.0,1550.0,1616.0,3241.0,2688.0,1254.0,1279.0,569.0,679.0,1257.0,1370.0,592.0,691.0,1165.0,914.0,986.0,1086.0,3325.0,3520.0,868.0,1085.0,4118.0,4628.0,3062.0,3462.0,558.0,657.0,4796.0,4338.0,5915.0,5639.0,4762.0,4245.0,3106.0,3770.0,3406.0,3672.0,407.0,422.0,383.0,270.0
A00081854,2.48,2.481,2.469,3.06,2.452,2.529,1.764,1.594,3.86,3.928,2.769,3.06,2.748,2.691,2.535,2.497,3.01,3.129,3.206,3.376,2.52,2.588,2.178,2.245,2.883,3.141,2.05,1.901,2.686,3.09,2.972,2.966,2.618,2.694,3.474,3.519,2.484,2.31,2.759,3.377,2.522,2.504,1.43,1.532,2.009,2.004,2.883,2.463,2.453,2.556,2.577,2.461,3.238,2.875,2.579,2.406,2.78,2.934,2.1,2.206,2.843,2.669,2.687,2.475,3.724,4.546,2.327,1.996,747.0,696.0,369.0,610.0,1740.0,1740.0,1467.0,1464.0,403.0,434.0,297.0,207.0,2536.0,2838.0,3773.0,4278.0,3155.0,2756.0,2098.0,1981.0,876.0,641.0,5180.0,4919.0,2307.0,2146.0,2862.0,2895.0,1646.0,1383.0,2702.0,2371.0,1201.0,1334.0,497.0,510.0,1161.0,1431.0,627.0,626.0,1323.0,1244.0,1264.0,1242.0,3601.0,3642.0,858.0,1014.0,4063.0,4052.0,2957.0,3292.0,554.0,604.0,4168.0,4392.0,5781.0,5320.0,4904.0,4753.0,2674.0,3232.0,3586.0,3082.0,465.0,374.0,437.0,267.0
A00081901,2.787,3.095,2.691,2.468,2.744,2.769,2.062,1.784,3.576,4.203,3.015,2.913,3.165,3.059,2.901,2.809,3.129,3.155,3.49,3.305,2.558,3.026,2.578,2.455,3.132,3.224,2.272,2.235,2.782,2.957,3.181,3.237,3.062,2.86,2.376,2.692,2.893,2.855,3.137,3.17,2.886,2.887,1.846,1.831,2.116,2.122,2.753,2.767,2.773,2.804,2.661,2.641,3.277,3.368,2.63,2.65,3.052,2.935,2.498,2.647,3.033,3.249,2.988,2.787,4.32,4.201,2.868,3.183,918.0,828.0,443.0,660.0,2536.0,2027.0,1255.0,1490.0,332.0,228.0,268.0,244.0,2559.0,2679.0,4048.0,4471.0,2716.0,3189.0,2064.0,2129.0,849.0,864.0,4815.0,4311.0,2402.0,2273.0,3032.0,3012.0,1759.0,1751.0,3170.0,2824.0,1097.0,1266.0,718.0,558.0,1425.0,1681.0,631.0,759.0,1721.0,1200.0,1485.0,1347.0,3235.0,3475.0,1016.0,990.0,4402.0,4413.0,3731.0,3556.0,562.0,567.0,5465.0,5103.0,6191.0,5360.0,4604.0,4822.0,3682.0,3494.0,3039.0,3047.0,382.0,324.0,411.0,337.0
A00081938,2.552,2.694,2.663,2.691,3.078,2.97,1.926,1.649,3.627,3.761,2.978,3.629,2.802,2.828,2.853,2.874,2.994,3.042,3.262,3.127,2.459,2.567,2.444,2.21,3.305,2.979,1.987,2.081,2.911,2.913,2.963,3.006,2.533,2.845,2.988,3.11,2.775,2.861,3.394,2.97,2.81,2.81,1.759,1.876,2.162,2.014,2.914,2.744,2.984,2.891,2.631,2.558,3.274,3.338,2.698,2.844,3.26,3.173,2.472,2.424,2.969,2.927,2.648,2.8,3.992,3.961,2.439,1.921,950.0,701.0,775.0,858.0,2707.0,2206.0,1897.0,1847.0,476.0,488.0,296.0,253.0,3339.0,3275.0,4048.0,5465.0,2988.0,2902.0,2271.0,2653.0,1306.0,1039.0,5400.0,6159.0,2351.0,2410.0,3859.0,3469.0,2007.0,1859.0,2882.0,2807.0,1339.0,1697.0,638.0,703.0,1150.0,1420.0,620.0,779.0,1611.0,1286.0,2369.0,2094.0,4393.0,4076.0,1225.0,1176.0,4485.0,5111.0,3879.0,3881.0,766.0,1044.0,6621.0,5835.0,6512.0,6766.0,4911.0,5322.0,3429.0,3497.0,3134.0,3436.0,441.0,482.0,439.0,350.0
A00081962,2.732,2.841,2.522,2.654,2.831,2.837,1.699,1.743,3.793,3.515,3.306,3.45,2.978,3.041,2.65,2.752,3.022,3.105,3.274,3.027,2.51,2.415,2.319,2.328,2.926,3.078,2.003,1.977,2.756,2.706,3.028,2.861,2.78,2.804,3.036,3.201,2.789,2.632,2.999,3.159,2.851,2.727,1.709,1.688,2.156,2.12,2.487,2.426,2.727,2.785,2.49,2.64,3.13,3.179,2.676,2.603,2.901,2.925,2.43,2.46,2.958,2.887,2.77,2.727,3.27,4.043,2.429,2.126,1051.0,780.0,547.0,680.0,2530.0,2283.0,1561.0,1761.0,443.0,400.0,254.0,199.0,2948.0,2890.0,4007.0,4777.0,2914.0,3242.0,2125.0,2246.0,849.0,992.0,4175.0,4978.0,2384.0,2314.0,3090.0,2834.0,2083.0,1967.0,3018.0,2887.0,1274.0,1399.0,697.0,644.0,1177.0,1267.0,515.0,731.0,1372.0,1082.0,1743.0,1599.0,3747.0,3673.0,1291.0,1174.0,4944.0,4806.0,3089.0,3313.0,506.0,613.0,5278.0,4654.0,7205.0,6422.0,4402.0,4814.0,3525.0,3929.0,3570.0,3019.0,466.0,451.0,403.0,291.0
A00081963,2.889,2.846,2.489,2.654,2.705,2.625,2.026,1.959,3.432,3.273,3.215,3.096,2.993,2.899,2.628,2.467,3.08,3.012,3.096,3.047,2.479,2.5,2.285,2.439,3.003,3.061,2.203,2.289,2.827,2.653,2.983,2.869,2.569,2.458,2.895,2.987,3.032,2.702,3.084,3.063,2.612,2.609,1.922,1.662,2.164,2.134,2.588,2.496,2.604,2.673,2.675,2.532,2.925,2.949,2.556,2.674,2.857,2.759,2.327,2.482,2.822,2.824,2.647,2.675,3.693,3.848,2.292,2.285,1060.0,963.0,384.0,837.0,2051.0,2284.0,1707.0,2122.0,587.0,564.0,373.0,320.0,3864.0,4224.0,5007.0,8147.0,4084.0,4621.0,2960.0,2867.0,1183.0,696.0,6608.0,5757.0,3074.0,2526.0,3960.0,3677.0,2175.0,2272.0,3818.0,3793.0,1577.0,1649.0,654.0,659.0,1304.0,1885.0,811.0,1041.0,1558.0,1479.0,1825.0,1349.0,5513.0,5706.0,1284.0,1430.0,6267.0,5808.0,4690.0,5576.0,543.0,938.0,7271.0,6703.0,9325.0,7890.0,6780.0,7415.0,3861.0,3878.0,5253.0,4264.0,568.0,472.0,489.0,403.0
A00082215,2.54,2.727,2.676,2.963,2.527,2.537,1.557,1.952,3.322,3.574,2.652,2.485,3.078,2.917,2.706,2.717,2.959,2.901,2.957,3.187,2.453,2.679,2.087,2.363,2.758,2.894,2.331,2.052,2.742,2.795,2.946,3.049,2.696,2.767,2.805,3.163,2.555,2.491,2.818,3.047,2.703,2.512,1.547,1.591,1.923,2.071,2.576,2.558,2.626,2.478,2.498,2.469,3.152,3.043,2.478,2.443,2.777,2.78,2.317,2.168,2.681,2.754,2.56,2.571,3.405,3.545,2.463,2.502,1088.0,819.0,580.0,631.0,2215.0,2041.0,1656.0,1574.0,406.0,417.0,283.0,237.0,3073.0,3385.0,4083.0,5574.0,2836.0,2703.0,2404.0,2370.0,930.0,908.0,5243.0,5203.0,2470.0,2373.0,3371.0,3351.0,1894.0,1814.0,3094.0,3174.0,1488.0,1461.0,635.0,639.0,1308.0,1681.0,538.0,730.0,1458.0,1260.0,1592.0,1509.0,4390.0,4502.0,1145.0,1091.0,4784.0,4819.0,3880.0,4002.0,423.0,884.0,4974.0,4734.0,7081.0,6884.0,5369.0,5855.0,3590.0,3951.0,4255.0,3789.0,445.0,486.0,476.0,330.0
A00082216,2.81,2.995,2.908,2.899,2.915,2.925,1.97,1.932,3.164,3.162,3.401,3.331,3.078,2.925,2.845,2.922,2.878,2.987,3.271,3.338,2.671,2.376,2.328,2.483,3.063,3.208,2.082,2.087,2.808,2.831,3.19,3.134,2.925,2.878,2.674,2.856,2.943,2.932,3.008,3.253,2.953,2.865,1.611,1.528,2.304,2.279,2.745,2.842,2.871,2.854,2.719,2.731,3.24,3.155,2.71,2.741,3.059,3.019,2.584,2.534,3.179,3.122,2.916,2.904,4.003,4.046,2.554,2.827,885.0,863.0,540.0,846.0,2212.0,1776.0,1409.0,1405.0,371.0,361.0,224.0,229.0,2507.0,2784.0,4533.0,4650.0,2685.0,2777.0,2138.0,1953.0,933.0,907.0,4691.0,4302.0,2382.0,2246.0,3198.0,2790.0,1726.0,1543.0,3180.0,2608.0,1216.0,1357.0,624.0,629.0,1227.0,1422.0,597.0,746.0,1419.0,1331.0,1347.0,1334.0,3428.0,3290.0,1302.0,1203.0,4419.0,4655.0,3220.0,3214.0,499.0,498.0,5500.0,5233.0,6635.0,6613.0,4644.0,5130.0,3254.0,3429.0,3086.0,2768.0,412.0,402.0,412.0,315.0
A00082442,2.387,2.754,2.555,2.547,2.555,2.501,1.871,1.799,3.651,3.771,2.738,2.901,2.792,2.884,2.581,2.607,2.831,2.864,3.168,3.16,2.528,2.186,2.3,2.323,2.808,2.737,1.88,2.043,2.77,2.578,2.948,2.922,2.499,2.339,3.091,3.046,2.562,2.403,2.864,2.854,2.34,2.414,1.414,1.657,2.041,2.066,2.492,2.68,2.557,2.557,2.422,2.41,3.02,3.128,2.371,2.544,2.638,2.536,2.075,2.321,2.82,2.844,2.492,2.644,4.304,3.905,2.247,2.063,1064.0,861.0,616.0,643.0,2116.0,1821.0,1466.0,1552.0,465.0,440.0,282.0,235.0,3124.0,3443.0,4086.0,5178.0,3187.0,3241.0,2210.0,2421.0,832.0,757.0,5561.0,4576.0,2680.0,2633.0,3158.0,2917.0,1753.0,1961.0,3207.0,3437.0,1467.0,1637.0,652.0,554.0,1134.0,1327.0,696.0,932.0,1537.0,1109.0,1400.0,1187.0,4022.0,3965.0,1235.0,1044.0,5047.0,4642.0,3312.0,3294.0,540.0,813.0,5651.0,5405.0,7483.0,7083.0,4704.0,4287.0,3865.0,4126.0,3834.0,3523.0,458.0,514.0,428.0,348.0
A00082524,2.381,2.497,2.872,2.38,2.616,2.576,1.936,1.725,3.252,3.212,2.553,2.858,2.89,2.743,2.479,2.645,2.714,2.851,3.118,3.151,2.488,2.611,2.236,2.158,2.919,2.995,1.896,1.997,2.521,2.569,2.775,2.814,2.779,2.67,3.184,3.559,2.877,2.392,2.807,2.944,2.688,2.579,1.613,1.847,2.02,1.839,2.526,2.587,2.437,2.425,2.661,2.543,3.118,2.983,2.419,2.242,2.717,2.692,2.191,2.108,2.701,2.504,2.622,2.51,3.51,4.046,2.22,2.478,1058.0,769.0,652.0,518.0,1598.0,1487.0,1533.0,1568.0,384.0,438.0,287.0,178.0,2517.0,2566.0,4111.0,4694.0,2669.0,2649.0,1761.0,1723.0,795.0,711.0,4142.0,4386.0,1886.0,1838.0,3139.0,2844.0,1557.0,1594.0,2758.0,2530.0,1096.0,1301.0,582.0,566.0,999.0,1565.0,510.0,574.0,1053.0,1066.0,1836.0,1550.0,3472.0,3316.0,819.0,1021.0,3868.0,3756.0,2629.0,2907.0,485.0,654.0,4709.0,4232.0,5159.0,6009.0,4716.0,4549.0,2969.0,2871.0,2883.0,2924.0,478.0,380.0,349.0,250.0
A00082529,2.426,2.736,2.62,2.898,2.606,2.657,1.755,1.915,3.725,3.901,2.871,2.756,2.842,2.947,2.574,2.525,3.009,2.967,3.208,3.246,2.428,2.64,2.365,2.331,2.902,2.909,2.013,2.062,2.542,2.833,2.863,2.836,2.65,2.713,2.979,2.891,2.778,2.72,3.161,2.986,2.67,2.498,1.576,1.549,2.012,2.02,2.759,2.503,2.648,2.537,2.526,2.505,3.196,2.923,2.53,2.421,2.907,2.908,2.418,2.293,3.015,2.95,2.517,2.569,3.388,3.885,2.118,2.613,790.0,889.0,430.0,449.0,2135.0,1975.0,1090.0,1386.0,480.0,444.0,251.0,198.0,2923.0,2840.0,3676.0,4885.0,2849.0,2880.0,2106.0,2023.0,987.0,786.0,4578.0,4282.0,2431.0,2269.0,3209.0,2954.0,1585.0,1749.0,2881.0,2535.0,1142.0,1385.0,576.0,640.0,1085.0,1259.0,587.0,689.0,1063.0,1009.0,1459.0,1067.0,4207.0,3304.0,1011.0,1145.0,4375.0,4526.0,3731.0,4047.0,515.0,634.0,5118.0,4955.0,6021.0,5678.0,4924.0,5097.0,3146.0,3208.0,3917.0,3376.0,419.0,440.0,427.0,289.0
A00082532,2.732,2.661,2.886,2.599,2.722,2.856,2.031,2.095,3.566,3.393,3.324,3.1,3.127,3.076,2.647,2.661,3.179,3.09,3.25,3.282,2.422,2.443,2.404,2.423,3.057,3.169,2.233,2.108,2.645,2.937,3.058,3.011,2.719,2.873,3.189,3.358,2.892,2.663,3.049,3.002,2.784,2.666,1.698,1.753,2.093,2.184,2.663,2.672,2.728,2.816,2.601,2.681,2.987,2.913,2.791,2.653,2.821,2.872,2.483,2.445,3.056,3.037,2.805,2.847,3.863,3.749,2.526,2.385,1062.0,943.0,616.0,547.0,2248.0,1933.0,1562.0,1611.0,466.0,444.0,333.0,240.0,3086.0,3704.0,4839.0,6184.0,3023.0,3371.0,2369.0,2358.0,1121.0,863.0,5375.0,5101.0,2616.0,2621.0,3261.0,2849.0,1896.0,1787.0,3523.0,3048.0,1351.0,1473.0,660.0,665.0,1298.0,1581.0,725.0,857.0,1804.0,1496.0,1274.0,1406.0,4232.0,4277.0,1255.0,1364.0,4821.0,4897.0,4152.0,3870.0,508.0,965.0,5213.0,5340.0,7194.0,7231.0,5647.0,5603.0,3626.0,3903.0,3441.0,3479.0,422.0,492.0,399.0,301.0
A00082554,2.709,2.9,2.399,2.434,3.036,2.978,1.849,1.913,3.541,3.432,3.203,2.889,3.1,3.03,2.926,2.879,3.08,3.134,3.228,3.253,2.384,2.335,2.41,2.436,3.039,2.878,2.245,2.244,2.877,2.623,3.292,3.187,2.753,2.805,2.59,2.601,3.004,3.033,3.118,3.241,3.0,2.859,1.669,1.761,2.406,2.243,2.638,2.609,2.904,2.905,2.69,2.707,2.857,2.949,2.769,2.842,3.054,3.101,2.546,2.535,3.14,3.167,2.873,2.882,4.339,4.154,2.965,2.666,801.0,963.0,514.0,611.0,2307.0,2123.0,1362.0,1450.0,399.0,505.0,287.0,276.0,2684.0,2629.0,4447.0,5995.0,3300.0,2822.0,2648.0,2306.0,1030.0,1019.0,4897.0,4419.0,2627.0,2541.0,2602.0,2811.0,1743.0,1943.0,3130.0,2597.0,1412.0,1611.0,612.0,749.0,1440.0,1824.0,714.0,835.0,1558.0,1332.0,1164.0,1023.0,3919.0,3727.0,1268.0,1188.0,4746.0,5124.0,3906.0,3751.0,627.0,696.0,5236.0,4860.0,6524.0,6948.0,6128.0,6134.0,3247.0,3840.0,4098.0,3522.0,370.0,429.0,440.0,312.0
A00082556,2.557,2.826,2.769,2.644,2.734,2.854,1.719,1.621,3.494,3.605,3.006,3.155,3.034,3.177,2.632,2.661,3.02,3.13,3.167,3.246,2.309,2.08,2.317,2.345,2.999,3.119,2.044,1.912,2.675,2.635,3.176,3.13,2.624,2.678,2.697,2.944,2.751,2.695,3.009,3.161,2.652,2.573,1.627,1.699,2.011,2.103,2.319,2.495,2.608,2.471,2.504,2.507,3.129,3.144,2.657,2.539,2.889,2.883,2.323,2.23,3.061,3.052,2.715,2.903,4.002,4.35,2.317,2.708,956.0,914.0,590.0,687.0,2796.0,1980.0,1642.0,1566.0,502.0,449.0,292.0,207.0,3280.0,3155.0,4491.0,5614.0,3289.0,3450.0,2426.0,2482.0,893.0,917.0,5820.0,5963.0,2427.0,2396.0,3372.0,3804.0,2197.0,2133.0,3473.0,3123.0,1696.0,1695.0,657.0,733.0,1245.0,1403.0,663.0,854.0,1586.0,1230.0,1549.0,1441.0,4372.0,4052.0,1102.0,968.0,5406.0,5566.0,3511.0,3823.0,633.0,906.0,6821.0,6417.0,8529.0,7958.0,4816.0,4579.0,3684.0,3761.0,3645.0,3111.0,465.0,401.0,487.0,307.0
A00082563,2.54,2.706,2.621,2.368,2.711,2.621,1.885,1.74,3.4,3.065,2.898,2.671,2.812,2.803,2.694,2.483,2.861,2.939,3.125,2.946,2.312,2.539,2.394,2.177,2.759,3.019,2.001,2.098,2.466,2.465,2.909,2.843,2.448,2.244,2.888,3.139,2.588,2.552,2.793,2.958,2.601,2.557,1.518,1.518,1.955,1.944,2.345,2.594,2.201,2.204,2.487,2.421,2.905,3.004,2.466,2.366,2.751,2.752,2.278,2.207,2.831,2.896,2.644,2.443,4.115,4.013,2.025,1.898,976.0,885.0,510.0,775.0,2118.0,2032.0,1530.0,1655.0,512.0,490.0,218.0,230.0,3139.0,3139.0,4314.0,4837.0,3435.0,3336.0,2282.0,2421.0,875.0,824.0,4593.0,4422.0,2616.0,2363.0,3002.0,2812.0,2067.0,1596.0,3396.0,3070.0,1330.0,1464.0,557.0,548.0,1404.0,1678.0,535.0,858.0,1478.0,1395.0,1480.0,1217.0,3861.0,4267.0,1146.0,1124.0,4872.0,4517.0,3214.0,3660.0,514.0,573.0,4987.0,4945.0,6353.0,6235.0,4890.0,4973.0,3347.0,3142.0,3308.0,3420.0,479.0,544.0,355.0,299.0
A00082580,2.902,3.053,2.639,2.484,2.693,2.744,2.165,2.127,3.326,3.749,3.343,3.143,2.988,2.939,2.876,2.821,3.063,3.088,3.257,3.283,2.612,2.31,2.385,2.608,2.864,2.975,2.156,2.141,2.756,2.833,3.242,3.185,2.618,2.852,2.951,3.424,2.671,2.832,2.601,3.277,2.625,2.676,1.807,1.773,2.286,2.322,2.59,2.585,2.733,2.817,2.721,2.68,3.213,2.958,2.646,2.681,2.862,2.94,2.375,2.338,3.188,3.36,2.808,2.858,3.952,4.568,2.612,2.777,888.0,858.0,525.0,604.0,1777.0,1906.0,1365.0,1328.0,476.0,303.0,267.0,250.0,2444.0,3160.0,4177.0,5027.0,2994.0,3334.0,2380.0,2477.0,900.0,841.0,5256.0,4789.0,2564.0,2451.0,3482.0,2666.0,2025.0,1729.0,3236.0,2956.0,1251.0,1471.0,583.0,639.0,1416.0,1111.0,571.0,709.0,1408.0,1289.0,1606.0,1370.0,3783.0,4165.0,1234.0,1223.0,4429.0,4392.0,3144.0,3477.0,487.0,820.0,5132.0,4938.0,7616.0,6928.0,4664.0,4400.0,3365.0,3679.0,3978.0,3624.0,440.0,429.0,386.0,285.0
A00082590,2.823,2.67,2.852,2.797,2.837,2.639,2.022,1.975,3.95,4.202,2.811,2.864,3.069,3.214,2.766,2.597,2.874,2.92,3.265,3.103,2.7,2.753,2.436,2.384,2.893,3.201,2.146,2.025,2.79,2.962,2.823,2.941,2.929,2.692,3.36,3.546,2.704,2.791,3.125,3.145,2.528,2.607,1.548,1.584,2.14,1.975,2.678,2.605,2.541,2.779,2.685,2.655,3.127,3.254,2.437,2.551,2.927,2.794,2.321,2.56,2.761,2.891,2.944,2.553,3.93,3.967,2.624,2.205,808.0,739.0,523.0,667.0,1595.0,1898.0,1072.0,1178.0,509.0,354.0,243.0,214.0,2711.0,2688.0,3818.0,4341.0,2695.0,2749.0,2134.0,2049.0,762.0,645.0,4016.0,4031.0,2304.0,1891.0,2372.0,2268.0,1605.0,1562.0,2652.0,2530.0,1137.0,1250.0,547.0,590.0,994.0,1564.0,638.0,677.0,1067.0,1142.0,1032.0,919.0,3419.0,3473.0,1086.0,920.0,4165.0,4360.0,3136.0,3118.0,509.0,576.0,4685.0,4138.0,5802.0,5643.0,4184.0,4773.0,3147.0,3289.0,2912.0,3411.0,418.0,368.0,334.0,306.0
A00082619,2.583,2.859,2.835,2.805,2.691,2.673,1.914,2.008,3.438,3.54,3.012,2.829,2.86,3.02,2.56,2.632,3.135,2.96,3.123,3.111,2.441,2.513,2.387,2.385,2.933,3.158,2.05,2.07,2.945,2.917,3.094,3.126,2.476,2.481,3.226,3.42,2.7,2.651,3.047,2.851,2.643,2.524,1.805,1.748,2.017,2.003,2.679,2.71,2.458,2.598,2.688,2.591,3.274,2.916,2.559,2.45,2.91,2.753,2.329,2.243,2.887,3.087,2.656,2.556,4.237,4.126,2.58,2.46,838.0,979.0,749.0,615.0,2817.0,1859.0,1916.0,1828.0,678.0,506.0,304.0,256.0,3176.0,3060.0,4409.0,5313.0,2960.0,3292.0,2611.0,2555.0,1301.0,963.0,5708.0,5125.0,2753.0,2650.0,3230.0,3306.0,1629.0,2097.0,3222.0,3263.0,1343.0,1361.0,592.0,726.0,1580.0,1834.0,801.0,925.0,1583.0,1357.0,1668.0,1544.0,4400.0,4013.0,918.0,1105.0,4610.0,4812.0,3731.0,4262.0,450.0,863.0,5890.0,5421.0,6992.0,6920.0,5144.0,4478.0,4558.0,4447.0,4415.0,4313.0,508.0,504.0,685.0,424.0
A00082635,2.818,2.79,2.677,2.61,2.585,2.534,2.149,1.983,3.703,3.62,2.964,3.467,2.765,2.875,2.699,2.522,2.977,2.928,3.091,3.116,2.355,2.645,2.313,2.356,2.853,2.694,2.068,2.101,2.65,2.577,2.863,3.042,2.569,2.394,3.029,3.007,2.72,2.751,2.81,3.108,2.579,2.564,1.551,1.597,2.036,1.971,2.394,2.519,2.365,2.581,2.53,2.573,2.849,2.986,2.464,2.55,2.754,2.73,2.162,2.23,2.93,2.833,2.574,2.672,3.223,3.882,2.464,2.491,871.0,789.0,458.0,741.0,2089.0,1946.0,1637.0,1768.0,434.0,391.0,251.0,219.0,2758.0,2831.0,4055.0,4682.0,2969.0,3137.0,2153.0,2051.0,1026.0,893.0,4442.0,4596.0,2264.0,2333.0,3345.0,3173.0,1638.0,1708.0,2896.0,2668.0,1204.0,1492.0,543.0,633.0,1177.0,1391.0,548.0,718.0,1282.0,1035.0,1551.0,1381.0,3495.0,3609.0,1102.0,1017.0,5031.0,4996.0,3279.0,3452.0,573.0,673.0,5214.0,4600.0,7283.0,6527.0,4971.0,4539.0,3301.0,3748.0,4142.0,3462.0,395.0,377.0,491.0,339.0
A00082781,2.62,2.643,2.72,2.657,2.69,2.633,1.861,1.858,3.391,3.384,3.197,3.185,2.854,2.776,2.734,2.589,2.977,2.963,2.922,3.201,2.44,2.972,2.357,2.427,2.695,2.8,1.873,1.999,2.602,2.68,2.998,3.009,2.477,2.47,3.125,3.236,2.63,2.645,2.863,3.065,2.654,2.522,1.514,1.505,2.103,2.02,2.732,2.64,2.408,2.475,2.485,2.706,3.252,2.936,2.459,2.471,2.784,2.821,2.23,2.343,2.771,2.772,2.783,2.631,3.602,4.028,2.302,2.08,896.0,828.0,485.0,626.0,2420.0,2507.0,1694.0,1640.0,493.0,492.0,282.0,248.0,2564.0,2533.0,3839.0,4440.0,2941.0,3010.0,2415.0,2228.0,867.0,644.0,4835.0,4833.0,2509.0,2311.0,2963.0,3311.0,1703.0,1752.0,3126.0,2599.0,1342.0,1635.0,600.0,708.0,1501.0,1375.0,625.0,810.0,1441.0,1411.0,1577.0,1460.0,4240.0,4205.0,894.0,1040.0,5082.0,5086.0,3534.0,3481.0,482.0,719.0,5411.0,5516.0,7017.0,6481.0,5086.0,5148.0,3326.0,3522.0,3436.0,3537.0,443.0,400.0,492.0,389.0
A00082804,2.827,2.854,2.474,2.303,2.656,2.693,1.9,1.783,3.585,4.081,2.865,2.727,3.094,3.069,2.567,2.615,3.048,3.184,3.23,3.118,2.421,2.515,2.46,2.487,3.038,3.2,2.107,2.092,2.743,2.777,2.965,2.87,2.599,2.911,3.125,2.86,2.942,3.044,2.999,3.06,2.752,2.72,1.529,1.722,2.112,2.014,2.628,2.362,2.739,2.752,2.574,2.556,2.771,3.048,2.664,2.648,2.836,2.809,2.307,2.305,3.01,2.893,2.691,2.718,3.632,4.176,2.728,2.572,1223.0,802.0,759.0,698.0,2288.0,2306.0,1580.0,1452.0,437.0,375.0,344.0,301.0,3208.0,3248.0,5404.0,5581.0,3150.0,3310.0,2437.0,2640.0,899.0,882.0,4927.0,4716.0,2547.0,2074.0,3404.0,3031.0,2030.0,1778.0,3423.0,3316.0,1371.0,1331.0,671.0,666.0,1153.0,1615.0,730.0,839.0,1320.0,1201.0,1553.0,1401.0,3893.0,3755.0,1320.0,1308.0,4662.0,4717.0,3508.0,3971.0,595.0,760.0,5925.0,5716.0,7370.0,7494.0,4898.0,4632.0,3894.0,3793.0,3400.0,3699.0,480.0,489.0,460.0,324.0
A00082805,3.115,3.409,2.725,2.514,3.133,3.197,2.176,2.14,3.506,3.884,3.851,3.322,3.304,3.302,2.963,3.056,3.272,3.307,3.666,3.629,2.692,2.648,2.521,2.612,3.203,3.342,2.397,2.393,2.967,3.063,3.663,3.466,3.159,3.263,3.275,3.174,3.33,3.29,3.286,3.446,3.309,3.159,1.625,1.696,2.383,2.429,2.964,3.113,2.891,2.878,2.967,3.242,3.641,3.618,2.89,2.978,3.38,3.366,2.664,2.598,3.634,3.409,2.83,2.807,3.482,3.959,3.14,3.127,1175.0,1100.0,627.0,680.0,2854.0,2480.0,1393.0,1471.0,377.0,297.0,314.0,246.0,2845.0,2945.0,5207.0,5899.0,2981.0,3542.0,2190.0,2349.0,984.0,804.0,5220.0,4547.0,2571.0,2375.0,2742.0,2613.0,1938.0,1814.0,3441.0,3378.0,1429.0,1536.0,643.0,705.0,1319.0,1733.0,747.0,881.0,1313.0,1259.0,1261.0,1015.0,4191.0,4334.0,1186.0,1189.0,5219.0,5478.0,3894.0,3708.0,622.0,754.0,7189.0,6747.0,7631.0,7307.0,5673.0,5524.0,4063.0,4096.0,4812.0,4810.0,417.0,433.0,442.0,355.0
A00082807,2.619,2.705,3.193,2.691,3.008,2.909,2.077,1.915,3.265,3.383,3.056,3.333,2.975,2.932,2.792,2.788,3.002,3.084,3.365,3.298,2.296,2.756,2.392,2.393,3.022,2.985,2.176,2.206,2.814,2.809,3.079,3.006,2.816,2.893,3.402,3.555,3.065,3.045,2.96,3.112,2.899,2.791,1.512,1.637,2.413,2.261,2.762,2.724,2.859,2.795,2.808,2.858,3.239,3.04,2.631,2.7,3.134,3.044,2.56,2.607,3.088,3.057,2.885,2.869,3.836,3.819,2.666,2.601,1079.0,951.0,694.0,828.0,2779.0,2395.0,1398.0,1742.0,626.0,472.0,304.0,229.0,3010.0,3310.0,3764.0,6232.0,3607.0,4180.0,2297.0,2154.0,992.0,766.0,4974.0,5230.0,2506.0,2873.0,3450.0,2893.0,1785.0,1737.0,3799.0,3209.0,1557.0,1555.0,572.0,716.0,1265.0,1906.0,751.0,1068.0,1243.0,1479.0,1485.0,1146.0,4565.0,3499.0,1089.0,1143.0,4705.0,4604.0,3466.0,3531.0,600.0,982.0,6724.0,6654.0,7517.0,7604.0,5346.0,5332.0,3670.0,3466.0,4008.0,3568.0,536.0,450.0,394.0,307.0
A00082942,2.538,2.718,2.434,2.37,2.84,2.851,1.849,2.05,3.492,3.37,2.815,2.988,3.051,3.123,2.732,2.726,3.269,3.23,3.273,3.266,2.722,2.518,2.508,2.561,3.145,3.262,2.162,2.102,2.808,2.872,3.204,2.98,3.0,2.844,2.716,3.178,2.996,2.925,2.925,3.215,2.967,2.739,1.891,1.851,2.075,2.198,2.505,2.738,2.861,2.853,2.718,2.739,3.442,2.993,2.566,2.639,3.011,2.998,2.549,2.5,2.988,3.164,2.853,2.836,3.996,3.291,2.533,2.442,1195.0,889.0,588.0,642.0,1662.0,1543.0,1295.0,1463.0,446.0,380.0,288.0,212.0,2857.0,2973.0,3917.0,4471.0,2960.0,2820.0,2078.0,2317.0,976.0,876.0,4854.0,4275.0,2147.0,1845.0,2710.0,2885.0,1682.0,1597.0,3179.0,2686.0,1231.0,1260.0,708.0,709.0,1015.0,1223.0,680.0,727.0,1493.0,1348.0,1431.0,1310.0,3704.0,3442.0,1175.0,1138.0,4125.0,4506.0,3438.0,3441.0,509.0,944.0,5010.0,5053.0,6100.0,6810.0,5030.0,4816.0,3296.0,3505.0,3201.0,3452.0,402.0,426.0,411.0,283.0
A00082943,3.037,3.202,3.31,2.776,2.994,2.876,2.484,2.267,3.87,4.036,3.609,3.766,3.265,3.208,3.057,2.91,3.191,3.173,3.606,3.658,2.83,2.842,2.341,2.519,3.354,3.031,2.47,2.623,2.801,3.192,3.421,3.765,3.178,3.245,3.568,3.734,3.075,3.193,3.277,3.351,3.226,3.267,2.075,2.221,2.553,2.412,2.959,2.822,2.865,3.131,3.003,2.98,3.599,3.293,2.745,2.757,3.425,3.299,2.498,2.677,3.67,3.573,3.34,3.271,4.489,4.207,3.506,3.248,997.0,927.0,575.0,559.0,1973.0,1992.0,1227.0,1220.0,303.0,254.0,248.0,211.0,2591.0,2536.0,3868.0,4669.0,2905.0,3281.0,2122.0,2000.0,912.0,868.0,5150.0,4790.0,2157.0,2306.0,2976.0,2535.0,1478.0,1435.0,3337.0,3038.0,1106.0,1452.0,528.0,569.0,1361.0,1541.0,699.0,696.0,1364.0,1421.0,1347.0,1140.0,3640.0,3555.0,1148.0,1113.0,4683.0,4246.0,3306.0,3374.0,419.0,700.0,4978.0,4976.0,6222.0,6151.0,5388.0,5040.0,3468.0,3467.0,3421.0,3199.0,374.0,382.0,406.0,301.0
A00082945,3.343,3.488,2.884,2.245,3.202,3.04,2.285,2.016,4.117,3.531,3.031,3.319,3.149,3.327,3.303,3.123,3.324,3.255,3.559,3.71,2.5,2.621,2.358,2.441,3.239,3.126,2.337,2.395,2.87,3.101,3.591,3.558,3.124,3.161,3.136,3.404,3.248,3.412,3.329,3.462,2.977,3.27,1.755,1.803,2.546,2.463,2.858,2.981,2.922,3.054,3.095,3.056,3.081,3.646,2.759,3.028,3.376,3.243,2.694,2.654,3.294,3.459,3.355,3.108,3.72,4.317,2.866,3.069,911.0,929.0,538.0,611.0,1786.0,1723.0,1514.0,1509.0,325.0,329.0,368.0,263.0,3052.0,2907.0,3848.0,4734.0,2587.0,3521.0,2103.0,2044.0,872.0,897.0,5322.0,4644.0,2584.0,2437.0,2851.0,2925.0,1788.0,1675.0,3083.0,2830.0,1049.0,1177.0,506.0,574.0,1455.0,1796.0,691.0,806.0,1450.0,1503.0,1525.0,1399.0,3899.0,3871.0,1129.0,1235.0,4516.0,4398.0,3296.0,3527.0,504.0,620.0,5206.0,5370.0,6787.0,6395.0,4677.0,4774.0,3605.0,3677.0,3913.0,3996.0,466.0,432.0,514.0,397.0
A00082969,3.048,3.144,2.506,2.525,2.984,3.109,1.945,1.961,3.574,3.867,3.019,3.1,2.977,2.983,2.715,2.796,3.099,3.119,3.205,3.436,2.659,2.991,2.347,2.504,2.954,3.158,2.102,2.019,2.43,2.89,3.413,3.221,2.674,2.995,3.077,3.154,3.021,2.97,3.069,3.395,2.86,2.802,1.806,1.804,2.1,2.272,2.634,2.355,3.01,2.847,2.629,2.652,3.046,3.332,2.804,2.589,3.092,3.148,2.527,2.258,3.299,3.074,2.777,2.948,3.808,4.414,2.589,2.722,954.0,1004.0,583.0,601.0,1922.0,1882.0,1921.0,1924.0,377.0,372.0,338.0,242.0,3369.0,3045.0,4858.0,6739.0,2973.0,3421.0,2198.0,2055.0,1052.0,995.0,5715.0,5574.0,2763.0,2604.0,3364.0,2919.0,1880.0,1822.0,3103.0,3155.0,1268.0,1289.0,620.0,639.0,1269.0,1760.0,673.0,880.0,1205.0,1392.0,1581.0,1521.0,4223.0,3993.0,1179.0,1111.0,5030.0,5058.0,3860.0,4101.0,651.0,827.0,5024.0,5212.0,6058.0,6563.0,5733.0,6307.0,3506.0,3390.0,3665.0,3616.0,519.0,427.0,375.0,297.0
A00082987,3.111,3.065,2.899,2.485,3.038,2.907,2.211,2.091,3.158,3.344,2.638,2.854,3.08,3.088,2.668,2.906,3.049,3.069,3.406,3.433,2.572,2.622,2.463,2.636,3.083,3.047,2.35,2.292,2.703,2.694,3.357,3.183,3.01,2.932,3.089,3.321,3.094,3.117,2.97,3.232,2.783,2.849,1.784,1.973,2.174,2.182,2.726,2.665,2.968,2.86,2.826,2.737,3.202,2.96,2.791,2.701,3.221,3.187,2.467,2.455,3.258,3.172,2.786,2.865,3.608,4.169,2.921,2.694,1549.0,1309.0,752.0,1118.0,2987.0,3120.0,1908.0,1942.0,714.0,475.0,409.0,285.0,3591.0,3556.0,6017.0,7300.0,3561.0,3737.0,3040.0,3057.0,1296.0,1141.0,6321.0,5940.0,3155.0,2978.0,4193.0,3557.0,1921.0,2347.0,4086.0,3716.0,1743.0,1748.0,726.0,744.0,1575.0,1936.0,1017.0,1076.0,1699.0,1988.0,2025.0,1790.0,4953.0,4645.0,1755.0,1510.0,5600.0,5438.0,4912.0,4745.0,913.0,1120.0,9260.0,9332.0,8700.0,8337.0,6403.0,6455.0,4913.0,5515.0,5746.0,4813.0,560.0,442.0,466.0,424.0
A00083109,2.462,2.533,2.243,2.24,2.664,2.7,2.121,1.914,3.263,3.725,2.795,3.172,2.988,2.952,2.464,2.414,2.995,2.843,3.134,3.14,2.299,2.429,2.168,2.344,3.045,2.999,1.958,1.92,2.845,2.639,3.026,2.977,2.599,2.621,2.664,2.701,2.803,2.847,3.084,3.012,2.523,2.63,1.832,1.774,2.094,2.017,2.516,2.413,2.443,2.452,2.488,2.414,2.885,2.703,2.499,2.371,2.951,2.938,2.265,2.413,2.813,2.916,2.635,2.669,3.838,3.933,2.326,2.32,1299.0,786.0,813.0,920.0,2216.0,2235.0,1915.0,1868.0,538.0,544.0,341.0,290.0,3554.0,4009.0,4741.0,5535.0,3363.0,3420.0,2300.0,2252.0,1132.0,934.0,5106.0,5313.0,2588.0,2427.0,3654.0,3560.0,2104.0,2089.0,3454.0,3323.0,1158.0,1436.0,610.0,575.0,1512.0,1484.0,694.0,873.0,2072.0,1441.0,1928.0,1837.0,3854.0,4119.0,1264.0,1147.0,4580.0,4798.0,3790.0,3761.0,792.0,888.0,5621.0,5932.0,6231.0,6092.0,5317.0,5337.0,3773.0,3995.0,3898.0,3665.0,478.0,519.0,438.0,326.0
A00083138,2.63,2.665,2.839,2.28,2.581,2.284,1.931,1.828,3.493,3.392,2.891,2.932,2.725,3.027,2.645,2.391,2.912,3.069,3.105,2.995,2.257,2.304,2.43,2.341,2.994,2.965,1.974,2.089,2.646,2.801,2.885,3.02,2.635,2.694,3.038,3.038,2.712,2.89,3.003,2.858,2.504,2.5,1.587,1.856,2.335,2.119,2.608,2.523,2.467,2.715,2.678,2.536,2.942,2.781,2.408,2.597,2.74,2.772,2.046,2.175,2.684,2.939,2.674,2.433,4.215,3.897,2.581,2.329,1069.0,796.0,432.0,614.0,1748.0,1609.0,1213.0,1288.0,585.0,562.0,280.0,227.0,3220.0,3191.0,4322.0,6421.0,3288.0,3366.0,3012.0,2861.0,909.0,914.0,4214.0,4701.0,2978.0,2451.0,2324.0,2425.0,1837.0,1826.0,3390.0,2948.0,1287.0,1276.0,610.0,750.0,1206.0,1614.0,781.0,922.0,1936.0,1474.0,1131.0,896.0,4196.0,4068.0,1078.0,907.0,4946.0,4702.0,3900.0,4077.0,632.0,799.0,5697.0,5611.0,6883.0,6839.0,5683.0,6074.0,4014.0,4140.0,4161.0,3574.0,610.0,533.0,442.0,359.0
A00083142,2.738,2.779,3.112,2.409,2.957,2.76,1.883,1.917,3.612,3.516,2.716,2.678,2.948,3.069,2.833,2.726,3.049,3.316,3.29,3.418,2.304,2.454,2.387,2.421,2.974,3.189,2.001,2.159,2.837,2.814,2.948,3.065,2.936,2.826,3.279,3.145,2.889,2.695,2.948,3.05,2.666,2.898,1.601,1.735,2.211,2.259,2.789,2.702,2.771,2.868,2.683,2.612,3.067,3.487,2.501,2.711,2.939,2.954,2.36,2.438,2.962,2.941,2.88,2.758,3.629,4.071,2.888,2.76,837.0,784.0,602.0,564.0,1833.0,1730.0,1179.0,1246.0,441.0,404.0,319.0,213.0,2315.0,2331.0,4127.0,4801.0,2933.0,3032.0,2176.0,1845.0,816.0,782.0,3626.0,3903.0,2218.0,2055.0,2040.0,1920.0,1293.0,1512.0,3278.0,2645.0,1197.0,1147.0,525.0,505.0,1416.0,1421.0,571.0,727.0,1473.0,1099.0,1094.0,902.0,3416.0,3364.0,972.0,936.0,4202.0,4110.0,3113.0,3295.0,414.0,595.0,4746.0,4323.0,6729.0,6062.0,4520.0,4503.0,3135.0,3362.0,3445.0,3577.0,414.0,309.0,350.0,254.0
A00083162,2.866,2.88,2.832,2.931,2.976,3.027,2.124,2.201,3.089,3.734,3.333,3.124,3.166,3.011,2.786,2.747,3.065,3.017,3.099,3.339,2.475,2.607,2.647,2.558,3.056,3.044,2.383,2.319,2.624,2.732,3.071,3.156,2.882,3.184,3.172,2.817,3.154,3.119,3.064,3.056,2.812,2.822,1.684,1.987,2.429,2.402,2.808,2.717,2.906,2.968,2.938,2.714,3.181,3.13,2.761,2.762,3.098,3.055,2.498,2.494,3.345,3.315,2.967,2.97,3.559,3.335,2.791,2.791,1196.0,1092.0,693.0,896.0,1790.0,1467.0,1468.0,1747.0,432.0,362.0,343.0,257.0,2841.0,2999.0,5450.0,5560.0,3568.0,3404.0,2503.0,2463.0,852.0,785.0,4546.0,4575.0,2522.0,2381.0,3286.0,2985.0,1716.0,1715.0,3941.0,3339.0,1155.0,1246.0,682.0,734.0,1512.0,1347.0,781.0,933.0,1699.0,1366.0,1563.0,1355.0,4317.0,3793.0,1332.0,1245.0,4327.0,4408.0,3176.0,3371.0,840.0,724.0,6256.0,6591.0,7832.0,6998.0,4968.0,5065.0,3878.0,4036.0,3984.0,3563.0,461.0,346.0,400.0,366.0
A00083169,2.248,2.443,2.555,2.657,2.462,2.461,1.826,1.79,3.326,3.324,2.402,2.594,2.782,2.736,2.423,2.434,2.865,2.801,2.895,3.054,2.465,2.654,2.018,2.229,2.758,2.656,1.985,1.788,2.387,2.353,2.912,2.895,2.404,2.391,2.894,2.99,2.431,2.494,2.799,2.676,2.424,2.447,1.724,1.69,2.039,1.944,2.605,2.499,2.49,2.571,2.278,2.257,2.903,3.011,2.356,2.391,2.716,2.763,2.094,2.112,2.716,2.738,2.564,2.482,3.902,4.264,2.559,2.755,710.0,705.0,568.0,494.0,1657.0,1590.0,1231.0,1306.0,429.0,367.0,274.0,233.0,2462.0,2632.0,3263.0,4072.0,2909.0,2829.0,2341.0,2049.0,756.0,745.0,4110.0,3635.0,2468.0,2642.0,2530.0,2489.0,1709.0,1751.0,2506.0,2387.0,1314.0,1286.0,591.0,625.0,1150.0,1441.0,654.0,850.0,1480.0,1310.0,1409.0,1163.0,3805.0,3638.0,943.0,1066.0,4207.0,4578.0,3427.0,3605.0,367.0,724.0,4356.0,4578.0,5902.0,6023.0,5045.0,5331.0,2873.0,3322.0,2866.0,2801.0,485.0,404.0,410.0,241.0
A00083171,2.301,2.358,2.688,2.386,2.507,2.358,2.025,1.792,3.519,4.087,2.651,2.814,2.903,3.027,2.469,2.434,2.907,3.152,3.017,3.19,2.681,2.411,2.495,2.544,2.927,3.048,2.243,2.049,2.816,2.638,2.95,2.957,2.646,2.455,3.287,3.231,2.582,2.663,2.992,2.868,2.646,2.709,1.496,1.589,1.973,1.988,2.3,2.634,2.607,2.546,2.483,2.417,2.55,3.015,2.361,2.401,2.748,2.636,2.414,2.434,2.761,2.721,2.563,2.638,3.663,3.977,2.239,2.028,771.0,791.0,492.0,639.0,1897.0,1920.0,1339.0,1445.0,552.0,457.0,316.0,228.0,2317.0,2931.0,3448.0,4722.0,3114.0,3173.0,2308.0,2154.0,1007.0,961.0,5398.0,4904.0,2414.0,2362.0,3068.0,2544.0,2038.0,1976.0,2911.0,2813.0,1217.0,1328.0,510.0,596.0,1351.0,1541.0,679.0,748.0,1633.0,1530.0,1330.0,1217.0,3604.0,3703.0,1088.0,1072.0,4811.0,4599.0,3274.0,3544.0,548.0,589.0,4723.0,4726.0,6354.0,6163.0,4323.0,4109.0,3063.0,3706.0,3174.0,3025.0,465.0,475.0,449.0,301.0
A00083207,2.59,2.811,2.788,2.533,2.712,2.521,1.787,1.745,3.745,3.539,2.748,3.166,2.881,2.962,2.583,2.593,3.054,3.123,3.242,3.198,2.928,2.767,2.311,2.26,2.904,2.945,2.139,2.097,2.622,2.69,3.115,3.158,2.485,2.598,2.532,2.507,3.01,2.775,3.017,3.028,2.299,2.428,1.753,1.631,2.238,2.232,2.583,2.822,2.554,2.66,2.503,2.61,2.68,2.938,2.463,2.426,2.716,2.829,2.345,2.499,3.01,2.967,2.724,2.668,4.123,4.457,2.614,2.165,970.0,902.0,506.0,588.0,1759.0,2233.0,1495.0,1464.0,322.0,354.0,251.0,217.0,2832.0,2753.0,4607.0,5112.0,2798.0,2759.0,2091.0,2054.0,709.0,761.0,4959.0,4368.0,2344.0,2310.0,2810.0,2957.0,1697.0,1779.0,3348.0,2716.0,1395.0,1157.0,621.0,697.0,1079.0,1450.0,609.0,695.0,1216.0,1216.0,1330.0,1096.0,4056.0,3891.0,950.0,837.0,4318.0,4900.0,3630.0,3637.0,489.0,898.0,4722.0,4551.0,6140.0,6147.0,5316.0,5125.0,3582.0,3670.0,3523.0,3509.0,365.0,374.0,393.0,286.0
A00083208,2.378,2.182,2.541,2.182,2.418,2.306,1.971,1.801,3.24,3.14,2.507,2.386,2.956,3.035,2.658,2.43,2.889,3.075,3.174,2.942,2.41,2.177,2.315,2.35,3.1,2.983,1.969,2.066,2.551,2.693,2.745,2.874,2.702,2.418,3.26,3.045,2.391,2.376,3.137,2.817,2.559,2.568,1.685,1.8,2.243,1.998,2.382,2.634,2.43,2.527,2.424,2.479,2.857,2.83,2.34,2.346,2.648,2.592,2.159,2.49,2.481,2.51,2.704,2.571,3.721,3.716,2.352,2.026,812.0,737.0,503.0,643.0,2032.0,1824.0,1098.0,1228.0,426.0,452.0,282.0,202.0,2390.0,2638.0,3872.0,4328.0,2876.0,3083.0,2094.0,2095.0,792.0,651.0,3871.0,3863.0,2169.0,2377.0,2626.0,2620.0,1477.0,1672.0,2996.0,2785.0,1231.0,1503.0,543.0,576.0,933.0,1129.0,521.0,739.0,1102.0,1000.0,1398.0,1198.0,3284.0,3416.0,1086.0,1089.0,4401.0,3967.0,3151.0,3175.0,550.0,823.0,4480.0,4437.0,6180.0,5984.0,4867.0,4693.0,3029.0,3332.0,3090.0,3156.0,383.0,421.0,375.0,284.0
A00083389,2.458,2.545,2.391,2.4,2.646,2.62,2.065,2.083,3.28,3.765,3.139,2.904,2.76,2.817,2.571,2.622,2.987,3.065,3.122,3.143,2.216,2.443,2.279,2.427,2.901,3.071,1.877,1.885,2.544,2.635,2.984,2.784,2.589,2.577,2.949,2.931,2.599,2.669,3.09,2.948,2.614,2.653,1.708,1.634,1.929,1.93,2.486,2.509,2.421,2.241,2.484,2.549,2.915,3.256,2.556,2.37,2.641,2.771,2.263,2.209,2.679,2.711,2.511,2.562,4.001,3.79,2.196,2.222,853.0,922.0,564.0,758.0,2165.0,1778.0,1668.0,1860.0,462.0,404.0,288.0,244.0,2594.0,2765.0,3591.0,4974.0,2854.0,2931.0,2220.0,2016.0,964.0,851.0,4560.0,4857.0,2202.0,2263.0,3392.0,3313.0,1636.0,1679.0,3120.0,2730.0,1195.0,1330.0,564.0,621.0,1071.0,1567.0,645.0,881.0,1393.0,1110.0,1854.0,1725.0,3654.0,3308.0,1151.0,1029.0,4542.0,4495.0,3153.0,3136.0,598.0,654.0,5268.0,5551.0,6675.0,6213.0,4560.0,4679.0,3246.0,3550.0,4049.0,2877.0,428.0,550.0,437.0,314.0
A00083419,2.506,2.663,2.588,2.154,2.31,2.365,2.076,1.957,3.211,2.562,3.01,2.639,2.61,2.603,2.475,2.42,2.576,2.858,2.865,3.077,2.158,2.19,2.258,2.174,2.64,2.905,1.977,1.957,2.396,2.489,2.834,2.888,2.325,2.189,2.036,2.338,2.509,2.484,2.739,2.596,2.377,2.225,1.555,1.639,1.989,1.997,2.433,2.518,2.336,2.27,2.371,2.25,2.899,3.267,2.339,2.288,2.568,2.546,1.975,1.966,2.417,2.51,2.49,2.369,3.998,3.651,1.89,2.655,907.0,840.0,571.0,577.0,1814.0,1878.0,1297.0,1298.0,416.0,315.0,246.0,213.0,2817.0,2520.0,3699.0,4541.0,2803.0,3558.0,2524.0,1924.0,1074.0,886.0,3892.0,4267.0,2212.0,2096.0,2741.0,3015.0,1592.0,1643.0,3163.0,2625.0,1177.0,1337.0,593.0,494.0,1097.0,1329.0,615.0,693.0,1342.0,1211.0,1287.0,1392.0,3604.0,3134.0,1054.0,1038.0,4395.0,4089.0,3159.0,3407.0,550.0,595.0,4235.0,4470.0,6161.0,6023.0,4565.0,4562.0,3055.0,3575.0,3070.0,3147.0,405.0,364.0,409.0,259.0
A00083574,2.71,2.799,2.898,2.824,2.957,2.765,2.033,2.119,3.457,2.877,3.145,3.413,2.855,2.94,2.753,2.805,2.847,3.236,3.195,3.158,2.412,2.839,2.442,2.497,2.976,2.889,2.062,2.066,2.611,2.487,2.857,2.895,2.503,2.71,2.721,2.969,3.018,2.844,3.033,3.114,2.797,2.873,1.809,1.641,2.235,2.235,2.813,2.692,2.668,2.609,2.845,2.725,2.942,3.094,2.604,2.636,3.027,2.903,2.397,2.447,3.034,2.967,2.846,2.752,3.989,3.926,2.384,2.571,801.0,824.0,421.0,1046.0,2387.0,1966.0,1655.0,1550.0,532.0,432.0,313.0,244.0,2833.0,2884.0,3952.0,4354.0,2820.0,3525.0,1993.0,1976.0,891.0,654.0,4302.0,4673.0,2707.0,2699.0,2986.0,2925.0,1810.0,1802.0,3035.0,2829.0,1214.0,1691.0,581.0,598.0,1043.0,1441.0,667.0,859.0,1160.0,1272.0,1392.0,1344.0,4170.0,4560.0,1191.0,903.0,4954.0,4581.0,3742.0,3355.0,821.0,903.0,5580.0,5507.0,6586.0,6136.0,5317.0,6222.0,3448.0,2992.0,3275.0,3212.0,495.0,417.0,344.0,290.0
A00083631,2.595,2.608,2.75,2.198,2.782,2.756,2.085,2.126,3.508,3.482,2.825,2.686,3.1,2.965,2.725,2.796,2.96,3.178,3.304,3.444,2.665,2.436,2.455,2.377,2.921,2.923,2.006,2.17,2.67,2.673,3.073,2.988,2.604,2.583,3.469,3.42,2.893,2.754,2.901,3.078,2.574,2.547,1.832,1.698,2.262,2.227,2.809,2.668,2.848,2.713,2.634,2.468,2.863,3.006,2.407,2.513,3.003,3.009,2.231,2.304,3.22,3.166,2.82,2.88,3.986,4.625,2.981,2.694,800.0,863.0,557.0,777.0,2258.0,2405.0,1842.0,1513.0,656.0,447.0,269.0,276.0,2827.0,2750.0,4221.0,4738.0,2701.0,3258.0,2275.0,2045.0,852.0,728.0,5581.0,4720.0,2674.0,2911.0,3052.0,3239.0,1791.0,1902.0,3000.0,3234.0,1317.0,1537.0,581.0,616.0,1320.0,1685.0,685.0,812.0,1149.0,1239.0,1627.0,1610.0,4504.0,4167.0,979.0,1036.0,4689.0,4560.0,3456.0,4051.0,667.0,895.0,5553.0,6376.0,7319.0,7419.0,6132.0,5562.0,3678.0,3782.0,2955.0,3166.0,521.0,404.0,458.0,291.0
A00083687,2.735,2.854,2.991,2.568,2.836,2.761,2.085,2.217,4.039,4.244,2.96,3.153,2.895,3.139,2.798,2.872,2.891,2.844,3.17,3.341,2.369,2.649,2.558,2.61,2.907,2.903,2.321,2.106,2.744,2.741,3.103,3.072,2.749,2.836,3.146,3.358,2.821,2.803,2.804,2.805,2.645,2.524,1.753,1.821,2.18,2.301,2.943,2.887,2.763,2.776,2.525,2.623,3.455,3.285,2.646,2.548,2.895,3.03,2.369,2.395,2.984,2.959,2.675,2.67,4.089,3.512,2.476,2.297,933.0,728.0,610.0,580.0,2170.0,2144.0,1419.0,1484.0,295.0,344.0,307.0,239.0,3279.0,3583.0,4070.0,4731.0,3634.0,3312.0,2537.0,2395.0,1011.0,757.0,4848.0,4267.0,2582.0,2592.0,3344.0,2768.0,1586.0,1969.0,3483.0,3041.0,1183.0,1557.0,585.0,544.0,1271.0,1698.0,622.0,794.0,1299.0,1173.0,1424.0,1426.0,4254.0,4416.0,1133.0,1152.0,4708.0,4754.0,4279.0,4405.0,594.0,697.0,5400.0,4957.0,6906.0,6759.0,5579.0,6210.0,3583.0,3588.0,3853.0,3492.0,397.0,445.0,407.0,353.0
A00083732,2.731,3.182,3.317,2.834,3.145,3.031,2.452,2.221,3.658,3.413,3.656,3.581,2.998,3.195,2.987,2.983,3.178,3.102,3.755,3.796,2.602,2.889,2.544,2.647,3.265,3.427,2.468,2.431,2.837,3.073,3.413,3.021,3.241,3.25,3.357,3.308,3.089,3.2,3.388,3.411,3.156,2.989,2.07,1.996,2.545,2.586,2.764,2.872,3.045,3.007,3.121,3.028,3.715,3.3,2.79,2.971,3.419,3.246,2.599,2.776,3.518,3.274,2.844,2.899,3.82,3.454,2.96,3.015,960.0,895.0,599.0,774.0,2073.0,1853.0,1847.0,2112.0,441.0,325.0,296.0,281.0,3090.0,3248.0,5402.0,4923.0,2596.0,3377.0,2161.0,1934.0,973.0,917.0,6006.0,5922.0,2741.0,2535.0,3654.0,3509.0,2036.0,1892.0,3519.0,2731.0,1365.0,1457.0,660.0,623.0,1472.0,1805.0,780.0,829.0,1815.0,1289.0,2239.0,1975.0,3850.0,4114.0,1271.0,1242.0,4664.0,5027.0,4106.0,4067.0,550.0,849.0,7032.0,6027.0,6754.0,7546.0,5367.0,5663.0,4048.0,3746.0,3943.0,3867.0,398.0,374.0,493.0,396.0
A00083745,2.941,3.091,2.844,2.485,3.091,3.085,2.388,2.261,2.947,3.212,3.321,3.324,3.158,3.259,3.207,3.135,3.141,3.263,3.681,3.54,2.858,2.786,2.552,2.647,3.309,3.219,2.303,2.313,3.088,3.132,3.515,3.338,3.435,3.183,2.936,3.185,3.159,3.172,3.236,3.302,2.959,3.075,1.702,1.902,2.419,2.565,2.625,2.954,2.959,2.992,3.063,3.001,3.234,3.675,3.038,2.98,3.397,3.284,2.649,2.814,3.471,3.143,3.041,2.972,3.774,3.444,2.732,2.968,1015.0,922.0,541.0,615.0,2810.0,2617.0,1530.0,1531.0,545.0,519.0,316.0,224.0,3237.0,3074.0,4771.0,5517.0,3919.0,3881.0,2688.0,2779.0,940.0,893.0,6041.0,6181.0,2950.0,2761.0,3166.0,2783.0,1756.0,2043.0,4080.0,3174.0,1372.0,1292.0,670.0,636.0,1475.0,1820.0,832.0,938.0,1624.0,1373.0,1285.0,1100.0,4300.0,3726.0,1041.0,1183.0,4766.0,4986.0,3648.0,3753.0,584.0,733.0,7106.0,6151.0,7792.0,7232.0,4893.0,5620.0,3553.0,4345.0,4391.0,3214.0,490.0,594.0,671.0,370.0
A00083847,2.393,2.84,2.753,2.389,2.695,2.539,1.621,1.927,4.134,3.708,2.458,2.512,2.853,2.849,2.491,2.618,2.895,2.933,3.026,3.14,2.48,2.48,2.195,2.298,2.789,2.811,2.111,2.073,2.56,2.797,2.902,2.728,2.272,2.491,3.186,2.792,2.602,2.8,2.702,2.814,2.574,2.665,1.572,1.594,1.956,1.916,2.443,2.519,2.562,2.632,2.52,2.585,3.017,2.904,2.356,2.442,2.727,2.718,2.134,2.209,2.791,2.567,2.615,2.564,3.148,3.448,2.246,2.283,673.0,663.0,606.0,618.0,1844.0,2392.0,1354.0,1574.0,398.0,436.0,299.0,252.0,2452.0,2649.0,3467.0,3877.0,2913.0,3128.0,2441.0,2341.0,877.0,870.0,4605.0,4764.0,2409.0,2317.0,3066.0,3133.0,1576.0,1814.0,3165.0,2944.0,1292.0,1032.0,598.0,704.0,1175.0,1380.0,677.0,751.0,1401.0,1119.0,1461.0,1086.0,3463.0,3074.0,1158.0,1105.0,4091.0,4128.0,3139.0,3359.0,464.0,663.0,5048.0,5463.0,6806.0,6581.0,4419.0,4546.0,3558.0,3682.0,3375.0,3036.0,402.0,380.0,466.0,306.0
A00083923,2.874,2.862,2.767,2.681,2.815,2.759,1.917,1.847,3.764,3.574,2.521,2.739,3.158,3.201,2.788,2.76,3.196,3.145,3.302,3.451,2.59,2.581,2.459,2.445,2.975,2.941,2.146,2.105,2.668,2.531,3.192,3.171,2.554,2.676,3.039,2.984,2.832,2.817,3.114,2.855,2.812,2.753,1.728,1.72,2.217,2.256,2.545,2.594,2.705,2.885,2.739,2.509,3.145,3.14,2.5,2.579,2.934,2.931,2.399,2.518,3.139,3.153,2.824,2.727,3.848,3.951,2.765,2.643,1096.0,995.0,663.0,1111.0,3088.0,2794.0,1535.0,1651.0,436.0,419.0,312.0,205.0,3116.0,2913.0,4645.0,5857.0,3591.0,4304.0,2536.0,2416.0,1077.0,847.0,5261.0,4735.0,2825.0,2841.0,3150.0,3448.0,2028.0,2200.0,3861.0,3790.0,1632.0,1645.0,545.0,600.0,1783.0,1735.0,754.0,952.0,1942.0,1446.0,1401.0,1717.0,4540.0,4296.0,1312.0,1362.0,5389.0,5015.0,3516.0,4077.0,807.0,920.0,6159.0,6241.0,9101.0,7513.0,5357.0,5356.0,3977.0,4142.0,3758.0,3723.0,507.0,511.0,457.0,342.0
A00083949,3.268,3.303,3.039,3.017,3.506,3.309,2.6,2.558,3.55,3.703,3.402,3.431,3.391,3.379,3.337,3.208,3.35,3.323,3.817,3.631,2.776,2.944,2.931,2.906,3.46,3.37,2.739,2.722,3.293,3.17,3.484,3.629,3.323,3.322,3.699,3.511,3.52,3.49,3.637,3.669,3.175,3.505,2.076,2.226,2.815,2.671,3.035,3.05,3.212,3.181,3.222,3.15,3.621,3.466,3.187,3.153,3.551,3.505,2.896,2.968,3.719,3.625,3.536,3.211,3.85,4.346,3.195,3.439,1141.0,1272.0,771.0,1125.0,2863.0,2592.0,1625.0,1914.0,559.0,495.0,383.0,308.0,3633.0,3622.0,5927.0,6335.0,3877.0,3957.0,2509.0,2801.0,1569.0,1110.0,6172.0,6371.0,2918.0,3115.0,3808.0,3619.0,1667.0,2280.0,4318.0,3823.0,1336.0,1852.0,628.0,639.0,1685.0,1936.0,762.0,1184.0,2194.0,1863.0,1963.0,1596.0,5064.0,4591.0,1732.0,1677.0,5549.0,5602.0,5086.0,5658.0,787.0,943.0,6927.0,7006.0,8174.0,7823.0,6365.0,6386.0,4876.0,5055.0,4801.0,4652.0,445.0,434.0,619.0,443.0
A00083952,2.869,3.074,2.747,2.385,2.903,2.908,2.098,2.102,3.657,3.967,3.159,3.081,3.143,3.162,2.823,2.883,3.102,3.181,3.415,3.524,2.441,2.612,2.491,2.707,3.196,3.193,2.342,2.235,3.068,3.032,3.249,3.234,3.022,2.685,3.076,3.035,3.05,2.929,3.2,3.204,2.986,2.891,1.863,1.773,2.257,2.215,2.638,2.625,2.974,2.816,2.834,2.677,3.047,3.226,2.551,2.618,3.059,2.987,2.408,2.465,3.344,3.281,2.926,3.028,3.729,3.766,3.0,2.718,767.0,943.0,645.0,725.0,2223.0,2091.0,1585.0,1756.0,427.0,388.0,340.0,225.0,3038.0,3619.0,4042.0,5984.0,2778.0,3247.0,2860.0,2349.0,1066.0,948.0,5412.0,4965.0,2755.0,2707.0,3022.0,2734.0,1568.0,1861.0,3349.0,2821.0,1374.0,1626.0,682.0,739.0,1398.0,1538.0,689.0,827.0,1811.0,1322.0,1514.0,1257.0,4257.0,3696.0,1254.0,1420.0,4486.0,5256.0,3350.0,3978.0,607.0,724.0,5885.0,5662.0,7363.0,6927.0,5066.0,4801.0,4108.0,4662.0,4539.0,3530.0,438.0,456.0,628.0,413.0
A00083963,2.655,2.815,2.477,2.876,2.846,2.966,2.037,2.043,3.68,3.263,2.726,3.16,3.1,3.043,2.897,2.876,3.113,3.01,3.26,3.426,2.801,2.955,2.42,2.47,2.912,2.994,2.072,2.185,2.442,2.78,3.146,3.021,2.563,2.521,2.888,3.114,3.007,2.878,2.834,3.139,2.835,2.645,1.528,1.519,2.341,2.277,2.966,2.761,2.552,2.483,2.701,2.539,3.35,2.936,2.78,2.666,3.002,2.939,2.451,2.485,3.234,3.039,2.876,2.842,4.151,4.093,2.518,2.479,741.0,958.0,530.0,951.0,2441.0,2486.0,1527.0,1636.0,322.0,362.0,381.0,315.0,3481.0,3443.0,4032.0,4375.0,3337.0,3886.0,2698.0,2603.0,1008.0,965.0,4484.0,5044.0,2967.0,2676.0,3520.0,3228.0,2236.0,1927.0,3725.0,2900.0,1552.0,1820.0,772.0,741.0,1575.0,1859.0,742.0,889.0,1648.0,1596.0,1689.0,1561.0,5198.0,4398.0,1126.0,1353.0,5955.0,5917.0,4297.0,4814.0,724.0,942.0,7377.0,6450.0,8731.0,8373.0,6129.0,6048.0,4093.0,3860.0,4625.0,4082.0,475.0,506.0,608.0,405.0
A00083967,2.634,2.526,2.717,2.61,2.982,2.859,2.046,1.988,4.141,3.755,3.437,3.475,3.047,2.969,2.856,2.719,3.051,3.209,3.287,3.424,2.651,2.682,2.298,2.396,2.962,2.818,2.18,2.156,2.772,3.022,2.828,3.059,2.719,2.609,3.103,3.419,2.957,2.964,3.238,3.109,2.811,2.565,1.785,1.778,2.202,2.593,2.62,2.726,2.312,2.553,2.765,2.845,3.355,3.474,2.76,2.733,2.999,2.911,2.423,2.448,3.135,3.122,2.809,2.952,4.108,4.322,2.791,2.764,938.0,765.0,567.0,708.0,1647.0,2443.0,1473.0,1435.0,425.0,459.0,261.0,192.0,3250.0,3085.0,3855.0,4394.0,3056.0,2283.0,2211.0,2054.0,962.0,800.0,4330.0,4524.0,2415.0,2434.0,3255.0,2939.0,1540.0,1735.0,2891.0,2263.0,1247.0,1292.0,517.0,575.0,1366.0,1141.0,623.0,729.0,1434.0,1279.0,1810.0,1691.0,3513.0,2655.0,1212.0,1086.0,4137.0,4307.0,3333.0,2641.0,597.0,750.0,6068.0,4874.0,5687.0,7626.0,3288.0,4691.0,3627.0,4402.0,4426.0,2306.0,461.0,563.0,431.0,373.0
A00083982,2.614,2.775,2.568,2.985,2.626,2.661,1.875,1.864,3.572,3.585,3.163,3.156,2.822,3.084,2.765,2.838,2.832,2.924,3.118,3.289,2.612,2.688,2.417,2.39,3.009,3.023,2.032,2.057,2.719,2.836,2.979,2.934,2.575,2.725,2.884,2.721,2.814,2.732,2.979,2.914,2.622,2.67,1.691,1.56,2.001,2.127,2.755,2.576,2.639,2.737,2.648,2.675,3.184,2.96,2.488,2.541,2.912,2.854,2.344,2.441,2.928,2.983,2.758,2.833,4.002,3.439,2.499,2.388,931.0,930.0,503.0,742.0,2026.0,1805.0,1528.0,1548.0,439.0,500.0,292.0,236.0,3472.0,3281.0,4844.0,5581.0,3488.0,3384.0,2287.0,2176.0,1005.0,821.0,5707.0,5183.0,2058.0,2137.0,3092.0,3162.0,1795.0,1742.0,3346.0,3233.0,1197.0,1506.0,579.0,618.0,1330.0,1477.0,658.0,777.0,1514.0,1262.0,1571.0,1606.0,3768.0,3534.0,1106.0,1347.0,4536.0,4812.0,3547.0,3578.0,575.0,634.0,4946.0,5049.0,6723.0,6623.0,5116.0,5087.0,3505.0,3414.0,3589.0,3227.0,562.0,595.0,346.0,297.0
A00083983,2.702,2.869,2.847,2.608,2.82,2.437,1.904,1.543,3.447,3.832,2.681,2.613,2.998,3.191,2.702,2.597,2.977,3.051,3.075,2.899,2.265,2.462,2.255,2.376,2.719,2.736,1.749,1.923,2.624,2.372,2.891,2.933,2.384,2.442,2.94,3.008,2.511,2.787,2.925,2.943,2.416,2.596,1.394,1.533,2.103,2.078,2.352,2.32,2.521,2.536,2.502,2.409,2.963,2.912,2.293,2.275,2.817,2.704,2.364,2.42,2.561,2.647,2.76,2.571,3.712,3.629,2.196,2.215,838.0,822.0,598.0,616.0,2022.0,2030.0,1708.0,1609.0,485.0,377.0,332.0,245.0,2993.0,2752.0,3569.0,4484.0,3303.0,3059.0,2084.0,2041.0,1089.0,789.0,4742.0,4695.0,2627.0,2452.0,2839.0,2801.0,1751.0,1933.0,3265.0,3282.0,1452.0,1622.0,557.0,680.0,1394.0,1423.0,684.0,777.0,1452.0,1350.0,1239.0,1293.0,4484.0,3819.0,927.0,1315.0,5032.0,5345.0,3303.0,3954.0,496.0,821.0,5640.0,5572.0,6809.0,6706.0,5418.0,5092.0,3715.0,3705.0,3955.0,3846.0,423.0,445.0,483.0,336.0
A00084119,2.354,2.671,2.481,2.307,2.502,2.569,1.644,1.575,3.596,2.871,2.434,2.032,2.999,2.82,2.536,2.533,2.919,2.937,2.845,2.964,2.467,2.52,2.225,2.211,2.691,2.766,2.032,1.968,2.507,2.506,2.998,3.011,2.55,2.512,3.091,2.973,2.545,2.559,2.524,3.03,2.817,2.578,1.645,1.526,2.038,2.087,2.407,2.385,2.549,2.46,2.483,2.445,3.086,2.948,2.409,2.379,2.554,2.542,2.237,2.228,2.792,2.816,2.789,2.635,3.672,3.83,2.305,2.103,741.0,725.0,503.0,643.0,2327.0,2227.0,1409.0,1600.0,502.0,370.0,273.0,234.0,2523.0,2868.0,4554.0,4759.0,3026.0,2887.0,2376.0,2088.0,1083.0,815.0,4911.0,4872.0,2489.0,2461.0,3088.0,2706.0,1686.0,1637.0,3413.0,2846.0,1205.0,1377.0,540.0,600.0,1205.0,1365.0,630.0,741.0,1277.0,1008.0,1506.0,1405.0,4199.0,3982.0,922.0,1075.0,5264.0,4980.0,3331.0,3636.0,547.0,558.0,4710.0,4981.0,6580.0,6306.0,5422.0,5127.0,3208.0,3802.0,3200.0,3091.0,474.0,489.0,409.0,265.0
A00084901,2.631,2.988,3.108,2.536,2.781,2.631,2.019,1.954,3.487,3.462,2.746,2.532,2.921,2.947,2.6,2.697,3.016,2.994,3.224,3.128,2.58,2.483,2.35,2.419,2.869,2.839,2.179,2.155,2.486,2.531,3.043,3.062,2.828,2.694,3.101,2.836,2.737,2.674,2.805,2.561,2.526,2.575,1.846,1.689,2.048,2.043,2.573,2.58,2.673,2.664,2.567,2.601,3.096,2.616,2.331,2.393,2.768,2.809,2.365,2.386,2.916,2.87,2.725,2.686,4.114,4.196,2.599,2.553,1186.0,889.0,502.0,552.0,2052.0,1835.0,1586.0,1387.0,359.0,430.0,264.0,279.0,3406.0,3270.0,4346.0,5432.0,3171.0,3378.0,2130.0,2110.0,893.0,807.0,5527.0,5329.0,2411.0,2570.0,3289.0,3485.0,1802.0,1787.0,3203.0,2929.0,1102.0,1244.0,595.0,684.0,1259.0,1507.0,637.0,839.0,1278.0,1054.0,1786.0,1493.0,3649.0,3662.0,883.0,792.0,4530.0,4521.0,3410.0,3383.0,648.0,836.0,6034.0,5474.0,5885.0,5522.0,5050.0,5094.0,3555.0,3189.0,4028.0,3086.0,467.0,398.0,336.0,315.0
A00084921,2.793,3.031,2.411,2.357,2.704,2.79,2.062,2.146,3.331,3.863,2.916,2.662,3.22,3.181,2.738,2.805,3.056,3.049,3.46,3.566,2.252,2.395,2.505,2.616,2.838,3.038,2.316,2.185,2.532,2.521,3.423,3.456,2.803,3.011,3.03,3.098,3.048,2.897,3.048,3.017,2.863,2.789,1.947,2.127,2.242,2.402,2.687,2.543,3.01,3.019,2.833,2.783,3.104,3.278,2.597,2.566,2.973,2.944,2.426,2.486,3.303,3.116,2.859,2.867,4.126,4.077,2.884,2.815,1105.0,784.0,528.0,827.0,2202.0,1745.0,1444.0,1633.0,402.0,358.0,305.0,262.0,2901.0,2919.0,5636.0,6230.0,3219.0,3362.0,2422.0,2297.0,1175.0,864.0,5530.0,5392.0,2741.0,2514.0,3366.0,3251.0,1931.0,1659.0,3552.0,3215.0,1153.0,1537.0,597.0,675.0,1498.0,1596.0,745.0,785.0,1586.0,1267.0,1865.0,1440.0,4083.0,3998.0,1103.0,1262.0,4931.0,4986.0,3549.0,3880.0,581.0,618.0,6635.0,5977.0,7034.0,6500.0,4451.0,4751.0,3248.0,3665.0,4207.0,3671.0,424.0,395.0,393.0,318.0
A00084956,2.958,3.222,3.217,3.133,2.866,2.991,1.985,1.824,3.678,3.871,3.02,2.955,3.023,2.937,2.638,2.886,3.07,2.985,3.309,3.412,2.794,2.601,2.23,2.321,2.915,3.012,2.209,2.045,2.924,2.963,3.125,2.925,2.906,2.746,3.572,3.751,2.963,2.906,3.331,3.215,2.938,2.933,1.511,1.73,2.221,2.227,2.804,2.752,2.871,2.833,2.643,2.738,3.466,3.421,2.778,2.656,2.935,3.031,2.368,2.421,3.073,3.026,2.789,2.901,4.027,4.056,2.232,2.656,1011.0,803.0,655.0,625.0,1812.0,1998.0,1551.0,1580.0,517.0,449.0,240.0,254.0,2872.0,2932.0,3377.0,4220.0,3087.0,3034.0,2062.0,2136.0,837.0,819.0,4392.0,5033.0,2546.0,2356.0,3010.0,3110.0,1899.0,1688.0,3103.0,2742.0,1261.0,1350.0,562.0,644.0,1569.0,1873.0,665.0,757.0,1540.0,1395.0,1471.0,1575.0,3989.0,3770.0,1054.0,1169.0,4904.0,5060.0,3144.0,3245.0,562.0,701.0,4711.0,4570.0,5984.0,5711.0,5106.0,5150.0,3112.0,3504.0,3718.0,3226.0,447.0,491.0,382.0,285.0
A00085057,2.488,2.572,2.827,2.609,2.492,2.534,2.008,2.03,3.34,3.198,2.843,3.029,3.0,2.95,2.494,2.608,3.118,3.187,3.286,3.105,2.413,2.316,2.257,2.37,2.796,2.925,2.172,2.177,2.574,2.74,3.005,2.988,2.627,2.553,2.711,3.285,2.714,2.768,2.942,2.85,2.562,2.498,1.762,1.735,2.12,1.992,2.391,2.521,2.35,2.554,2.605,2.514,2.979,3.132,2.499,2.518,2.851,2.756,2.057,2.193,3.073,3.179,2.517,2.699,3.969,4.34,2.362,2.704,773.0,792.0,467.0,900.0,2362.0,2137.0,1704.0,1928.0,612.0,518.0,275.0,241.0,2911.0,3198.0,4403.0,5686.0,3626.0,3680.0,2583.0,2786.0,1548.0,1077.0,5396.0,5062.0,2741.0,2585.0,3130.0,2993.0,2100.0,1985.0,3509.0,3059.0,1374.0,1711.0,576.0,540.0,1217.0,1398.0,634.0,909.0,1584.0,1381.0,1704.0,1371.0,4625.0,4127.0,1277.0,1293.0,4801.0,4883.0,4464.0,4390.0,673.0,510.0,6666.0,5968.0,7772.0,7335.0,5533.0,5179.0,3532.0,4099.0,4171.0,3416.0,568.0,560.0,478.0,290.0
A00085066,2.694,2.926,2.172,2.451,2.743,2.609,2.107,1.833,3.21,3.807,2.649,1.983,3.03,3.031,2.693,2.633,3.008,3.065,2.973,3.114,2.492,2.68,2.377,2.456,2.894,2.919,2.134,2.224,2.458,2.678,2.859,2.74,2.616,2.62,2.59,2.775,2.758,2.638,2.839,2.988,2.495,2.639,1.961,1.913,2.159,2.271,2.503,2.391,2.713,2.629,2.583,2.597,3.089,2.834,2.411,2.241,2.769,2.798,2.361,2.439,2.777,2.744,2.734,2.782,3.735,3.743,2.65,2.272,939.0,951.0,452.0,810.0,2091.0,2090.0,1188.0,1546.0,436.0,285.0,263.0,203.0,2979.0,2909.0,4417.0,5664.0,3080.0,2943.0,2100.0,1987.0,875.0,867.0,4377.0,4586.0,2213.0,2259.0,3304.0,2873.0,1662.0,1719.0,3107.0,2711.0,1369.0,1207.0,629.0,602.0,1250.0,1423.0,487.0,768.0,1308.0,1162.0,1409.0,1302.0,3727.0,3607.0,1093.0,1048.0,4155.0,4441.0,3418.0,3443.0,554.0,710.0,5231.0,4813.0,7143.0,5838.0,4760.0,4618.0,3352.0,4117.0,3630.0,2941.0,429.0,440.0,365.0,324.0
A00085095,2.555,3.082,2.704,2.774,2.728,2.664,1.809,1.851,3.412,3.662,3.284,3.457,2.999,3.02,2.502,2.684,2.982,2.871,3.21,3.202,2.164,2.41,2.297,2.441,2.989,3.316,2.124,2.088,2.669,3.094,2.927,2.756,2.671,2.702,3.311,3.536,2.894,2.785,3.238,3.017,2.644,2.661,1.83,1.715,2.1,2.096,2.504,2.328,2.567,2.434,2.556,2.524,3.479,3.161,2.682,2.457,2.851,2.85,2.271,2.228,2.857,2.721,2.655,2.674,3.828,4.065,2.477,2.367,915.0,834.0,564.0,531.0,2134.0,2036.0,1415.0,1543.0,562.0,437.0,313.0,255.0,2711.0,2374.0,3787.0,4842.0,2918.0,3023.0,2251.0,2441.0,1158.0,1105.0,4720.0,4524.0,2238.0,1998.0,3130.0,3129.0,1808.0,1697.0,2801.0,3028.0,1079.0,1278.0,589.0,620.0,1001.0,1391.0,465.0,643.0,1138.0,1270.0,1736.0,1555.0,4035.0,3738.0,1133.0,1281.0,4770.0,4670.0,3417.0,3587.0,350.0,741.0,5080.0,5304.0,6213.0,6150.0,5637.0,5515.0,2941.0,3319.0,3398.0,2860.0,522.0,352.0,372.0,255.0
A00085290,2.865,3.105,2.898,3.154,2.912,2.884,2.046,2.205,3.452,3.952,3.215,3.09,3.195,3.15,2.878,2.893,2.948,2.844,3.227,3.41,2.559,2.757,2.535,2.497,3.043,3.285,2.128,2.127,2.959,2.702,3.2,3.286,2.908,3.039,3.365,3.301,3.141,2.917,3.288,3.258,3.014,2.853,1.866,1.745,2.43,2.337,2.721,2.568,2.904,2.885,2.857,2.872,3.647,3.47,2.599,2.679,3.106,3.132,2.584,2.634,3.047,3.108,3.111,2.923,3.884,4.514,2.85,2.61,821.0,708.0,405.0,626.0,1943.0,1994.0,1210.0,1458.0,358.0,337.0,236.0,239.0,3080.0,3249.0,3461.0,3685.0,3051.0,2573.0,1793.0,1735.0,800.0,743.0,4757.0,5289.0,2225.0,1969.0,2849.0,2924.0,1672.0,1734.0,2663.0,2425.0,1220.0,1172.0,513.0,601.0,1195.0,1420.0,569.0,625.0,1092.0,1078.0,1348.0,1422.0,3836.0,3585.0,882.0,850.0,4591.0,4631.0,2988.0,3385.0,416.0,541.0,4147.0,4586.0,5477.0,5592.0,4278.0,4240.0,2979.0,3244.0,3014.0,3311.0,445.0,398.0,381.0,321.0
A00085297,2.893,2.839,2.492,2.715,2.692,2.652,1.865,1.737,3.642,3.551,2.923,3.006,3.008,2.93,2.707,2.768,3.126,3.142,3.241,3.153,2.68,2.147,2.332,2.452,2.927,3.08,2.354,2.195,2.522,2.751,3.009,3.061,2.685,2.842,3.017,3.005,2.793,2.742,2.944,3.065,2.739,2.537,1.659,1.664,2.075,2.138,2.364,2.632,2.702,2.634,2.521,2.514,3.262,2.954,2.529,2.504,2.861,2.947,2.341,2.382,3.123,2.94,2.764,2.737,3.586,4.025,2.582,2.504,972.0,776.0,422.0,821.0,1978.0,1821.0,1464.0,1560.0,395.0,363.0,260.0,223.0,2462.0,2868.0,4516.0,5477.0,3132.0,3485.0,1938.0,1984.0,935.0,941.0,4750.0,5290.0,2872.0,2690.0,3467.0,2719.0,2076.0,1892.0,3313.0,3217.0,1290.0,1218.0,673.0,651.0,1312.0,1413.0,791.0,914.0,1383.0,1281.0,1341.0,1150.0,3824.0,3550.0,1141.0,1081.0,4422.0,4472.0,3284.0,3746.0,711.0,747.0,5467.0,5195.0,7646.0,6662.0,5050.0,5330.0,3311.0,3398.0,3458.0,2962.0,398.0,406.0,351.0,324.0
A00085298,3.062,3.237,2.832,2.708,3.013,3.05,2.345,2.08,3.455,3.408,3.213,3.93,3.217,3.248,3.185,3.252,3.054,3.24,3.431,3.713,2.964,3.095,2.497,2.497,3.225,3.242,2.269,2.367,2.697,2.755,3.34,3.496,3.252,3.147,3.33,3.552,3.192,3.141,3.444,3.642,3.07,3.13,1.568,1.7,2.342,2.472,2.988,2.828,3.108,2.926,3.15,3.032,3.097,3.214,2.826,2.841,3.418,3.35,2.716,2.8,3.436,3.49,3.214,3.09,4.018,4.455,2.607,2.934,927.0,926.0,654.0,931.0,2257.0,2279.0,1759.0,1557.0,597.0,556.0,317.0,251.0,3452.0,2749.0,3846.0,4795.0,3325.0,3264.0,2536.0,2110.0,1161.0,984.0,5021.0,5386.0,2748.0,3019.0,2721.0,2911.0,1837.0,2048.0,3409.0,2843.0,1188.0,1439.0,551.0,633.0,1413.0,2049.0,764.0,793.0,1607.0,1665.0,1294.0,1426.0,3983.0,3603.0,1217.0,1109.0,4427.0,4441.0,3744.0,4262.0,686.0,930.0,6195.0,6640.0,6715.0,6720.0,5434.0,5290.0,3806.0,4132.0,4420.0,3789.0,510.0,469.0,580.0,297.0
A00085391,2.568,2.765,2.763,2.415,2.681,2.588,1.856,1.689,3.448,3.282,2.418,2.544,2.808,2.857,2.606,2.57,2.882,3.11,3.06,3.079,2.394,2.369,2.31,2.435,2.923,2.967,1.997,1.993,2.782,2.684,2.902,2.93,2.529,2.455,2.76,2.931,2.785,2.545,3.049,2.754,2.549,2.455,1.635,1.701,1.994,1.89,2.418,2.523,2.529,2.58,2.471,2.535,2.878,2.844,2.365,2.453,2.74,2.74,2.159,2.333,2.654,2.647,2.622,2.558,4.0,3.789,2.13,1.966,943.0,895.0,682.0,517.0,1907.0,2186.0,1650.0,1553.0,356.0,420.0,293.0,238.0,2900.0,2871.0,4380.0,5942.0,3585.0,3166.0,2352.0,2288.0,1164.0,1030.0,4777.0,4894.0,2531.0,2392.0,3139.0,2951.0,1913.0,2019.0,3744.0,3158.0,990.0,1097.0,654.0,670.0,1182.0,1677.0,660.0,791.0,1599.0,1209.0,1601.0,1544.0,3732.0,3269.0,1096.0,1194.0,4390.0,4726.0,3306.0,3496.0,451.0,794.0,6203.0,5713.0,6870.0,6485.0,5496.0,4875.0,3527.0,3895.0,4111.0,3179.0,461.0,481.0,464.0,351.0
A00085406,2.553,2.811,2.934,2.504,2.883,2.881,2.115,1.918,3.315,3.997,2.585,2.944,3.018,3.022,2.682,2.726,2.851,3.003,3.155,3.496,2.578,2.593,2.375,2.338,2.944,3.112,2.147,2.185,3.023,2.969,2.792,2.962,2.835,2.734,2.865,2.78,2.806,2.877,3.091,2.994,2.653,2.718,1.765,1.613,2.234,2.269,2.582,2.653,2.767,2.81,2.628,2.564,3.125,3.189,2.496,2.533,2.893,2.835,2.403,2.53,2.762,2.848,2.782,2.861,4.06,3.762,2.564,2.52,615.0,710.0,434.0,574.0,1629.0,1548.0,1257.0,1330.0,398.0,371.0,259.0,247.0,2226.0,2275.0,3480.0,4139.0,2311.0,2523.0,1869.0,1785.0,718.0,756.0,4031.0,4070.0,2161.0,1706.0,3175.0,2960.0,1297.0,1293.0,2403.0,2071.0,1174.0,1145.0,611.0,644.0,1061.0,1122.0,624.0,694.0,1140.0,999.0,1546.0,1310.0,3466.0,3345.0,999.0,850.0,4116.0,4026.0,3069.0,2957.0,324.0,355.0,4678.0,4352.0,5947.0,5540.0,4219.0,4289.0,2748.0,2752.0,2974.0,2721.0,396.0,389.0,421.0,266.0
A00085665,2.541,2.586,2.348,2.302,2.617,2.698,2.349,2.016,3.487,3.735,3.447,3.022,3.052,3.083,2.452,2.549,2.83,2.961,3.115,3.292,2.421,2.355,2.317,2.434,2.925,3.049,2.227,2.074,2.773,2.771,2.957,3.039,2.425,2.506,3.048,3.179,2.817,2.923,2.967,2.772,2.829,2.702,1.765,1.82,2.125,2.185,2.242,2.332,2.538,2.5,2.627,2.529,3.005,3.16,2.526,2.418,2.727,2.736,2.314,2.304,2.888,2.986,2.655,2.57,4.123,4.164,2.554,2.44,1070.0,772.0,935.0,1020.0,2650.0,1945.0,1835.0,2038.0,448.0,374.0,307.0,246.0,2809.0,2999.0,3965.0,3817.0,2839.0,2816.0,2052.0,2047.0,1201.0,951.0,5509.0,5340.0,2416.0,2336.0,3368.0,3808.0,1682.0,1917.0,3195.0,2749.0,1093.0,1308.0,562.0,717.0,1312.0,1594.0,563.0,728.0,1698.0,1327.0,1568.0,1676.0,3609.0,4008.0,1401.0,1247.0,4951.0,4873.0,2965.0,3210.0,606.0,970.0,6727.0,6663.0,6843.0,6502.0,4812.0,4273.0,3961.0,3979.0,3676.0,3598.0,505.0,495.0,396.0,326.0
A00085680,2.587,2.739,2.913,3.055,2.733,2.674,2.039,1.961,3.554,3.497,2.895,2.854,2.876,2.92,2.716,2.705,3.016,3.014,3.214,3.311,2.393,2.228,2.485,2.5,3.026,3.053,2.104,2.128,2.767,2.914,3.041,2.964,2.793,2.687,3.232,3.146,2.804,2.717,2.921,3.053,2.813,2.788,1.538,1.768,2.222,2.1,2.465,2.461,2.752,2.708,2.643,2.642,3.192,3.07,2.544,2.656,2.843,2.865,2.486,2.501,2.755,2.634,2.691,2.741,3.627,3.851,2.121,2.382,852.0,923.0,602.0,681.0,2461.0,2360.0,1301.0,1594.0,474.0,468.0,288.0,237.0,3057.0,2994.0,3979.0,4812.0,4009.0,2951.0,2309.0,2298.0,1173.0,976.0,5109.0,5148.0,2635.0,2716.0,2998.0,2941.0,1648.0,1816.0,3563.0,3372.0,1268.0,1454.0,564.0,646.0,1397.0,1608.0,862.0,948.0,1673.0,1400.0,1267.0,1061.0,4279.0,4004.0,1164.0,1123.0,5434.0,5518.0,4310.0,4032.0,693.0,901.0,5227.0,4850.0,7200.0,7069.0,6040.0,6797.0,3591.0,4101.0,4688.0,3819.0,553.0,421.0,348.0,319.0
A00085743,2.4,2.289,2.607,2.953,2.476,2.396,1.758,1.636,3.747,3.438,2.814,3.235,2.872,2.923,2.293,2.307,2.566,2.845,3.007,3.212,2.758,2.309,2.091,2.178,2.876,3.026,2.009,1.931,2.721,2.822,2.69,2.823,2.092,1.996,2.615,2.611,2.658,2.465,2.863,3.006,2.432,2.395,1.39,1.46,1.704,1.736,2.606,2.402,2.236,2.193,2.288,2.264,3.088,3.127,2.401,2.443,2.637,2.582,2.063,2.024,2.512,2.618,2.364,2.44,3.84,3.437,2.125,1.689,897.0,817.0,428.0,521.0,2225.0,2057.0,1248.0,1309.0,324.0,313.0,296.0,228.0,2546.0,2431.0,3928.0,4694.0,2848.0,2475.0,2489.0,2222.0,933.0,825.0,4314.0,4625.0,2338.0,2179.0,2826.0,2559.0,1504.0,1596.0,3114.0,2614.0,1300.0,1490.0,536.0,508.0,1238.0,1791.0,628.0,646.0,1417.0,1257.0,1250.0,1191.0,4111.0,3953.0,912.0,1095.0,4874.0,4960.0,3283.0,3468.0,500.0,685.0,5409.0,4804.0,6072.0,6752.0,4646.0,4496.0,3156.0,3340.0,3229.0,2523.0,345.0,455.0,444.0,292.0
A00085796,2.508,2.78,2.91,2.445,2.978,2.849,2.024,1.911,3.696,3.843,2.998,3.291,2.992,2.975,2.615,2.672,3.06,2.903,3.123,3.185,2.26,2.302,2.466,2.468,2.843,2.75,2.007,2.024,2.63,2.842,2.953,2.994,2.81,2.739,3.226,3.056,3.054,2.819,3.103,3.16,2.603,2.727,1.677,1.678,2.17,2.192,2.675,2.653,2.817,2.86,2.866,2.715,3.041,2.95,2.689,2.69,3.031,3.058,2.411,2.551,2.944,2.835,2.817,2.862,3.822,3.893,2.235,2.212,815.0,962.0,885.0,634.0,2782.0,2518.0,1161.0,1517.0,437.0,434.0,261.0,238.0,2526.0,2742.0,3902.0,3830.0,2921.0,2561.0,2342.0,2176.0,1062.0,901.0,4434.0,3991.0,2569.0,2709.0,2620.0,2564.0,1806.0,1761.0,2799.0,2743.0,1268.0,1205.0,693.0,781.0,1161.0,1560.0,679.0,991.0,1520.0,1382.0,1522.0,1039.0,3919.0,3799.0,1173.0,1204.0,4557.0,4882.0,3162.0,3461.0,850.0,862.0,6576.0,5815.0,6913.0,6886.0,4684.0,4830.0,3093.0,3706.0,3139.0,3218.0,455.0,495.0,379.0,315.0
A00085828,2.509,2.681,2.41,2.46,2.716,2.533,1.845,1.836,3.864,3.61,2.544,2.892,2.766,2.732,2.663,2.746,2.815,2.907,3.119,3.199,2.351,2.443,2.492,2.406,3.086,3.109,1.975,2.039,2.681,2.828,3.022,2.854,2.896,2.614,3.22,3.288,2.533,2.685,2.969,3.153,2.626,2.607,1.79,1.725,2.07,2.098,2.531,2.395,2.682,2.771,2.574,2.674,2.826,2.903,2.414,2.481,2.771,2.804,2.404,2.307,2.725,2.753,2.558,2.617,4.101,3.842,2.45,2.512,617.0,676.0,606.0,519.0,1423.0,1678.0,1403.0,1309.0,308.0,312.0,263.0,234.0,2617.0,2417.0,3047.0,3698.0,2585.0,2317.0,2147.0,1814.0,723.0,620.0,4211.0,4032.0,1951.0,1873.0,3062.0,3137.0,1428.0,1421.0,2937.0,2541.0,1139.0,1298.0,594.0,607.0,1180.0,1329.0,606.0,589.0,1267.0,1118.0,1348.0,1280.0,3024.0,3163.0,946.0,1060.0,3878.0,3864.0,3020.0,2952.0,421.0,673.0,4149.0,4219.0,5375.0,5395.0,4440.0,4542.0,2936.0,3278.0,3604.0,2964.0,361.0,397.0,367.0,277.0
A00085864,2.45,2.452,2.332,2.739,2.805,2.593,2.045,1.908,3.394,4.012,2.825,2.739,3.069,2.995,2.808,2.796,3.116,3.098,3.315,3.207,2.602,2.558,2.371,2.471,2.82,2.952,2.248,2.267,2.709,2.582,2.846,2.977,2.783,2.692,2.952,3.109,2.692,2.729,3.182,3.186,2.674,2.716,1.491,1.612,2.31,2.23,2.628,2.582,2.716,2.774,2.618,2.543,3.437,2.875,2.432,2.5,2.905,2.854,2.47,2.507,2.92,2.943,2.925,2.783,3.712,3.721,2.596,2.72,596.0,602.0,292.0,591.0,1743.0,1502.0,1510.0,1557.0,520.0,428.0,294.0,190.0,2721.0,2794.0,3058.0,3521.0,2838.0,2782.0,1955.0,1820.0,908.0,869.0,4500.0,4293.0,2218.0,1974.0,2978.0,3217.0,1708.0,1600.0,2418.0,2284.0,1243.0,1354.0,536.0,562.0,1182.0,1358.0,594.0,616.0,1203.0,964.0,1664.0,1390.0,3536.0,3146.0,1081.0,752.0,4869.0,4529.0,3064.0,3335.0,435.0,555.0,4372.0,4743.0,6408.0,5863.0,4730.0,4418.0,2872.0,2924.0,2845.0,2529.0,443.0,440.0,365.0,206.0
A00085906,2.718,2.913,2.676,2.129,2.652,2.532,1.62,1.677,3.349,3.19,2.524,2.73,2.891,2.976,2.728,2.796,2.716,2.967,3.089,3.187,2.202,2.262,2.257,2.364,2.966,2.87,2.036,2.183,2.685,2.584,3.007,3.049,2.788,2.543,2.762,2.802,2.618,2.724,2.712,2.683,2.497,2.603,1.624,1.474,2.011,1.947,2.527,2.688,2.536,2.47,2.443,2.422,2.871,2.988,2.352,2.476,2.842,2.585,2.33,2.411,2.57,2.731,2.664,2.572,3.795,4.117,2.164,1.951,961.0,752.0,557.0,595.0,2228.0,2011.0,1462.0,1570.0,348.0,323.0,294.0,250.0,2637.0,2585.0,4379.0,4587.0,2530.0,2629.0,2391.0,2043.0,983.0,889.0,4289.0,4568.0,2086.0,2194.0,3147.0,2849.0,1714.0,1656.0,3485.0,2960.0,1193.0,1489.0,540.0,640.0,1311.0,1454.0,513.0,637.0,1252.0,1080.0,1354.0,1413.0,4075.0,3814.0,1212.0,1137.0,4395.0,4638.0,3533.0,3297.0,568.0,648.0,5155.0,4640.0,6221.0,6245.0,4765.0,4899.0,3465.0,3546.0,3355.0,3226.0,351.0,369.0,419.0,306.0
A00085927,2.654,2.514,2.692,2.555,2.937,2.948,1.681,1.868,3.42,3.442,2.735,2.821,2.868,2.949,2.727,2.619,2.917,3.034,3.264,3.139,2.486,2.807,2.225,2.121,2.927,2.805,1.996,2.126,2.374,2.762,2.931,3.036,2.63,2.866,2.85,2.976,2.827,2.925,3.066,2.98,2.693,2.646,1.596,1.605,2.175,2.232,2.604,2.591,2.812,2.807,2.593,2.624,3.103,2.886,2.537,2.593,2.873,2.903,2.368,2.489,2.924,2.921,2.748,2.697,4.159,4.08,2.37,2.553,907.0,787.0,528.0,554.0,1651.0,1548.0,1253.0,1360.0,373.0,409.0,274.0,208.0,2577.0,2555.0,3216.0,4153.0,2875.0,2820.0,1905.0,1842.0,759.0,710.0,3771.0,4141.0,2202.0,2074.0,2887.0,2579.0,1585.0,1643.0,2935.0,2837.0,1134.0,1277.0,533.0,555.0,1070.0,1308.0,608.0,657.0,1349.0,1154.0,1286.0,1209.0,3388.0,3042.0,887.0,900.0,3922.0,3858.0,3164.0,3074.0,367.0,593.0,4664.0,4421.0,5823.0,5201.0,4334.0,4453.0,2998.0,3105.0,3604.0,2937.0,432.0,337.0,347.0,239.0
A00086238,2.688,2.823,2.954,2.69,2.94,2.928,1.75,1.814,3.483,3.54,2.609,2.64,2.954,2.749,2.721,2.641,2.933,2.923,3.036,3.018,2.379,2.419,2.268,2.208,2.868,3.006,2.018,1.857,2.623,2.826,2.903,3.072,2.696,2.877,2.835,2.598,2.666,2.804,2.996,3.159,2.715,2.608,1.604,1.39,2.099,2.068,2.697,2.821,2.92,2.781,2.54,2.52,3.259,3.064,2.666,2.723,3.104,3.07,2.401,2.396,2.709,2.899,2.742,2.767,3.917,4.226,2.391,2.194,1176.0,1034.0,593.0,625.0,2040.0,2362.0,1274.0,1310.0,387.0,301.0,313.0,236.0,2531.0,3107.0,4680.0,5644.0,3298.0,3571.0,2864.0,2639.0,936.0,855.0,4168.0,4311.0,2712.0,2479.0,2804.0,2308.0,1686.0,1928.0,4232.0,3214.0,1376.0,1327.0,623.0,621.0,1797.0,2265.0,542.0,755.0,1212.0,1458.0,1216.0,1010.0,3942.0,3762.0,1206.0,1108.0,4551.0,4785.0,4186.0,4020.0,715.0,832.0,5643.0,5424.0,6626.0,6478.0,5088.0,5729.0,3741.0,3803.0,4501.0,3254.0,417.0,398.0,380.0,298.0
A00086259,2.856,3.06,2.58,2.415,2.844,2.707,2.161,1.988,3.841,3.442,2.588,2.444,2.967,2.944,2.762,2.786,2.841,2.94,3.128,3.184,2.305,2.384,2.468,2.425,2.977,2.907,2.164,2.081,2.684,2.524,3.023,3.083,2.829,2.9,3.027,2.965,2.821,2.876,2.929,2.832,2.539,2.7,1.796,1.908,2.249,2.232,2.561,2.41,2.763,2.949,2.714,2.728,2.718,3.03,2.488,2.491,2.838,2.786,2.419,2.52,3.024,2.884,2.833,2.822,3.391,3.72,2.402,2.608,1113.0,1054.0,641.0,591.0,2487.0,1955.0,1562.0,1895.0,542.0,493.0,303.0,291.0,4100.0,3323.0,4516.0,5892.0,4032.0,4432.0,2732.0,2833.0,1025.0,992.0,5298.0,6356.0,2858.0,2640.0,3408.0,3125.0,2296.0,2096.0,4259.0,4191.0,1458.0,1672.0,766.0,778.0,1524.0,1741.0,760.0,943.0,2040.0,1522.0,1856.0,1492.0,4911.0,4472.0,1371.0,1520.0,5683.0,5040.0,3450.0,3989.0,624.0,726.0,5506.0,6076.0,7571.0,8382.0,6119.0,6095.0,3830.0,4643.0,5133.0,3705.0,621.0,540.0,581.0,305.0
A00086467,2.942,3.071,2.778,3.177,3.062,3.122,2.233,2.102,3.589,3.162,3.63,4.226,3.239,3.139,3.055,3.088,3.155,3.312,3.479,3.721,2.521,2.74,2.609,2.512,3.137,3.369,2.186,2.145,2.879,3.185,3.361,3.245,2.976,2.881,2.915,3.126,3.267,3.248,3.494,3.637,3.407,3.158,1.581,1.66,2.316,2.363,2.788,2.987,3.005,2.991,3.075,2.96,3.693,3.505,3.063,3.014,3.419,3.352,2.536,2.596,3.598,3.6,3.176,3.087,4.085,3.85,3.124,3.051,1114.0,1035.0,675.0,951.0,2764.0,2623.0,1724.0,1945.0,517.0,404.0,301.0,236.0,3336.0,3501.0,5388.0,5843.0,3703.0,3845.0,2720.0,2366.0,1051.0,960.0,5510.0,5423.0,2953.0,2686.0,3163.0,3192.0,1832.0,2074.0,3731.0,3588.0,1634.0,1646.0,616.0,620.0,1477.0,1803.0,837.0,887.0,1802.0,1562.0,1542.0,1448.0,4379.0,4891.0,1485.0,1230.0,4861.0,5211.0,3775.0,4163.0,720.0,1107.0,7474.0,6801.0,8167.0,7734.0,5669.0,5984.0,4240.0,4238.0,4117.0,4880.0,499.0,569.0,491.0,424.0
A00086474,2.534,2.677,3.234,2.715,2.712,2.826,1.717,1.683,3.344,3.031,2.878,2.984,2.903,2.971,2.647,2.711,2.81,2.976,2.821,3.068,2.312,2.432,2.236,2.125,2.902,2.783,1.994,2.054,2.776,2.665,2.88,2.804,2.616,2.838,3.114,3.184,2.856,2.754,3.153,2.965,2.593,2.711,1.726,1.698,1.902,2.053,2.508,2.522,2.693,2.743,2.514,2.585,3.239,3.26,2.544,2.535,2.985,3.01,2.295,2.32,2.627,2.492,2.481,2.716,4.192,4.149,2.158,1.986,615.0,610.0,336.0,448.0,1635.0,1399.0,1110.0,1204.0,382.0,369.0,246.0,195.0,2008.0,2247.0,3071.0,3901.0,2546.0,2313.0,1912.0,1570.0,777.0,640.0,3533.0,3386.0,1828.0,1981.0,2387.0,2370.0,1085.0,1332.0,2491.0,2196.0,940.0,1027.0,433.0,502.0,798.0,1032.0,449.0,593.0,1051.0,724.0,1167.0,1130.0,2824.0,2877.0,738.0,823.0,3194.0,3614.0,2635.0,2763.0,377.0,471.0,4545.0,3889.0,4725.0,4071.0,3713.0,3877.0,2330.0,2736.0,2502.0,2308.0,360.0,371.0,299.0,206.0
A00086551,2.855,2.818,2.765,2.695,3.148,3.107,2.033,2.067,3.621,3.85,3.254,2.681,3.101,3.082,2.868,2.927,2.948,3.348,3.359,3.237,2.516,2.593,2.393,2.559,2.865,3.003,2.078,2.072,2.727,2.638,3.13,3.074,3.061,2.896,2.563,2.94,3.058,3.112,2.95,3.335,2.9,2.875,1.796,1.813,2.288,2.327,2.681,2.642,2.932,2.972,2.902,2.761,3.182,3.355,2.78,2.763,3.143,3.093,2.412,2.489,3.081,3.3,3.02,2.987,3.633,4.226,2.644,2.196,1050.0,642.0,411.0,744.0,2004.0,1648.0,1925.0,1623.0,393.0,329.0,280.0,207.0,2981.0,2976.0,4031.0,4516.0,3039.0,3064.0,2386.0,2368.0,903.0,726.0,4636.0,4976.0,2624.0,2351.0,3576.0,3328.0,1700.0,1897.0,3436.0,2930.0,1116.0,1453.0,806.0,602.0,1066.0,1434.0,649.0,742.0,1309.0,1318.0,1540.0,1569.0,3902.0,3587.0,1132.0,971.0,4263.0,4454.0,3612.0,3256.0,598.0,478.0,5881.0,5115.0,6581.0,6257.0,4587.0,5372.0,3964.0,3889.0,3718.0,3207.0,464.0,437.0,448.0,316.0
A00086748,2.859,2.848,2.635,2.576,2.981,3.039,2.075,1.846,4.06,4.534,2.918,2.805,3.057,3.115,2.779,2.76,3.037,3.088,3.194,3.396,2.634,2.593,2.405,2.416,3.106,3.069,2.013,2.143,2.656,2.732,3.181,3.107,2.703,2.739,2.882,2.755,3.008,2.991,3.428,3.141,2.909,2.728,1.792,1.751,2.15,2.183,2.614,2.823,2.736,2.747,2.747,2.773,3.284,2.879,2.712,2.588,3.1,3.109,2.526,2.585,2.863,2.771,2.708,2.734,4.165,4.03,2.768,2.499,1116.0,903.0,687.0,732.0,2445.0,2378.0,1762.0,1825.0,360.0,331.0,298.0,237.0,3772.0,3221.0,4448.0,5582.0,3642.0,3403.0,2488.0,2283.0,1020.0,982.0,6246.0,5571.0,2673.0,2663.0,3313.0,3186.0,1859.0,1755.0,3666.0,3777.0,1607.0,1627.0,646.0,710.0,1216.0,1421.0,671.0,800.0,1548.0,1057.0,1894.0,1344.0,4179.0,4485.0,1300.0,1131.0,5645.0,6014.0,4052.0,4011.0,649.0,942.0,7002.0,6201.0,7052.0,6503.0,6449.0,5790.0,3893.0,4267.0,4147.0,3591.0,534.0,491.0,417.0,389.0
